order_id,customer_id,product_id,order_date,ship_date,quantity,unit_price,discount_pct,sales_channel,payment_method,order_status
ORD-002590,CUST-00356,PRD-00075,15/02/2024,17/02/2024,7,576.69,0.0,Mobile App,Wallet,Delivered
ORD-005296,CUST-00723,PRD-00116,24/03/2025,29/03/2025,8,466.13,0.25,Website,Wallet,Cancelled
  ORD-001280  ,CUST-00173,PRD-00160,13-Feb-2023,,6,214.1,0.15,Mobile App,Credit Card,Delivered
ORD-003775,CUST-00522,PRD-00023,2023-02-17,19/02/2023,1,11190.64,0.1,Mobile App,cash on delivery,Delivered
ORD-001077,CUST-00147,PRD-00136,19-Oct-2024,22-Oct-2024,1,310.7,0.0,Marketplace,Wallet,Delivered
ORD-005096,CUST-00694,PRD-00032,13-Dec-2023,12/17/2023,4,1547.2,0.1,Marketplace,Cash on Delivery,Delivered
ORD-003462,CUST-00477,PRD-00035,2025-03-21,23-Mar-2025,4,4561.67,0.2,Website,Credit Card,Cancelled
ORD-002729,CUST-00373,PRD-00054,02/24/2025,2025-02-28,1,1277.14,0.05,Marketplace,Credit Card,Delivered
ORD-005766,CUST-00791,PRD-00098,11/12/2025,12/17/2025,7,718.7,0.25,Website,Wallet,Delivered
ORD-003738,CUST-00517,PRD-00020,2023-06-06,08-Jun-2023,5,9661.76,0.0,Marketplace,Cash on Delivery,Delivered
ORD-004738,CUST-00649,PRD-00081,2023-01-14,2023-01-19,1,2904.61,0.05,Marketplace,Credit Card,Delivered
ORD-003421,CUST-00471,PRD-00057,24-Sep-2025,2025-09-27,3,5493.06,0.0,Mobile App,Credit Card,Delivered
ORD-000135,CUST-00018,PRD-00187,2024-12-24,31/12/2024,4,5533.15,0.0,WEBSITE,Wallet,Delivered
ORD-003287,CUST-00456,PRD-00065,27-Jan-2024,02/02/2024,4,1220.64,0.2,Marketplace,Installment,Delivered
ORD-002984,CUST-00415,PRD-00083,2024-09-03,08/09/2024,1,1673.7,0.15,Website,Wallet,Delivered
ORD-004370,CUST-00605,PRD-00076,2023-11-25,01-Dec-2023,4,2045.06,0.0,Mobile App,Installment,Returned
ORD-001617,CUST-00217,PRD-00158,27/06/2025,30/06/2025,10,308.65,0.1,Marketplace,Cash on Delivery,Delivered
ORD-000133,CUST-00018,PRD-00021,27-Jan-2024,01/31/2024,2,7707.69,0.0,WEBSITE,Cash on Delivery,Delivered
ORD-001351,CUST-00181,PRD-00066,2023-11-02,11/09/2023,5,531.75,0.15,Marketplace,Installment,Delivered
ORD-000090,CUST-00011,PRD-00016,2025-11-03,11/07/2025,4,6150.02,0.1,Website,Installment,Cancelled
ORD-001875,CUST-00262,PRD-00104,2025-09-10,09/13/2025,1,698.62,0.2,Mobile App,Cash on Delivery,Delivered
ORD-001604,CUST-00214,PRD-00060,03-Sep-2023,2023-09-08,7,2586.89,0.0,Website,Wallet,Delivered
ORD-003296,CUST-00457,PRD-00088,2023-01-29,03-Feb-2023,2,EGP 2384.43,0.0,Mobile App,Installment,Cancelled
ORD-002861,CUST-00388,PRD-00049,04-Jan-2024,01/11/2024,4,3627.21,0.0,Website,installment,Delivered
ORD-002720,CUST-00372,PRD-00012,25/11/2025,12/01/2025,3,9488.69,0.1,Website,Cash on Delivery,Returned
ORD-001309,CUST-00176,PRD-00177,25/01/2025,01/30/2025,7,5234.78,0.15,Mobile App,cash on delivery,Delivered
ORD-000147,CUST-00021,PRD-00159,08/15/2023,19/08/2023,2,195.16,0.0,Marketplace,Credit Card,Delivered
ORD-000714,CUST-00098,PRD-00116,13-Sep-2025,09/19/2025,5,466.13,0.0,Website,Installment,Returned
ORD-005245,CUST-00714,PRD-00149,14-Dec-2024,12/21/2024,1,EGP 93.5,0.05,Mobile App,Credit Card,Cancelled
ORD-003628,CUST-00498,PRD-00171,2025-05-13,2025-05-15,4,EGP 1117.84,0.2,Website,Credit Card,Delivered
ORD-005829,CUST-00799,PRD-00160,18/09/2024,2024-09-22,7,214.1,0.2,Mobile App,Cash on Delivery,Returned
ORD-005794,CUST-00793,PRD-00156,2025-04-02,04/05/2025,3,250.31,0.0,Mobile App,Installment,Pending
ORD-003754,CUST-00520,PRD-00144,06/03/2023,03/08/2023,1,212.23,0.1,Website,credit card,Delivered
ORD-002259,CUST-00316,PRD-00168,10/17/2024,19-Oct-2024,1,3279.73,0.0,Mobile App,Wallet,Delivered
ORD-002329,CUST-00326,PRD-00136,20/02/2024,27-Feb-2024,5,310.7,0.05,Website,Cash on Delivery,Delivered
ORD-003359,CUST-00461,PRD-00005,2025-06-17,19-Jun-2025,1,5870.09,0.25,WEBSITE,Credit Card,Cancelled
ORD-002725,CUST-00372,PRD-00149,12/31/2024,03/01/2025,1,93.5,0.15,Marketplace,Cash on Delivery,Delivered
ORD-001978,CUST-00283,PRD-00101,11/03/2025,2025-03-13,5,658.37,0.15,Marketplace,Installment,Delivered
ORD-002517,CUST-00347,PRD-00054,2023-12-26,12/28/2023,4,1277.14,0.2,Marketplace,Cash on Delivery,Cancelled
ORD-005140,CUST-00699,PRD-00047,01-May-2023,2023-05-06,10,3368.82,0.15,Marketplace,Installment,Pending
ORD-003487,CUST-00481,PRD-00162,11/02/2023,08/11/2023,1,EGP 1009.35,0.15,Website,Cash on Delivery,Pending
ORD-000448,CUST-00059,PRD-00180,02/09/2024,03/09/2024,5,6579.05,0.0,MOBILE APP,Credit Card,Cancelled
ORD-002666,CUST-00369,PRD-00159,16-Sep-2023,19/09/2023,4,195.16,0.15,Marketplace,Wallet,Delivered
ORD-003709,CUST-00512,PRD-99999,10/16/2024,,3,5870.09,0.0,Website,Cash on Delivery,Returned
ORD-003133,CUST-00434,PRD-00112,02/15/2025,,4,422.18,0.05,Marketplace,Installment,Returned
ORD-003561,CUST-00488,PRD-00079,2025-05-28,01/06/2025,1,646.3,0.2,Mobile App,Installment,Pending
ORD-000072,CUST-00009,PRD-00150,01-Dec-2023,,5,84.86,0.15,WEBSITE,Credit Card,Delivered
ORD-005389,CUST-00731,PRD-00107,14-Nov-2025,,3,803.85,0.0,WEBSITE,Installment,Delivered
ORD-000778,CUST-00103,PRD-00014,02/02/2023,07/02/2023,7,3474.75,,Mobile App,Cash on Delivery,Cancelled
ORD-005489,CUST-00751,PRD-00030,28/02/2025,04-Mar-2025,8,6643.61,0.0,Marketplace,Wallet,Delivered
ORD-003003,CUST-00417,PRD-00040,04/03/2024,08/04/2024,3,1977.22,0.05,Marketplace,Installment,Delivered
ORD-000198,CUST-00027,PRD-00105,02-Jul-2025,2025-07-09,5,840.93,0.25,Marketplace,Credit Card,Cancelled
ORD-004996,CUST-00677,PRD-00108,27-Jul-2023,08/01/2023,3,230.98,0.0,Marketplace,Installment,Cancelled
ORD-000860,CUST-00115,PRD-00147,11/11/2024,13/11/2024,5,222.8,0.15,Marketplace,installment,Delivered
ORD-003171,CUST-00437,PRD-00004,2024-08-12,08/19/2024,1,3744.22,0.0,Website,installment,Delivered
ORD-003716,CUST-00515,PRD-00171,04-May-2024,05/09/2024,5,EGP 1117.84,0.1,Marketplace,Installment,Delivered
ORD-002835,CUST-00385,PRD-00067,2024-11-15,11/17/2024,2,1590.28,0.0,Mobile App,Cash on Delivery,Delivered
ORD-000645,CUST-00086,PRD-00134,10/30/2025,02-Nov-2025,4,EGP 165.0,0.0,Website,Installment,Pending
ORD-001568,CUST-00210,PRD-00022,20-May-2025,05/27/2025,5,14193.82,0.05,Website,Installment,Delivered
ORD-003612,CUST-00497,PRD-00187,2024-03-09,2024-03-15,3,5533.15,0.25,WEBSITE,Installment,Pending
ORD-004214,CUST-00590,PRD-00013,2023-07-28,29/07/2023,5,5695.33,0.15,Marketplace,Cash on Delivery,Delivered
ORD-000788,CUST-00104,PRD-00087,05/21/2024,,1,937.05,0.05,Website,Installment,Delivered
ORD-002928,CUST-00403,PRD-00014,16/11/2024,19/11/2024,4,3474.75,0.15,Marketplace,cash on delivery,Cancelled
ORD-004092,CUST-00577,PRD-00022,01/18/2025,01/23/2025,3,14193.82,0.2,Mobile App,Installment,Cancelled
ORD-003038,CUST-00424,PRD-00134,02/06/2023,2023-06-04,6,165.0,0.2,Marketplace,Cash on Delivery,Returned
ORD-000411,CUST-00055,PRD-00044,04/28/2025,30/04/2025,3,3309.62,0.2,Website,credit card,Returned
ORD-000859,CUST-00115,PRD-00036,17/03/2024,2024-03-21,4,2503.62,0.0,Mobile App,Cash on Delivery,Delivered
ORD-000972,CUST-00133,PRD-00107,07-Feb-2025,02/11/2025,1,803.85,0.0,Marketplace,Cash on Delivery,Delivered
ORD-003700,CUST-00511,PRD-00047,01-Mar-2025,03/05/2025,1,3368.82,0.0,Mobile App,Wallet,Cancelled
ORD-002518,CUST-00347,PRD-00150,2024-12-26,02-Jan-2025,4,84.86,0.2,Website,Cash on Delivery,Pending
ORD-001160,CUST-00159,PRD-00018,2023-06-24,06/29/2023,3,8604.46,0.0,Website,Installment,Delivered
ORD-000570,CUST-00077,PRD-00009,01/27/2025,28-Jan-2025,3,1433.71,0.2,Website,Credit Card,Delivered
ORD-003474,CUST-00477,PRD-00060,09/10/2023,15/10/2023,1,2586.89,0.0,Marketplace,Wallet,Returned
ORD-003697,CUST-00510,PRD-00123,18-Dec-2024,2024-12-19,1,83.93,0.0,Website,Wallet,Delivered
ORD-003736,CUST-00516,PRD-00091,2024-06-02,03-Jun-2024,3,1667.87,0.0,Mobile App,Wallet,Returned
ORD-000932,CUST-00129,PRD-00123,2024-10-01,04/10/2024,5,83.93,0.1,Marketplace,Wallet,Delivered
ORD-003077,CUST-00429,PRD-00049,2024-04-15,2024-04-19,5,EGP 3627.21,0.0,Marketplace,Cash on Delivery,Returned
ORD-004527,CUST-00623,PRD-00142,06/10/2024,12/06/2024,5,29.02,0.2,Marketplace,Cash on Delivery,Returned
ORD-003761,CUST-00521,PRD-00146,04/11/2023,11/11/2023,8,194.39,,Mobile App,Installment,Returned
ORD-004771,CUST-00653,PRD-00093,04/12/2024,14/04/2024,1,327.87,0.1,Marketplace,Wallet,Cancelled
ORD-002586,CUST-00356,PRD-00012,2024-01-05,07-Jan-2024,6,9488.69,0.25,Mobile App,Credit Card,Delivered
ORD-000529,CUST-00072,PRD-00086,08/12/2024,12-Dec-2024,5,1754.49,0.25,Website,Cash on Delivery,Returned
ORD-005494,CUST-00751,PRD-00037,14/09/2025,09/15/2025,10,EGP 2145.36,0.0,Mobile App,Cash on Delivery,Pending
ORD-005067,CUST-00688,PRD-00086,2025-03-21,2025-03-25,9,1754.49,0.0,MOBILE APP,Cash on Delivery,Delivered
ORD-002754,CUST-00375,PRD-00014,2025-03-26,03/31/2025,1,3474.75,0.25,Marketplace,Installment,Delivered
ORD-005430,CUST-00739,PRD-00003,05-Aug-2023,08/11/2023,2,1534.69,0.0,Website,Cash on Delivery,Delivered
ORD-002344,CUST-00327,PRD-00102,31/01/2023,02/03/2023,3,833.67,0.25,Mobile App,installment,Delivered
ORD-003191,CUST-00440,PRD-00161,14/11/2024,11/17/2024,4,1342.19,0.0,Mobile App,Credit Card,Pending
ORD-000157,CUST-00022,PRD-00176,20-Feb-2023,02/27/2023,4,3014.74,0.2,Mobile App,Cash on Delivery,Delivered
ORD-002631,CUST-00361,PRD-00024,01/19/2025,2025-01-22,10,8840.39,0.2,Mobile App,Credit Card,Pending
ORD-005555,CUST-00761,PRD-00087,11/06/2024,2024-06-14,6,937.05,0.0,Marketplace,Credit Card,Delivered
ORD-000960,CUST-00132,PRD-00179,09/21/2025,2025-09-19,9,2311.13,,Marketplace,Credit Card,Delivered
ORD-002457,CUST-00340,PRD-00168,2025-03-30,31-Mar-2025,3,3279.73,0.0,Marketplace,Installment,Cancelled
ORD-004279,CUST-00598,PRD-00098,11-Aug-2025,13-Aug-2025,3,718.7,0.15,MOBILE APP,Installment,Delivered
ORD-004036,CUST-00566,PRD-00017,14-Aug-2023,20/08/2023,1,4224.65,0.0,Marketplace,Installment,Delivered
ORD-003609,CUST-00496,PRD-00151,30-Aug-2024,09/01/2024,1,125.16,0.25,Marketplace,Cash on Delivery,Delivered
ORD-000406,CUST-00055,PRD-00030,2023-11-13,11/19/2023,4,6643.61,0.05,Marketplace,Installment,Delivered
ORD-001035,CUST-00143,PRD-00151,27/08/2023,29/08/2023,2,125.16,0.0,Mobile App,Credit Card,Delivered
ORD-002594,CUST-00357,PRD-00100,2025-04-15,22/04/2025,5,555.91,0.25,Website,credit card,Delivered
ORD-003798,CUST-00528,PRD-00078,08/29/2024,02-Sep-2024,3,EGP 803.87,0.2,MARKETPLACE,Installment,Delivered
ORD-004614,CUST-00633,PRD-00139,2023-11-18,2023-11-22,1,195.93,0.25,Marketplace,Credit Card,Delivered
ORD-003652,CUST-00502,PRD-00042,06/13/2023,18/06/2023,1,1460.4,0.0,Mobile App,Wallet,Delivered
ORD-003539,CUST-00487,PRD-00101,05-Jul-2024,06/07/2024,3,658.37,0.0,Marketplace,Wallet,Returned
ORD-000017,CUST-00004,PRD-00027,30/09/2024,06-Oct-2024,5,EGP 6528.78,0.0,Marketplace,Wallet,Delivered
ORD-001099,CUST-00150,PRD-00076,12/20/2025,21/12/2025,4,2045.06,0.0,Website,credit card,Delivered
ORD-003067,CUST-00427,PRD-00120,2024-09-02,05/09/2024,7,538.56,0.0,Marketplace,credit card,Delivered
ORD-000004,CUST-00001,PRD-00179,2024-04-26,04/29/2024,1,2311.13,0.1,WEBSITE,Credit Card,Delivered
ORD-003913,CUST-00548,PRD-00099,10/01/2024,01/11/2024,4,152.23,0.25,Mobile App,Credit Card,Delivered
ORD-000716,CUST-00098,PRD-00066,08-Oct-2025,09/10/2025,7,531.75,0.15,Mobile App,Credit Card,Cancelled
ORD-005620,CUST-00771,PRD-00027,08-Oct-2025,2025-10-12,8,6528.78,0.15,Website,Installment,Cancelled
ORD-004283,CUST-00598,PRD-00188,21/12/2025,24/12/2025,2,235.83,0.0,Marketplace,Wallet,Delivered
ORD-003569,CUST-00491,PRD-00141,09/19/2025,20-Sep-2025,4,265.4,0.25,Mobile App,Wallet,Delivered
ORD-003505,CUST-00483,PRD-00165,24-Oct-2025,2025-10-30,3,1559.9,0.15,Website,Installment,Returned
  ORD-001725  ,CUST-00236,PRD-00039,05/30/2024,02/06/2024,4,2748.05,0.0,Marketplace,Credit Card,Delivered
ORD-002119,CUST-00298,PRD-00093,22/05/2025,05/29/2025,3,327.87,0.2,Mobile App,Credit Card,Returned
ORD-005790,CUST-00793,PRD-00102,2024-02-22,,10,EGP 833.67,0.25,Mobile App,Cash on Delivery,Delivered
ORD-001581,CUST-00211,PRD-00182,10/24/2024,25-Oct-2024,3,4312.02,,Mobile App,Credit Card,Pending
ORD-003338,CUST-00460,PRD-00168,05/05/2024,12-May-2024,1,3279.73,0.15,Website,Wallet,Delivered
ORD-001629,CUST-00219,PRD-00024,02/22/2023,03/01/2023,4,8840.39,0.0,Website,Credit Card,Delivered
ORD-003812,CUST-00529,PRD-00016,2024-12-04,11/12/2024,3,6150.02,0.0,Website,Installment,Delivered
ORD-002135,CUST-00300,PRD-00085,15-Jan-2025,01/16/2025,4,265.37,0.1,Marketplace,wallet,Pending
ORD-004577,CUST-00629,PRD-00103,20-Dec-2025,,3,275.52,0.0,Marketplace,Cash on Delivery,Delivered
ORD-001790,CUST-00245,PRD-00028,2024-07-27,01-Aug-2024,5,6404.22,0.2,Mobile App,Installment,Delivered
ORD-002977,CUST-00414,PRD-00091,04/25/2023,04/30/2023,5,1667.87,0.0,MOBILE APP,Credit Card,Delivered
ORD-004552,CUST-00626,PRD-00088,07/25/2023,27/07/2023,4,2384.43,0.05,Marketplace,Cash on Delivery,Delivered
  ORD-004204  ,CUST-00590,PRD-00053,06/25/2025,,7,933.2,0.0,Marketplace,Wallet,Delivered
ORD-000105,CUST-00014,PRD-00024,03-Jun-2024,2024-06-08,3,8840.39,0.2,Marketplace,Credit Card,Pending
ORD-002369,CUST-00332,PRD-00110,10/12/2024,10/13/2024,5,443.5,0.15,Mobile App,Cash on Delivery,Delivered
ORD-001811,CUST-00251,PRD-00005,25-Aug-2023,2023-08-28,8,5870.09,0.1,Website,Credit Card,Delivered
ORD-001330,CUST-00179,PRD-00147,06/04/2024,2024-06-06,5,222.8,0.25,Mobile App,Credit Card,Delivered
ORD-000056,CUST-00007,PRD-00059,2024-07-19,24/07/2024,3,1565.88,0.2,Website,Cash on Delivery,Returned
ORD-000395,CUST-00050,PRD-00106,04/23/2023,04/27/2023,6,1124.04,0.25,Marketplace,installment,Returned
ORD-004040,CUST-00566,PRD-00179,10/05/2023,10-Oct-2023,1,2311.13,0.1,Marketplace,Credit Card,Pending
ORD-002798,CUST-00380,PRD-00183,08/08/2024,09-Aug-2024,1,6588.34,0.05,Mobile App,Installment,Delivered
ORD-001920,CUST-00269,PRD-00168,18-Jun-2025,2025-06-19,3,3279.73,0.15,Mobile App,Credit Card,Delivered
ORD-001312,CUST-00176,PRD-00153,12/25/2023,12/27/2023,8,321.69,0.1,Mobile App,credit card,Delivered
  ORD-004768  ,CUST-00653,PRD-00064,21/02/2023,02/28/2023,3,1338.56,0.1,MOBILE APP,Installment,Delivered
ORD-001963,CUST-00281,PRD-00075,03/21/2025,03/27/2025,8,576.69,0.0,Mobile App,Credit Card,Delivered
ORD-001090,CUST-00149,PRD-00162,06/06/2023,06/08/2023,5,1009.35,0.0,Website,cash on delivery,Returned
ORD-004575,CUST-00629,PRD-00084,2025-11-13,,2,600.09,0.0,Website,Installment,Delivered
ORD-002013,CUST-00286,PRD-00034,16-Sep-2023,2023-09-21,5,4894.09,0.0,Mobile App,Installment,Delivered
ORD-005315,CUST-00724,PRD-00081,09-Jul-2023,2023-07-10,2,2904.61,0.0,Marketplace,Credit Card,Delivered
ORD-005609,CUST-00769,PRD-00085,07/29/2023,2023-08-05,3,265.37,0.0,WEBSITE,Cash on Delivery,Returned
ORD-001654,CUST-00223,PRD-00153,21/09/2023,2023-09-28,1,321.69,0.15,Website,Wallet,Delivered
ORD-004098,CUST-00577,PRD-00166,2024-08-23,28-Aug-2024,6,1361.3,0.05,Mobile App,Installment,Delivered
ORD-005772,CUST-00791,PRD-00025,10/27/2024,,9,15750.99,,Mobile App,Credit Card,Cancelled
  ORD-003148  ,CUST-00436,PRD-00130,01-Nov-2024,2024-11-03,7,93.92,0.25,Marketplace,Wallet,Pending
ORD-003927,CUST-00553,PRD-00049,17-Apr-2024,2024-04-18,8,3627.21,0.1,Marketplace,Installment,Pending
ORD-002960,CUST-00410,PRD-00037,22/09/2023,2023-09-27,4,2145.36,0.0,Marketplace,Credit Card,Delivered
  ORD-005000  ,CUST-00677,PRD-00181,05/03/2024,03/06/2024,8,7757.56,0.0,Marketplace,Credit Card,Pending
ORD-000122,CUST-00016,PRD-00181,15-May-2025,20-May-2025,5,7757.56,0.0,Marketplace,Cash on Delivery,Delivered
ORD-000210,CUST-00028,PRD-00107,14-Apr-2024,18-Apr-2024,1,803.85,0.1,Website,Installment,Delivered
ORD-004611,CUST-00631,PRD-00056,22/04/2023,04/25/2023,4,1260.88,0.0,Website,Credit Card,Delivered
ORD-003665,CUST-00505,PRD-00033,2023-11-20,2023-11-26,2,1947.05,0.1,Mobile App,Installment,Cancelled
ORD-001916,CUST-00268,PRD-00083,02/02/2025,08-Feb-2025,2,1673.7,0.15,Mobile App,Cash on Delivery,Delivered
ORD-001344,CUST-00180,PRD-00017,2024-03-31,03-Apr-2024,5,4224.65,0.0,Website,Cash on Delivery,Delivered
ORD-001224,CUST-00168,PRD-00022,31/10/2025,06-Nov-2025,7,14193.82,0.25,Mobile App,Cash on Delivery,Cancelled
ORD-002559,CUST-00354,PRD-00181,05/04/2025,05/09/2025,5,7757.56,0.0,Mobile App,Cash on Delivery,Delivered
ORD-005668,CUST-00776,PRD-00141,2025-08-29,09/03/2025,5,265.4,,Website,wallet,Delivered
ORD-000665,CUST-00090,PRD-00100,2023-07-22,,4,555.91,0.05,Website,Installment,Delivered
ORD-005744,CUST-00788,PRD-00112,2025-07-28,31-Jul-2025,3,422.18,0.25,Mobile App,Wallet,Returned
ORD-002758,CUST-00375,PRD-00153,07/04/2023,12/04/2023,2,321.69,0.1,Website,Credit Card,Delivered
ORD-001771,CUST-00240,PRD-00056,06-Jan-2024,2024-01-08,4,1260.88,0.05,Marketplace,Credit Card,Delivered
ORD-005046,CUST-00684,PRD-00121,19/11/2023,2023-11-25,3,307.1,0.2,Mobile App,Cash on Delivery,Delivered
ORD-002600,CUST-00357,PRD-00013,13/07/2024,2024-07-17,3,5695.33,0.15,MOBILE APP,Wallet,Delivered
ORD-001396,CUST-00189,PRD-00044,08-May-2024,09/05/2024,3,3309.62,0.0,Marketplace,Wallet,Returned
ORD-004848,CUST-00662,PRD-00016,2025-03-03,04-Mar-2025,2,6150.02,0.2,Mobile App,Credit Card,Delivered
ORD-003436,CUST-00473,PRD-00119,2025-05-09,2025-05-11,2,EGP 898.59,0.0,Mobile App,Installment,Delivered
ORD-001734,CUST-00238,PRD-00077,10/27/2023,11/03/2023,10,3228.9,0.0,Website,Credit Card,Delivered
ORD-003584,CUST-00492,PRD-00026,29/08/2024,02/09/2024,8,EGP 13374.87,0.0,Mobile App,credit card,Returned
ORD-005746,CUST-00788,PRD-00080,06-Aug-2023,2023-08-13,5,1092.22,0.0,Marketplace,Installment,Delivered
ORD-002756,CUST-00375,PRD-00125,2025-03-09,03/16/2025,3,151.72,0.0,Marketplace,Credit Card,Delivered
ORD-002148,CUST-00301,PRD-00100,16/07/2025,2025-07-21,2,555.91,0.15,Website,Credit Card,Pending
ORD-002829,CUST-00383,PRD-00161,05/05/2023,2023-05-10,1,1342.19,0.0,Mobile App,Wallet,Returned
ORD-004972,CUST-00673,PRD-00002,2024-11-05,11/11/2024,7,9414.07,0.0,Website,Credit Card,Delivered
ORD-000916,CUST-00126,PRD-00102,06/22/2025,06/25/2025,2,833.67,0.1,Marketplace,Installment,Delivered
ORD-004363,CUST-00604,PRD-00166,02/03/2025,03/07/2025,3,1361.3,0.15,Mobile App,Credit Card,Delivered
ORD-003036,CUST-00423,PRD-00184,2023-05-19,2023-05-23,3,2621.44,0.05,Website,Wallet,Delivered
ORD-002340,CUST-00327,PRD-00125,13/01/2024,17-Jan-2024,4,151.72,0.0,Website,Installment,Cancelled
ORD-001277,CUST-00172,PRD-00184,17/03/2023,18-Mar-2023,1,2621.44,0.25,Mobile App,Cash on Delivery,Delivered
ORD-003923,CUST-00551,PRD-00120,28-Mar-2025,31-Mar-2025,4,EGP 538.56,0.2,Website,wallet,Delivered
ORD-002367,CUST-00331,PRD-00096,20-Nov-2025,22/11/2025,2,1013.61,0.0,Marketplace,Cash on Delivery,Delivered
ORD-004216,CUST-00590,PRD-00138,19/12/2023,26/12/2023,9,293.11,0.0,Website,Wallet,Delivered
ORD-000720,CUST-00098,PRD-00064,19-Mar-2024,26-Mar-2024,4,1338.56,0.25,Mobile App,Wallet,Pending
ORD-003321,CUST-00459,PRD-00124,16/12/2025,17-Dec-2025,2,152.17,0.15,Website,Cash on Delivery,Returned
ORD-000728,CUST-00099,PRD-00097,13-Jul-2025,18/07/2025,4,550.73,0.0,Marketplace,Credit Card,Delivered
ORD-002983,CUST-00415,PRD-00088,02-Mar-2025,04-Mar-2025,4,2384.43,0.1,Mobile App,Cash on Delivery,Delivered
ORD-003256,CUST-00452,PRD-00021,23-May-2023,27/05/2023,1,7707.69,0.2,Mobile App,Installment,Pending
ORD-004115,CUST-00581,PRD-00005,11/13/2024,18-Nov-2024,2,5870.09,0.0,Website,Wallet,Delivered
ORD-004096,CUST-00577,PRD-00051,12/23/2023,2023-12-29,5,4568.48,0.1,Mobile App,installment,Cancelled
ORD-000130,CUST-00018,PRD-00086,2024-10-15,10/16/2024,1,EGP 1754.49,0.1,MARKETPLACE,Wallet,Delivered
ORD-003947,CUST-00556,PRD-00067,25-Apr-2024,29-Apr-2024,9,1590.28,0.0,Mobile App,Installment,Delivered
ORD-000269,CUST-00033,PRD-00059,08/29/2023,05/09/2023,5,1565.88,0.25,Marketplace,Installment,Delivered
ORD-001037,CUST-00143,PRD-00128,08/03/2025,2025-03-10,2,812.88,0.0,Mobile App,Credit Card,Pending
ORD-004054,CUST-00568,PRD-00171,08/08/2023,13-Aug-2023,4,1117.84,0.0,Marketplace,Credit Card,Delivered
ORD-000922,CUST-00129,PRD-00086,10/17/2023,24-Oct-2023,4,1754.49,0.1,Mobile App,Wallet,Delivered
ORD-004013,CUST-00564,PRD-00034,26/09/2025,2025-09-30,4,4894.09,0.2,Mobile App,Cash on Delivery,Delivered
ORD-004583,CUST-00629,PRD-00050,2024-11-30,12/05/2024,4,6188.03,0.0,Marketplace,cash on delivery,Returned
ORD-003722,CUST-00515,PRD-00154,12/12/2024,12/14/2024,9,175.83,0.25,Marketplace,Installment,Delivered
ORD-000606,CUST-00081,PRD-00140,06/26/2023,25/06/2023,3,168.61,0.25,Website,Installment,Delivered
ORD-002789,CUST-00378,PRD-00055,19/11/2025,2025-11-24,5,2089.61,0.2,Marketplace,Installment,Delivered
ORD-000817,CUST-00110,PRD-00041,2025-10-17,10/23/2025,4,1168.7,0.1,Marketplace,Wallet,Delivered
ORD-004002,CUST-00563,PRD-00038,25/07/2023,07/27/2023,5,2707.61,0.25,Marketplace,Wallet,Delivered
ORD-005686,CUST-00778,PRD-00147,14-Oct-2024,19-Oct-2024,4,222.8,,MOBILE APP,Credit Card,Delivered
ORD-005551,CUST-00761,PRD-00169,2023-01-19,24-Jan-2023,6,3779.35,0.0,Website,Cash on Delivery,Delivered
ORD-004063,CUST-00570,PRD-00007,2024-12-29,2024-12-31,2,5375.75,0.0,Marketplace,Installment,Cancelled
ORD-005592,CUST-00765,PRD-00024,2025-04-07,2025-04-13,4,8840.39,0.1,Marketplace,Credit Card,Delivered
ORD-002678,CUST-00370,PRD-00136,2025-09-27,02-Oct-2025,2,310.7,0.0,Website,Wallet,Delivered
ORD-003240,CUST-00450,PRD-00096,03/04/2025,04/07/2025,5,1013.61,0.1,Website,Installment,Delivered
ORD-001510,CUST-00206,PRD-00132,04/01/2023,04/02/2023,1,436.68,0.0,Marketplace,Cash on Delivery,Delivered
ORD-005393,CUST-00732,PRD-00120,28-Dec-2025,2025-12-31,5,538.56,0.1,Mobile App,installment,Pending
ORD-002711,CUST-00372,PRD-00116,2025-03-18,03/22/2025,5,466.13,0.1,Mobile App,Wallet,Delivered
ORD-000271,CUST-00035,PRD-00131,28/12/2025,01/01/2026,8,361.41,0.25,Mobile App,Installment,Returned
ORD-002953,CUST-00409,PRD-00023,06/18/2024,06/19/2024,1,11190.64,0.0,MOBILE APP,Credit Card,Returned
ORD-004454,CUST-00614,PRD-00019,2023-06-26,2023-07-01,9,5919.72,0.0,Mobile App,Installment,Pending
ORD-003103,CUST-00431,PRD-00152,09/10/2025,,2,23.7,0.1,Mobile App,Wallet,Delivered
ORD-001655,CUST-00223,PRD-00011,21/08/2025,2025-08-24,3,2785.74,0.0,Marketplace,Credit Card,Delivered
ORD-002144,CUST-00301,PRD-00036,04/11/2023,17-Apr-2023,5,2503.62,0.0,Marketplace,Installment,Delivered
ORD-001567,CUST-00210,PRD-00165,03-Jun-2025,07-Jun-2025,7,EGP 1559.9,0.15,Marketplace,Cash on Delivery,Delivered
ORD-001255,CUST-00170,PRD-00125,05/17/2023,05/19/2023,4,151.72,0.0,Marketplace,Wallet,Delivered
ORD-005080,CUST-00691,PRD-00042,2024-02-23,02/24/2024,4,1460.4,0.0,Mobile App,Installment,Pending
ORD-004767,CUST-00652,PRD-00079,07/05/2023,13/05/2023,10,EGP 646.3,0.1,Website,Cash on Delivery,Delivered
ORD-004636,CUST-00635,PRD-00059,2023-07-26,02/08/2023,2,1565.88,0.0,Website,Credit Card,Delivered
ORD-004031,CUST-00565,PRD-00058,21/11/2023,2023-11-28,5,3308.87,0.2,Marketplace,Wallet,Delivered
ORD-001950,CUST-00278,PRD-00014,20-Feb-2025,21-Feb-2025,9,3474.75,0.0,Marketplace,Credit Card,Returned
ORD-004308,CUST-00601,PRD-00086,09/03/2024,05/09/2024,3,1754.49,0.2,Marketplace,Wallet,Delivered
ORD-001047,CUST-00144,PRD-00030,10/08/2024,2024-08-16,7,6643.61,0.15,Mobile App,Wallet,Pending
ORD-003000,CUST-00417,PRD-00009,08-Feb-2025,11-Feb-2025,8,1433.71,0.1,Mobile App,Wallet,Delivered
ORD-004526,CUST-00623,PRD-00020,01-Jan-2025,07/01/2025,1,EGP 9661.76,0.1,Website,Installment,Cancelled
ORD-003500,CUST-00482,PRD-00060,08-Nov-2023,13-Nov-2023,5,EGP 2586.89,0.15,Mobile App,Wallet,Delivered
ORD-000550,CUST-00073,PRD-00039,07/06/2023,13-Jun-2023,4,2748.05,0.0,Marketplace,Wallet,Delivered
ORD-004312,CUST-00601,PRD-00131,10/26/2023,10/31/2023,3,361.41,0.2,Marketplace,Credit Card,Delivered
ORD-002580,CUST-00355,PRD-00033,2025-12-01,02/12/2025,9,1947.05,0.0,Mobile App,Installment,Delivered
ORD-005016,CUST-00681,PRD-00053,10/05/2024,13/05/2024,3,933.2,0.05,Marketplace,Credit Card,Delivered
ORD-002869,CUST-00391,PRD-00131,12/10/2024,2024-12-16,5,361.41,0.25,Website,Installment,Cancelled
ORD-001996,CUST-00284,PRD-00081,22/07/2023,2023-07-25,1,2904.61,0.0,Mobile App,wallet,Delivered
ORD-001877,CUST-00263,PRD-00155,02-Aug-2025,2025-08-08,2,228.62,0.0,Marketplace,Wallet,Delivered
ORD-002621,CUST-00358,PRD-00062,2024-01-01,2024-01-08,2,271.83,0.2,Mobile App,Installment,Cancelled
ORD-004234,CUST-00591,PRD-00007,06/22/2025,24/06/2025,2,5375.75,0.0,Mobile App,Installment,Cancelled
ORD-004248,CUST-00595,PRD-00149,2023-05-12,2023-05-19,4,EGP 93.5,0.0,Website,Wallet,Delivered
ORD-003743,CUST-00518,PRD-00184,27-Jun-2024,30-Jun-2024,2,2621.44,0.25,Marketplace,Cash on Delivery,Delivered
ORD-001181,CUST-00163,PRD-00059,2025-02-01,02/07/2025,4,1565.88,0.25,Marketplace,Installment,Pending
ORD-001150,CUST-00156,PRD-00141,12-Jun-2025,06/19/2025,8,265.4,0.25,Marketplace,Installment,Delivered
ORD-004945,CUST-00671,PRD-00079,26/05/2024,02-Jun-2024,3,646.3,0.0,Mobile App,Wallet,Delivered
ORD-001768,CUST-00240,PRD-00005,26-Nov-2024,12/02/2024,4,5870.09,0.0,Website,Credit Card,Delivered
ORD-005185,CUST-00704,PRD-00086,2023-02-13,18/02/2023,3,1754.49,0.15,Website,Wallet,Delivered
ORD-002722,CUST-00372,PRD-00117,07/28/2024,07/29/2024,1,440.45,0.0,Mobile App,Wallet,Delivered
ORD-001303,CUST-00176,PRD-00007,2024-08-03,2024-08-05,9,5375.75,0.25,Mobile App,Wallet,Delivered
ORD-002189,CUST-00308,PRD-00088,20/01/2024,2024-01-26,2,2384.43,0.0,Website,wallet,Returned
ORD-001708,CUST-00233,PRD-00035,2023-12-14,12/11/2023,5,4561.67,0.2,Mobile App,Cash on Delivery,Cancelled
ORD-001530,CUST-00207,PRD-00075,18/04/2024,04/23/2024,8,576.69,0.05,Mobile App,Wallet,Delivered
ORD-000346,CUST-00043,PRD-00078,2025-12-05,09/12/2025,6,803.87,0.25,Mobile App,Wallet,Delivered
ORD-005189,CUST-00705,PRD-00131,11/29/2023,2023-12-02,1,361.41,0.0,Mobile App,Installment,Delivered
ORD-002801,CUST-00381,PRD-00138,10-Jul-2024,12-Jul-2024,5,293.11,0.15,Mobile App,Credit Card,Delivered
  ORD-004093  ,CUST-00577,PRD-00155,03/24/2024,29/03/2024,10,228.62,0.05,Mobile App,Cash on Delivery,Delivered
ORD-000386,CUST-00049,PRD-00051,24/02/2023,2023-03-01,4,4568.48,0.2,Mobile App,Wallet,Cancelled
ORD-003165,CUST-00437,PRD-00126,30/04/2025,05/05/2025,3,340.64,0.0,Website,Installment,Returned
ORD-003258,CUST-00452,PRD-00025,2023-03-27,31-Mar-2023,4,EGP 15750.99,0.0,Marketplace,installment,Cancelled
ORD-004858,CUST-00664,PRD-00122,13-Sep-2025,17-Sep-2025,4,692.52,0.0,Website,Wallet,Delivered
ORD-003228,CUST-00444,PRD-00174,12/16/2023,22-Dec-2023,5,2379.8,0.0,Marketplace,Credit Card,Delivered
ORD-002371,CUST-00333,PRD-00071,25-Aug-2024,30-Aug-2024,3,EGP 657.42,0.05,Marketplace,Wallet,Delivered
  ORD-002068  ,CUST-00292,PRD-00096,09/15/2024,09/22/2024,1,1013.61,0.15,Website,Credit Card,Returned
ORD-004246,CUST-00594,PRD-00102,05/01/2025,2025-05-03,4,833.67,0.2,Marketplace,Wallet,Delivered
ORD-001191,CUST-00164,PRD-00094,07/03/2025,2025-03-12,6,286.11,0.25,Mobile App,Credit Card,Returned
ORD-001516,CUST-00206,PRD-00153,12-Apr-2025,04/18/2025,3,321.69,0.25,Marketplace,Installment,Cancelled
ORD-001609,CUST-00216,PRD-00152,2023-12-17,2023-12-24,2,23.7,0.0,WEBSITE,Installment,Returned
ORD-004382,CUST-00605,PRD-00184,25/11/2025,12/01/2025,1,2621.44,0.2,Mobile App,Cash on Delivery,Delivered
ORD-005254,CUST-00715,PRD-00118,06/15/2024,06/17/2024,10,EGP 341.03,0.0,Website,Installment,Delivered
ORD-005333,CUST-00727,PRD-00110,08/13/2025,08/14/2025,10,443.5,0.0,Marketplace,Installment,Delivered
ORD-004745,CUST-00650,PRD-00091,2024-03-16,03/22/2024,3,1667.87,0.15,Website,Credit Card,Returned
  ORD-000397  ,CUST-00050,PRD-00029,01/18/2024,21-Jan-2024,5,1141.21,0.0,Mobile App,Credit Card,Returned
ORD-001882,CUST-00263,PRD-00032,13-Mar-2025,19-Mar-2025,4,1547.2,0.2,Website,Cash on Delivery,Delivered
ORD-004292,CUST-00600,PRD-00004,21/02/2024,25-Feb-2024,5,3744.22,0.0,Mobile App,Credit Card,Pending
ORD-003408,CUST-00469,PRD-00150,27/04/2024,2024-04-28,2,84.86,0.15,Marketplace,Installment,Cancelled
  ORD-000903  ,CUST-00125,PRD-00117,08-Oct-2023,10/09/2023,1,440.45,0.0,Marketplace,Wallet,Delivered
ORD-001131,CUST-00153,PRD-00006,04-Aug-2023,2023-08-06,8,4094.1,0.2,Website,Installment,Delivered
ORD-004637,CUST-00635,PRD-00092,2025-12-14,12/15/2025,1,727.52,0.0,Mobile App,Wallet,Delivered
ORD-001675,CUST-99999,PRD-00166,09/02/2023,,7,1361.3,0.1,Mobile App,Cash on Delivery,Delivered
ORD-002893,CUST-00398,PRD-00138,07-Jul-2024,07/11/2024,3,293.11,,Marketplace,wallet,Delivered
ORD-002057,CUST-00291,PRD-00032,06-Jan-2023,09-Jan-2023,7,1547.2,0.0,Marketplace,Wallet,Pending
ORD-004026,CUST-00565,PRD-00050,10/29/2025,11/04/2025,3,6188.03,0.2,WEBSITE,wallet,Delivered
ORD-003842,CUST-00539,PRD-00030,2024-09-04,09/05/2024,3,6643.61,0.15,Mobile App,credit card,Delivered
ORD-005418,CUST-00737,PRD-00001,01-Jun-2024,,1,3019.28,0.0,Website,Cash on Delivery,Delivered
ORD-004544,CUST-00625,PRD-00061,27-Apr-2024,30-Apr-2024,6,1707.55,0.05,Website,Credit Card,Returned
ORD-002266,CUST-00318,PRD-00165,02/12/2023,16/02/2023,6,1559.9,0.0,Marketplace,Wallet,Cancelled
ORD-004817,CUST-00657,PRD-00177,2024-06-17,06/23/2024,4,5234.78,0.05,Mobile App,Wallet,Delivered
ORD-002460,CUST-00340,PRD-00148,26-Apr-2024,03/05/2024,4,63.15,0.05,Mobile App,credit card,Delivered
ORD-004980,CUST-00675,PRD-00059,03-May-2024,2024-05-04,5,1565.88,0.0,Website,installment,Delivered
ORD-001278,CUST-00173,PRD-00041,10-Aug-2023,11/08/2023,8,EGP 1168.7,0.0,Marketplace,Credit Card,Delivered
ORD-005208,CUST-00707,PRD-00086,2024-09-10,16/09/2024,6,1754.49,0.0,Mobile App,Credit Card,Returned
ORD-000015,CUST-00004,PRD-00036,01/26/2023,29/01/2023,3,2503.62,0.0,Website,Wallet,Delivered
ORD-001663,CUST-00224,PRD-00045,29/11/2023,02-Dec-2023,5,4956.18,0.0,Mobile App,Wallet,Delivered
  ORD-002225  ,CUST-00312,PRD-00143,04-Apr-2025,08-Apr-2025,5,174.65,0.0,Website,Installment,Delivered
ORD-005027,CUST-00683,PRD-00055,11/05/2024,05/18/2024,3,2089.61,0.25,Marketplace,Installment,Pending
ORD-002005,CUST-00286,PRD-00184,08/24/2023,26/08/2023,8,2621.44,0.05,MOBILE APP,Credit Card,Delivered
ORD-003629,CUST-00498,PRD-00106,30-Jan-2024,06-Feb-2024,1,1124.04,0.15,Marketplace,Wallet,Delivered
ORD-001893,CUST-00263,PRD-00086,2025-06-10,2025-06-17,3,1754.49,0.25,Mobile App,Wallet,Returned
ORD-004346,CUST-00603,PRD-00130,24/11/2025,30/11/2025,4,93.92,0.1,Mobile App,wallet,Delivered
ORD-004467,CUST-00616,PRD-00024,29/06/2024,2024-07-06,10,8840.39,0.0,Mobile App,Credit Card,Delivered
ORD-001918,CUST-00268,PRD-00137,2023-05-30,04/06/2023,3,328.81,0.0,MARKETPLACE,Credit Card,Cancelled
ORD-003869,CUST-00542,PRD-00090,24/11/2023,11/28/2023,5,EGP 1391.99,0.0,Website,Installment,Cancelled
ORD-001029,CUST-00142,PRD-00152,20-Nov-2025,,5,23.7,0.15,Mobile App,Wallet,Delivered
ORD-001259,CUST-00171,PRD-00068,01/27/2025,02-Feb-2025,6,1186.92,0.0,Marketplace,Credit Card,Delivered
ORD-001955,CUST-00279,PRD-00185,2023-08-23,08/27/2023,8,2013.53,0.2,MOBILE APP,Installment,Returned
ORD-003010,CUST-00418,PRD-00011,15/10/2023,2023-10-17,3,2785.74,0.2,Website,Cash on Delivery,Delivered
ORD-003988,CUST-00561,PRD-00117,19-Mar-2023,20-Mar-2023,1,440.45,0.0,Marketplace,Wallet,Delivered
ORD-000907,CUST-00125,PRD-00170,07-Feb-2023,02/13/2023,1,7690.28,0.0,Website,Wallet,Delivered
ORD-000706,CUST-00096,PRD-00188,08/08/2024,08/12/2024,1,235.83,0.25,Mobile App,Credit Card,Cancelled
ORD-002566,CUST-00354,PRD-00142,20-Sep-2024,09/25/2024,2,EGP 29.02,0.0,Mobile App,Wallet,Delivered
ORD-004835,CUST-00659,PRD-00140,25/01/2023,2023-01-28,5,168.61,0.0,Website,installment,Cancelled
ORD-000805,CUST-00108,PRD-00171,31-Mar-2024,2024-04-01,8,1117.84,0.05,Marketplace,Credit Card,Delivered
ORD-004988,CUST-00677,PRD-00073,09/14/2023,09/15/2023,9,2603.44,0.2,Mobile App,Installment,Pending
ORD-000021,CUST-00005,PRD-00040,11/05/2025,11/09/2025,9,1977.22,0.0,Marketplace,Cash on Delivery,Delivered
ORD-003640,CUST-00499,PRD-00121,23/06/2024,30/06/2024,4,307.1,0.0,Marketplace,Installment,Delivered
ORD-005498,CUST-00751,PRD-00028,03/10/2024,11/03/2024,3,6404.22,0.25,Mobile App,Installment,Delivered
ORD-005365,CUST-00730,PRD-00004,2025-04-28,05-May-2025,7,3744.22,0.0,MARKETPLACE,Credit Card,Returned
ORD-001723,CUST-00236,PRD-00018,13/01/2025,2025-01-18,3,8604.46,0.0,Website,Wallet,Delivered
ORD-000811,CUST-00109,PRD-00125,08/08/2024,08/10/2024,3,151.72,0.0,Website,Installment,Delivered
ORD-005570,CUST-00763,PRD-00031,30-Mar-2025,03-Apr-2025,4,376.78,0.2,Mobile App,Installment,Pending
ORD-004938,CUST-00671,PRD-00101,07/08/2025,2025-08-11,6,658.37,0.0,Marketplace,Wallet,Cancelled
ORD-001586,CUST-00212,PRD-00046,23-Dec-2024,2024-12-25,3,1161.95,0.2,MOBILE APP,Cash on Delivery,Delivered
ORD-004627,CUST-00635,PRD-00052,15-Oct-2023,19-Oct-2023,3,4557.53,0.0,Website,Wallet,Cancelled
ORD-000750,CUST-00100,PRD-00010,23-Feb-2023,2023-02-25,4,2297.75,0.05,Mobile App,Installment,Returned
ORD-001479,CUST-00203,PRD-00157,09/07/2024,16/07/2024,1,186.52,0.0,Marketplace,Wallet,Delivered
ORD-004170,CUST-00588,PRD-00153,04/20/2024,23-Apr-2024,5,321.69,0.05,Marketplace,Cash on Delivery,Delivered
ORD-005626,CUST-00771,PRD-00114,2025-05-05,2025-05-10,3,864.91,0.1,Website,Cash on Delivery,Delivered
ORD-004626,CUST-00635,PRD-00130,03/11/2024,17/03/2024,1,93.92,0.0,Marketplace,Wallet,Delivered
ORD-000289,CUST-00038,PRD-00116,01/04/2025,04/07/2025,9,466.13,0.05,Website,Cash on Delivery,Delivered
ORD-002219,CUST-00312,PRD-00058,12/06/2024,2024-12-09,5,3308.87,0.0,Website,Installment,Delivered
ORD-001508,CUST-00206,PRD-00168,06/12/2024,06/18/2024,5,3279.73,0.15,Marketplace,installment,Delivered
ORD-004876,CUST-00665,PRD-00146,12/05/2024,05/18/2024,2,194.39,0.05,Marketplace,Wallet,Returned
ORD-003509,CUST-00483,PRD-00055,11/15/2024,2024-11-21,4,2089.61,0.2,Mobile App,Credit Card,Pending
ORD-000681,CUST-00091,PRD-00029,07-Aug-2025,09-Aug-2025,2,1141.21,0.0,Website,Cash on Delivery,Returned
ORD-002616,CUST-00358,PRD-00136,21-Sep-2024,25/09/2024,3,310.7,0.05,Mobile App,Installment,Returned
ORD-003279,CUST-00455,PRD-00036,03/05/2023,05/04/2023,4,2503.62,0.1,Website,Credit Card,Delivered
ORD-005552,CUST-00761,PRD-00128,06/23/2023,30-Jun-2023,9,812.88,0.25,Mobile App,Credit Card,Delivered
ORD-002592,CUST-00357,PRD-00028,09-Jan-2024,11/01/2024,5,6404.22,0.15,Marketplace,Installment,Delivered
ORD-003668,CUST-00505,PRD-00136,05-Jun-2023,10/06/2023,5,EGP 310.7,0.0,Marketplace,Installment,Delivered
ORD-000372,CUST-00047,PRD-00031,05-Feb-2024,02/09/2024,3,376.78,0.0,Website,Cash on Delivery,Delivered
ORD-005388,CUST-00731,PRD-00033,09-Dec-2024,12/12/2024,3,EGP 1947.05,0.1,Marketplace,Credit Card,Delivered
ORD-004099,CUST-00577,PRD-00155,03/03/2025,03/09/2025,4,228.62,0.0,Marketplace,Installment,Delivered
ORD-001501,CUST-00206,PRD-00045,08/07/2023,15-Jul-2023,3,4956.18,0.2,Website,Wallet,Delivered
ORD-004212,CUST-00590,PRD-00098,05/12/2025,19/05/2025,8,718.7,0.0,Website,Installment,Cancelled
ORD-005053,CUST-00686,PRD-00104,13/03/2025,17-Mar-2025,8,698.62,0.05,Mobile App,Wallet,Delivered
ORD-004883,CUST-00666,PRD-00017,11/17/2025,11/21/2025,5,4224.65,0.1,Mobile App,Wallet,Delivered
ORD-005601,CUST-00765,PRD-00009,01/05/2024,04/05/2024,1,1433.71,0.0,MARKETPLACE,Installment,Delivered
ORD-004244,CUST-00594,PRD-00103,03/23/2023,25/03/2023,3,EGP 275.52,0.2,Mobile App,Installment,Delivered
ORD-000830,CUST-00110,PRD-00106,2024-01-18,15-Jan-2024,1,1124.04,0.0,Website,Wallet,Delivered
ORD-002346,CUST-00328,PRD-00075,11/01/2024,11/04/2024,4,576.69,0.0,Website,Wallet,Delivered
ORD-003679,CUST-00506,PRD-00009,06/24/2024,27/06/2024,1,1433.71,0.0,Marketplace,Cash on Delivery,Delivered
ORD-000437,CUST-00059,PRD-00139,18/07/2024,20-Jul-2024,9,195.93,0.05,Marketplace,Wallet,Pending
ORD-002827,CUST-00383,PRD-00130,2024-08-11,18-Aug-2024,2,EGP 93.92,0.0,Mobile App,Cash on Delivery,Delivered
ORD-004176,CUST-00588,PRD-00183,02/14/2025,2025-02-19,1,6588.34,0.05,Marketplace,Installment,Returned
ORD-001571,CUST-00210,PRD-00046,2024-01-17,20/01/2024,10,1161.95,0.0,MOBILE APP,Installment,Pending
ORD-000488,CUST-00066,PRD-00044,08/12/2023,08/18/2023,4,3309.62,0.0,Marketplace,Cash on Delivery,Delivered
ORD-003252,CUST-00451,PRD-00015,29-May-2024,01-Jun-2024,3,5715.8,0.15,Mobile App,Cash on Delivery,Pending
ORD-004522,CUST-00622,PRD-00133,22/09/2025,28-Sep-2025,10,174.99,0.0,Website,Cash on Delivery,Delivered
ORD-005484,CUST-00751,PRD-00059,23/04/2025,27-Apr-2025,7,1565.88,0.0,Marketplace,Wallet,Cancelled
ORD-003667,CUST-00505,PRD-00044,10/28/2023,29/10/2023,4,3309.62,,Website,Wallet,Cancelled
ORD-001880,CUST-00263,PRD-00074,20-Apr-2024,25-Apr-2024,4,396.44,0.0,Website,Credit Card,Returned
ORD-002731,CUST-00373,PRD-00088,06-Nov-2025,2025-11-13,3,2384.43,0.25,Website,Installment,Delivered
ORD-000829,CUST-00110,PRD-00037,09/03/2023,05/09/2023,2,2145.36,0.05,Mobile App,Credit Card,Delivered
ORD-002685,CUST-00370,PRD-00103,18-Apr-2025,22/04/2025,4,275.52,0.1,Website,Credit Card,Returned
ORD-000472,CUST-00064,PRD-00038,05/01/2024,05/06/2024,5,2707.61,0.2,Marketplace,Installment,Delivered
ORD-001490,CUST-00205,PRD-00077,2024-09-12,19/09/2024,1,3228.9,0.15,Website,Wallet,Cancelled
ORD-000749,CUST-00100,PRD-00070,22-Jun-2023,23/06/2023,6,1062.89,0.15,Marketplace,Wallet,Delivered
ORD-002466,CUST-00341,PRD-00021,12/31/2025,04-Jan-2026,5,7707.69,0.2,Mobile App,Cash on Delivery,Delivered
ORD-005727,CUST-00785,PRD-00117,13-Nov-2025,2025-11-17,4,440.45,0.25,Marketplace,Installment,Cancelled
ORD-001125,CUST-00153,PRD-00128,30/11/2024,,10,812.88,0.0,Marketplace,Installment,Delivered
ORD-000622,CUST-00084,PRD-00083,2024-06-11,,1,1673.7,0.0,Marketplace,Wallet,Delivered
ORD-000426,CUST-99999,PRD-00049,11/25/2023,2023-11-27,7,3627.21,0.1,Marketplace,Credit Card,Pending
ORD-004005,CUST-00563,PRD-00048,03/19/2023,03/22/2023,4,616.54,0.1,Marketplace,Installment,Pending
ORD-001480,CUST-00203,PRD-00137,26-Aug-2024,27/08/2024,2,328.81,0.2,Website,Installment,Pending
ORD-001327,CUST-00178,PRD-00168,16-Dec-2024,2024-12-18,9,3279.73,0.25,Mobile App,Wallet,Delivered
ORD-002337,CUST-00326,PRD-00116,21-Apr-2023,28-Apr-2023,5,466.13,0.05,Website,Cash on Delivery,Returned
ORD-003647,CUST-00501,PRD-00169,2025-01-02,03/01/2025,5,EGP 3779.35,0.25,MARKETPLACE,Installment,Delivered
ORD-003517,CUST-00484,PRD-00024,22/10/2024,23/10/2024,3,EGP 8840.39,0.0,Marketplace,Cash on Delivery,Delivered
ORD-003206,CUST-00441,PRD-00002,01/02/2025,07-Jan-2025,4,EGP 9414.07,0.0,WEBSITE,Credit Card,Delivered
ORD-002873,CUST-00392,PRD-00019,2025-07-01,07/06/2025,4,5919.72,0.1,Mobile App,Installment,Cancelled
ORD-003211,CUST-00441,PRD-00055,01/23/2025,27-Jan-2025,1,2089.61,0.2,Website,Cash on Delivery,Cancelled
ORD-003439,CUST-00473,PRD-00061,11-Mar-2025,03/10/2025,3,1707.55,0.2,Website,Credit Card,Delivered
ORD-004201,CUST-00589,PRD-00022,2025-08-13,15-Aug-2025,5,14193.82,0.0,Mobile App,Credit Card,Delivered
ORD-000103,CUST-00014,PRD-00076,2025-08-17,23/08/2025,5,EGP 2045.06,0.05,Mobile App,Wallet,Delivered
ORD-005579,CUST-00764,PRD-00061,18-Dec-2023,19/12/2023,5,1707.55,0.25,Mobile App,Installment,Delivered
ORD-004185,CUST-00588,PRD-00080,13-Jan-2025,17-Jan-2025,3,1092.22,0.1,Website,Credit Card,Pending
ORD-004375,CUST-00605,PRD-00011,07/07/2023,11-Jul-2023,2,2785.74,0.0,Marketplace,Credit Card,Delivered
ORD-005385,CUST-00731,PRD-00094,04/04/2024,07-Apr-2024,1,286.11,0.15,Mobile App,Wallet,Pending
ORD-002255,CUST-00316,PRD-00139,2025-03-07,03/08/2025,5,195.93,0.0,Mobile App,Credit Card,Delivered
ORD-003156,CUST-00437,PRD-00111,2025-07-14,2025-07-16,2,EGP 291.55,0.1,Marketplace,Wallet,Delivered
ORD-004790,CUST-00656,PRD-00029,30/09/2023,05/10/2023,2,1141.21,0.0,Marketplace,Cash on Delivery,Delivered
ORD-004238,CUST-00592,PRD-00128,2023-02-06,08/02/2023,2,812.88,0.0,Website,Credit Card,Returned
ORD-001772,CUST-00241,PRD-00162,2023-05-30,01/06/2023,9,1009.35,0.15,Mobile App,Credit Card,Delivered
ORD-000114,CUST-00016,PRD-00117,31-May-2025,04-Jun-2025,7,440.45,0.0,MARKETPLACE,installment,Delivered
ORD-003564,CUST-00489,PRD-00087,2024-06-04,08/06/2024,1,EGP 937.05,0.0,Website,credit card,Pending
ORD-003129,CUST-00434,PRD-00100,2025-06-12,14-Jun-2025,5,555.91,0.0,Marketplace,Installment,Delivered
ORD-004304,CUST-00600,PRD-00085,18/05/2024,05/15/2024,9,265.37,0.2,Website,Installment,Delivered
ORD-000200,CUST-00027,PRD-00165,2025-03-21,2025-03-28,4,1559.9,0.25,Mobile App,Cash on Delivery,Delivered
ORD-002733,CUST-00373,PRD-00065,14/05/2024,2024-05-16,5,EGP 1220.64,0.25,Mobile App,Installment,Delivered
ORD-004500,CUST-00620,PRD-00159,03/14/2024,18-Mar-2024,5,195.16,0.05,Marketplace,Installment,Delivered
ORD-004438,CUST-00611,PRD-00106,12/07/2025,14-Jul-2025,5,1124.04,0.2,Mobile App,Cash on Delivery,Cancelled
ORD-001229,CUST-00168,PRD-00121,2025-11-29,12/01/2025,9,307.1,0.0,Mobile App,Credit Card,Delivered
ORD-003648,CUST-00502,PRD-00126,08/02/2023,08/09/2023,2,340.64,0.0,Mobile App,Credit Card,Delivered
ORD-004605,CUST-00631,PRD-00059,14-Apr-2024,2024-04-18,4,EGP 1565.88,0.0,Marketplace,Cash on Delivery,Delivered
ORD-002416,CUST-00336,PRD-00096,21-Dec-2025,2025-12-23,3,1013.61,0.0,Website,Installment,Pending
ORD-000440,CUST-00059,PRD-00103,10-Apr-2023,11-Apr-2023,4,275.52,0.0,Marketplace,Installment,Cancelled
ORD-000866,CUST-00118,PRD-00139,02/05/2025,06-May-2025,8,195.93,0.0,Website,Installment,Delivered
ORD-005212,CUST-00707,PRD-00082,16-Apr-2025,04/23/2025,5,1269.02,0.0,Mobile App,Wallet,Delivered
ORD-001849,CUST-00258,PRD-00015,2024-09-30,10/01/2024,2,5715.8,0.1,Marketplace,Installment,Delivered
ORD-002635,CUST-00362,PRD-00170,01/01/2023,01/08/2023,1,7690.28,0.1,Mobile App,Installment,Delivered
ORD-000965,CUST-00132,PRD-00050,19-May-2023,22/05/2023,6,6188.03,0.05,Mobile App,Credit Card,Delivered
ORD-003800,CUST-00528,PRD-00124,08/18/2025,08/22/2025,5,152.17,0.2,Marketplace,Cash on Delivery,Cancelled
ORD-002952,CUST-00408,PRD-00134,07/21/2024,22-Jul-2024,4,165.0,0.05,Marketplace,Wallet,Delivered
ORD-001906,CUST-00266,PRD-00082,11-Nov-2024,14/11/2024,5,1269.02,,Marketplace,Installment,Returned
ORD-001292,CUST-00174,PRD-00065,11/03/2025,13-Mar-2025,4,1220.64,0.1,Marketplace,Credit Card,Delivered
ORD-005347,CUST-00729,PRD-00167,01-Jan-2025,05/01/2025,2,741.81,0.0,Website,Cash on Delivery,Delivered
ORD-001398,CUST-00189,PRD-00051,2023-01-01,2023-01-02,2,4568.48,0.25,Website,installment,Delivered
ORD-002480,CUST-00343,PRD-00111,2023-02-06,02/07/2023,8,291.55,0.2,Marketplace,Credit Card,Delivered
ORD-000536,CUST-00073,PRD-00186,19-Dec-2023,2023-12-26,4,4878.71,0.0,Mobile App,Cash on Delivery,Cancelled
ORD-000238,CUST-00032,PRD-00112,09/26/2025,09/30/2025,4,422.18,,Mobile App,Installment,Delivered
ORD-002583,CUST-00355,PRD-00101,19/03/2025,22/03/2025,8,658.37,0.0,Marketplace,Credit Card,Pending
ORD-000885,CUST-00123,PRD-00043,10/10/2024,12/10/2024,3,670.88,0.0,Marketplace,Cash on Delivery,Delivered
ORD-003753,CUST-00520,PRD-00089,25/08/2023,2023-08-27,2,EGP 370.11,0.25,Website,Credit Card,Delivered
ORD-001616,CUST-00216,PRD-00093,12/03/2024,05-Dec-2024,1,327.87,0.0,Mobile App,Installment,Returned
ORD-002577,CUST-00355,PRD-00088,2024-05-12,05/15/2024,7,2384.43,0.0,WEBSITE,Credit Card,Delivered
ORD-005704,CUST-00781,PRD-00171,09/22/2023,09/29/2023,5,1117.84,0.2,Mobile App,Cash on Delivery,Delivered
ORD-000652,CUST-00087,PRD-00023,16-Feb-2025,02/21/2025,4,11190.64,0.05,Marketplace,Cash on Delivery,Delivered
ORD-000068,CUST-00007,PRD-00183,06/23/2025,06/26/2025,7,6588.34,0.0,Mobile App,Wallet,Pending
ORD-003295,CUST-00457,PRD-00074,2023-01-11,2023-01-16,2,396.44,0.0,Website,Wallet,Delivered
ORD-004174,CUST-00588,PRD-00111,26/03/2025,04/02/2025,2,291.55,0.05,Mobile App,Installment,Cancelled
ORD-000481,CUST-00065,PRD-00136,09/09/2025,09/11/2025,5,310.7,0.0,Marketplace,Installment,Delivered
ORD-004806,CUST-00656,PRD-00122,04-Apr-2023,2023-04-11,1,EGP 692.52,0.0,Website,Cash on Delivery,Cancelled
ORD-005044,CUST-00684,PRD-00174,2023-11-21,2023-11-25,1,2379.8,0.05,Marketplace,Cash on Delivery,Delivered
ORD-001575,CUST-00210,PRD-00139,01/08/2025,13/01/2025,8,195.93,0.05,Website,Credit Card,Delivered
ORD-004589,CUST-00629,PRD-00155,30-Mar-2024,01/04/2024,4,228.62,0.0,Website,Installment,Pending
ORD-001464,CUST-00202,PRD-00015,05/28/2024,05/29/2024,2,5715.8,0.0,Mobile App,Cash on Delivery,Delivered
ORD-005039,CUST-00683,PRD-00012,2024-05-23,05/24/2024,4,9488.69,0.05,Website,Cash on Delivery,Delivered
ORD-004251,CUST-00596,PRD-00149,03/24/2025,03/30/2025,3,93.5,0.25,Mobile App,Installment,Delivered
ORD-001323,CUST-00177,PRD-00061,25-Jan-2025,26-Jan-2025,2,1707.55,0.0,Website,Credit Card,Delivered
ORD-005553,CUST-00761,PRD-00051,05/02/2025,11-Feb-2025,10,4568.48,0.25,Mobile App,Wallet,Delivered
ORD-004818,CUST-00657,PRD-00108,18-Mar-2025,21-Mar-2025,5,230.98,0.05,Mobile App,Wallet,Delivered
ORD-001268,CUST-00172,PRD-00128,09/01/2025,09/06/2025,2,812.88,0.0,Mobile App,Wallet,Pending
ORD-002724,CUST-00372,PRD-00045,05/27/2025,01/06/2025,1,4956.18,0.2,Marketplace,Installment,Delivered
ORD-001375,CUST-00185,PRD-00140,10/22/2024,2024-10-27,3,168.61,0.15,Website,Wallet,Delivered
ORD-005321,CUST-00725,PRD-00017,2024-09-11,2024-09-14,1,4224.65,0.25,Website,Installment,Delivered
ORD-000847,CUST-00112,PRD-00162,18-Mar-2023,19/03/2023,3,1009.35,0.1,Website,Cash on Delivery,Delivered
ORD-002624,CUST-00360,PRD-00078,2024-07-31,08/06/2024,3,803.87,0.15,Mobile App,Installment,Delivered
ORD-004203,CUST-00589,PRD-00015,06/05/2023,06/11/2023,4,5715.8,0.2,Mobile App,Installment,Delivered
ORD-003061,CUST-00426,PRD-00171,14/01/2025,19-Jan-2025,3,1117.84,0.25,Website,Wallet,Delivered
ORD-001432,CUST-00194,PRD-00121,28/05/2024,02/06/2024,5,307.1,0.2,Website,Cash on Delivery,Delivered
ORD-004524,CUST-00623,PRD-00185,12/10/2025,10/17/2025,3,EGP 2013.53,0.25,Marketplace,Installment,Delivered
ORD-005454,CUST-00743,PRD-00178,2024-11-11,11/12/2024,5,583.55,0.0,Mobile App,Cash on Delivery,Delivered
ORD-003444,CUST-00473,PRD-00073,06/04/2023,08-Apr-2023,1,2603.44,0.2,Marketplace,cash on delivery,Cancelled
ORD-005420,CUST-00737,PRD-00027,17-Jul-2023,07/18/2023,5,6528.78,0.0,Marketplace,Installment,Delivered
ORD-004011,CUST-00563,PRD-00092,08-Aug-2023,2023-08-12,3,727.52,0.0,Mobile App,Credit Card,Returned
ORD-001236,CUST-00169,PRD-00098,20-Apr-2025,04/23/2025,2,718.7,0.15,Website,Wallet,Delivered
ORD-001111,CUST-00152,PRD-00055,22/12/2023,23/12/2023,5,2089.61,0.05,Website,Wallet,Delivered
ORD-000013,CUST-00003,PRD-00130,15-Nov-2024,11/20/2024,2,93.92,0.05,Website,Wallet,Delivered
ORD-001349,CUST-00181,PRD-00136,11-Apr-2025,13/04/2025,5,310.7,0.15,Mobile App,Credit Card,Pending
ORD-004123,CUST-00583,PRD-00175,01/30/2025,04/02/2025,5,3144.98,0.15,Mobile App,Cash on Delivery,Cancelled
ORD-001380,CUST-00186,PRD-00086,2024-06-30,2024-07-05,2,EGP 1754.49,0.0,Marketplace,Cash on Delivery,Delivered
ORD-000318,CUST-00041,PRD-00108,03/10/2025,10-Oct-2025,5,230.98,0.25,Marketplace,Cash on Delivery,Delivered
ORD-001167,CUST-00160,PRD-00183,29/08/2023,04/09/2023,4,6588.34,0.0,Mobile App,Cash on Delivery,Delivered
ORD-004204,CUST-00590,PRD-00053,06/25/2025,,7,933.2,0.0,Marketplace,Wallet,Delivered
ORD-000697,CUST-00094,PRD-00041,05/05/2024,10-May-2024,4,1168.7,0.25,Mobile App,Wallet,Pending
ORD-003591,CUST-00493,PRD-00014,11/20/2024,,5,3474.75,0.0,Website,wallet,Returned
ORD-002772,CUST-00375,PRD-00057,26-Jan-2025,31/01/2025,5,5493.06,0.1,Marketplace,Wallet,Returned
ORD-004001,CUST-00562,PRD-99999,2025-05-31,06/06/2025,7,8840.39,0.0,Mobile App,Wallet,Cancelled
ORD-000034,CUST-00005,PRD-00038,11/10/2024,12/10/2024,8,2707.61,0.1,Mobile App,Wallet,Delivered
ORD-000389,CUST-00050,PRD-00055,2023-10-31,04/11/2023,8,2089.61,0.2,Mobile App,Wallet,Cancelled
ORD-001247,CUST-00169,PRD-00152,08-Nov-2025,11/09/2025,4,23.7,0.05,Marketplace,Wallet,Cancelled
ORD-005780,CUST-00791,PRD-00020,17-Mar-2023,18-Mar-2023,4,9661.76,0.2,Website,Installment,Cancelled
ORD-003549,CUST-00487,PRD-00017,25/11/2023,29-Nov-2023,2,4224.65,0.0,Mobile App,Wallet,Delivered
  ORD-005561  ,CUST-00762,PRD-00015,27-Apr-2025,05/03/2025,6,5715.8,0.15,MARKETPLACE,Installment,Delivered
ORD-005202,CUST-00705,PRD-00029,2023-04-11,04/16/2023,1,1141.21,0.2,Marketplace,Wallet,Cancelled
ORD-002540,CUST-00351,PRD-00036,09/25/2024,2024-10-01,4,2503.62,0.15,Mobile App,Cash on Delivery,Delivered
ORD-002435,CUST-00338,PRD-00022,2025-03-15,,10,14193.82,0.0,Marketplace,Credit Card,Delivered
ORD-003260,CUST-00452,PRD-00155,2024-07-28,2024-08-01,1,228.62,,Mobile App,Wallet,Cancelled
ORD-001437,CUST-00195,PRD-00043,16/09/2024,2024-09-22,5,670.88,0.15,WEBSITE,Credit Card,Delivered
ORD-004766,CUST-00652,PRD-00018,14/11/2024,2024-11-20,9,8604.46,0.0,Mobile App,Credit Card,Delivered
ORD-004587,CUST-00629,PRD-00012,16/11/2023,,2,9488.69,0.2,Marketplace,Credit Card,Delivered
ORD-003911,CUST-00548,PRD-00117,22/02/2024,24-Feb-2024,5,440.45,0.0,Website,Installment,Delivered
ORD-002571,CUST-00355,PRD-00175,2024-04-29,01/05/2024,7,3144.98,0.0,Marketplace,cash on delivery,Delivered
ORD-000361,CUST-00043,PRD-00094,11-Jun-2024,06/17/2024,6,286.11,0.15,WEBSITE,Cash on Delivery,Delivered
ORD-005687,CUST-00778,PRD-00098,02/04/2023,07/04/2023,1,718.7,0.0,Website,Wallet,Delivered
ORD-005219,CUST-00709,PRD-00163,04/01/2025,01/09/2025,3,5049.75,0.15,Mobile App,Wallet,Delivered
ORD-005771,CUST-00791,PRD-00012,2025-12-04,05/12/2025,4,9488.69,0.0,Marketplace,Credit Card,Delivered
ORD-001769,CUST-00240,PRD-00010,09/11/2025,2025-11-15,1,2297.75,0.0,Mobile App,Cash on Delivery,Delivered
ORD-005086,CUST-00692,PRD-00188,15-Jun-2025,2025-06-17,1,235.83,0.0,Marketplace,Cash on Delivery,Delivered
ORD-004421,CUST-00610,PRD-00117,2024-07-31,05-Aug-2024,4,440.45,0.0,Website,Credit Card,Delivered
ORD-003574,CUST-00491,PRD-00113,05/15/2025,05/16/2025,5,719.15,0.0,Website,Credit Card,Delivered
ORD-000754,CUST-00101,PRD-00011,14-Jun-2024,17/06/2024,4,EGP 2785.74,,Marketplace,Credit Card,Delivered
ORD-000831,CUST-00110,PRD-00050,20-Mar-2025,03/21/2025,4,6188.03,,Marketplace,Installment,Delivered
ORD-000689,CUST-00091,PRD-00177,02-Aug-2024,09/08/2024,5,EGP 5234.78,0.05,Website,Wallet,Delivered
ORD-001212,CUST-00165,PRD-00020,04/06/2024,2024-06-07,2,9661.76,0.0,Mobile App,Wallet,Delivered
ORD-005635,CUST-00772,PRD-00004,12/10/2024,15-Dec-2024,2,EGP 3744.22,0.05,Mobile App,Cash on Delivery,Delivered
ORD-004540,CUST-00624,PRD-00052,09/04/2024,09/10/2024,3,4557.53,0.2,Mobile App,Installment,Cancelled
ORD-004615,CUST-00633,PRD-00168,12/24/2024,2024-12-25,1,3279.73,0.0,Website,Installment,Delivered
ORD-005813,CUST-00795,PRD-00057,03-Jul-2024,30/06/2024,5,5493.06,0.1,Website,Credit Card,Delivered
ORD-000977,CUST-00133,PRD-00115,12-Sep-2024,13/09/2024,2,290.78,0.1,MARKETPLACE,Cash on Delivery,Pending
ORD-004819,CUST-00657,PRD-00170,25-May-2023,,3,7690.28,0.0,Mobile App,Installment,Returned
ORD-003916,CUST-00549,PRD-00166,11/03/2024,03/13/2024,1,1361.3,0.0,Mobile App,Credit Card,Cancelled
ORD-000235,CUST-00032,PRD-00122,2024-09-30,10/02/2024,2,692.52,0.0,Marketplace,Wallet,Cancelled
ORD-004122,CUST-00583,PRD-00059,17-Nov-2024,2024-11-24,3,1565.88,0.05,Mobile App,Installment,Delivered
ORD-001579,CUST-00211,PRD-00098,2023-07-07,07/13/2023,3,718.7,0.1,Website,Installment,Delivered
ORD-000497,CUST-00067,PRD-00183,2024-03-07,2024-03-14,2,6588.34,0.05,Marketplace,Credit Card,Delivered
ORD-002307,CUST-00321,PRD-00130,12/10/2023,17-Oct-2023,2,93.92,0.15,Marketplace,Wallet,Delivered
ORD-003415,CUST-00471,PRD-00012,11/21/2025,23-Nov-2025,2,9488.69,0.0,Marketplace,Wallet,Delivered
ORD-001785,CUST-00245,PRD-00118,02/03/2025,2025-03-07,4,EGP 341.03,0.0,Marketplace,Wallet,Delivered
ORD-001274,CUST-00172,PRD-00040,2023-11-24,26/11/2023,3,EGP 1977.22,0.0,Mobile App,Wallet,Returned
ORD-002746,CUST-00373,PRD-00061,2024-10-22,2024-10-26,4,1707.55,,Website,Cash on Delivery,Returned
ORD-004455,CUST-00614,PRD-00140,2023-01-13,01/18/2023,4,168.61,0.15,Marketplace,Installment,Delivered
ORD-003887,CUST-00545,PRD-00025,03/10/2025,2025-03-13,6,15750.99,0.15,Website,Installment,Pending
ORD-000801,CUST-00107,PRD-00146,2025-09-16,2025-09-22,2,194.39,0.15,Marketplace,Installment,Returned
ORD-002406,CUST-00335,PRD-00156,12/17/2024,2024-12-19,1,250.31,0.0,Website,Cash on Delivery,Delivered
ORD-002847,CUST-00387,PRD-00183,2025-10-11,10/15/2025,2,6588.34,0.1,Website,Credit Card,Delivered
ORD-001169,CUST-00160,PRD-00144,31-Jan-2024,02/06/2024,1,212.23,0.2,Marketplace,Credit Card,Cancelled
ORD-000896,CUST-00124,PRD-00165,07/06/2023,,2,1559.9,0.0,Mobile App,cash on delivery,Delivered
ORD-004215,CUST-00590,PRD-00124,11/28/2024,2024-12-03,5,152.17,0.0,Mobile App,Credit Card,Pending
ORD-003937,CUST-00554,PRD-00151,2023-09-17,21/09/2023,6,125.16,0.0,Website,Cash on Delivery,Pending
ORD-000495,CUST-00067,PRD-00110,2025-01-29,30/01/2025,3,443.5,0.0,Marketplace,Installment,Returned
ORD-000908,CUST-00125,PRD-00157,15-Jun-2024,2024-06-21,2,186.52,0.0,Mobile App,Installment,Delivered
ORD-001027,CUST-00142,PRD-00089,14/08/2025,18-Aug-2025,4,370.11,0.1,Mobile App,Wallet,Cancelled
ORD-004317,CUST-00601,PRD-00045,27-Oct-2024,28/10/2024,5,4956.18,0.0,Website,Credit Card,Cancelled
ORD-004909,CUST-00668,PRD-00162,03/24/2023,03/26/2023,5,1009.35,0.0,Website,Installment,Delivered
ORD-000221,CUST-00030,PRD-00089,20/11/2025,24/11/2025,1,370.11,0.0,Website,Wallet,Delivered
ORD-000653,CUST-00087,PRD-00032,06-Oct-2023,08/10/2023,2,EGP 1547.2,0.1,Mobile App,Cash on Delivery,Delivered
ORD-005378,CUST-00731,PRD-00027,20/11/2023,24/11/2023,3,EGP 6528.78,0.0,Website,Credit Card,Delivered
ORD-000476,CUST-00064,PRD-00008,09/29/2023,28-Sep-2023,10,13998.23,0.05,Marketplace,Cash on Delivery,Cancelled
ORD-001039,CUST-00144,PRD-00029,08/22/2025,27-Aug-2025,8,1141.21,0.2,Marketplace,Cash on Delivery,Returned
ORD-005153,CUST-00701,PRD-00130,04/23/2024,04/26/2024,10,93.92,0.0,Website,Installment,Pending
ORD-002680,CUST-00370,PRD-00054,12/31/2024,01/06/2025,4,1277.14,0.25,Website,Installment,Delivered
ORD-004291,CUST-00600,PRD-00177,04/23/2023,26-Apr-2023,10,5234.78,0.25,Website,Installment,Delivered
ORD-003543,CUST-00487,PRD-00122,29-Nov-2025,2025-12-04,3,EGP 692.52,0.0,WEBSITE,Installment,Delivered
ORD-002071,CUST-00292,PRD-00028,07/30/2025,04/08/2025,4,6404.22,0.05,Marketplace,Wallet,Delivered
ORD-005718,CUST-00783,PRD-00112,25-Jul-2025,2025-07-28,2,422.18,0.0,Marketplace,Cash on Delivery,Delivered
ORD-002354,CUST-00329,PRD-00027,30/10/2024,2024-11-05,10,6528.78,0.05,Website,Installment,Delivered
ORD-005099,CUST-00694,PRD-00082,26/05/2023,02-Jun-2023,2,1269.02,0.15,Website,Installment,Delivered
ORD-000100,CUST-00014,PRD-00092,08/29/2023,09/04/2023,4,727.52,0.0,Website,Cash on Delivery,Cancelled
ORD-004881,CUST-00666,PRD-00041,12-Jun-2025,06/19/2025,4,1168.7,0.25,Marketplace,Cash on Delivery,Pending
ORD-000005,CUST-00001,PRD-00142,10-Oct-2024,16/10/2024,4,29.02,0.0,Mobile App,Credit Card,Delivered
ORD-005376,CUST-00731,PRD-00132,02/01/2024,2024-02-02,3,436.68,0.05,Mobile App,credit card,Delivered
ORD-005799,CUST-00794,PRD-00067,17-May-2024,20-May-2024,7,1590.28,0.25,Marketplace,Installment,Pending
ORD-005026,CUST-00682,PRD-00019,09/01/2025,03/09/2025,10,5919.72,0.25,Mobile App,Cash on Delivery,Delivered
ORD-005351,CUST-00729,PRD-00057,19-Apr-2023,2023-04-26,2,5493.06,0.0,Mobile App,Installment,Delivered
ORD-002546,CUST-00351,PRD-00118,2024-02-17,22/02/2024,4,341.03,0.0,Mobile App,Wallet,Returned
ORD-001217,CUST-00167,PRD-00113,2025-12-30,2025-12-28,2,719.15,,Mobile App,Installment,Delivered
ORD-002003,CUST-00286,PRD-00007,2024-05-28,05/30/2024,6,5375.75,0.0,Website,Cash on Delivery,Delivered
ORD-004777,CUST-00654,PRD-00076,29-May-2023,,5,2045.06,0.05,Website,Credit Card,Delivered
ORD-002200,CUST-00310,PRD-00017,13-Jul-2024,17-Jul-2024,8,4224.65,0.25,Mobile App,Cash on Delivery,Delivered
ORD-004570,CUST-00628,PRD-00055,13/11/2024,,2,2089.61,0.05,Marketplace,Wallet,Returned
ORD-002491,CUST-00343,PRD-00173,22/08/2023,08/26/2023,5,1584.06,0.0,Website,Installment,Delivered
ORD-005129,CUST-00698,PRD-00017,26/08/2024,30/08/2024,2,EGP 4224.65,0.2,Mobile App,Credit Card,Delivered
ORD-000505,CUST-00068,PRD-00021,22/08/2024,,4,7707.69,0.0,Mobile App,Credit Card,Returned
ORD-005595,CUST-00765,PRD-00179,10-Aug-2025,08/17/2025,5,2311.13,0.0,Marketplace,Cash on Delivery,Delivered
ORD-000600,CUST-00080,PRD-00015,02/24/2025,01-Mar-2025,5,5715.8,0.0,Marketplace,Wallet,Cancelled
ORD-005417,CUST-00737,PRD-00011,2023-05-22,2023-05-29,2,2785.74,0.2,Website,Credit Card,Returned
ORD-000843,CUST-00112,PRD-00009,2024-07-31,02-Aug-2024,3,1433.71,0.1,Mobile App,Credit Card,Returned
ORD-004505,CUST-00620,PRD-00132,20/10/2023,2023-10-27,5,436.68,0.05,Marketplace,Credit Card,Delivered
ORD-003021,CUST-00419,PRD-00165,22/08/2024,,5,1559.9,0.0,Marketplace,Cash on Delivery,Pending
ORD-002881,CUST-00394,PRD-00013,2024-08-26,31-Aug-2024,3,5695.33,0.25,Mobile App,Wallet,Delivered
ORD-003662,CUST-00504,PRD-00145,27/09/2023,03-Oct-2023,1,116.01,0.15,Mobile App,Wallet,Pending
ORD-002562,CUST-00354,PRD-00144,12/16/2024,17-Dec-2024,4,212.23,0.25,Mobile App,Wallet,Delivered
ORD-002819,CUST-00381,PRD-00174,28-Oct-2023,11/03/2023,8,2379.8,0.2,Website,Installment,Cancelled
ORD-001842,CUST-00256,PRD-00128,02/22/2025,01/03/2025,4,812.88,0.15,Marketplace,Cash on Delivery,Delivered
ORD-002797,CUST-00380,PRD-00110,09/20/2024,2024-09-21,4,443.5,0.05,Marketplace,Installment,Delivered
ORD-003202,CUST-00441,PRD-00085,10/12/2025,12/12/2025,2,265.37,0.0,Mobile App,Wallet,Cancelled
ORD-005134,CUST-00699,PRD-00021,21-Oct-2025,24/10/2025,10,7707.69,0.25,Website,Cash on Delivery,Delivered
ORD-001133,CUST-00153,PRD-00017,13-May-2025,19-May-2025,8,4224.65,0.25,Website,Installment,Returned
ORD-000628,CUST-00084,PRD-00094,11/22/2024,25-Nov-2024,1,286.11,0.0,Mobile App,Wallet,Delivered
ORD-002602,CUST-00357,PRD-00046,07/25/2025,28-Jul-2025,5,1161.95,0.0,Website,Wallet,Delivered
ORD-002689,CUST-00370,PRD-00086,26/05/2025,06/02/2025,2,1754.49,,Website,Wallet,Returned
ORD-003426,CUST-00471,PRD-00113,18-Sep-2023,21-Sep-2023,3,719.15,0.0,Mobile App,Installment,Delivered
ORD-004324,CUST-00601,PRD-00046,15-Aug-2024,2024-08-20,5,1161.95,0.0,Mobile App,Installment,Cancelled
ORD-004894,CUST-00666,PRD-00163,11/21/2025,26/11/2025,1,5049.75,0.0,Marketplace,Installment,Returned
ORD-000683,CUST-00091,PRD-00034,2024-10-13,10/17/2024,4,4894.09,0.15,Website,Credit Card,Delivered
ORD-003674,CUST-00506,PRD-00013,12-Oct-2024,10/15/2024,4,5695.33,0.15,Website,Cash on Delivery,Delivered
ORD-001763,CUST-00240,PRD-00059,03/21/2024,03/25/2024,3,1565.88,0.0,Website,Credit Card,Pending
  ORD-002187  ,CUST-00308,PRD-00183,02-Jun-2024,,1,6588.34,0.0,Mobile App,Wallet,Pending
ORD-004081,CUST-00574,PRD-00124,16-Mar-2024,03/14/2024,10,152.17,0.0,MARKETPLACE,Installment,Pending
ORD-003102,CUST-00431,PRD-00094,2025-11-20,25/11/2025,3,286.11,0.0,Website,Credit Card,Pending
ORD-003552,CUST-00487,PRD-00154,30/10/2023,11/06/2023,3,175.83,,Website,Credit Card,Delivered
  ORD-002277  ,CUST-00318,PRD-00064,07/17/2025,07/18/2025,4,1338.56,0.25,Mobile App,cash on delivery,Delivered
ORD-003128,CUST-00434,PRD-00081,2025-07-22,27/07/2025,2,2904.61,0.1,Marketplace,Wallet,Delivered
ORD-002446,CUST-00340,PRD-00007,12/09/2024,09/13/2024,4,5375.75,0.0,Marketplace,Installment,Cancelled
ORD-002909,CUST-00401,PRD-00122,2024-07-06,08-Jul-2024,7,692.52,0.15,Marketplace,Cash on Delivery,Delivered
ORD-001972,CUST-00282,PRD-00143,28-Nov-2023,02/12/2023,1,174.65,0.0,Website,Installment,Delivered
ORD-004727,CUST-00647,PRD-00113,2025-03-26,03/29/2025,4,719.15,0.0,Website,Installment,Delivered
ORD-004551,CUST-00626,PRD-00138,2023-04-07,04/10/2023,2,293.11,0.2,Mobile App,Installment,Pending
ORD-002123,CUST-00299,PRD-00027,12-Mar-2025,03/13/2025,8,6528.78,0.25,Website,Wallet,Delivered
ORD-002432,CUST-00338,PRD-00091,03/24/2025,,4,1667.87,0.0,Marketplace,Wallet,Delivered
ORD-002742,CUST-00373,PRD-00145,2024-12-14,12/18/2024,2,116.01,0.0,Website,Credit Card,Delivered
  ORD-000510  ,CUST-00069,PRD-00049,09/16/2023,17/09/2023,5,3627.21,0.0,Mobile App,Wallet,Delivered
ORD-000275,CUST-00037,PRD-00091,10/06/2025,2025-10-10,3,1667.87,0.0,Mobile App,Credit Card,Returned
  ORD-002037  ,CUST-00289,PRD-00001,05/01/2025,10-Jan-2025,2,3019.28,0.2,Mobile App,Credit Card,Delivered
ORD-005373,CUST-00731,PRD-00116,28-Jun-2025,30-Jun-2025,1,466.13,0.2,Mobile App,Credit Card,Delivered
ORD-000699,CUST-00095,PRD-00018,15/05/2023,2023-05-18,3,8604.46,0.0,Mobile App,Wallet,Cancelled
ORD-002907,CUST-00401,PRD-00084,05-Aug-2024,07-Aug-2024,3,600.09,0.0,Mobile App,Cash on Delivery,Cancelled
ORD-000111,CUST-00015,PRD-00138,27-Nov-2024,2024-12-03,4,EGP 293.11,0.1,Website,Wallet,Delivered
ORD-002107,CUST-00296,PRD-00159,22-Oct-2023,10/24/2023,3,195.16,0.25,Mobile App,Wallet,Cancelled
ORD-000515,CUST-00069,PRD-00110,09/29/2024,06-Oct-2024,4,443.5,0.05,Marketplace,Cash on Delivery,Cancelled
ORD-003878,CUST-00543,PRD-00076,2024-05-30,06/04/2024,5,2045.06,0.0,Website,Credit Card,Delivered
ORD-002625,CUST-00360,PRD-00070,10/03/2023,12/03/2023,7,1062.89,0.05,Mobile App,Cash on Delivery,Pending
ORD-003164,CUST-00437,PRD-00090,22-Apr-2023,2023-04-25,3,1391.99,0.0,Marketplace,Wallet,Returned
ORD-002427,CUST-00336,PRD-00180,26/10/2023,2023-11-02,6,6579.05,,Website,Credit Card,Delivered
ORD-003554,CUST-00488,PRD-00048,27/02/2024,01-Mar-2024,1,616.54,0.15,Website,Wallet,Cancelled
ORD-001833,CUST-00255,PRD-00051,2024-08-18,25/08/2024,4,4568.48,0.1,Marketplace,Wallet,Pending
ORD-001231,CUST-00169,PRD-00024,10/24/2024,10/30/2024,3,8840.39,0.0,Marketplace,Wallet,Delivered
ORD-003416,CUST-00471,PRD-00046,04/02/2023,2023-02-09,4,1161.95,0.1,Marketplace,Credit Card,Delivered
ORD-002522,CUST-00348,PRD-00113,02-May-2025,2025-05-03,1,719.15,0.0,Website,Cash on Delivery,Cancelled
ORD-001182,CUST-00163,PRD-00050,01/09/2025,2025-01-16,5,6188.03,0.15,Mobile App,Installment,Delivered
ORD-002880,CUST-00394,PRD-00179,01/06/2025,06/06/2025,4,2311.13,0.0,MOBILE APP,Credit Card,Delivered
ORD-003930,CUST-00553,PRD-00184,03/08/2024,09-Aug-2024,9,2621.44,0.0,Marketplace,Installment,Returned
ORD-004475,CUST-00617,PRD-00029,03/01/2024,04-Jan-2024,3,1141.21,0.05,Website,Cash on Delivery,Pending
ORD-001321,CUST-00177,PRD-00168,27-Sep-2024,2024-09-28,4,3279.73,0.0,Marketplace,Credit Card,Delivered
ORD-005779,CUST-00791,PRD-00045,04/20/2024,,7,4956.18,0.0,Mobile App,Cash on Delivery,Delivered
ORD-004095,CUST-00577,PRD-00168,16-Oct-2025,10/23/2025,3,3279.73,0.0,Website,Wallet,Delivered
ORD-002701,CUST-00371,PRD-00061,10-Nov-2024,14-Nov-2024,5,1707.55,0.0,Mobile App,Wallet,Delivered
ORD-001137,CUST-00154,PRD-00002,24-Nov-2024,2024-11-26,6,9414.07,0.0,Mobile App,cash on delivery,Cancelled
ORD-003920,CUST-00550,PRD-00083,16/07/2024,20/07/2024,3,1673.7,0.05,Marketplace,Cash on Delivery,Delivered
ORD-002864,CUST-00388,PRD-00165,2025-08-24,27/08/2025,5,1559.9,0.1,Mobile App,Wallet,Delivered
ORD-005155,CUST-00701,PRD-00077,25/01/2024,23/01/2024,7,3228.9,0.05,Website,Installment,Delivered
ORD-005104,CUST-00695,PRD-00089,11/22/2025,2025-11-29,3,370.11,0.0,Website,Cash on Delivery,Delivered
  ORD-000767  ,CUST-00101,PRD-00107,2025-02-27,2025-03-02,1,803.85,0.05,Mobile App,Installment,Delivered
ORD-003632,CUST-00498,PRD-00089,10/24/2025,10/27/2025,4,370.11,0.0,Mobile App,Cash on Delivery,Delivered
ORD-000243,CUST-00032,PRD-00144,2025-02-21,2025-02-26,1,212.23,0.1,Mobile App,Installment,Delivered
ORD-000982,CUST-00133,PRD-00037,07/12/2025,08-Dec-2025,3,2145.36,0.0,Marketplace,Wallet,Delivered
ORD-005192,CUST-00705,PRD-00162,2023-03-24,03/28/2023,3,1009.35,0.15,Marketplace,Cash on Delivery,Delivered
  ORD-001313  ,CUST-00176,PRD-00042,26/07/2023,,8,1460.4,0.1,Marketplace,Cash on Delivery,Delivered
ORD-002043,CUST-00289,PRD-00105,19/04/2024,25/04/2024,1,840.93,0.15,Mobile App,Wallet,Delivered
ORD-000880,CUST-00123,PRD-00188,2025-10-15,20/10/2025,4,235.83,0.0,Mobile App,Installment,Delivered
ORD-004257,CUST-00596,PRD-00089,04/12/2023,17/04/2023,5,370.11,0.05,Website,Credit Card,Cancelled
ORD-003066,CUST-00427,PRD-00023,2025-03-21,2025-03-24,8,11190.64,0.25,Mobile App,Installment,Cancelled
ORD-003365,CUST-00461,PRD-00137,05/10/2024,,3,328.81,0.0,Marketplace,Wallet,Delivered
ORD-000085,CUST-00011,PRD-00107,12/13/2025,15/12/2025,7,803.85,0.1,Mobile App,Cash on Delivery,Delivered
ORD-005808,CUST-00795,PRD-00038,05/05/2025,2025-05-09,2,2707.61,0.0,Website,Credit Card,Delivered
ORD-003268,CUST-00454,PRD-00099,01-Nov-2025,08-Nov-2025,3,152.23,0.0,Mobile App,Credit Card,Pending
ORD-004687,CUST-00641,PRD-00125,05/25/2025,30/05/2025,6,151.72,0.0,Website,Credit Card,Delivered
ORD-000986,CUST-00134,PRD-00016,25/05/2025,31-May-2025,4,6150.02,0.1,Website,Credit Card,Cancelled
ORD-002675,CUST-00370,PRD-00069,10-Dec-2024,16-Dec-2024,4,1039.35,0.2,Website,wallet,Pending
ORD-004366,CUST-00604,PRD-00075,23-Nov-2025,28-Nov-2025,1,576.69,0.1,Marketplace,Installment,Cancelled
ORD-003255,CUST-00452,PRD-00151,2024-04-02,04/04/2024,1,125.16,0.0,Mobile App,Wallet,Returned
ORD-003499,CUST-00482,PRD-00138,08-Nov-2024,2024-11-09,5,293.11,0.25,Marketplace,Wallet,Delivered
ORD-005680,CUST-00778,PRD-00157,06/10/2023,2023-10-07,5,186.52,0.2,WEBSITE,Cash on Delivery,Delivered
ORD-005464,CUST-00745,PRD-00025,2023-02-03,2023-02-10,10,15750.99,0.2,Marketplace,Wallet,Delivered
ORD-000988,CUST-00134,PRD-00140,07/05/2024,08/05/2024,7,168.61,0.1,Website,Installment,Delivered
ORD-000153,CUST-00021,PRD-00122,09/26/2024,28-Sep-2024,4,692.52,0.1,Website,Installment,Delivered
ORD-001765,CUST-00240,PRD-00072,13-Jul-2025,2025-07-18,5,2087.47,,Mobile App,Installment,Delivered
ORD-004311,CUST-00601,PRD-00089,2025-06-04,09/06/2025,1,370.11,0.0,Website,Installment,Delivered
ORD-005568,CUST-00763,PRD-00007,08/01/2025,08/03/2025,3,5375.75,0.0,Marketplace,Wallet,Delivered
ORD-003995,CUST-00562,PRD-00071,03/01/2024,2024-03-08,10,657.42,0.25,Marketplace,wallet,Delivered
ORD-004353,CUST-00604,PRD-00046,11/06/2025,13-Jun-2025,3,1161.95,0.0,Website,installment,Cancelled
ORD-002426,CUST-00336,PRD-00095,11/19/2024,20/11/2024,8,493.89,0.25,Mobile App,Installment,Cancelled
ORD-001023,CUST-00139,PRD-00176,07/09/2025,14-Jul-2025,4,3014.74,0.05,Marketplace,Installment,Returned
ORD-004891,CUST-00666,PRD-00179,2024-04-25,04/29/2024,1,2311.13,0.0,Marketplace,Installment,Delivered
ORD-000099,CUST-00014,PRD-00137,21-Oct-2023,23-Oct-2023,1,328.81,0.0,Marketplace,Credit Card,Delivered
ORD-004424,CUST-00611,PRD-00096,2025-10-30,2025-11-01,8,1013.61,0.15,Website,Installment,Delivered
ORD-005660,CUST-00776,PRD-00057,2024-02-13,18/02/2024,6,5493.06,0.25,Marketplace,Wallet,Delivered
ORD-005405,CUST-00734,PRD-00071,03/13/2023,20/03/2023,7,657.42,0.15,Mobile App,Credit Card,Delivered
ORD-004804,CUST-00656,PRD-00118,22/02/2025,25-Feb-2025,2,341.03,0.0,Website,Credit Card,Delivered
ORD-004759,CUST-00651,PRD-00169,02/11/2024,2024-02-18,3,3779.35,0.2,Mobile App,Installment,Delivered
ORD-004496,CUST-00618,PRD-00128,2025-10-23,27/10/2025,3,812.88,0.0,Website,Wallet,Delivered
ORD-001786,CUST-00245,PRD-00015,2025-08-23,25/08/2025,3,5715.8,0.25,Marketplace,Cash on Delivery,Delivered
ORD-000431,CUST-00058,PRD-00055,2024-04-13,04/19/2024,10,2089.61,0.05,Website,Cash on Delivery,Delivered
ORD-004183,CUST-00588,PRD-00102,11/10/2024,17-Nov-2024,3,833.67,0.0,Mobile App,Credit Card,Delivered
ORD-005456,CUST-00743,PRD-00002,11/22/2024,26/11/2024,3,9414.07,0.0,Marketplace,Installment,Delivered
ORD-004381,CUST-00605,PRD-00118,28-Mar-2024,04/01/2024,2,341.03,0.0,Website,Installment,Delivered
ORD-001542,CUST-00208,PRD-00081,05-Mar-2023,2023-03-07,5,2904.61,0.0,Website,Installment,Pending
ORD-002174,CUST-00305,PRD-00180,2025-04-29,05/04/2025,1,6579.05,0.0,Marketplace,Cash on Delivery,Delivered
ORD-004323,CUST-00601,PRD-00041,2023-06-27,06/30/2023,5,1168.7,0.2,Mobile App,Cash on Delivery,Delivered
ORD-001749,CUST-00239,PRD-00077,11/06/2024,11/11/2024,9,EGP 3228.9,0.0,Website,Credit Card,Pending
ORD-000026,CUST-00005,PRD-00138,2023-06-14,,7,293.11,0.0,MOBILE APP,Credit Card,Delivered
ORD-000923,CUST-00129,PRD-00047,2023-03-17,19/03/2023,4,EGP 3368.82,0.15,Mobile App,Credit Card,Delivered
ORD-004404,CUST-00607,PRD-00052,04/13/2023,19/04/2023,5,4557.53,0.0,Mobile App,Credit Card,Delivered
ORD-002027,CUST-00287,PRD-00025,10/12/2024,2024-12-13,4,15750.99,0.2,Website,Installment,Delivered
ORD-004217,CUST-00590,PRD-00137,27/12/2024,28-Dec-2024,3,328.81,0.25,MOBILE APP,Credit Card,Delivered
ORD-005374,CUST-00731,PRD-00018,09-Sep-2024,11-Sep-2024,1,8604.46,0.0,Marketplace,Installment,Returned
ORD-000455,CUST-00060,PRD-00188,20-Jul-2025,21/07/2025,3,235.83,0.2,Website,Installment,Cancelled
ORD-002779,CUST-00376,PRD-00008,09/26/2025,2025-09-30,4,13998.23,0.0,Marketplace,Installment,Delivered
ORD-000729,CUST-00099,PRD-00116,12/25/2024,2025-01-01,4,466.13,0.0,Marketplace,Installment,Delivered
ORD-003094,CUST-00430,PRD-00079,26/10/2024,29-Oct-2024,4,646.3,0.1,Marketplace,Wallet,Delivered
ORD-000691,CUST-00092,PRD-00107,08/09/2024,09/15/2024,-1,803.85,0.0,Website,Installment,Cancelled
ORD-001376,CUST-00186,PRD-00068,11/16/2024,20/11/2024,4,1186.92,0.0,Mobile App,Installment,Delivered
ORD-004977,CUST-00674,PRD-00011,06/03/2024,03/07/2024,1,2785.74,0.0,Marketplace,Installment,Delivered
ORD-002541,CUST-00351,PRD-00059,04/25/2023,2023-04-27,4,1565.88,0.0,WEBSITE,Installment,Delivered
ORD-002843,CUST-00387,PRD-00042,12/17/2023,23/12/2023,3,1460.4,0.05,Website,Installment,Delivered
ORD-005204,CUST-00705,PRD-00007,12/28/2024,03/01/2025,4,EGP 5375.75,0.0,Mobile App,installment,Delivered
ORD-004000,CUST-00562,PRD-00044,07/17/2023,07/20/2023,4,3309.62,0.05,Marketplace,Wallet,Delivered
ORD-003475,CUST-00478,PRD-00095,2023-02-07,13/02/2023,2,493.89,0.15,Marketplace,Wallet,Returned
ORD-003831,CUST-00534,PRD-00062,2024-02-05,02/09/2024,1,271.83,0.0,Mobile App,Wallet,Delivered
ORD-001408,CUST-00191,PRD-00049,03-Dec-2025,08/12/2025,8,3627.21,0.05,Marketplace,Wallet,Cancelled
ORD-001743,CUST-00238,PRD-00040,16/06/2024,2024-06-20,4,1977.22,0.0,WEBSITE,Cash on Delivery,Delivered
ORD-002285,CUST-00319,PRD-00142,06/26/2023,2023-07-03,5,29.02,0.0,Website,Cash on Delivery,Delivered
ORD-004844,CUST-00661,PRD-00080,01/12/2023,02-Dec-2023,10,1092.22,0.15,Marketplace,Wallet,Delivered
ORD-003194,CUST-00440,PRD-00102,13/12/2024,2024-12-14,3,833.67,0.2,Marketplace,Cash on Delivery,Returned
ORD-002514,CUST-00347,PRD-00097,2024-09-01,09/02/2024,8,550.73,,Marketplace,Credit Card,Delivered
ORD-003646,CUST-00501,PRD-00080,02-Nov-2024,,3,1092.22,0.0,Mobile App,Wallet,Delivered
ORD-003492,CUST-00481,PRD-00082,02-Aug-2024,08/05/2024,1,1269.02,0.0,Website,Cash on Delivery,Cancelled
  ORD-002695  ,CUST-00371,PRD-00184,10/31/2024,02/11/2024,4,2621.44,0.05,Marketplace,Credit Card,Delivered
ORD-002982,CUST-00414,PRD-00111,13-Mar-2023,2023-03-18,5,291.55,0.05,Mobile App,Wallet,Returned
ORD-001840,CUST-00255,PRD-00003,25-Mar-2025,,2,1534.69,0.2,Marketplace,Credit Card,Delivered
ORD-002503,CUST-00345,PRD-00075,20-Jun-2024,26-Jun-2024,4,576.69,0.0,Mobile App,Cash on Delivery,Returned
ORD-003176,CUST-00439,PRD-00053,10/04/2024,13-Apr-2024,7,933.2,0.0,Marketplace,Cash on Delivery,Pending
ORD-002224,CUST-00312,PRD-00037,02-Jan-2023,04-Jan-2023,4,2145.36,0.0,Mobile App,Credit Card,Delivered
ORD-004981,CUST-00675,PRD-00095,06/02/2025,02/11/2025,7,493.89,0.1,Marketplace,Cash on Delivery,Delivered
ORD-001738,CUST-00238,PRD-00159,12/04/2023,10/12/2023,10,195.16,0.1,Mobile App,Installment,Delivered
ORD-005187,CUST-00705,PRD-00172,2024-02-08,11-Feb-2024,3,4391.94,0.0,Marketplace,Credit Card,Delivered
ORD-000818,CUST-00110,PRD-00060,23/09/2023,,3,2586.89,0.0,Marketplace,Cash on Delivery,Delivered
ORD-003908,CUST-00548,PRD-00007,20-Sep-2024,25/09/2024,5,5375.75,0.2,Marketplace,Cash on Delivery,Pending
ORD-000065,CUST-00007,PRD-00176,02-Apr-2024,07-Apr-2024,10,EGP 3014.74,0.2,Website,cash on delivery,Delivered
ORD-000969,CUST-00133,PRD-00079,11-Aug-2023,18/08/2023,5,EGP 646.3,0.25,Website,Installment,Delivered
ORD-002318,CUST-00322,PRD-00077,01/31/2025,01/02/2025,1,3228.9,0.0,Mobile App,Installment,Delivered
ORD-004019,CUST-00564,PRD-00144,2025-04-30,05/03/2025,1,212.23,0.2,Website,Credit Card,Delivered
ORD-005232,CUST-00712,PRD-00142,25/03/2024,27-Mar-2024,5,29.02,0.0,Mobile App,Wallet,Delivered
ORD-003432,CUST-00472,PRD-00155,2025-04-22,25-Apr-2025,4,228.62,0.0,Mobile App,Wallet,Delivered
ORD-004665,CUST-00638,PRD-00180,23/06/2025,06/27/2025,5,6579.05,0.0,Marketplace,Installment,Delivered
ORD-002741,CUST-00373,PRD-00088,25-Mar-2025,2025-03-30,3,2384.43,0.0,Marketplace,Wallet,Returned
ORD-004753,CUST-00651,PRD-00021,04/12/2023,2023-12-07,4,7707.69,0.25,Mobile App,Installment,Delivered
ORD-004393,CUST-00606,PRD-00125,15/02/2024,22/02/2024,3,151.72,0.15,Website,Wallet,Returned
ORD-005637,CUST-00773,PRD-00089,06/12/2024,07-Dec-2024,4,370.11,0.05,Marketplace,Credit Card,Delivered
ORD-000160,CUST-00022,PRD-00158,31/05/2023,07-Jun-2023,5,308.65,0.15,Website,Wallet,Returned
ORD-001779,CUST-00244,PRD-00128,26/07/2025,,4,812.88,0.0,Website,Cash on Delivery,Delivered
ORD-005571,CUST-00764,PRD-00169,05/02/2024,09/02/2024,5,3779.35,0.0,Website,Credit Card,Delivered
ORD-000246,CUST-00032,PRD-00176,18/12/2023,2023-12-24,2,3014.74,0.05,Website,Wallet,Returned
ORD-000193,CUST-00025,PRD-00159,09/12/2025,09/18/2025,4,195.16,0.1,Marketplace,Credit Card,Delivered
ORD-001756,CUST-00240,PRD-00086,12/08/2024,08/14/2024,4,1754.49,0.0,Mobile App,Cash on Delivery,Cancelled
ORD-003512,CUST-00484,PRD-00036,2023-12-26,29-Dec-2023,3,2503.62,0.0,Mobile App,Wallet,Delivered
ORD-003443,CUST-00473,PRD-00023,2023-02-24,,1,11190.64,0.1,Marketplace,Wallet,Delivered
ORD-000181,CUST-00024,PRD-00001,10/12/2025,12/14/2025,6,3019.28,0.2,Mobile App,Credit Card,Delivered
ORD-005537,CUST-00758,PRD-00160,03/01/2023,2023-03-07,6,214.1,0.0,Website,Cash on Delivery,Delivered
ORD-001897,CUST-00264,PRD-00013,07/10/2023,12/10/2023,5,5695.33,0.0,Mobile App,Cash on Delivery,Delivered
ORD-004108,CUST-00579,PRD-00006,07/13/2025,19/07/2025,9,4094.1,0.0,Mobile App,Wallet,Pending
ORD-000989,CUST-00134,PRD-00039,2025-02-22,25-Feb-2025,9,2748.05,0.0,Website,Wallet,Delivered
ORD-000053,CUST-00007,PRD-00153,11-Dec-2024,12/16/2024,9,321.69,0.0,Website,Wallet,Delivered
ORD-000807,CUST-00109,PRD-00067,03/26/2023,2023-03-27,3,1590.28,0.0,Marketplace,Cash on Delivery,Delivered
ORD-004520,CUST-00622,PRD-00020,04/02/2025,08/04/2025,8,9661.76,0.0,Mobile App,Wallet,Returned
ORD-000763,CUST-00101,PRD-00120,2024-09-04,05/09/2024,2,538.56,0.2,Mobile App,Credit Card,Delivered
ORD-000768,CUST-00101,PRD-00166,09/12/2025,2025-12-14,2,1361.3,0.0,Marketplace,Wallet,Delivered
ORD-002351,CUST-00329,PRD-00057,31/07/2024,2024-08-03,5,5493.06,0.25,Website,Cash on Delivery,Delivered
ORD-001008,CUST-00138,PRD-00174,02/01/2025,08/01/2025,5,2379.8,0.05,Website,Wallet,Cancelled
ORD-000010,CUST-00003,PRD-00180,15-Sep-2023,19-Sep-2023,3,6579.05,0.1,Marketplace,Wallet,Delivered
  ORD-002118  ,CUST-00298,PRD-00040,2025-05-18,21-May-2025,2,1977.22,0.05,Mobile App,Wallet,Returned
ORD-003600,CUST-00495,PRD-00051,05/23/2024,24-May-2024,1,4568.48,0.0,Marketplace,Installment,Delivered
ORD-003822,CUST-00532,PRD-00026,10/08/2025,12-Oct-2025,3,13374.87,0.0,Website,Cash on Delivery,Delivered
ORD-005161,CUST-00702,PRD-00084,2025-12-30,,2,600.09,0.0,Website,Credit Card,Returned
ORD-001525,CUST-00207,PRD-00129,2024-06-12,19/06/2024,7,23.89,,Website,installment,Delivered
ORD-004514,CUST-00622,PRD-00120,15-May-2024,18-May-2024,10,538.56,0.0,Website,Installment,Pending
ORD-000585,CUST-00079,PRD-00095,08/02/2023,07/08/2023,2,493.89,0.2,Website,Cash on Delivery,Delivered
ORD-000789,CUST-00104,PRD-00078,15/11/2023,20-Nov-2023,3,803.87,0.1,Marketplace,Cash on Delivery,Delivered
ORD-003241,CUST-00450,PRD-00163,12/06/2023,08-Dec-2023,1,5049.75,0.0,Marketplace,Installment,Delivered
ORD-002668,CUST-00369,PRD-00044,12/03/2023,14-Mar-2023,1,3309.62,0.0,Mobile App,wallet,Delivered
ORD-000337,CUST-00042,PRD-00109,2025-01-04,2025-01-05,1,252.4,0.0,Marketplace,Cash on Delivery,Delivered
ORD-001745,CUST-00238,PRD-00155,2025-11-13,20/11/2025,3,228.62,0.0,Mobile App,Credit Card,Returned
ORD-001635,CUST-00221,PRD-00155,11/04/2024,03-Nov-2024,4,228.62,0.0,Website,Credit Card,Delivered
ORD-005300,CUST-00723,PRD-00140,2024-04-26,2024-04-29,9,168.61,0.05,Marketplace,Wallet,Pending
ORD-003086,CUST-00430,PRD-00014,01/12/2024,12/03/2024,2,3474.75,0.05,Mobile App,Wallet,Delivered
ORD-002383,CUST-00333,PRD-00048,15/10/2025,10/19/2025,3,EGP 616.54,0.15,Marketplace,Credit Card,Delivered
ORD-001684,CUST-00228,PRD-00150,2025-04-22,24-Apr-2025,3,84.86,0.0,Mobile App,Cash on Delivery,Returned
ORD-000984,CUST-00134,PRD-00132,17/12/2024,23/12/2024,8,436.68,0.0,Website,Credit Card,Pending
ORD-003395,CUST-00467,PRD-00110,2024-10-05,07-Oct-2024,9,443.5,,Mobile App,Credit Card,Delivered
ORD-005095,CUST-00694,PRD-00164,28/03/2024,02-Apr-2024,4,6039.64,0.0,Marketplace,Credit Card,Delivered
ORD-000599,CUST-00080,PRD-00067,19-Jul-2023,20/07/2023,1,1590.28,0.15,Website,Installment,Pending
ORD-003145,CUST-00436,PRD-00074,09/27/2024,10/01/2024,6,396.44,0.25,Mobile App,Credit Card,Delivered
ORD-001518,CUST-00206,PRD-00116,2025-05-15,05/19/2025,4,466.13,0.1,Marketplace,Credit Card,Returned
ORD-005266,CUST-00719,PRD-00024,22-Feb-2023,2023-02-23,7,8840.39,0.2,Mobile App,Installment,Delivered
ORD-003209,CUST-00441,PRD-00142,10/13/2024,16/10/2024,5,29.02,0.2,Mobile App,Cash on Delivery,Delivered
ORD-001410,CUST-00191,PRD-00136,21/08/2025,22/08/2025,9,310.7,0.1,Website,Cash on Delivery,Delivered
ORD-004179,CUST-00588,PRD-00028,02/08/2025,07-Aug-2025,5,6404.22,0.0,Mobile App,Installment,Pending
ORD-002063,CUST-00291,PRD-00091,11/21/2025,,4,1667.87,0.25,Website,Cash on Delivery,Delivered
ORD-001742,CUST-00238,PRD-00127,28-Feb-2025,03/03/2025,7,252.66,0.25,Marketplace,Cash on Delivery,Delivered
ORD-003719,CUST-00515,PRD-00087,2024-07-26,31/07/2024,5,937.05,0.2,Website,Wallet,Returned
ORD-004161,CUST-00587,PRD-00040,25/11/2025,2025-11-30,9,1977.22,0.15,Mobile App,installment,Delivered
ORD-000367,CUST-00045,PRD-00174,10/05/2025,07-Oct-2025,5,2379.8,0.0,Mobile App,Installment,Returned
ORD-003943,CUST-00556,PRD-00043,02/12/2024,13-Feb-2024,7,670.88,0.15,Website,Credit Card,Returned
ORD-005224,CUST-00710,PRD-00102,10/03/2024,2024-03-13,5,833.67,0.0,Mobile App,Cash on Delivery,Cancelled
ORD-000560,CUST-00075,PRD-00163,06-Apr-2024,10/04/2024,5,5049.75,,Website,Cash on Delivery,Delivered
ORD-001095,CUST-00149,PRD-00074,11/14/2024,16/11/2024,1,396.44,0.0,Mobile App,Credit Card,Delivered
ORD-000946,CUST-00130,PRD-00165,15/03/2023,03/20/2023,3,EGP 1559.9,0.25,MOBILE APP,Cash on Delivery,Pending
ORD-004507,CUST-00620,PRD-00115,11/02/2023,2023-11-06,8,290.78,0.0,Marketplace,Cash on Delivery,Delivered
ORD-002851,CUST-00388,PRD-00118,02/02/2024,08/02/2024,1,341.03,0.15,Website,Credit Card,Cancelled
ORD-000574,CUST-00078,PRD-00150,2024-01-01,01/05/2024,5,84.86,0.1,MOBILE APP,Wallet,Cancelled
  ORD-002400  ,CUST-00335,PRD-00051,03/23/2023,2023-03-24,2,EGP 4568.48,0.0,Website,Wallet,Returned
ORD-001094,CUST-00149,PRD-00154,03/02/2025,04-Feb-2025,3,175.83,0.2,Website,Installment,Pending
ORD-002156,CUST-00302,PRD-00046,30-Jan-2024,02/03/2024,5,1161.95,,Mobile App,Credit Card,Delivered
ORD-001606,CUST-00215,PRD-00013,12/02/2023,03/12/2023,3,5695.33,0.0,Mobile App,Installment,Delivered
ORD-003597,CUST-00494,PRD-00040,03-Aug-2023,08/09/2023,4,1977.22,0.2,Marketplace,Wallet,Delivered
ORD-002166,CUST-00304,PRD-00174,11/09/2023,15/09/2023,2,2379.8,0.0,Website,Cash on Delivery,Returned
ORD-005264,CUST-00719,PRD-00005,27/11/2025,12/02/2025,5,5870.09,0.0,Website,Cash on Delivery,Delivered
ORD-003267,CUST-00453,PRD-00024,02/23/2024,29-Feb-2024,1,8840.39,0.0,MARKETPLACE,Credit Card,Delivered
ORD-003788,CUST-00526,PRD-00155,2023-12-12,13-Dec-2023,9,228.62,0.15,Marketplace,Installment,Delivered
ORD-004578,CUST-00629,PRD-00109,07/05/2024,2024-07-11,2,252.4,0.0,Marketplace,Cash on Delivery,Delivered
ORD-001010,CUST-00138,PRD-00093,12-Jan-2025,01/18/2025,4,EGP 327.87,0.0,Marketplace,Installment,Delivered
ORD-000931,CUST-00129,PRD-00016,12/01/2024,05-Dec-2024,9,6150.02,0.25,Mobile App,Cash on Delivery,Delivered
ORD-000861,CUST-00115,PRD-00087,08/06/2023,11-Aug-2023,7,937.05,0.1,Mobile App,Credit Card,Delivered
ORD-004159,CUST-00587,PRD-00187,2023-11-13,2023-11-18,8,5533.15,0.25,Website,Credit Card,Cancelled
ORD-002130,CUST-00300,PRD-00117,28-Sep-2024,01/10/2024,9,440.45,0.0,Website,Cash on Delivery,Delivered
ORD-001577,CUST-00211,PRD-00031,27-Mar-2025,03/04/2025,8,376.78,0.25,Marketplace,Credit Card,Delivered
ORD-003399,CUST-00468,PRD-00150,22/04/2024,2024-04-24,1,84.86,0.1,Mobile App,Installment,Cancelled
ORD-001597,CUST-00214,PRD-00132,2025-04-04,04/05/2025,5,436.68,0.15,Marketplace,Credit Card,Delivered
ORD-001884,CUST-00263,PRD-00136,13-Aug-2024,08/18/2024,2,310.7,0.25,Website,Installment,Delivered
ORD-001190,CUST-00164,PRD-00047,12/12/2023,12/17/2023,5,3368.82,0.0,Website,Cash on Delivery,Pending
ORD-004693,CUST-00642,PRD-00067,29/08/2023,01-Sep-2023,9,EGP 1590.28,0.1,Website,Wallet,Delivered
ORD-004147,CUST-00586,PRD-00182,06-Nov-2023,11/11/2023,10,4312.02,0.25,Mobile App,Wallet,Delivered
ORD-000158,CUST-00022,PRD-00161,23/11/2024,29-Nov-2024,9,1342.19,0.0,Website,Wallet,Delivered
ORD-003684,CUST-00506,PRD-00056,07/16/2025,18/07/2025,4,1260.88,0.1,Mobile App,Cash on Delivery,Delivered
ORD-001679,CUST-00226,PRD-00004,13-Apr-2025,15/04/2025,9,3744.22,0.0,Mobile App,Cash on Delivery,Pending
ORD-003352,CUST-00461,PRD-00006,26/03/2023,04/01/2023,1,4094.1,0.2,Marketplace,Wallet,Cancelled
ORD-005444,CUST-00742,PRD-00058,29-Sep-2024,10/05/2024,3,3308.87,0.05,Marketplace,Cash on Delivery,Delivered
ORD-005244,CUST-00714,PRD-00165,07/19/2025,,3,1559.9,0.1,Website,Credit Card,Returned
ORD-003673,CUST-00506,PRD-00153,07/08/2023,,3,321.69,0.05,Mobile App,Cash on Delivery,Delivered
ORD-002821,CUST-00382,PRD-00107,21/06/2023,2023-06-22,4,803.85,0.05,Marketplace,Credit Card,Delivered
ORD-002124,CUST-00299,PRD-00163,06/01/2024,06/07/2024,4,5049.75,0.1,Mobile App,Wallet,Delivered
ORD-005332,CUST-00727,PRD-00081,01/06/2024,07/06/2024,5,2904.61,0.0,Website,Credit Card,Delivered
ORD-002052,CUST-00291,PRD-00045,01-Oct-2024,10/03/2024,8,EGP 4956.18,0.0,Website,Cash on Delivery,Returned
ORD-003521,CUST-00485,PRD-00186,03-May-2025,07-May-2025,2,4878.71,0.1,Mobile App,Installment,Pending
ORD-000273,CUST-00037,PRD-00025,09/22/2024,2024-09-26,1,15750.99,0.1,Website,Wallet,Delivered
ORD-003713,CUST-00515,PRD-00029,03/03/2025,04-Mar-2025,10,1141.21,0.25,Website,Wallet,Delivered
ORD-002845,CUST-00387,PRD-00042,2023-03-21,2023-03-23,5,1460.4,0.0,Mobile App,Installment,Delivered
ORD-002777,CUST-00376,PRD-00101,29-Nov-2024,12/03/2024,5,658.37,0.2,Website,Installment,Returned
ORD-004034,CUST-00566,PRD-00065,28-Apr-2024,01/05/2024,2,1220.64,0.15,Mobile App,Cash on Delivery,Delivered
ORD-003626,CUST-00498,PRD-00021,08-Jan-2023,01/15/2023,4,7707.69,0.2,Marketplace,Cash on Delivery,Cancelled
ORD-003340,CUST-00460,PRD-00188,06/15/2024,06/18/2024,1,235.83,0.1,Marketplace,Cash on Delivery,Cancelled
ORD-003964,CUST-00557,PRD-00097,2024-07-04,06-Jul-2024,7,550.73,0.0,Website,cash on delivery,Delivered
  ORD-000524  ,CUST-00072,PRD-00121,22/04/2024,04/23/2024,1,307.1,0.25,Marketplace,Wallet,Delivered
ORD-005448,CUST-00742,PRD-00034,18/12/2024,24/12/2024,4,EGP 4894.09,0.0,Website,Credit Card,Delivered
ORD-005404,CUST-00734,PRD-00013,16-Apr-2025,20-Apr-2025,7,EGP 5695.33,0.1,Website,Credit Card,Delivered
ORD-003959,CUST-00557,PRD-00048,2025-09-10,13-Sep-2025,7,616.54,0.0,Website,Cash on Delivery,Delivered
ORD-002757,CUST-00375,PRD-00056,18-Jun-2023,06/20/2023,3,1260.88,0.0,Mobile App,Wallet,Delivered
ORD-002443,CUST-00339,PRD-00023,05/10/2024,17/05/2024,2,11190.64,0.15,Website,Credit Card,Pending
ORD-004775,CUST-00653,PRD-00144,05/12/2024,19-May-2024,3,212.23,0.0,Website,Cash on Delivery,Cancelled
ORD-000362,CUST-00043,PRD-00010,10/27/2025,2025-10-28,4,2297.75,0.0,Mobile App,Installment,Delivered
ORD-005088,CUST-00692,PRD-00132,22/05/2025,2025-05-27,5,436.68,0.0,Marketplace,installment,Delivered
ORD-001938,CUST-00275,PRD-00169,30/11/2024,2024-12-05,4,3779.35,0.25,Website,Installment,Cancelled
ORD-001098,CUST-00149,PRD-00027,11/07/2023,11/09/2023,3,EGP 6528.78,0.0,MOBILE APP,Installment,Delivered
ORD-004827,CUST-00658,PRD-00019,04/01/2025,06-Apr-2025,1,5919.72,0.1,Website,Cash on Delivery,Delivered
ORD-001015,CUST-00139,PRD-00073,06/23/2023,06/30/2023,2,2603.44,0.1,Website,Credit Card,Delivered
ORD-001622,CUST-00218,PRD-00135,21/10/2024,27/10/2024,5,55.83,0.0,Website,Wallet,Pending
ORD-002304,CUST-00320,PRD-00008,11/01/2023,07-Nov-2023,5,13998.23,0.0,Website,Installment,Pending
ORD-005050,CUST-00686,PRD-00123,01/21/2025,28/01/2025,4,83.93,0.05,Mobile App,Credit Card,Delivered
ORD-002601,CUST-00357,PRD-00065,11/10/2023,16/10/2023,5,EGP 1220.64,0.15,Website,Credit Card,Cancelled
ORD-001873,CUST-00261,PRD-00183,29-Aug-2023,03/09/2023,3,6588.34,0.0,Marketplace,Cash on Delivery,Delivered
ORD-003186,CUST-00440,PRD-00041,2023-12-22,12/23/2023,1,EGP 1168.7,0.0,Website,Installment,Delivered
ORD-000858,CUST-00115,PRD-00174,03/06/2024,2024-03-13,3,2379.8,0.05,Marketplace,Installment,Delivered
ORD-000321,CUST-00041,PRD-00066,2023-10-02,03-Oct-2023,1,531.75,0.15,Website,Installment,Delivered
ORD-000919,CUST-00128,PRD-00167,15/09/2025,09/18/2025,2,741.81,0.15,Mobile App,Cash on Delivery,Delivered
ORD-001690,CUST-00229,PRD-00063,11/11/2023,14/11/2023,3,3118.2,0.05,Marketplace,credit card,Delivered
ORD-002674,CUST-00370,PRD-00115,2024-08-21,22/08/2024,4,290.78,0.2,Website,Credit Card,Delivered
ORD-000618,CUST-00083,PRD-00105,21/05/2025,05/22/2025,3,840.93,0.25,Marketplace,Wallet,Returned
ORD-002345,CUST-00327,PRD-00141,06/01/2024,01/09/2024,7,265.4,0.0,Website,Wallet,Delivered
ORD-003942,CUST-00556,PRD-00046,23-Oct-2025,27-Oct-2025,10,1161.95,0.0,Mobile App,Cash on Delivery,Delivered
ORD-004639,CUST-00635,PRD-00091,04/05/2023,05/05/2023,5,1667.87,0.2,Mobile App,Wallet,Delivered
ORD-004929,CUST-00671,PRD-00079,22-Aug-2025,2025-08-25,7,646.3,0.0,Website,Wallet,Delivered
ORD-005823,CUST-00798,PRD-00039,04/06/2023,2023-06-07,1,EGP 2748.05,0.05,Marketplace,Wallet,Delivered
ORD-001207,CUST-00165,PRD-00003,2023-12-26,01/02/2024,1,EGP 1534.69,0.0,MARKETPLACE,Installment,Returned
ORD-001036,CUST-00143,PRD-00171,20/12/2025,25/12/2025,4,1117.84,0.2,Mobile App,Cash on Delivery,Delivered
ORD-003100,CUST-00431,PRD-00084,17-Jul-2023,07/23/2023,2,600.09,0.0,Marketplace,Credit Card,Delivered
ORD-005281,CUST-00720,PRD-00053,31-Dec-2023,02-Jan-2024,3,933.2,0.0,Marketplace,Cash on Delivery,Delivered
ORD-002379,CUST-00333,PRD-00046,03-Sep-2023,2023-09-10,6,1161.95,0.2,Website,Credit Card,Delivered
ORD-004495,CUST-00618,PRD-00012,2024-05-17,05/23/2024,5,EGP 9488.69,0.1,Website,Installment,Delivered
ORD-001641,CUST-00222,PRD-00051,03/03/2025,10/03/2025,4,4568.48,0.15,Mobile App,credit card,Cancelled
ORD-002991,CUST-00416,PRD-00072,03/31/2025,04/02/2025,4,2087.47,0.0,Marketplace,Installment,Delivered
ORD-001147,CUST-00156,PRD-00137,28/03/2023,01-Apr-2023,8,EGP 328.81,0.0,Marketplace,installment,Delivered
ORD-003302,CUST-00457,PRD-00126,01/06/2023,07-Jan-2023,1,340.64,0.15,Marketplace,Wallet,Delivered
ORD-001264,CUST-00172,PRD-00119,15/04/2024,2024-04-16,3,898.59,0.0,Mobile App,Wallet,Delivered
ORD-002276,CUST-00318,PRD-00055,07/12/2025,,4,2089.61,0.25,Website,Credit Card,Pending
ORD-003791,CUST-00527,PRD-00164,07/15/2025,16-Jul-2025,2,6039.64,0.1,Website,Cash on Delivery,Delivered
ORD-003518,CUST-00484,PRD-00158,04/06/2024,13-Apr-2024,2,308.65,0.0,Marketplace,Wallet,Delivered
ORD-004604,CUST-00630,PRD-00119,2023-04-13,2023-04-18,1,898.59,0.25,Marketplace,Wallet,Pending
ORD-003070,CUST-00427,PRD-00183,2024-08-29,03/09/2024,7,6588.34,0.0,Marketplace,Cash on Delivery,Pending
ORD-003175,CUST-00439,PRD-00078,17-Jun-2023,24-Jun-2023,8,803.87,0.15,Mobile App,Installment,Delivered
ORD-004167,CUST-00587,PRD-00165,26/01/2023,2023-01-29,4,1559.9,,Mobile App,Credit Card,Delivered
ORD-000063,CUST-00007,PRD-00177,04-Jun-2023,2023-06-06,6,EGP 5234.78,0.0,Website,Credit Card,Returned
ORD-000307,CUST-00039,PRD-00012,02/08/2024,2024-02-11,5,9488.69,0.0,Website,Installment,Cancelled
ORD-001783,CUST-00245,PRD-00155,2025-04-04,09-Apr-2025,5,228.62,0.0,Marketplace,Wallet,Delivered
ORD-002221,CUST-00312,PRD-00026,06/11/2024,11-Nov-2024,1,13374.87,0.2,Marketplace,Cash on Delivery,Delivered
ORD-005540,CUST-00758,PRD-00182,03/14/2025,03/21/2025,7,4312.02,0.0,Marketplace,Cash on Delivery,Delivered
ORD-005199,CUST-00705,PRD-00059,18/05/2025,,5,1565.88,0.0,Website,Wallet,Delivered
ORD-004045,CUST-00568,PRD-00045,08/06/2024,2024-06-13,5,4956.18,0.25,Mobile App,Wallet,Delivered
ORD-000738,CUST-00099,PRD-00018,12/07/2025,12-Dec-2025,1,8604.46,0.1,Marketplace,Installment,Delivered
ORD-005446,CUST-00742,PRD-00122,01-Jul-2023,2023-07-07,4,692.52,,Marketplace,Credit Card,Delivered
ORD-005482,CUST-00750,PRD-00116,15-Nov-2024,21-Nov-2024,1,EGP 466.13,0.25,Mobile App,Cash on Delivery,Delivered
ORD-001250,CUST-00169,PRD-00163,2023-09-03,2023-09-05,1,5049.75,,Mobile App,Credit Card,Pending
ORD-005739,CUST-00787,PRD-00152,12/25/2023,31/12/2023,5,EGP 23.7,0.1,Marketplace,Credit Card,Delivered
ORD-005431,CUST-00739,PRD-00087,2025-04-03,07-Apr-2025,4,EGP 937.05,0.2,Mobile App,Wallet,Pending
ORD-005176,CUST-00704,PRD-00098,10-Aug-2025,2025-08-13,2,718.7,0.05,Website,Cash on Delivery,Delivered
ORD-005777,CUST-00791,PRD-00037,04/19/2023,04/26/2023,7,2145.36,0.2,Mobile App,Cash on Delivery,Delivered
ORD-004847,CUST-00661,PRD-00076,2024-09-06,13/09/2024,8,2045.06,0.25,Mobile App,Wallet,Pending
ORD-004986,CUST-00677,PRD-00156,23/03/2025,29-Mar-2025,9,250.31,0.15,Mobile App,Credit Card,Delivered
ORD-000009,CUST-00003,PRD-00139,03-May-2024,10/05/2024,2,195.93,0.25,Mobile App,Wallet,Delivered
ORD-000913,CUST-00126,PRD-00088,20/02/2023,2023-02-27,3,2384.43,0.2,MOBILE APP,Cash on Delivery,Delivered
ORD-000301,CUST-00039,PRD-00106,15-Nov-2024,20/11/2024,3,1124.04,,MOBILE APP,Wallet,Delivered
ORD-005612,CUST-00769,PRD-00121,26-Mar-2025,2025-03-28,4,307.1,0.0,WEBSITE,Credit Card,Pending
ORD-004734,CUST-00648,PRD-00094,16-Jul-2024,2024-07-18,5,286.11,0.05,Mobile App,Cash on Delivery,Pending
ORD-002688,CUST-00370,PRD-00129,30-Jun-2025,07-Jul-2025,1,23.89,0.0,Mobile App,Cash on Delivery,Delivered
ORD-000792,CUST-00106,PRD-00090,07/27/2023,30/07/2023,4,1391.99,0.0,Marketplace,Installment,Delivered
ORD-004624,CUST-00635,PRD-00043,12/04/2023,17/04/2023,1,670.88,0.0,Mobile App,Cash on Delivery,Pending
ORD-004062,CUST-00570,PRD-00074,25/01/2023,28-Jan-2023,1,396.44,,Marketplace,Cash on Delivery,Delivered
ORD-002209,CUST-00311,PRD-00117,18-Apr-2025,04/23/2025,3,440.45,0.25,Website,Wallet,Delivered
ORD-005787,CUST-00792,PRD-00186,10/16/2023,18/10/2023,9,EGP 4878.71,0.0,Mobile App,Wallet,Delivered
ORD-003108,CUST-00431,PRD-00054,12-Apr-2023,13-Apr-2023,2,1277.14,0.2,Website,Wallet,Delivered
ORD-002642,CUST-00363,PRD-00133,27-Jan-2023,01/02/2023,6,174.99,0.0,Website,Wallet,Pending
ORD-002782,CUST-00378,PRD-00153,2023-02-21,02/26/2023,3,321.69,0.0,MARKETPLACE,Credit Card,Cancelled
ORD-005833,CUST-00799,PRD-00170,2023-12-24,28/12/2023,5,EGP 7690.28,0.0,Website,Installment,Delivered
ORD-000557,CUST-00075,PRD-00152,06-Jan-2024,13/01/2024,2,23.7,0.05,Mobile App,Cash on Delivery,Pending
ORD-004681,CUST-00641,PRD-00003,08/03/2024,05/08/2024,10,1534.69,0.0,Website,Cash on Delivery,Pending
ORD-002320,CUST-00323,PRD-00071,18/09/2023,19-Sep-2023,2,657.42,0.25,Marketplace,Installment,Cancelled
ORD-000877,CUST-00120,PRD-00038,27/05/2023,01-Jun-2023,3,2707.61,0.2,Marketplace,Installment,Delivered
ORD-004629,CUST-00635,PRD-00185,02/16/2023,22/02/2023,3,2013.53,0.1,Marketplace,Wallet,Cancelled
ORD-000490,CUST-00066,PRD-00081,05/08/2023,15-May-2023,4,EGP 2904.61,0.15,Website,Cash on Delivery,Delivered
ORD-002058,CUST-00291,PRD-00063,2024-03-12,13-Mar-2024,5,3118.2,0.2,Mobile App,Cash on Delivery,Delivered
ORD-002910,CUST-00401,PRD-00037,11/25/2025,11/27/2025,8,2145.36,0.25,Mobile App,Wallet,Delivered
ORD-000020,CUST-00005,PRD-00044,11-Jun-2025,12/06/2025,9,3309.62,,Mobile App,Cash on Delivery,Delivered
ORD-005076,CUST-00690,PRD-00055,09/15/2024,2024-09-21,5,2089.61,0.0,Website,Cash on Delivery,Delivered
ORD-005642,CUST-00773,PRD-00177,09/28/2024,09/29/2024,1,5234.78,0.0,Mobile App,Credit Card,Delivered
ORD-000613,CUST-00082,PRD-00142,06/08/2024,10-Aug-2024,4,29.02,0.2,Website,Installment,Delivered
ORD-000094,CUST-00011,PRD-00027,03/30/2025,2025-04-01,3,6528.78,0.0,Marketplace,Cash on Delivery,Returned
ORD-002632,CUST-00362,PRD-00153,24/11/2024,2024-11-29,2,321.69,0.0,Marketplace,Wallet,Delivered
ORD-001223,CUST-00168,PRD-00084,13-Feb-2024,02/16/2024,3,600.09,0.0,Mobile App,Cash on Delivery,Delivered
ORD-002501,CUST-00344,PRD-00178,15/07/2023,21/07/2023,3,583.55,0.1,Mobile App,Wallet,Delivered
ORD-004525,CUST-00623,PRD-00083,24/09/2025,2025-09-25,2,1673.7,0.1,Website,Credit Card,Cancelled
ORD-001871,CUST-00261,PRD-00065,20/01/2025,2025-01-21,1,1220.64,0.2,Marketplace,Wallet,Delivered
ORD-002564,CUST-00354,PRD-00184,30/10/2023,2023-11-02,3,EGP 2621.44,0.25,Mobile App,Cash on Delivery,Delivered
ORD-004231,CUST-00591,PRD-00152,03/08/2023,09-Aug-2023,1,23.7,0.05,MOBILE APP,Cash on Delivery,Pending
ORD-003419,CUST-00471,PRD-00129,16/05/2023,,4,23.89,0.2,Marketplace,Wallet,Delivered
ORD-000482,CUST-00065,PRD-00005,02/09/2025,14/02/2025,6,5870.09,0.0,Website,wallet,Delivered
ORD-005814,CUST-00795,PRD-00115,03-Dec-2025,12/07/2025,2,290.78,0.1,Mobile App,installment,Delivered
ORD-000376,CUST-00047,PRD-00085,12/08/2024,10/12/2024,4,265.37,0.0,WEBSITE,Wallet,Delivered
ORD-000334,CUST-00042,PRD-00136,18/06/2023,2023-06-24,5,310.7,0.0,Website,Wallet,Delivered
ORD-005349,CUST-00729,PRD-00149,31-Dec-2025,01-Jan-2026,5,93.5,0.0,Marketplace,Credit Card,Pending
ORD-001538,CUST-00207,PRD-00168,22-Dec-2024,25-Dec-2024,6,3279.73,0.05,Website,Credit Card,Delivered
ORD-002193,CUST-00308,PRD-00073,08/12/2023,14/12/2023,3,2603.44,0.1,Mobile App,Wallet,Returned
  ORD-000748  ,CUST-00100,PRD-00017,02-May-2025,07/05/2025,9,4224.65,0.05,MOBILE APP,Installment,Delivered
ORD-004250,CUST-00596,PRD-00161,2023-08-06,08/12/2023,9,1342.19,0.15,Marketplace,Wallet,Delivered
ORD-002776,CUST-00376,PRD-00014,28/11/2025,2025-12-02,5,3474.75,0.0,Marketplace,Installment,Delivered
ORD-000633,CUST-00084,PRD-00069,02/23/2023,02/24/2023,3,1039.35,0.15,Website,Cash on Delivery,Delivered
ORD-005759,CUST-00789,PRD-00064,13/10/2024,2024-10-20,4,1338.56,0.0,Website,Credit Card,Delivered
ORD-005008,CUST-00678,PRD-00069,03/07/2023,05-Jul-2023,8,1039.35,0.0,Marketplace,Cash on Delivery,Pending
ORD-003545,CUST-00487,PRD-00176,2025-10-19,23-Oct-2025,1,EGP 3014.74,0.25,Marketplace,Installment,Pending
ORD-001693,CUST-00230,PRD-00006,2024-02-20,24/02/2024,2,4094.1,0.0,Website,Installment,Delivered
ORD-003898,CUST-00547,PRD-00061,23-Oct-2023,24-Oct-2023,3,1707.55,0.0,Marketplace,Credit Card,Delivered
ORD-000680,CUST-00091,PRD-00039,13-Jun-2025,20-Jun-2025,2,EGP 2748.05,0.25,Mobile App,Installment,Delivered
ORD-001551,CUST-00209,PRD-00018,07-May-2025,08-May-2025,3,EGP 8604.46,1.2,Mobile App,Installment,Delivered
ORD-001123,CUST-00153,PRD-00134,02/17/2025,21-Feb-2025,7,EGP 165.0,0.25,Website,Credit Card,Delivered
ORD-005432,CUST-00740,PRD-00027,04/09/2023,07/09/2023,9,6528.78,0.0,Website,Installment,Cancelled
ORD-001797,CUST-00245,PRD-00031,03/23/2025,2025-03-24,5,376.78,0.0,Mobile App,Wallet,Delivered
ORD-004336,CUST-00603,PRD-00182,08/09/2024,16/08/2024,10,4312.02,0.15,Mobile App,Installment,Delivered
ORD-001559,CUST-00209,PRD-00075,2023-08-14,17/08/2023,1,576.69,0.2,Marketplace,Wallet,Delivered
ORD-004725,CUST-00645,PRD-00157,10/22/2025,2025-10-25,8,186.52,0.0,Website,Installment,Delivered
ORD-000950,CUST-00131,PRD-00027,17-Mar-2023,03/19/2023,2,6528.78,0.15,Website,Installment,Cancelled
ORD-005785,CUST-00792,PRD-00016,07-Jan-2024,01/08/2024,4,6150.02,0.25,Marketplace,Credit Card,Delivered
ORD-004892,CUST-00666,PRD-00172,11/27/2025,30-Nov-2025,5,4391.94,,Website,Cash on Delivery,Pending
ORD-000610,CUST-00082,PRD-00108,30/07/2023,05/08/2023,9,230.98,0.05,Marketplace,Credit Card,Delivered
ORD-004789,CUST-00655,PRD-00018,03/15/2023,21-Mar-2023,3,8604.46,0.0,Website,Cash on Delivery,Delivered
ORD-003720,CUST-00515,PRD-00108,22-Jun-2024,2024-06-25,7,230.98,0.15,Mobile App,Installment,Delivered
ORD-000800,CUST-00107,PRD-00091,10-Jul-2025,07/13/2025,3,1667.87,,Mobile App,Credit Card,Delivered
ORD-002050,CUST-00290,PRD-00161,10/02/2024,10/04/2024,8,1342.19,0.05,Marketplace,Wallet,Delivered
ORD-004957,CUST-00673,PRD-00030,01/10/2023,12/01/2023,6,6643.61,0.15,Mobile App,Cash on Delivery,Delivered
ORD-004689,CUST-00641,PRD-00159,2023-10-08,2023-10-15,10,EGP 195.16,0.15,Website,Cash on Delivery,Pending
ORD-000224,CUST-00030,PRD-00117,2025-08-04,08/09/2025,3,440.45,0.05,Mobile App,Credit Card,Delivered
ORD-004156,CUST-00587,PRD-00108,12/03/2025,17-Mar-2025,10,230.98,0.0,Website,Installment,Pending
ORD-000961,CUST-00132,PRD-00164,2025-03-16,,6,6039.64,0.1,Marketplace,Installment,Cancelled
ORD-003459,CUST-00477,PRD-00172,22-Apr-2023,29/04/2023,5,4391.94,0.1,MARKETPLACE,Wallet,Delivered
ORD-005166,CUST-00702,PRD-00146,13/10/2024,10/15/2024,4,194.39,0.05,Website,Cash on Delivery,Delivered
ORD-000530,CUST-00072,PRD-00085,2025-10-28,02/11/2025,4,265.37,0.15,Marketplace,Wallet,Delivered
ORD-004107,CUST-00579,PRD-00031,06/12/2025,09/12/2025,8,376.78,0.05,Marketplace,Credit Card,Returned
  ORD-005025  ,CUST-00682,PRD-00023,02/07/2025,02/09/2025,7,EGP 11190.64,0.0,Marketplace,Credit Card,Delivered
ORD-000708,CUST-00096,PRD-00020,2023-12-14,12/17/2023,3,9661.76,0.0,Mobile App,Installment,Delivered
ORD-003799,CUST-00528,PRD-00160,2023-11-28,04/12/2023,5,EGP 214.1,0.25,Website,Cash on Delivery,Delivered
ORD-000646,CUST-00086,PRD-00049,31-Oct-2023,11/01/2023,4,3627.21,0.05,Mobile App,Credit Card,Delivered
ORD-002258,CUST-00316,PRD-00079,19/01/2025,2025-01-20,2,646.3,0.0,Marketplace,Installment,Delivered
ORD-003751,CUST-00520,PRD-00111,04/07/2024,11/07/2024,1,291.55,0.1,Marketplace,Cash on Delivery,Delivered
ORD-001838,CUST-00255,PRD-00038,29-Mar-2025,04/03/2025,4,2707.61,0.25,Website,Credit Card,Delivered
ORD-003143,CUST-00435,PRD-00062,28/09/2024,29/09/2024,2,271.83,0.0,Website,Credit Card,Cancelled
ORD-003567,CUST-00491,PRD-00075,18-Oct-2024,10/23/2024,4,576.69,0.2,Mobile App,Cash on Delivery,Delivered
ORD-000839,CUST-00111,PRD-00021,2024-03-13,2024-03-19,4,7707.69,0.15,Website,Wallet,Cancelled
ORD-005450,CUST-00742,PRD-00053,05/31/2024,03-Jun-2024,1,933.2,0.0,Mobile App,Cash on Delivery,Returned
ORD-002545,CUST-00351,PRD-00080,05/22/2023,24/05/2023,1,1092.22,0.1,WEBSITE,Wallet,Pending
ORD-004316,CUST-00601,PRD-00021,05/10/2023,13-May-2023,1,7707.69,0.1,Marketplace,Wallet,Cancelled
ORD-002284,CUST-00319,PRD-00109,10/06/2024,13-Jun-2024,5,252.4,0.0,Website,Installment,Cancelled
ORD-003968,CUST-00558,PRD-00094,19-Dec-2024,,1,286.11,0.05,Marketplace,Installment,Delivered
ORD-003631,CUST-00498,PRD-00046,04/01/2025,2025-01-05,4,EGP 1161.95,0.0,Mobile App,Wallet,Delivered
ORD-002572,CUST-00355,PRD-00040,2025-06-07,06/10/2025,4,1977.22,0.15,Mobile App,Credit Card,Delivered
ORD-003266,CUST-00453,PRD-00119,17-Nov-2025,18/11/2025,3,EGP 898.59,0.0,Mobile App,Cash on Delivery,Delivered
ORD-000656,CUST-00088,PRD-00067,12-Jan-2023,15-Jan-2023,3,1590.28,0.2,Mobile App,Wallet,Pending
ORD-004970,CUST-00673,PRD-00184,02-May-2025,05/09/2025,7,2621.44,0.0,Website,Wallet,Delivered
ORD-003578,CUST-00492,PRD-00068,03/25/2023,26/03/2023,9,1186.92,0.0,Marketplace,wallet,Delivered
ORD-001872,CUST-00261,PRD-00038,02/02/2025,05/02/2025,3,2707.61,0.0,Marketplace,Credit Card,Delivered
ORD-001997,CUST-00284,PRD-00075,2023-09-09,15-Sep-2023,5,576.69,0.0,Website,Installment,Delivered
ORD-002387,CUST-00334,PRD-00144,15-Apr-2024,,3,212.23,0.0,Marketplace,Cash on Delivery,Delivered
ORD-000856,CUST-00115,PRD-00172,05/12/2023,06/12/2023,6,4391.94,0.25,Mobile App,wallet,Delivered
ORD-004009,CUST-00563,PRD-00107,05/30/2025,,1,803.85,0.05,Website,Cash on Delivery,Delivered
ORD-002009,CUST-00286,PRD-00019,20/11/2024,21/11/2024,10,5919.72,0.1,Marketplace,Installment,Delivered
ORD-005360,CUST-00730,PRD-00058,06/07/2024,2024-06-08,3,EGP 3308.87,0.15,Website,Cash on Delivery,Delivered
ORD-005419,CUST-00737,PRD-00013,2024-11-25,30/11/2024,2,5695.33,0.0,Mobile App,Credit Card,Delivered
ORD-003106,CUST-00431,PRD-00112,2024-09-13,2024-09-19,2,422.18,0.05,Marketplace,Wallet,Returned
ORD-002520,CUST-00348,PRD-00083,14-Jul-2023,16/07/2023,5,1673.7,0.25,Marketplace,Installment,Returned
ORD-005242,CUST-00714,PRD-00163,05/26/2023,05/31/2023,1,5049.75,0.15,Mobile App,Installment,Delivered
ORD-001151,CUST-00157,PRD-00079,08-Jul-2024,10/07/2024,8,646.3,0.25,Marketplace,Wallet,Delivered
ORD-000383,CUST-00049,PRD-00127,07/10/2024,13-Jul-2024,2,252.66,0.1,Website,Credit Card,Delivered
ORD-005045,CUST-00684,PRD-00174,04/12/2025,15-Apr-2025,5,2379.8,0.1,Website,Installment,Pending
ORD-001703,CUST-00232,PRD-00055,2023-03-20,24-Mar-2023,4,2089.61,0.05,Marketplace,Installment,Returned
ORD-004728,CUST-00647,PRD-00052,21-Mar-2023,2023-03-28,5,4557.53,0.2,Website,Cash on Delivery,Delivered
ORD-001767,CUST-00240,PRD-00068,13/02/2025,18-Feb-2025,4,1186.92,0.0,Website,Wallet,Delivered
ORD-002670,CUST-00369,PRD-00043,2024-09-26,27-Sep-2024,2,670.88,0.15,Marketplace,Credit Card,Cancelled
ORD-000733,CUST-00099,PRD-00030,12/15/2023,21/12/2023,2,6643.61,0.15,Marketplace,Credit Card,Delivered
ORD-005210,CUST-00707,PRD-00161,20-Sep-2025,2025-09-25,3,1342.19,0.25,Marketplace,Credit Card,Delivered
ORD-002918,CUST-00401,PRD-00164,24-Dec-2025,2025-12-30,9,EGP 6039.64,0.15,Marketplace,Cash on Delivery,Delivered
ORD-003200,CUST-00441,PRD-00088,28/07/2025,30/07/2025,2,2384.43,0.25,Marketplace,Wallet,Delivered
ORD-001818,CUST-00252,PRD-00047,15/09/2024,18/09/2024,4,3368.82,0.0,Mobile App,Cash on Delivery,Delivered
ORD-000608,CUST-00082,PRD-00134,2024-05-28,02-Jun-2024,9,EGP 165.0,0.0,Marketplace,Cash on Delivery,Returned
ORD-004131,CUST-00584,PRD-00081,08/10/2025,2025-10-13,4,2904.61,0.25,Website,Installment,Delivered
ORD-003220,CUST-00443,PRD-00006,09/08/2025,15/08/2025,3,4094.1,0.0,Website,Cash on Delivery,Delivered
ORD-001005,CUST-00137,PRD-00030,14-Jun-2024,,4,6643.61,0.2,WEBSITE,Cash on Delivery,Delivered
ORD-003548,CUST-00487,PRD-00066,12/03/2024,12/08/2024,5,531.75,0.0,Marketplace,Installment,Delivered
ORD-001234,CUST-00169,PRD-00078,01/27/2023,,1,803.87,0.2,Mobile App,Credit Card,Pending
ORD-000041,CUST-00006,PRD-00078,25/10/2025,30-Oct-2025,5,803.87,0.0,Marketplace,Cash on Delivery,Delivered
ORD-002442,CUST-00339,PRD-00100,21-Mar-2024,22/03/2024,3,EGP 555.91,0.0,Marketplace,Credit Card,Delivered
ORD-004417,CUST-00609,PRD-00182,03/06/2023,2023-03-07,1,4312.02,0.15,Marketplace,Cash on Delivery,Delivered
ORD-002879,CUST-00393,PRD-00068,07-Jan-2023,14/01/2023,5,1186.92,0.0,Marketplace,Cash on Delivery,Returned
ORD-004377,CUST-00605,PRD-00025,28-Dec-2025,04/01/2026,3,15750.99,0.0,Marketplace,Cash on Delivery,Returned
ORD-000121,CUST-00016,PRD-00142,31/01/2025,05-Feb-2025,4,29.02,0.0,Website,Cash on Delivery,Cancelled
ORD-005519,CUST-00755,PRD-00072,2025-10-11,15/10/2025,1,2087.47,0.2,Website,Cash on Delivery,Delivered
ORD-001677,CUST-00226,PRD-00033,12/20/2024,21/12/2024,10,1947.05,0.0,Marketplace,Cash on Delivery,Cancelled
ORD-003479,CUST-00478,PRD-00064,03/01/2023,03/08/2023,1,1338.56,,Mobile App,Cash on Delivery,Returned
ORD-003917,CUST-00549,PRD-00058,03/22/2023,23/03/2023,5,3308.87,0.0,Mobile App,Installment,Delivered
ORD-004003,CUST-00563,PRD-00007,2025-06-05,11/06/2025,3,5375.75,0.05,Marketplace,Installment,Delivered
ORD-005710,CUST-00782,PRD-00051,27/09/2024,2024-09-29,4,4568.48,0.0,Mobile App,Cash on Delivery,Delivered
ORD-003188,CUST-00440,PRD-00131,17/08/2024,19/08/2024,4,361.41,0.0,Mobile App,Cash on Delivery,Delivered
ORD-004669,CUST-00639,PRD-00066,20/08/2023,08/17/2023,9,531.75,0.0,Mobile App,Credit Card,Delivered
ORD-003283,CUST-00455,PRD-00111,2025-10-17,,2,291.55,0.15,Mobile App,Wallet,Returned
ORD-000288,CUST-00038,PRD-00093,2025-02-06,08/02/2025,10,327.87,0.2,Marketplace,Installment,Returned
ORD-001048,CUST-00145,PRD-00186,12/27/2025,01/02/2026,3,4878.71,0.25,Website,Credit Card,Delivered
ORD-004661,CUST-00638,PRD-00059,10/06/2023,11-Jun-2023,5,1565.88,0.2,Website,Wallet,Returned
ORD-005629,CUST-00771,PRD-00112,05/24/2023,28-May-2023,6,422.18,0.2,Website,Cash on Delivery,Delivered
ORD-004177,CUST-00588,PRD-00187,12/03/2023,2023-03-15,1,5533.15,0.05,Website,Installment,Delivered
ORD-002753,CUST-00375,PRD-00036,12/30/2025,2026-01-06,3,2503.62,0.0,Mobile App,Credit Card,Delivered
ORD-000891,CUST-00124,PRD-00127,2024-10-26,28-Oct-2024,3,EGP 252.66,0.05,Marketplace,Wallet,Returned
ORD-002381,CUST-00333,PRD-00054,03/11/2025,2025-03-17,9,1277.14,0.1,Website,Wallet,Delivered
ORD-005243,CUST-00714,PRD-00085,21/06/2025,27/06/2025,3,265.37,0.2,Mobile App,Credit Card,Delivered
ORD-003572,CUST-00491,PRD-00008,14/07/2025,07/17/2025,6,13998.23,0.2,Mobile App,Cash on Delivery,Delivered
ORD-004300,CUST-00600,PRD-00062,10/04/2024,2024-04-16,5,271.83,0.0,Marketplace,Wallet,Delivered
ORD-000671,CUST-00091,PRD-00029,05/29/2025,2025-06-05,4,1141.21,0.0,Website,Wallet,Delivered
ORD-003345,CUST-00460,PRD-00144,21/06/2024,25-Jun-2024,4,EGP 212.23,0.25,Mobile App,Credit Card,Delivered
ORD-003718,CUST-00515,PRD-00070,12/11/2023,14-Dec-2023,10,1062.89,0.0,Mobile App,cash on delivery,Delivered
ORD-005324,CUST-00725,PRD-00056,22-Nov-2023,29/11/2023,4,1260.88,0.0,Mobile App,Installment,Delivered
ORD-003589,CUST-00493,PRD-00004,01/05/2024,,1,3744.22,0.0,Mobile App,Credit Card,Returned
ORD-002585,CUST-00355,PRD-00110,09/27/2025,09/29/2025,5,EGP 443.5,0.0,Marketplace,Cash on Delivery,Delivered
ORD-003259,CUST-00452,PRD-00007,24/05/2023,27/05/2023,5,5375.75,0.25,Website,Wallet,Cancelled
ORD-005538,CUST-00758,PRD-00070,27/04/2024,30-Apr-2024,4,1062.89,0.05,Marketplace,Installment,Delivered
ORD-000112,CUST-00015,PRD-00030,06/03/2024,09/03/2024,1,6643.61,0.0,Marketplace,cash on delivery,Returned
ORD-000740,CUST-00099,PRD-00182,2025-08-18,2025-08-20,5,4312.02,0.05,Mobile App,Wallet,Delivered
ORD-003414,CUST-00471,PRD-00099,19-Mar-2024,03/20/2024,4,EGP 152.23,0.0,Marketplace,Credit Card,Returned
ORD-002182,CUST-00307,PRD-00076,17-Sep-2024,23/09/2024,4,2045.06,0.0,Marketplace,Wallet,Cancelled
ORD-002004,CUST-00286,PRD-00095,15/09/2025,17/09/2025,8,493.89,0.1,Mobile App,Credit Card,Delivered
ORD-004104,CUST-00579,PRD-00010,25-Mar-2023,01-Apr-2023,4,2297.75,0.0,Website,Wallet,Delivered
ORD-003454,CUST-00477,PRD-00027,15-Mar-2025,22/03/2025,1,6528.78,0.0,Mobile App,Installment,Delivered
ORD-000736,CUST-00099,PRD-00111,07/01/2024,03-Jul-2024,3,291.55,0.0,Mobile App,Cash on Delivery,Returned
ORD-003703,CUST-00512,PRD-00092,01/08/2024,,5,727.52,0.15,Mobile App,Wallet,Cancelled
ORD-001001,CUST-00136,PRD-00059,03-Oct-2025,04/10/2025,3,1565.88,0.25,Mobile App,Installment,Delivered
ORD-002531,CUST-00349,PRD-00065,02/08/2024,15/02/2024,4,1220.64,0.25,Website,Installment,Delivered
ORD-001701,CUST-00232,PRD-00092,23-Feb-2023,03/02/2023,4,727.52,0.05,Mobile App,installment,Delivered
ORD-000266,CUST-00033,PRD-00049,15/07/2024,19-Jul-2024,5,3627.21,0.0,Mobile App,Installment,Delivered
ORD-003354,CUST-00461,PRD-00071,06/09/2023,06/11/2023,1,657.42,0.0,Marketplace,Installment,Cancelled
ORD-000541,CUST-00073,PRD-00173,28/01/2025,2025-02-01,1,1584.06,0.0,Website,Credit Card,Delivered
ORD-002956,CUST-00410,PRD-00156,01/08/2023,06/08/2023,4,250.31,0.25,Mobile App,Wallet,Delivered
ORD-004477,CUST-00617,PRD-00186,10/12/2025,12/12/2025,5,4878.71,0.25,MOBILE APP,Cash on Delivery,Delivered
ORD-002840,CUST-00387,PRD-00154,10/09/2024,13/09/2024,1,175.83,0.0,Marketplace,Cash on Delivery,Delivered
ORD-005729,CUST-00785,PRD-00026,09/18/2023,19-Sep-2023,2,13374.87,0.0,Website,Cash on Delivery,Returned
ORD-000270,CUST-00034,PRD-00095,2023-07-25,2023-07-29,3,493.89,0.0,Marketplace,Installment,Cancelled
ORD-001064,CUST-00146,PRD-00166,06-Oct-2025,10/08/2025,4,1361.3,0.0,Mobile App,Installment,Delivered
ORD-001284,CUST-00173,PRD-00015,18/10/2023,,10,5715.8,0.0,Marketplace,Cash on Delivery,Delivered
ORD-002999,CUST-00416,PRD-00121,2024-03-07,13-Mar-2024,9,307.1,0.0,Website,Cash on Delivery,Delivered
ORD-005158,CUST-00702,PRD-00048,07-Jan-2024,2024-01-14,3,616.54,0.0,Website,Wallet,Delivered
ORD-003130,CUST-00434,PRD-00148,2024-12-02,2024-12-07,2,63.15,0.0,Mobile App,Installment,Pending
ORD-000937,CUST-00129,PRD-00188,29/03/2024,30-Mar-2024,9,235.83,0.0,Website,Cash on Delivery,Delivered
ORD-002022,CUST-00286,PRD-00169,10/30/2025,06/11/2025,5,3779.35,0.0,Website,Cash on Delivery,Delivered
ORD-000143,CUST-00020,PRD-00006,10/11/2024,11-Nov-2024,5,4094.1,0.05,Mobile App,Installment,Delivered
ORD-000808,CUST-00109,PRD-00137,11/26/2024,27-Nov-2024,4,328.81,0.0,Website,Installment,Delivered
ORD-005142,CUST-00699,PRD-00012,03/28/2024,29/03/2024,10,9488.69,0.15,Mobile App,Installment,Returned
ORD-002749,CUST-00374,PRD-00027,04/01/2023,2023-01-10,5,6528.78,0.15,Mobile App,Wallet,Cancelled
ORD-000721,CUST-00098,PRD-00044,25/05/2024,,9,3309.62,0.2,Marketplace,Cash on Delivery,Delivered
ORD-001379,CUST-00186,PRD-00163,2024-12-08,12/12/2024,3,EGP 5049.75,0.0,Mobile App,Installment,Delivered
ORD-001594,CUST-00213,PRD-00003,13-Mar-2025,03/14/2025,4,1534.69,0.25,Mobile App,Credit Card,Delivered
ORD-002138,CUST-00300,PRD-00008,2024-07-07,12-Jul-2024,10,13998.23,0.0,Mobile App,Installment,Delivered
ORD-003938,CUST-00554,PRD-00016,05/11/2024,07/11/2024,8,6150.02,0.05,MARKETPLACE,credit card,Delivered
ORD-004978,CUST-00674,PRD-00159,12/23/2024,30-Dec-2024,1,195.16,0.05,Website,Wallet,Delivered
ORD-000962,CUST-00132,PRD-00162,2025-06-26,29/06/2025,10,1009.35,0.2,Marketplace,Credit Card,Cancelled
  ORD-003124  ,CUST-00433,PRD-00076,2023-06-03,2023-06-10,2,2045.06,0.0,Website,Installment,Delivered
ORD-000636,CUST-00084,PRD-00085,16-Jan-2024,19/01/2024,2,265.37,0.0,Marketplace,Installment,Delivered
ORD-000906,CUST-00125,PRD-00056,06/08/2025,08-Aug-2025,3,1260.88,0.25,Marketplace,Wallet,Pending
ORD-005679,CUST-00777,PRD-00166,22/06/2023,2023-06-24,2,EGP 1361.3,0.15,WEBSITE,Wallet,Delivered
ORD-003278,CUST-00455,PRD-00069,07/23/2023,28/07/2023,5,1039.35,0.2,Mobile App,Wallet,Pending
ORD-005186,CUST-00704,PRD-00139,10/09/2024,2024-10-13,1,195.93,0.15,Marketplace,Wallet,Delivered
ORD-005126,CUST-00698,PRD-00096,12/03/2023,06-Dec-2023,2,1013.61,0.25,Marketplace,Credit Card,Delivered
ORD-004557,CUST-00626,PRD-00086,10/05/2025,13/05/2025,5,1754.49,0.0,Marketplace,cash on delivery,Returned
ORD-000222,CUST-00030,PRD-00165,02/17/2023,20-Feb-2023,4,1559.9,0.2,Website,Installment,Pending
ORD-001267,CUST-00172,PRD-00008,23/02/2025,27-Feb-2025,2,13998.23,0.0,Website,Installment,Cancelled
ORD-004142,CUST-00586,PRD-00141,23/02/2024,29-Feb-2024,8,265.4,0.2,Mobile App,Credit Card,Cancelled
ORD-000540,CUST-00073,PRD-00057,14-Jan-2024,20-Jan-2024,4,5493.06,0.0,Marketplace,Cash on Delivery,Delivered
ORD-001413,CUST-00191,PRD-00011,2023-05-28,01/06/2023,3,2785.74,0.25,Website,Installment,Pending
ORD-000237,CUST-00032,PRD-00108,11/05/2024,09/11/2024,2,230.98,0.0,Website,Cash on Delivery,Delivered
ORD-005267,CUST-00719,PRD-00162,2023-02-05,02/11/2023,8,1009.35,0.1,Mobile App,Cash on Delivery,Delivered
ORD-004065,CUST-00571,PRD-00128,2024-08-21,2024-08-23,5,812.88,0.05,Website,Installment,Pending
  ORD-005270  ,CUST-00719,PRD-00013,28/02/2025,2025-03-02,6,5695.33,0.0,Website,Wallet,Cancelled
ORD-001691,CUST-00230,PRD-00029,2024-09-03,09/08/2024,1,1141.21,0.15,Marketplace,Cash on Delivery,Delivered
ORD-001418,CUST-00191,PRD-00186,2024-07-21,28/07/2024,5,4878.71,0.25,Website,Cash on Delivery,Delivered
ORD-000879,CUST-00122,PRD-00001,05/12/2024,12/08/2024,3,3019.28,0.25,Marketplace,Installment,Returned
ORD-004729,CUST-00647,PRD-00041,16/06/2023,20-Jun-2023,3,1168.7,0.2,Marketplace,Cash on Delivery,Returned
ORD-004403,CUST-00607,PRD-00024,02/03/2023,02/08/2023,5,8840.39,0.0,Mobile App,Cash on Delivery,Delivered
ORD-002728,CUST-00373,PRD-00180,11/06/2025,13/06/2025,4,6579.05,0.15,Marketplace,Cash on Delivery,Delivered
ORD-003018,CUST-00419,PRD-00128,06/11/2024,15-Jun-2024,3,812.88,0.2,Mobile App,Wallet,Delivered
ORD-001078,CUST-00147,PRD-00088,12/22/2023,28/12/2023,1,2384.43,0.05,Mobile App,Cash on Delivery,Delivered
ORD-004982,CUST-00675,PRD-00156,08-Jun-2024,14/06/2024,3,250.31,0.15,Marketplace,Cash on Delivery,Delivered
ORD-001533,CUST-00207,PRD-00157,01-Jun-2025,,10,186.52,0.0,Mobile App,Installment,Cancelled
ORD-004813,CUST-00657,PRD-00004,2025-12-24,26/12/2025,4,3744.22,0.0,Marketplace,Installment,Pending
ORD-002780,CUST-00377,PRD-00043,24-Mar-2023,27-Mar-2023,1,670.88,0.0,Marketplace,Installment,Delivered
ORD-001966,CUST-00282,PRD-00069,31/08/2024,,5,1039.35,0.1,Marketplace,Installment,Pending
ORD-005439,CUST-00741,PRD-00079,13-Mar-2025,03/15/2025,10,646.3,0.05,Marketplace,Wallet,Cancelled
ORD-003397,CUST-00467,PRD-00113,2024-05-27,01/06/2024,4,EGP 719.15,0.25,Mobile App,installment,Delivered
ORD-004854,CUST-00663,PRD-00117,02/07/2024,07/05/2024,9,440.45,0.0,Mobile App,Credit Card,Delivered
ORD-001058,CUST-00146,PRD-00033,29-Jan-2025,02/01/2025,8,1947.05,,Marketplace,Wallet,Delivered
ORD-003962,CUST-00557,PRD-00164,12/11/2024,18/12/2024,5,EGP 6039.64,0.15,Marketplace,Installment,Delivered
ORD-000366,CUST-00045,PRD-00002,14-Apr-2024,19/04/2024,1,9414.07,1.2,Mobile App,Installment,Delivered
ORD-003894,CUST-00546,PRD-00093,16/01/2025,2025-01-21,3,327.87,0.05,Mobile App,Installment,Delivered
  ORD-000696  ,CUST-00094,PRD-00054,02/25/2024,03/01/2024,5,1277.14,0.0,MOBILE APP,Cash on Delivery,Pending
ORD-004117,CUST-00581,PRD-00119,09/14/2025,17/09/2025,4,898.59,0.0,Mobile App,Wallet,Returned
ORD-003457,CUST-00477,PRD-00058,26-Aug-2025,28/08/2025,3,3308.87,0.25,Website,Cash on Delivery,Delivered
ORD-002557,CUST-00353,PRD-00059,09/07/2024,11-Jul-2024,3,1565.88,0.15,Website,Credit Card,Cancelled
ORD-003740,CUST-00517,PRD-00093,2025-01-13,2025-01-14,3,327.87,0.0,Website,Wallet,Delivered
ORD-003892,CUST-00546,PRD-00048,25/07/2024,2024-07-29,3,616.54,0.0,Marketplace,Installment,Returned
ORD-000001,CUST-00001,PRD-00046,2025-04-07,04/10/2025,4,EGP 1161.95,0.1,Website,Credit Card,Pending
ORD-000867,CUST-00118,PRD-00111,2025-09-28,29-Sep-2025,3,291.55,0.0,Marketplace,Installment,Returned
ORD-005556,CUST-00761,PRD-00006,11-Aug-2023,14-Aug-2023,10,4094.1,0.1,Website,Wallet,Delivered
ORD-001834,CUST-00255,PRD-00017,2024-11-30,12/06/2024,1,4224.65,0.0,Website,Cash on Delivery,Delivered
ORD-004554,CUST-00626,PRD-00049,2025-11-11,16/11/2025,3,3627.21,0.0,WEBSITE,Cash on Delivery,Delivered
ORD-005656,CUST-00774,PRD-00084,11/16/2025,17/11/2025,6,600.09,0.1,Marketplace,Installment,Delivered
ORD-001440,CUST-00195,PRD-00071,10/03/2025,03/17/2025,5,657.42,0.1,Marketplace,Credit Card,Delivered
ORD-003969,CUST-00558,PRD-00094,2025-07-17,24-Jul-2025,3,286.11,0.0,Marketplace,Cash on Delivery,Delivered
ORD-004912,CUST-00668,PRD-00032,02/19/2024,25/02/2024,4,1547.2,0.0,Marketplace,Installment,Delivered
ORD-001129,CUST-00153,PRD-00020,07-Nov-2023,10-Nov-2023,9,9661.76,0.0,Marketplace,Cash on Delivery,Delivered
ORD-000422,CUST-00057,PRD-00059,22-Aug-2023,08/23/2023,5,1565.88,0.05,WEBSITE,Wallet,Cancelled
ORD-003300,CUST-00457,PRD-00140,23/05/2025,24/05/2025,1,168.61,0.15,Marketplace,Cash on Delivery,Returned
ORD-000131,CUST-00018,PRD-00079,29/11/2024,05-Dec-2024,2,EGP 646.3,0.0,Marketplace,Credit Card,Cancelled
ORD-005062,CUST-00687,PRD-00162,29/01/2025,2025-02-03,4,EGP 1009.35,0.15,Website,Wallet,Delivered
ORD-000806,CUST-00108,PRD-00009,2023-09-28,10/04/2023,10,1433.71,0.15,Website,Wallet,Delivered
ORD-000201,CUST-00027,PRD-00027,01/04/2024,04/02/2024,2,6528.78,0.0,Marketplace,Cash on Delivery,Delivered
ORD-004542,CUST-00625,PRD-00120,03/11/2023,18-Mar-2023,5,538.56,0.0,MOBILE APP,Installment,Delivered
ORD-004295,CUST-00600,PRD-00015,11/04/2023,17/04/2023,7,EGP 5715.8,0.2,Marketplace,Cash on Delivery,Pending
ORD-001105,CUST-00150,PRD-00070,22/12/2025,24-Dec-2025,4,1062.89,0.15,Marketplace,Installment,Delivered
ORD-001936,CUST-00275,PRD-00163,12-Sep-2024,09/17/2024,2,5049.75,0.2,Website,Credit Card,Cancelled
ORD-000165,CUST-00022,PRD-00074,01/18/2024,2024-01-20,8,396.44,0.0,Marketplace,Credit Card,Returned
ORD-002931,CUST-00405,PRD-00034,20-Jun-2025,06/22/2025,4,4894.09,0.0,Mobile App,Wallet,Delivered
ORD-003607,CUST-00496,PRD-00007,20-Jan-2023,26/01/2023,3,5375.75,0.25,Mobile App,Installment,Delivered
ORD-004145,CUST-00586,PRD-00158,17/04/2025,2025-04-24,9,308.65,0.0,WEBSITE,Installment,Returned
ORD-001524,CUST-00207,PRD-00069,2024-12-26,28/12/2024,4,1039.35,0.0,Marketplace,Wallet,Returned
ORD-003841,CUST-00538,PRD-00102,22-Apr-2023,2023-04-29,5,EGP 833.67,0.15,Mobile App,wallet,Delivered
ORD-000862,CUST-00116,PRD-00079,07-Nov-2023,14-Nov-2023,4,646.3,0.0,Website,Installment,Delivered
ORD-002661,CUST-00367,PRD-00019,11/23/2024,11/25/2024,5,5919.72,0.1,Mobile App,Cash on Delivery,Delivered
ORD-004303,CUST-00600,PRD-00067,2025-09-13,09/16/2025,6,1590.28,0.0,Marketplace,Credit Card,Returned
  ORD-002686  ,CUST-00370,PRD-00049,2025-08-31,09/02/2025,3,3627.21,0.15,Mobile App,Wallet,Delivered
ORD-005312,CUST-00724,PRD-00171,24/07/2024,2024-07-27,3,1117.84,0.25,Marketplace,Cash on Delivery,Pending
ORD-001308,CUST-00176,PRD-00102,2024-04-14,2024-04-20,4,833.67,0.0,Marketplace,installment,Delivered
ORD-004485,CUST-00617,PRD-00047,2023-12-03,09/12/2023,2,EGP 3368.82,0.0,Website,Credit Card,Returned
ORD-002368,CUST-00331,PRD-00170,05/10/2024,05/13/2024,2,7690.28,,Website,Wallet,Pending
  ORD-000067  ,CUST-00007,PRD-00087,04/22/2024,04/26/2024,3,937.05,0.1,Mobile App,Cash on Delivery,Delivered
ORD-002070,CUST-00292,PRD-00005,17/12/2024,,3,5870.09,0.0,Website,Installment,Delivered
ORD-001110,CUST-00152,PRD-00050,2023-02-08,15-Feb-2023,3,6188.03,0.0,Marketplace,Installment,Pending
ORD-002796,CUST-00380,PRD-00001,31/10/2024,11/02/2024,2,3019.28,0.0,Website,Installment,Delivered
ORD-002086,CUST-00294,PRD-00036,10-Feb-2025,2025-02-11,5,2503.62,0.0,Marketplace,Cash on Delivery,Delivered
ORD-004861,CUST-00664,PRD-00174,2024-09-25,27-Sep-2024,3,2379.8,0.25,Website,Wallet,Delivered
ORD-004994,CUST-00677,PRD-00171,08-Sep-2025,09/14/2025,4,1117.84,0.0,Mobile App,Installment,Delivered
ORD-002390,CUST-00334,PRD-00040,2025-02-05,12-Feb-2025,4,1977.22,0.15,Mobile App,Credit Card,Delivered
ORD-003693,CUST-00510,PRD-00109,2023-12-21,23-Dec-2023,4,252.4,0.05,Mobile App,Wallet,Delivered
ORD-003286,CUST-00455,PRD-00001,12/02/2025,02/19/2025,1,3019.28,0.0,Marketplace,Wallet,Delivered
ORD-000899,CUST-00124,PRD-00081,01/11/2024,2024-11-05,3,2904.61,0.15,Marketplace,Installment,Cancelled
ORD-005060,CUST-00687,PRD-00110,09/01/2025,01/16/2025,2,443.5,0.05,Website,Cash on Delivery,Delivered
ORD-000769,CUST-00101,PRD-00161,06-Jul-2025,07/12/2025,1,1342.19,0.15,Website,Wallet,Delivered
ORD-001988,CUST-00284,PRD-00099,12-Mar-2024,19/03/2024,4,152.23,0.0,Website,Cash on Delivery,Delivered
ORD-003314,CUST-00459,PRD-00146,05/11/2025,2025-11-08,5,194.39,0.2,Website,wallet,Delivered
ORD-001729,CUST-00237,PRD-00116,17/09/2024,2024-09-18,2,466.13,0.0,Marketplace,Wallet,Cancelled
ORD-001462,CUST-00202,PRD-00004,09-Jul-2025,16/07/2025,3,EGP 3744.22,0.2,Website,Cash on Delivery,Delivered
ORD-004889,CUST-00666,PRD-00080,2024-08-18,21-Aug-2024,1,1092.22,0.1,Marketplace,Installment,Delivered
ORD-001325,CUST-00178,PRD-00155,2023-06-01,06/02/2023,6,228.62,0.15,Mobile App,Wallet,Delivered
ORD-001878,CUST-00263,PRD-00029,2023-03-20,03/21/2023,3,1141.21,0.2,MOBILE APP,Wallet,Delivered
ORD-001523,CUST-00207,PRD-00018,19/09/2024,2024-09-20,4,8604.46,0.2,Marketplace,Installment,Returned
ORD-004571,CUST-00628,PRD-00034,27-Apr-2024,05/02/2024,3,4894.09,,Marketplace,Cash on Delivery,Delivered
ORD-003997,CUST-00562,PRD-00083,10/08/2023,16/08/2023,8,1673.7,0.1,Website,Installment,Delivered
ORD-004747,CUST-00650,PRD-00087,16/11/2024,,4,937.05,0.0,Website,Installment,Delivered
ORD-001055,CUST-00145,PRD-00096,31-Dec-2023,2024-01-04,2,1013.61,0.25,Website,Credit Card,Delivered
ORD-005698,CUST-00780,PRD-00019,19/03/2025,2025-03-26,5,5919.72,0.0,Mobile App,Credit Card,Delivered
ORD-005677,CUST-00777,PRD-00053,2023-12-10,2023-12-14,5,933.2,0.2,Mobile App,Credit Card,Delivered
ORD-001290,CUST-00174,PRD-00143,04/12/2024,2024-04-18,4,174.65,0.25,Mobile App,Installment,Delivered
ORD-005416,CUST-00737,PRD-00118,2025-12-11,15/12/2025,1,341.03,0.25,Website,Installment,Delivered
ORD-003696,CUST-00510,PRD-00103,29/03/2025,02-Apr-2025,5,275.52,0.0,MARKETPLACE,Installment,Pending
ORD-002258,CUST-00316,PRD-00079,01/19/2025,01/20/2025,2,646.3,0.0,Marketplace,Installment,Delivered
ORD-003251,CUST-00450,PRD-00115,02/21/2023,22/02/2023,4,290.78,0.0,Marketplace,Wallet,Pending
ORD-003109,CUST-00431,PRD-00004,09-Feb-2025,02/11/2025,1,3744.22,0.0,Marketplace,Credit Card,Delivered
ORD-000363,CUST-00044,PRD-00049,14-Aug-2025,2025-08-21,1,EGP 3627.21,0.1,Marketplace,cash on delivery,Delivered
ORD-000544,CUST-00073,PRD-00080,07/02/2023,05/07/2023,4,1092.22,0.0,Website,Credit Card,Pending
ORD-000568,CUST-00076,PRD-00020,05-Jan-2025,12-Jan-2025,3,9661.76,0.0,Website,Wallet,Delivered
ORD-001132,CUST-00153,PRD-00005,2025-03-18,2025-03-20,3,5870.09,0.2,Mobile App,Wallet,Cancelled
ORD-005782,CUST-00791,PRD-00187,08/05/2024,11/05/2024,7,5533.15,0.0,Mobile App,Installment,Delivered
ORD-000925,CUST-00129,PRD-00165,2023-10-03,10/09/2023,10,1559.9,0.0,Website,Cash on Delivery,Delivered
ORD-004319,CUST-00601,PRD-00109,2023-03-19,26/03/2023,1,252.4,0.05,Website,Wallet,Pending
ORD-000926,CUST-00129,PRD-00119,01/06/2025,08-Jun-2025,5,898.59,0.15,Website,Cash on Delivery,Pending
ORD-000151,CUST-00021,PRD-00100,07/19/2023,2023-07-22,2,555.91,0.0,Website,Installment,Delivered
ORD-002500,CUST-00344,PRD-00083,05/15/2023,16/05/2023,1,1673.7,0.25,Mobile App,Installment,Delivered
ORD-001210,CUST-00165,PRD-00030,20/01/2023,2023-01-25,1,6643.61,0.0,Marketplace,Credit Card,Delivered
ORD-004394,CUST-00606,PRD-00045,24/11/2023,26/11/2023,2,4956.18,0.05,Mobile App,Wallet,Delivered
ORD-003334,CUST-00460,PRD-00091,01/19/2025,01/22/2025,1,1667.87,0.1,Marketplace,Cash on Delivery,Delivered
ORD-000949,CUST-00131,PRD-00074,10/08/2023,2023-10-14,5,396.44,0.0,Website,Installment,Delivered
ORD-004926,CUST-00670,PRD-00173,13/02/2024,2024-02-20,5,1584.06,0.2,Marketplace,Cash on Delivery,Delivered
ORD-004774,CUST-00653,PRD-00160,08-Oct-2024,2024-10-10,1,214.1,0.1,Marketplace,Cash on Delivery,Delivered
ORD-003122,CUST-00433,PRD-00153,2024-10-15,22-Oct-2024,2,321.69,0.0,Mobile App,Installment,Returned
ORD-003755,CUST-00520,PRD-00007,11/27/2024,30/11/2024,1,EGP 5375.75,0.15,Website,Installment,Pending
ORD-003708,CUST-00512,PRD-00036,30/08/2025,01/09/2025,4,2503.62,0.15,Mobile App,Credit Card,Delivered
ORD-000523,CUST-00071,PRD-00116,24/11/2025,30/11/2025,8,466.13,0.0,Marketplace,wallet,Delivered
ORD-004888,CUST-00666,PRD-00177,2024-01-08,05-Jan-2024,3,5234.78,0.2,Website,Wallet,Delivered
ORD-002863,CUST-00388,PRD-00098,20/04/2025,25/04/2025,1,718.7,0.2,Website,Cash on Delivery,Delivered
ORD-000968,CUST-00133,PRD-00071,05/30/2025,02/06/2025,1,657.42,0.0,Website,Wallet,Pending
ORD-004463,CUST-00614,PRD-00048,02/22/2025,2025-02-27,9,616.54,0.2,Marketplace,Cash on Delivery,Cancelled
ORD-004466,CUST-00615,PRD-00028,31/05/2024,07-Jun-2024,6,6404.22,0.2,Marketplace,Cash on Delivery,Delivered
ORD-003710,CUST-00513,PRD-00124,03-Nov-2024,05-Nov-2024,2,EGP 152.17,0.25,Website,Credit Card,Delivered
ORD-003635,CUST-00498,PRD-00018,05/27/2024,03-Jun-2024,3,8604.46,0.2,Marketplace,Wallet,Delivered
ORD-005525,CUST-00755,PRD-00179,22-May-2025,2025-05-29,3,2311.13,0.0,Website,Cash on Delivery,Delivered
ORD-001416,CUST-00191,PRD-00056,25-Feb-2023,2023-03-03,7,EGP 1260.88,0.15,WEBSITE,Credit Card,Delivered
ORD-004173,CUST-00588,PRD-00060,04-Jan-2024,10/01/2024,1,2586.89,0.2,Website,Cash on Delivery,Delivered
ORD-005308,CUST-00723,PRD-00111,08/28/2025,29/08/2025,9,EGP 291.55,0.0,Mobile App,Wallet,Delivered
ORD-004748,CUST-00650,PRD-00068,04/01/2023,03-Apr-2023,1,1186.92,0.0,Website,Installment,Delivered
ORD-003717,CUST-00515,PRD-00186,2023-07-02,2023-07-04,9,4878.71,0.15,Marketplace,Cash on Delivery,Delivered
ORD-005531,CUST-00757,PRD-00048,09/15/2023,17/09/2023,5,616.54,0.15,Marketplace,Installment,Cancelled
ORD-001544,CUST-00208,PRD-00165,28-Dec-2024,04-Jan-2025,5,1559.9,0.0,Mobile App,Wallet,Returned
ORD-003470,CUST-00477,PRD-00021,10/24/2025,28-Oct-2025,5,7707.69,0.15,MOBILE APP,Credit Card,Delivered
ORD-003424,CUST-00471,PRD-00053,04/25/2023,02/05/2023,1,933.2,0.0,Website,Cash on Delivery,Cancelled
ORD-005391,CUST-00731,PRD-00058,18-Mar-2023,,1,3308.87,0.2,Mobile App,Installment,Delivered
ORD-004993,CUST-00677,PRD-00085,03/30/2025,05/04/2025,5,265.37,0.0,Website,Installment,Delivered
ORD-001710,CUST-00234,PRD-00147,06/11/2025,12/11/2025,2,222.8,0.05,Marketplace,Wallet,Delivered
ORD-003442,CUST-00473,PRD-00050,16-Jul-2023,,1,6188.03,0.2,Marketplace,Cash on Delivery,Delivered
ORD-002085,CUST-00294,PRD-00019,2024-11-08,14/11/2024,1,5919.72,0.15,Website,Cash on Delivery,Returned
ORD-001685,CUST-00228,PRD-00144,2024-03-25,2024-03-26,1,212.23,0.25,Website,Wallet,Cancelled
ORD-002970,CUST-00411,PRD-00049,24-May-2023,30-May-2023,7,3627.21,0.1,Marketplace,Cash on Delivery,Delivered
ORD-000451,CUST-00059,PRD-00085,12/10/2025,,7,265.37,0.2,Mobile App,Wallet,Cancelled
ORD-004155,CUST-00587,PRD-00054,04/29/2025,03/05/2025,5,EGP 1277.14,0.0,Website,Credit Card,Delivered
ORD-003089,CUST-00430,PRD-00125,23/07/2024,07/27/2024,1,151.72,0.15,Website,Cash on Delivery,Delivered
ORD-004432,CUST-00611,PRD-00104,2024-10-29,30-Oct-2024,8,698.62,0.0,Marketplace,Wallet,Delivered
ORD-001688,CUST-00228,PRD-00133,10/03/2025,10/05/2025,4,174.99,0.0,Mobile App,Credit Card,Pending
ORD-000453,CUST-00060,PRD-00165,2025-10-05,06-Oct-2025,5,1559.9,0.0,Marketplace,Wallet,Delivered
ORD-000359,CUST-00043,PRD-00175,13-Jun-2025,,8,3144.98,0.25,Website,cash on delivery,Delivered
ORD-002257,CUST-00316,PRD-00064,13-Dec-2024,,5,1338.56,0.05,Marketplace,Cash on Delivery,Returned
ORD-000357,CUST-00043,PRD-00130,2024-04-10,16/04/2024,7,93.92,0.25,Mobile App,Credit Card,Cancelled
ORD-003550,CUST-00487,PRD-00171,2025-08-31,03-Sep-2025,5,1117.84,0.15,Marketplace,Credit Card,Returned
ORD-001202,CUST-00165,PRD-00087,2025-01-23,2025-01-28,3,937.05,0.05,Website,cash on delivery,Delivered
ORD-003127,CUST-00434,PRD-00114,02/18/2024,23/02/2024,1,864.91,0.2,Website,Cash on Delivery,Pending
ORD-002000,CUST-00285,PRD-00090,26/02/2023,2023-03-05,5,1391.99,0.25,Marketplace,Wallet,Delivered
ORD-004608,CUST-00631,PRD-00153,2023-08-05,10/08/2023,3,321.69,0.0,WEBSITE,Credit Card,Pending
ORD-003766,CUST-00521,PRD-00157,04/29/2023,03-May-2023,5,186.52,0.1,Website,Cash on Delivery,Delivered
ORD-000295,CUST-00038,PRD-00147,04/17/2023,18/04/2023,10,222.8,0.15,Mobile App,installment,Delivered
ORD-000741,CUST-00099,PRD-00014,30-Oct-2023,11/03/2023,5,3474.75,0.0,Marketplace,Installment,Delivered
ORD-002542,CUST-00351,PRD-00063,11/19/2024,21-Nov-2024,2,3118.2,0.0,Marketplace,Wallet,Cancelled
ORD-000795,CUST-00106,PRD-00181,09/02/2024,15-Feb-2024,6,7757.56,0.0,Marketplace,Cash on Delivery,Delivered
ORD-001740,CUST-00238,PRD-00168,2023-04-05,10/04/2023,10,3279.73,0.0,Marketplace,Installment,Delivered
ORD-002471,CUST-00341,PRD-00029,19/05/2024,18-May-2024,6,1141.21,0.25,Mobile App,Credit Card,Delivered
ORD-004136,CUST-00585,PRD-00163,09/08/2024,11-Aug-2024,6,5049.75,0.25,Mobile App,Installment,Returned
ORD-003044,CUST-00425,PRD-00065,2023-02-12,17-Feb-2023,3,EGP 1220.64,0.15,Marketplace,Installment,Pending
ORD-005108,CUST-00695,PRD-00167,12/20/2025,25/12/2025,3,741.81,0.0,MARKETPLACE,Credit Card,Delivered
ORD-000976,CUST-00133,PRD-00084,27-Aug-2023,03/09/2023,3,600.09,0.15,Mobile App,Wallet,Delivered
ORD-000715,CUST-00098,PRD-00130,11/25/2023,11/29/2023,3,93.92,0.05,Mobile App,Installment,Delivered
ORD-004545,CUST-00625,PRD-00065,2024-07-24,07/30/2024,9,1220.64,0.0,Marketplace,Cash on Delivery,Delivered
ORD-002714,CUST-00372,PRD-00172,20/10/2023,23-Oct-2023,5,4391.94,0.0,MARKETPLACE,Wallet,Returned
ORD-005280,CUST-00720,PRD-00141,05/05/2024,08-May-2024,3,265.4,0.2,Marketplace,Cash on Delivery,Pending
ORD-003042,CUST-00424,PRD-00045,19-Nov-2025,2025-11-22,3,4956.18,0.25,Website,Cash on Delivery,Delivered
ORD-005825,CUST-00799,PRD-00072,2024-08-10,13/08/2024,5,2087.47,0.2,Marketplace,cash on delivery,Delivered
ORD-003901,CUST-00547,PRD-00164,03-Jul-2025,05/07/2025,4,6039.64,0.25,Mobile App,Installment,Returned
ORD-003075,CUST-00429,PRD-00178,18-Jul-2023,,7,583.55,0.2,Website,Credit Card,Cancelled
ORD-005058,CUST-00687,PRD-00163,2024-10-01,,3,5049.75,0.25,WEBSITE,Wallet,Delivered
ORD-001315,CUST-00176,PRD-00079,17/06/2023,22/06/2023,3,646.3,0.0,Marketplace,Credit Card,Delivered
ORD-002660,CUST-00367,PRD-00102,09-Aug-2025,10-Aug-2025,6,833.67,0.05,Mobile App,Credit Card,Delivered
ORD-005109,CUST-00695,PRD-00138,23-Jun-2025,26-Jun-2025,5,293.11,0.1,Mobile App,Cash on Delivery,Pending
ORD-003855,CUST-00540,PRD-00177,11/17/2024,21/11/2024,5,EGP 5234.78,0.25,Marketplace,Installment,Delivered
ORD-004574,CUST-00629,PRD-00045,22-Oct-2023,10/29/2023,1,EGP 4956.18,0.1,Website,Cash on Delivery,Pending
ORD-001082,CUST-00147,PRD-00029,04-Jan-2023,05-Jan-2023,1,1141.21,0.1,Marketplace,Installment,Delivered
ORD-003015,CUST-00418,PRD-00062,12/18/2024,12/19/2024,5,271.83,0.15,Marketplace,Credit Card,Delivered
ORD-005683,CUST-00778,PRD-00046,17/07/2023,18/07/2023,5,1161.95,0.0,Website,Installment,Pending
ORD-002818,CUST-00381,PRD-00174,14-Mar-2025,03/15/2025,3,2379.8,0.0,Marketplace,Wallet,Delivered
ORD-004431,CUST-00611,PRD-00060,2024-04-29,05/01/2024,8,2586.89,0.0,MOBILE APP,Cash on Delivery,Delivered
ORD-000710,CUST-00097,PRD-00006,06/30/2024,07/03/2024,1,4094.1,0.1,MOBILE APP,Cash on Delivery,Delivered
ORD-001395,CUST-00189,PRD-00078,12/11/2024,12/18/2024,4,803.87,,Website,Credit Card,Delivered
ORD-004703,CUST-00643,PRD-00043,09/16/2024,,2,670.88,0.2,Marketplace,Wallet,Cancelled
ORD-002155,CUST-00302,PRD-00155,11/16/2023,11/17/2023,9,EGP 228.62,0.0,Mobile App,Installment,Delivered
ORD-001347,CUST-00180,PRD-00062,22-Jul-2025,28/07/2025,4,271.83,0.0,Marketplace,Cash on Delivery,Delivered
ORD-000176,CUST-00023,PRD-00011,02/02/2024,07/02/2024,5,2785.74,,Mobile App,Wallet,Delivered
ORD-000279,CUST-00037,PRD-00102,13-Oct-2024,10/14/2024,3,833.67,0.2,Mobile App,Wallet,Delivered
ORD-004640,CUST-00635,PRD-00010,08/16/2025,2025-08-19,5,2297.75,0.1,Mobile App,Credit Card,Pending
ORD-001208,CUST-00165,PRD-00138,2023-11-02,,1,293.11,0.2,Website,Credit Card,Delivered
ORD-004635,CUST-00635,PRD-00182,31/07/2025,2025-08-06,5,4312.02,0.05,Website,installment,Delivered
ORD-002353,CUST-00329,PRD-00062,06/24/2023,2023-06-30,6,271.83,0.2,Marketplace,Credit Card,Delivered
ORD-000282,CUST-00038,PRD-00120,09/16/2023,19/09/2023,3,538.56,0.25,Website,Credit Card,Pending
ORD-003704,CUST-00512,PRD-00119,04/15/2024,16-Apr-2024,1,898.59,0.0,Marketplace,Cash on Delivery,Returned
ORD-003180,CUST-00439,PRD-00169,06/04/2025,09-Apr-2025,5,EGP 3779.35,0.1,Mobile App,Cash on Delivery,Delivered
ORD-001821,CUST-00252,PRD-00142,11-Jul-2024,2024-07-12,3,29.02,0.0,Mobile App,Credit Card,Delivered
ORD-000163,CUST-00022,PRD-00171,21/05/2025,27/05/2025,3,1117.84,0.25,Marketplace,Wallet,Delivered
ORD-002102,CUST-00295,PRD-00156,09/11/2025,2025-11-10,7,250.31,0.0,Website,Wallet,Pending
ORD-002451,CUST-00340,PRD-00078,01/03/2024,05-Jan-2024,2,803.87,0.2,Website,installment,Delivered
ORD-005550,CUST-00761,PRD-00080,30/08/2024,09/05/2024,4,1092.22,0.25,Mobile App,wallet,Pending
ORD-004903,CUST-00667,PRD-00089,03/04/2025,04/07/2025,5,370.11,0.1,Mobile App,Credit Card,Delivered
ORD-005641,CUST-00773,PRD-00045,2025-11-05,2025-11-06,5,4956.18,0.0,Website,Wallet,Delivered
ORD-002961,CUST-00410,PRD-00100,12/22/2023,2023-12-25,1,555.91,0.1,Website,Installment,Cancelled
ORD-001117,CUST-00153,PRD-00080,08-Mar-2024,2024-03-15,6,1092.22,0.25,Marketplace,Credit Card,Delivered
ORD-005539,CUST-00758,PRD-00091,2023-11-29,2023-12-06,9,1667.87,0.0,Website,Installment,Returned
ORD-005619,CUST-00771,PRD-00020,10/04/2024,04/16/2024,8,9661.76,0.05,Website,Installment,Delivered
ORD-005235,CUST-00713,PRD-00066,07/02/2023,06/07/2023,2,531.75,0.1,Mobile App,Cash on Delivery,Delivered
ORD-002316,CUST-00322,PRD-00107,19/05/2023,22-May-2023,3,803.85,0.0,Mobile App,Installment,Returned
ORD-002296,CUST-00319,PRD-00032,2025-04-08,11-Apr-2025,10,1547.2,0.15,Website,Wallet,Delivered
ORD-003058,CUST-00425,PRD-00163,03-Oct-2024,2024-10-09,5,5049.75,0.0,MOBILE APP,Installment,Delivered
ORD-004152,CUST-00587,PRD-00048,10/10/2025,17-Oct-2025,6,616.54,0.25,Website,Wallet,Delivered
ORD-005075,CUST-00690,PRD-00003,28/07/2023,2023-08-04,5,1534.69,0.0,Mobile App,Credit Card,Cancelled
ORD-005437,CUST-00741,PRD-00041,04/04/2025,,5,1168.7,0.25,Mobile App,Cash on Delivery,Delivered
  ORD-004473  ,CUST-00617,PRD-00174,2024-06-30,07/04/2024,4,EGP 2379.8,0.0,Marketplace,Cash on Delivery,Delivered
ORD-001913,CUST-00268,PRD-00066,17-Sep-2023,23/09/2023,5,531.75,0.0,Website,Cash on Delivery,Pending
ORD-000765,CUST-00101,PRD-00009,07-Jul-2023,07/12/2023,2,1433.71,0.15,Website,Wallet,Delivered
ORD-002417,CUST-00336,PRD-00153,02-Nov-2025,11/05/2025,10,321.69,0.0,Mobile App,Installment,Pending
ORD-002775,CUST-00376,PRD-00180,2023-03-19,2023-03-24,3,6579.05,0.15,Marketplace,Wallet,Cancelled
ORD-000039,CUST-00006,PRD-00001,03/14/2025,2025-03-21,3,3019.28,0.15,Mobile App,Wallet,Returned
ORD-004433,CUST-00611,PRD-00116,2024-09-30,01-Oct-2024,4,466.13,0.0,Mobile App,Cash on Delivery,Delivered
ORD-003986,CUST-00560,PRD-00146,2024-04-22,04/28/2024,4,EGP 194.39,0.0,Marketplace,Installment,Returned
ORD-003618,CUST-00497,PRD-00147,23-Feb-2025,2025-02-24,10,222.8,0.1,Website,Cash on Delivery,Delivered
ORD-005129,CUST-00698,PRD-00017,26/08/2024,08/30/2024,2,EGP 4224.65,0.2,Mobile App,Credit Card,Delivered
ORD-005407,CUST-00735,PRD-00092,2023-10-28,2023-10-31,4,727.52,0.0,Mobile App,Cash on Delivery,Delivered
ORD-002934,CUST-00405,PRD-00004,23-Jan-2025,24/01/2025,3,3744.22,0.0,Website,Credit Card,Cancelled
ORD-003184,CUST-00440,PRD-00172,03/15/2024,03/21/2024,4,4391.94,0.0,Marketplace,Cash on Delivery,Returned
ORD-002967,CUST-00411,PRD-00039,2025-03-05,2025-03-09,3,2748.05,0.0,Website,Installment,Delivered
ORD-004801,CUST-00656,PRD-00051,16/12/2025,20-Dec-2025,3,4568.48,0.2,Marketplace,Credit Card,Delivered
  ORD-000356  ,CUST-00043,PRD-00019,2025-12-08,15/12/2025,6,EGP 5919.72,0.25,Marketplace,Wallet,Delivered
ORD-004218,CUST-00590,PRD-00123,19-Jun-2025,26/06/2025,10,83.93,0.0,Mobile App,Cash on Delivery,Pending
ORD-005078,CUST-00691,PRD-00140,05-Oct-2025,12/10/2025,1,168.61,0.0,Website,Cash on Delivery,Delivered
ORD-002638,CUST-00362,PRD-00108,03-Feb-2024,02/05/2024,5,230.98,0.0,Mobile App,Installment,Pending
ORD-005501,CUST-00752,PRD-00059,10-Mar-2024,12/03/2024,1,1565.88,0.0,Website,Installment,Delivered
ORD-003779,CUST-00523,PRD-00011,02-Apr-2024,2024-04-05,7,2785.74,0.05,Marketplace,Wallet,Returned
ORD-000042,CUST-00006,PRD-00083,18-Jun-2024,19/06/2024,4,1673.7,0.0,Marketplace,Installment,Delivered
ORD-004973,CUST-00673,PRD-00093,28-Apr-2025,30-Apr-2025,4,327.87,0.1,Marketplace,Installment,Pending
ORD-004648,CUST-00636,PRD-00030,01/21/2024,22/01/2024,4,6643.61,0.0,Mobile App,Credit Card,Delivered
ORD-002550,CUST-00353,PRD-00009,04/01/2025,02/04/2025,4,1433.71,0.0,Marketplace,Credit Card,Delivered
ORD-002852,CUST-00388,PRD-00159,03/12/2025,03/18/2025,5,195.16,0.1,Website,Wallet,Cancelled
ORD-004242,CUST-00593,PRD-00163,02/25/2025,,4,5049.75,0.0,Mobile App,Cash on Delivery,Delivered
ORD-001399,CUST-00190,PRD-00011,10/02/2023,2023-02-17,4,2785.74,0.05,Mobile App,cash on delivery,Delivered
ORD-002515,CUST-00347,PRD-00167,25-Aug-2024,08/26/2024,6,741.81,0.05,Website,Installment,Delivered
ORD-001899,CUST-00265,PRD-00126,12/28/2023,01/01/2024,3,340.64,0.05,Mobile App,Cash on Delivery,Delivered
ORD-003737,CUST-00517,PRD-00036,2024-06-25,06/29/2024,2,2503.62,,Website,Credit Card,Delivered
ORD-005143,CUST-00699,PRD-00015,12/13/2025,2025-12-19,9,5715.8,0.0,Website,Installment,Pending
ORD-002903,CUST-00401,PRD-00064,24-May-2023,2023-05-25,7,1338.56,0.0,Website,Credit Card,Delivered
ORD-004277,CUST-00598,PRD-00040,2025-01-27,28-Jan-2025,1,1977.22,0.0,MARKETPLACE,Credit Card,Returned
ORD-001140,CUST-00155,PRD-00018,17/08/2024,2024-08-23,5,8604.46,,Website,Cash on Delivery,Pending
ORD-001365,CUST-00182,PRD-00005,07-Aug-2025,10/08/2025,8,5870.09,0.0,Website,Wallet,Cancelled
ORD-001403,CUST-00190,PRD-00027,25-Nov-2025,11/28/2025,2,6528.78,0.0,Website,Cash on Delivery,Delivered
ORD-003906,CUST-00547,PRD-00184,06-Sep-2024,09/13/2024,3,2621.44,0.0,Website,Cash on Delivery,Pending
ORD-004481,CUST-00617,PRD-00139,08-Jul-2023,12/07/2023,2,195.93,0.2,Website,Wallet,Delivered
ORD-002555,CUST-00353,PRD-00004,21-Mar-2025,22/03/2025,3,EGP 3744.22,0.25,Mobile App,Wallet,Cancelled
ORD-003571,CUST-00491,PRD-00026,2023-12-07,08-Dec-2023,5,13374.87,0.2,Mobile App,Credit Card,Returned
ORD-003859,CUST-00540,PRD-00028,04/11/2025,05-Nov-2025,4,6404.22,0.15,Website,credit card,Delivered
ORD-005170,CUST-00702,PRD-00014,01/19/2024,2024-01-23,2,3474.75,0.2,Website,wallet,Delivered
ORD-000412,CUST-00056,PRD-00095,2024-03-16,2024-03-17,3,493.89,0.0,Marketplace,Cash on Delivery,Delivered
ORD-004805,CUST-00656,PRD-00041,25-Dec-2023,27-Dec-2023,3,1168.7,0.0,WEBSITE,Wallet,Pending
ORD-002582,CUST-00355,PRD-00127,2024-12-08,13-Dec-2024,4,EGP 252.66,0.0,Mobile App,Credit Card,Delivered
ORD-001694,CUST-00230,PRD-00022,27-Oct-2024,28-Oct-2024,2,14193.82,0.05,Website,Cash on Delivery,Delivered
ORD-001244,CUST-00169,PRD-00049,2024-11-09,11/10/2024,5,3627.21,0.0,Marketplace,Wallet,Delivered
ORD-003536,CUST-00487,PRD-00170,11/11/2023,12/11/2023,3,EGP 7690.28,0.0,Marketplace,Credit Card,Returned
ORD-000583,CUST-00079,PRD-00024,2025-03-22,23-Mar-2025,4,8840.39,0.15,Website,Installment,Delivered
ORD-000187,CUST-00025,PRD-00153,2025-10-12,2025-10-13,3,EGP 321.69,0.15,Marketplace,Wallet,Cancelled
ORD-005590,CUST-00765,PRD-00175,08/03/2024,2024-08-07,5,3144.98,0.0,Website,Credit Card,Delivered
ORD-001993,CUST-00284,PRD-00105,02/13/2023,2023-02-15,2,EGP 840.93,0.15,Mobile App,Cash on Delivery,Delivered
ORD-002619,CUST-00358,PRD-00124,26/01/2024,02/02/2024,3,152.17,0.05,Marketplace,Wallet,Delivered
ORD-003322,CUST-00459,PRD-00059,2024-12-06,12/12/2024,4,1565.88,0.1,Marketplace,installment,Delivered
ORD-000662,CUST-00088,PRD-00115,2023-02-23,26-Feb-2023,4,290.78,0.15,Mobile App,Wallet,Delivered
ORD-004928,CUST-00670,PRD-00032,07-Mar-2025,12-Mar-2025,1,1547.2,0.0,Mobile App,Installment,Delivered
ORD-005828,CUST-00799,PRD-00053,06-May-2024,08-May-2024,7,EGP 933.2,0.0,Mobile App,Wallet,Pending
ORD-000617,CUST-00083,PRD-00130,2024-10-03,2024-10-06,2,93.92,0.0,Website,Cash on Delivery,Delivered
ORD-001092,CUST-00149,PRD-00127,11/12/2023,12/12/2023,5,EGP 252.66,0.05,Mobile App,Wallet,Pending
ORD-004502,CUST-00620,PRD-00032,12-Mar-2025,,3,1547.2,0.2,Marketplace,Wallet,Delivered
ORD-003319,CUST-00459,PRD-00150,2023-11-13,11/19/2023,5,84.86,0.2,Website,Wallet,Pending
ORD-000046,CUST-00006,PRD-00156,2024-11-20,24/11/2024,1,250.31,0.15,MARKETPLACE,Wallet,Cancelled
ORD-004987,CUST-00677,PRD-00003,06/24/2025,01/07/2025,5,1534.69,0.0,Marketplace,Installment,Delivered
ORD-000957,CUST-00132,PRD-00146,02-Jun-2023,09/06/2023,7,194.39,0.05,Marketplace,Wallet,Cancelled
ORD-002629,CUST-00361,PRD-00185,2024-05-26,2024-05-31,9,EGP 2013.53,0.1,Website,Credit Card,Pending
ORD-005377,CUST-00731,PRD-00052,08/19/2024,20/08/2024,1,4557.53,0.0,Website,Credit Card,Cancelled
ORD-005433,CUST-00740,PRD-00121,2025-05-04,05/11/2025,9,307.1,0.0,Marketplace,Installment,Delivered
  ORD-004442  ,CUST-00612,PRD-00068,01/27/2024,29-Jan-2024,10,1186.92,,Marketplace,Wallet,Delivered
ORD-001535,CUST-00207,PRD-00128,2024-01-10,01/15/2024,9,812.88,0.0,Website,Installment,Delivered
ORD-003170,CUST-00437,PRD-00152,2024-06-25,29/06/2024,1,23.7,,Mobile App,Installment,Pending
ORD-003650,CUST-00502,PRD-00115,15-Jun-2024,2024-06-19,4,290.78,,Website,Wallet,Delivered
ORD-004335,CUST-00603,PRD-00092,2024-07-24,07/29/2024,3,727.52,0.2,Website,Installment,Cancelled
ORD-003680,CUST-00506,PRD-00188,19/11/2024,11/24/2024,5,235.83,0.2,Website,Cash on Delivery,Delivered
  ORD-005346  ,CUST-00729,PRD-00078,14-Mar-2025,13-Mar-2025,4,EGP 803.87,0.15,Mobile App,wallet,Delivered
ORD-001185,CUST-00163,PRD-00185,12/09/2023,2023-09-13,2,2013.53,0.15,Marketplace,Cash on Delivery,Returned
ORD-005461,CUST-00744,PRD-00079,27/07/2023,31/07/2023,3,646.3,0.0,Marketplace,Installment,Delivered
ORD-001354,CUST-00181,PRD-00136,2024-04-01,04/04/2024,2,310.7,0.05,Mobile App,Cash on Delivery,Delivered
ORD-005712,CUST-00782,PRD-00140,2023-03-24,27/03/2023,4,168.61,0.15,Mobile App,Installment,Delivered
ORD-001459,CUST-00201,PRD-00050,05/06/2023,05/09/2023,7,EGP 6188.03,0.15,Website,Cash on Delivery,Delivered
ORD-003324,CUST-00459,PRD-00134,2023-03-12,15-Mar-2023,3,165.0,0.0,Mobile App,Installment,Delivered
ORD-003104,CUST-00431,PRD-00170,06/04/2025,11-Jun-2025,4,7690.28,0.05,Website,Cash on Delivery,Delivered
ORD-003168,CUST-00437,PRD-00139,2025-03-21,2025-03-25,4,195.93,0.0,Marketplace,Installment,Cancelled
ORD-003762,CUST-00521,PRD-00032,2024-09-25,09/30/2024,8,1547.2,0.0,Mobile App,Installment,Delivered
ORD-005074,CUST-00690,PRD-00140,2024-02-14,,2,168.61,0.0,Marketplace,Credit Card,Delivered
ORD-002074,CUST-00292,PRD-00087,11/26/2024,30/11/2024,1,937.05,,Marketplace,Cash on Delivery,Delivered
ORD-000493,CUST-00067,PRD-00025,2024-11-06,10/11/2024,2,15750.99,0.1,Marketplace,Installment,Returned
ORD-003847,CUST-00539,PRD-00066,2024-12-18,,3,531.75,0.1,Mobile App,Wallet,Delivered
ORD-004628,CUST-00635,PRD-00035,17-Feb-2025,20/02/2025,4,4561.67,0.1,Website,Credit Card,Delivered
ORD-004064,CUST-00570,PRD-00132,2024-04-10,,4,436.68,0.2,Marketplace,Wallet,Returned
ORD-000084,CUST-00010,PRD-00056,13/09/2024,18-Sep-2024,3,1260.88,0.05,Mobile App,Cash on Delivery,Pending
ORD-001421,CUST-00191,PRD-00167,2023-06-16,22-Jun-2023,10,741.81,0.1,Website,Cash on Delivery,Returned
ORD-003735,CUST-00516,PRD-00072,28-Mar-2025,31-Mar-2025,3,2087.47,0.25,Website,Wallet,Delivered
ORD-000563,CUST-00075,PRD-00002,2023-03-31,04/06/2023,1,9414.07,0.0,Marketplace,Cash on Delivery,Delivered
ORD-005121,CUST-00697,PRD-00069,24-May-2025,30/05/2025,4,EGP 1039.35,0.0,Website,Credit Card,Cancelled
ORD-002949,CUST-00408,PRD-00044,2025-03-04,11/03/2025,4,3309.62,0.15,Marketplace,Cash on Delivery,Returned
ORD-001084,CUST-00147,PRD-00048,29-Jul-2024,03/08/2024,1,EGP 616.54,0.05,Mobile App,Credit Card,Pending
ORD-000534,CUST-00073,PRD-00001,08/27/2025,01-Sep-2025,5,3019.28,0.0,Marketplace,Installment,Delivered
  ORD-000975  ,CUST-00133,PRD-00040,2025-06-12,2025-06-16,2,1977.22,0.25,Marketplace,Installment,Cancelled
ORD-002908,CUST-00401,PRD-00172,13-May-2025,2025-05-15,9,4391.94,0.0,Marketplace,Installment,Returned
ORD-004083,CUST-00575,PRD-00125,10-May-2023,05/17/2023,4,151.72,0.15,Marketplace,Credit Card,Cancelled
ORD-000035,CUST-00005,PRD-00146,02/19/2024,26/02/2024,3,194.39,0.05,Mobile App,Credit Card,Pending
ORD-003727,CUST-00516,PRD-00130,14-May-2025,05/15/2025,4,93.92,0.0,Website,Wallet,Delivered
ORD-003451,CUST-00475,PRD-00133,2023-11-20,2023-11-25,3,174.99,0.0,Marketplace,Credit Card,Returned
ORD-001960,CUST-00279,PRD-00106,2023-01-09,01/15/2023,4,1124.04,0.25,WEBSITE,Cash on Delivery,Delivered
ORD-000771,CUST-00101,PRD-00103,2023-11-04,11-Nov-2023,5,275.52,0.15,Marketplace,Cash on Delivery,Delivered
ORD-003805,CUST-00528,PRD-00087,08/24/2023,26/08/2023,3,937.05,0.05,Marketplace,Installment,Cancelled
ORD-004946,CUST-00671,PRD-00011,08/31/2025,02/09/2025,5,2785.74,0.0,Mobile App,Wallet,Cancelled
ORD-001992,CUST-00284,PRD-00157,2025-03-26,02-Apr-2025,1,186.52,0.1,Marketplace,Credit Card,Delivered
ORD-002900,CUST-00399,PRD-00099,08/05/2024,2024-05-10,3,152.23,0.0,Mobile App,Credit Card,Cancelled
ORD-003328,CUST-00459,PRD-00050,2024-02-01,2024-02-04,5,6188.03,0.0,MOBILE APP,Credit Card,Delivered
ORD-001356,CUST-00182,PRD-00022,17-Aug-2024,19-Aug-2024,8,14193.82,0.0,Website,Credit Card,Cancelled
ORD-003840,CUST-00538,PRD-00027,12/21/2024,26/12/2024,1,6528.78,0.0,Mobile App,Credit Card,Delivered
ORD-005610,CUST-00769,PRD-00045,2024-11-21,2024-11-25,4,4956.18,0.05,Website,Wallet,Delivered
ORD-005488,CUST-00751,PRD-00158,2023-04-16,17-Apr-2023,5,308.65,0.1,Website,Installment,Cancelled
ORD-001124,CUST-00153,PRD-00067,03/05/2024,07/05/2024,9,1590.28,0.1,Website,Installment,Delivered
ORD-000340,CUST-00042,PRD-00119,24-Nov-2024,27-Nov-2024,3,EGP 898.59,0.15,Website,Credit Card,Delivered
ORD-004842,CUST-00661,PRD-00073,05-Jun-2023,08/06/2023,7,2603.44,0.25,Website,Cash on Delivery,Delivered
ORD-000752,CUST-00100,PRD-00018,15-Mar-2025,22-Mar-2025,5,8604.46,0.0,Marketplace,Credit Card,Pending
ORD-002579,CUST-00355,PRD-00076,11/03/2024,2024-03-18,8,2045.06,0.0,Marketplace,Wallet,Returned
ORD-003497,CUST-00482,PRD-00141,03/12/2023,17-Mar-2023,1,265.4,0.05,Website,Installment,Delivered
ORD-002473,CUST-00342,PRD-00154,08/22/2024,2024-08-25,4,175.83,0.25,Marketplace,Installment,Delivered
ORD-003150,CUST-00437,PRD-00001,2024-08-27,08/28/2024,1,3019.28,0.15,Marketplace,Credit Card,Returned
ORD-003014,CUST-00418,PRD-00138,07/22/2024,2024-07-23,9,293.11,0.0,Website,Cash on Delivery,Pending
ORD-001281,CUST-00173,PRD-00168,01/14/2023,19-Jan-2023,7,3279.73,0.0,Mobile App,Wallet,Delivered
ORD-004870,CUST-00665,PRD-00072,10/11/2024,2024-10-15,2,EGP 2087.47,0.25,Marketplace,Installment,Delivered
ORD-002334,CUST-00326,PRD-00158,2025-03-11,03/16/2025,5,308.65,0.05,Marketplace,Wallet,Cancelled
ORD-000717,CUST-00098,PRD-00030,19-Feb-2024,2024-02-21,6,6643.61,0.15,Website,Installment,Pending
ORD-003689,CUST-00509,PRD-00091,17-Sep-2024,2024-09-19,2,EGP 1667.87,0.0,Website,Credit Card,Delivered
ORD-005549,CUST-00761,PRD-00176,12/05/2025,2025-05-17,3,3014.74,0.15,Mobile App,installment,Delivered
ORD-004497,CUST-00618,PRD-00171,09-Sep-2025,11/09/2025,5,1117.84,0.0,Website,Credit Card,Delivered
ORD-001843,CUST-00256,PRD-00084,27/01/2023,01/28/2023,3,600.09,0.25,Marketplace,Credit Card,Returned
ORD-001569,CUST-00210,PRD-00039,06/18/2024,20/06/2024,5,EGP 2748.05,0.2,MOBILE APP,Credit Card,Returned
ORD-004534,CUST-00624,PRD-00064,09-Oct-2023,2023-10-12,1,1338.56,0.25,Website,Wallet,Delivered
ORD-001283,CUST-00173,PRD-00103,29/04/2023,05/01/2023,3,275.52,0.0,Website,Cash on Delivery,Delivered
ORD-003525,CUST-00485,PRD-00073,02-Jun-2024,2024-06-08,1,2603.44,0.1,Marketplace,Credit Card,Delivered
ORD-001698,CUST-00230,PRD-00062,06-Dec-2023,12/10/2023,3,271.83,0.25,Marketplace,Installment,Pending
ORD-005797,CUST-00794,PRD-00054,17/02/2025,02/23/2025,6,1277.14,0.15,Mobile App,Installment,Delivered
ORD-001470,CUST-00202,PRD-00156,11/06/2024,2024-06-18,2,250.31,0.0,Mobile App,Credit Card,Pending
ORD-004857,CUST-00664,PRD-00031,2023-02-10,02/17/2023,5,376.78,0.0,Mobile App,Cash on Delivery,Delivered
ORD-003020,CUST-00419,PRD-00134,12/30/2024,2025-01-01,5,165.0,0.25,Marketplace,Installment,Delivered
ORD-001441,CUST-00195,PRD-00123,17/03/2025,03/20/2025,5,83.93,0.0,Website,Cash on Delivery,Delivered
ORD-004675,CUST-00640,PRD-00081,07/27/2024,07/30/2024,9,2904.61,0.05,Mobile App,Cash on Delivery,Delivered
ORD-003099,CUST-00431,PRD-00029,2025-10-12,10/17/2025,5,1141.21,0.0,Mobile App,Credit Card,Delivered
ORD-003393,CUST-00467,PRD-00045,01/03/2024,01/10/2024,5,EGP 4956.18,0.0,Marketplace,Cash on Delivery,Delivered
ORD-001492,CUST-00205,PRD-00171,13-Apr-2024,19-Apr-2024,4,1117.84,0.1,Website,Installment,Cancelled
ORD-004722,CUST-00645,PRD-00043,2023-07-24,07/31/2023,5,670.88,0.05,Marketplace,Installment,Cancelled
ORD-003638,CUST-00498,PRD-00162,07/07/2024,13/07/2024,2,1009.35,0.0,Website,Wallet,Delivered
ORD-005733,CUST-00785,PRD-00083,11-Feb-2024,15/02/2024,1,1673.7,0.15,Marketplace,Credit Card,Delivered
ORD-002849,CUST-00387,PRD-00182,2025-03-04,2025-03-08,5,EGP 4312.02,0.1,Marketplace,Installment,Returned
ORD-001844,CUST-00256,PRD-00129,12/13/2024,20-Dec-2024,3,23.89,0.0,Website,Installment,Delivered
ORD-005569,CUST-00763,PRD-00175,21/12/2024,2024-12-23,2,3144.98,0.15,Marketplace,Installment,Delivered
ORD-004846,CUST-00661,PRD-00175,25-Jun-2024,02-Jul-2024,6,3144.98,0.0,Marketplace,Cash on Delivery,Pending
ORD-003413,CUST-00471,PRD-00041,2025-12-11,13-Dec-2025,4,1168.7,0.0,Mobile App,Cash on Delivery,Delivered
ORD-002613,CUST-00357,PRD-00007,21/12/2025,25/12/2025,3,5375.75,0.15,Website,Credit Card,Delivered
ORD-003880,CUST-00544,PRD-00069,23-Jan-2024,28/01/2024,2,1039.35,0.0,Marketplace,Installment,Delivered
ORD-003232,CUST-00447,PRD-00090,30/08/2025,31-Aug-2025,5,1391.99,0.0,Mobile App,Credit Card,Cancelled
ORD-004511,CUST-00621,PRD-00010,13-Sep-2025,09/19/2025,2,2297.75,0.0,Marketplace,Credit Card,Delivered
ORD-000155,CUST-00022,PRD-00076,20-Dec-2023,22-Dec-2023,8,EGP 2045.06,0.15,Marketplace,Cash on Delivery,Delivered
ORD-004209,CUST-00590,PRD-00161,10/26/2024,28/10/2024,6,1342.19,0.15,Website,Credit Card,Delivered
  ORD-002916  ,CUST-00401,PRD-00056,02/10/2023,2023-10-03,4,1260.88,0.05,Marketplace,Wallet,Delivered
ORD-002744,CUST-00373,PRD-00015,26-Mar-2023,28/03/2023,5,5715.8,0.0,Mobile App,Credit Card,Delivered
ORD-005696,CUST-00780,PRD-00004,07-Apr-2024,04/09/2024,3,3744.22,0.25,Mobile App,Credit Card,Cancelled
ORD-005211,CUST-00707,PRD-00007,2024-12-28,30/12/2024,9,5375.75,0.0,MOBILE APP,Cash on Delivery,Delivered
ORD-001368,CUST-00183,PRD-00172,2023-07-01,2023-07-05,4,4391.94,0.0,Website,installment,Delivered
ORD-002428,CUST-00336,PRD-00082,18-Mar-2023,20-Mar-2023,5,1269.02,0.2,Website,Installment,Cancelled
ORD-004600,CUST-00630,PRD-00149,13-Mar-2025,2025-03-19,1,93.5,0.15,Marketplace,Wallet,Delivered
ORD-003524,CUST-00485,PRD-00103,01/08/2023,01/10/2023,3,275.52,0.1,Mobile App,Credit Card,Delivered
ORD-002241,CUST-00313,PRD-00112,2025-07-31,2025-08-03,5,422.18,0.25,Website,Credit Card,Delivered
ORD-002640,CUST-00363,PRD-00091,2024-12-23,29/12/2024,6,1667.87,0.1,Website,Installment,Cancelled
ORD-003784,CUST-00526,PRD-00075,21/11/2023,28-Nov-2023,7,576.69,0.2,Marketplace,cash on delivery,Delivered
ORD-003219,CUST-00443,PRD-00027,04-Dec-2025,,5,6528.78,,Marketplace,Cash on Delivery,Pending
ORD-003085,CUST-00430,PRD-00114,2023-11-05,11/08/2023,5,864.91,0.2,MARKETPLACE,Installment,Delivered
ORD-003862,CUST-00540,PRD-00119,10-Jun-2024,12/06/2024,3,898.59,0.15,Mobile App,Cash on Delivery,Delivered
ORD-005451,CUST-00743,PRD-00021,2023-12-22,2023-12-27,5,7707.69,0.0,Website,Credit Card,Delivered
ORD-002664,CUST-00369,PRD-00183,21/03/2024,23/03/2024,5,6588.34,0.15,Website,Installment,Delivered
ORD-001383,CUST-00187,PRD-00002,28/11/2025,12/05/2025,8,EGP 9414.07,0.0,Marketplace,Cash on Delivery,Pending
ORD-004254,CUST-00596,PRD-00107,10/02/2025,09-Oct-2025,4,803.85,0.25,Marketplace,Credit Card,Returned
ORD-001557,CUST-00209,PRD-00023,02/07/2025,08/02/2025,4,11190.64,0.15,Marketplace,Installment,Cancelled
ORD-002883,CUST-00395,PRD-00047,10-Aug-2023,2023-08-13,1,3368.82,0.0,Website,Credit Card,Pending
ORD-002511,CUST-00346,PRD-00142,06/14/2024,,6,29.02,0.25,Marketplace,Credit Card,Delivered
ORD-000459,CUST-00061,PRD-00023,27-Jan-2024,2024-01-28,2,11190.64,0.1,Mobile App,Wallet,Delivered
ORD-004184,CUST-00588,PRD-00060,09-Jul-2023,13-Jul-2023,4,2586.89,0.0,Website,wallet,Returned
ORD-001722,CUST-00236,PRD-00167,05/08/2024,08/08/2024,3,EGP 741.81,0.15,Mobile App,Cash on Delivery,Delivered
ORD-000061,CUST-00007,PRD-00134,04/05/2025,04/12/2025,7,165.0,0.1,Mobile App,Installment,Delivered
ORD-002372,CUST-00333,PRD-00002,11/26/2025,11/30/2025,4,9414.07,0.0,Website,Cash on Delivery,Delivered
ORD-003929,CUST-00553,PRD-00078,15/09/2023,21/09/2023,5,803.87,0.2,Website,Installment,Delivered
ORD-004369,CUST-00604,PRD-00058,15-Aug-2025,17-Aug-2025,3,3308.87,0.25,Marketplace,Wallet,Delivered
ORD-001359,CUST-00182,PRD-00162,27-Aug-2025,2025-09-02,8,1009.35,0.0,Marketplace,Wallet,Delivered
ORD-003362,CUST-00461,PRD-00151,04/28/2025,,4,125.16,0.2,Website,Cash on Delivery,Delivered
ORD-001867,CUST-00260,PRD-00089,2024-06-09,10/06/2024,7,370.11,0.0,Website,Credit Card,Delivered
ORD-000461,CUST-00061,PRD-00082,11/06/2024,13/11/2024,2,1269.02,0.0,Marketplace,Wallet,Cancelled
ORD-001699,CUST-00231,PRD-00148,03/24/2024,03/26/2024,1,63.15,0.0,Marketplace,Installment,Delivered
ORD-004193,CUST-00589,PRD-00176,01/20/2025,2025-01-23,1,3014.74,0.05,Mobile App,Wallet,Delivered
ORD-003101,CUST-00431,PRD-00079,11/13/2025,16-Nov-2025,1,646.3,0.0,Marketplace,Cash on Delivery,Cancelled
ORD-001697,CUST-00230,PRD-00143,12/03/2025,13-Mar-2025,5,174.65,0.0,Website,Installment,Cancelled
ORD-005714,CUST-00782,PRD-00177,09-Aug-2023,2023-08-11,5,5234.78,0.05,Marketplace,Wallet,Delivered
ORD-002933,CUST-00405,PRD-00126,30/09/2025,2025-10-03,2,340.64,0.15,Marketplace,Installment,Pending
ORD-004376,CUST-00605,PRD-00001,2025-06-25,06/28/2025,1,3019.28,0.0,Mobile App,Credit Card,Delivered
ORD-004829,CUST-00658,PRD-00031,2025-03-07,03/13/2025,5,376.78,0.2,Mobile App,cash on delivery,Delivered
ORD-003353,CUST-00461,PRD-00023,16/01/2023,23/01/2023,3,11190.64,0.0,Mobile App,Credit Card,Delivered
  ORD-001428  ,CUST-00193,PRD-00142,08/03/2023,08/09/2023,4,EGP 29.02,0.0,WEBSITE,Installment,Delivered
ORD-002373,CUST-00333,PRD-00107,19-Dec-2024,2024-12-23,10,803.85,0.0,MARKETPLACE,Credit Card,Delivered
ORD-000791,CUST-00105,PRD-00137,2023-10-12,2023-10-14,5,328.81,0.2,Website,Wallet,Cancelled
ORD-000668,CUST-00090,PRD-00141,2024-01-11,15/01/2024,5,265.4,0.0,Mobile App,Cash on Delivery,Delivered
ORD-000317,CUST-00041,PRD-00021,03/20/2025,21-Mar-2025,4,7707.69,0.05,Marketplace,Credit Card,Returned
ORD-001896,CUST-00264,PRD-00176,11/04/2024,14/04/2024,5,3014.74,0.0,Website,Installment,Delivered
ORD-001558,CUST-00209,PRD-00097,12-Dec-2024,13/12/2024,4,EGP 550.73,0.1,Mobile App,Credit Card,Delivered
ORD-003005,CUST-00417,PRD-00156,05/06/2024,,3,250.31,0.0,Marketplace,Cash on Delivery,Delivered
ORD-005313,CUST-00724,PRD-00042,2023-07-04,07-Jul-2023,5,1460.4,0.05,Marketplace,Credit Card,Cancelled
ORD-002439,CUST-00339,PRD-00153,27/05/2023,2023-06-02,3,EGP 321.69,0.0,MOBILE APP,Cash on Delivery,Delivered
ORD-000760,CUST-00101,PRD-00168,03-Nov-2025,09-Nov-2025,3,3279.73,0.2,Marketplace,Cash on Delivery,Delivered
ORD-000757,CUST-00101,PRD-00169,2024-07-18,2024-07-22,2,3779.35,0.2,Website,Installment,Delivered
ORD-002312,CUST-00322,PRD-00090,01/28/2024,01/29/2024,5,EGP 1391.99,0.15,Mobile App,Credit Card,Cancelled
ORD-003119,CUST-00432,PRD-00017,01-Dec-2025,,4,4224.65,0.1,Website,Installment,Returned
ORD-003095,CUST-00430,PRD-00130,29-Nov-2025,02-Dec-2025,3,93.92,0.0,Marketplace,Installment,Delivered
ORD-005068,CUST-00688,PRD-00086,2025-12-18,12/23/2025,9,1754.49,0.2,Mobile App,Cash on Delivery,Delivered
  ORD-004692  ,CUST-00642,PRD-00107,10/26/2024,02-Nov-2024,3,803.85,0.25,Website,Cash on Delivery,Returned
ORD-002103,CUST-00295,PRD-00126,27-Mar-2023,2023-04-03,7,340.64,0.0,Website,wallet,Delivered
ORD-003848,CUST-00540,PRD-00050,17/03/2024,20-Mar-2024,4,6188.03,0.0,Marketplace,Wallet,Delivered
ORD-001107,CUST-00152,PRD-00088,31-Dec-2023,2024-01-05,4,2384.43,,Marketplace,Credit Card,Delivered
ORD-001828,CUST-00254,PRD-00173,03/16/2025,21/03/2025,1,1584.06,0.05,Website,Cash on Delivery,Cancelled
ORD-001747,CUST-00239,PRD-00145,15/12/2023,17/12/2023,6,116.01,0.25,Mobile App,Cash on Delivery,Delivered
ORD-003208,CUST-00441,PRD-00103,04/12/2025,2025-12-07,4,275.52,0.2,Website,Cash on Delivery,Delivered
ORD-001232,CUST-00169,PRD-00055,2025-10-15,10/17/2025,2,2089.61,0.1,Website,Wallet,Delivered
ORD-005477,CUST-00748,PRD-00113,12/02/2024,2024-12-04,4,EGP 719.15,0.2,Website,credit card,Returned
ORD-002336,CUST-00326,PRD-00021,24-Jul-2024,2024-07-30,3,7707.69,0.15,Mobile App,Wallet,Cancelled
ORD-005821,CUST-00798,PRD-00180,2023-01-06,2023-01-08,2,6579.05,0.0,Marketplace,Installment,Returned
ORD-005018,CUST-00682,PRD-00024,23/08/2023,08/27/2023,3,8840.39,0.0,Marketplace,Wallet,Cancelled
ORD-002380,CUST-00333,PRD-00151,2023-06-12,2023-06-14,4,125.16,0.0,Marketplace,Installment,Returned
ORD-001921,CUST-00269,PRD-00018,12/13/2025,2025-12-15,5,8604.46,0.0,Mobile App,Credit Card,Delivered
ORD-004586,CUST-00629,PRD-00007,19-Sep-2024,25/09/2024,1,5375.75,0.15,Mobile App,Wallet,Delivered
ORD-003230,CUST-00445,PRD-00008,2024-10-07,12-Oct-2024,8,13998.23,0.1,Marketplace,Credit Card,Delivered
ORD-005616,CUST-00770,PRD-00131,2025-05-07,,1,361.41,0.1,Marketplace,Wallet,Delivered
ORD-004345,CUST-00603,PRD-00115,04-Apr-2024,11/04/2024,10,290.78,0.2,Website,Cash on Delivery,Delivered
ORD-001332,CUST-00180,PRD-00085,07-Dec-2025,12/09/2025,4,265.37,0.0,Mobile App,Cash on Delivery,Delivered
ORD-005521,CUST-00755,PRD-00017,03-Dec-2023,2023-12-06,4,4224.65,0.25,Marketplace,Installment,Returned
ORD-000290,CUST-00038,PRD-00004,11/11/2025,18-Nov-2025,3,3744.22,0.0,Website,Cash on Delivery,Returned
ORD-002008,CUST-00286,PRD-00019,05/11/2025,,6,5919.72,0.0,Website,Wallet,Delivered
ORD-002505,CUST-00345,PRD-00036,2024-12-22,29-Dec-2024,1,2503.62,0.1,Mobile App,Wallet,Cancelled
ORD-001764,CUST-00240,PRD-00031,22/04/2023,2023-04-26,3,EGP 376.78,0.05,WEBSITE,Credit Card,Delivered
ORD-001580,CUST-00211,PRD-00069,09/29/2024,2024-10-01,3,1039.35,0.0,Mobile App,Credit Card,Cancelled
ORD-001066,CUST-00146,PRD-00105,31-Dec-2023,04-Jan-2024,10,840.93,0.15,Mobile App,Cash on Delivery,Returned
ORD-004565,CUST-00627,PRD-00033,02/11/2023,15-Feb-2023,4,1947.05,0.15,Website,Credit Card,Returned
ORD-002794,CUST-00379,PRD-00053,2025-06-30,03-Jul-2025,3,933.2,0.0,Mobile App,Credit Card,Delivered
ORD-004877,CUST-00665,PRD-00061,27-Oct-2023,10/29/2023,3,1707.55,0.0,Marketplace,Credit Card,Cancelled
ORD-004198,CUST-00589,PRD-00152,21/12/2025,12/28/2025,2,23.7,0.2,Mobile App,Credit Card,Delivered
ORD-000952,CUST-00131,PRD-00136,13/05/2024,,5,310.7,0.0,Website,Installment,Delivered
ORD-002537,CUST-00350,PRD-00186,2023-03-29,04/04/2023,3,4878.71,0.1,Mobile App,Wallet,Cancelled
ORD-003065,CUST-00426,PRD-00032,03/28/2024,04-Apr-2024,1,1547.2,0.0,Marketplace,Credit Card,Delivered
ORD-001109,CUST-00152,PRD-00178,04/07/2025,07/06/2025,3,583.55,0.1,Mobile App,Cash on Delivery,Cancelled
ORD-002935,CUST-00405,PRD-00126,05/15/2024,05/16/2024,3,340.64,0.25,Mobile App,Installment,Delivered
ORD-002453,CUST-00340,PRD-00185,2024-11-24,,2,2013.53,0.0,Website,Credit Card,Delivered
ORD-000358,CUST-00043,PRD-00181,21-Dec-2025,22-Dec-2025,8,7757.56,0.15,Mobile App,Wallet,Delivered
ORD-001353,CUST-00181,PRD-00027,2024-12-21,12/27/2024,2,6528.78,0.0,Marketplace,Wallet,Delivered
ORD-000429,CUST-00058,PRD-00121,09/10/2024,09/16/2024,3,EGP 307.1,0.0,Mobile App,Credit Card,Delivered
ORD-005644,CUST-00773,PRD-00019,09/02/2024,02/16/2024,3,5919.72,0.1,Marketplace,Cash on Delivery,Pending
ORD-000496,CUST-00067,PRD-00115,04/01/2024,2024-04-08,4,290.78,0.25,Mobile App,Wallet,Cancelled
ORD-003371,CUST-00462,PRD-00188,2023-04-15,16/04/2023,5,235.83,0.0,Marketplace,Cash on Delivery,Returned
ORD-005369,CUST-00730,PRD-00019,05/16/2025,22-May-2025,6,5919.72,0.0,Mobile App,Cash on Delivery,Delivered
ORD-004127,CUST-00584,PRD-00160,2023-07-23,2023-07-25,7,214.1,0.1,Website,Wallet,Delivered
ORD-001832,CUST-00255,PRD-00060,11-Nov-2024,2024-11-18,5,2586.89,0.05,Marketplace,Installment,Delivered
ORD-005164,CUST-00702,PRD-00116,2024-10-10,2024-10-13,3,466.13,0.0,Mobile App,Credit Card,Returned
ORD-001000,CUST-00136,PRD-00040,15-Nov-2025,11/18/2025,4,1977.22,0.15,Mobile App,Installment,Delivered
ORD-005410,CUST-00735,PRD-00074,14-Jan-2023,18-Jan-2023,4,396.44,0.1,Marketplace,Credit Card,Cancelled
ORD-003223,CUST-00444,PRD-00032,08/02/2025,03/08/2025,5,1547.2,0.25,Website,Cash on Delivery,Delivered
ORD-002311,CUST-00322,PRD-00134,08/12/2023,2023-12-14,1,165.0,0.0,Marketplace,Installment,Cancelled
ORD-000912,CUST-00126,PRD-00071,06/27/2024,07/04/2024,5,657.42,0.0,Marketplace,Installment,Delivered
ORD-003372,CUST-00462,PRD-00049,12/16/2024,12/19/2024,4,3627.21,0.2,Marketplace,Installment,Returned
ORD-004684,CUST-00641,PRD-00039,09/11/2025,2025-11-15,10,2748.05,,Marketplace,Installment,Pending
ORD-002785,CUST-00378,PRD-00162,01-Nov-2025,2025-11-02,4,1009.35,0.05,Mobile App,Wallet,Delivered
ORD-001706,CUST-00233,PRD-00157,2023-02-09,10-Feb-2023,4,186.52,0.1,Website,Installment,Delivered
ORD-005650,CUST-00774,PRD-00041,09/30/2025,10/01/2025,3,1168.7,,Mobile App,Installment,Delivered
ORD-000267,CUST-00033,PRD-00113,18-Sep-2025,19-Sep-2025,5,719.15,0.2,Mobile App,Wallet,Cancelled
ORD-004158,CUST-00587,PRD-00016,03-Jul-2024,2024-07-04,10,6150.02,0.0,Website,Installment,Delivered
ORD-005469,CUST-00746,PRD-00115,12-Sep-2023,2023-09-14,7,EGP 290.78,0.1,Marketplace,Installment,Delivered
ORD-000911,CUST-00126,PRD-00179,2023-01-26,01/29/2023,1,2311.13,0.0,Marketplace,Credit Card,Pending
ORD-001127,CUST-00153,PRD-00009,03/13/2025,19-Mar-2025,9,1433.71,0.25,Marketplace,Credit Card,Delivered
ORD-002319,CUST-00323,PRD-00001,24-Mar-2023,03/27/2023,5,3019.28,0.0,Website,Credit Card,Delivered
ORD-003634,CUST-00498,PRD-00012,2023-11-29,03/12/2023,4,9488.69,0.0,Website,Cash on Delivery,Delivered
ORD-001366,CUST-00182,PRD-00018,24-May-2025,,10,8604.46,0.0,Website,cash on delivery,Delivered
ORD-004704,CUST-00643,PRD-00078,2024-05-15,18/05/2024,2,EGP 803.87,0.1,Mobile App,Installment,Returned
ORD-001587,CUST-00212,PRD-00138,2023-05-22,26-May-2023,5,293.11,0.0,Mobile App,Wallet,Pending
ORD-002643,CUST-00363,PRD-00110,12-Oct-2025,2025-10-16,8,443.5,0.25,Website,Wallet,Delivered
ORD-002477,CUST-00342,PRD-00073,11/07/2023,12-Jul-2023,4,2603.44,0.0,Marketplace,Cash on Delivery,Delivered
ORD-004620,CUST-00633,PRD-00016,2023-12-08,10-Dec-2023,1,6150.02,0.05,Mobile App,credit card,Pending
ORD-002665,CUST-00369,PRD-00094,01/18/2024,20/01/2024,2,EGP 286.11,0.05,Website,Installment,Delivered
ORD-001777,CUST-00244,PRD-00173,2024-10-22,10/28/2024,6,EGP 1584.06,0.0,Mobile App,installment,Delivered
ORD-002648,CUST-00364,PRD-00141,2025-04-13,04/16/2025,5,265.4,0.0,Mobile App,Cash on Delivery,Delivered
ORD-002186,CUST-00307,PRD-00180,2024-04-14,04/17/2024,3,6579.05,0.0,Mobile App,Cash on Delivery,Delivered
ORD-004623,CUST-00634,PRD-00146,31/07/2023,08/04/2023,1,EGP 194.39,0.2,Website,Credit Card,Delivered
ORD-005726,CUST-00784,PRD-00165,17/01/2024,21/01/2024,9,1559.9,0.0,Mobile App,Wallet,Delivered
ORD-004785,CUST-00654,PRD-00063,2025-01-09,15-Jan-2025,2,3118.2,0.0,Mobile App,Wallet,Delivered
ORD-001201,CUST-00165,PRD-00144,04/19/2025,23-Apr-2025,2,212.23,0.0,Marketplace,Wallet,Cancelled
ORD-003373,CUST-00462,PRD-00104,18-Jan-2023,21/01/2023,3,698.62,0.0,Website,Cash on Delivery,Pending
ORD-005114,CUST-00696,PRD-00002,10/29/2024,2024-10-30,3,9414.07,0.05,Marketplace,Wallet,Delivered
ORD-001240,CUST-00169,PRD-00065,23-Feb-2025,01/03/2025,2,1220.64,0.2,Marketplace,Installment,Cancelled
ORD-000929,CUST-00129,PRD-00016,12/09/2025,12/10/2025,5,6150.02,0.15,Website,Installment,Pending
ORD-005708,CUST-00782,PRD-00172,09/03/2025,2025-03-11,2,4391.94,0.2,Marketplace,Installment,Delivered
ORD-001874,CUST-00261,PRD-00090,2023-04-01,2023-04-02,5,1391.99,,Mobile App,cash on delivery,Cancelled
ORD-001031,CUST-00142,PRD-00114,2024-06-03,08-Jun-2024,2,864.91,0.15,MARKETPLACE,Installment,Delivered
ORD-004309,CUST-00601,PRD-00128,2023-04-15,2023-04-18,4,812.88,0.0,Website,Wallet,Delivered
ORD-003461,CUST-00477,PRD-00002,07/30/2024,08/06/2024,1,9414.07,0.0,Website,Installment,Delivered
ORD-002759,CUST-00375,PRD-00080,07/09/2025,08-Sep-2025,1,1092.22,0.0,MARKETPLACE,Cash on Delivery,Delivered
ORD-004941,CUST-00671,PRD-00141,09/05/2024,05/14/2024,5,265.4,0.05,Website,Cash on Delivery,Delivered
ORD-002436,CUST-00338,PRD-00091,2023-05-04,11-May-2023,10,1667.87,0.2,Website,Installment,Delivered
ORD-005676,CUST-00777,PRD-00113,03/26/2024,2024-03-28,4,719.15,0.0,Mobile App,Credit Card,Delivered
ORD-002568,CUST-00354,PRD-00087,13-Aug-2025,2025-08-15,1,937.05,,Marketplace,Cash on Delivery,Cancelled
ORD-001305,CUST-00176,PRD-00145,17-Mar-2023,24/03/2023,4,116.01,0.25,Marketplace,Credit Card,Delivered
ORD-002598,CUST-00357,PRD-00023,11/11/2024,2024-11-12,4,11190.64,0.0,Mobile App,Credit Card,Delivered
ORD-001450,CUST-00197,PRD-00029,24-Sep-2024,01-Oct-2024,5,1141.21,0.0,MARKETPLACE,Wallet,Delivered
ORD-003953,CUST-00557,PRD-00143,04/20/2024,2024-04-27,5,174.65,0.0,Mobile App,Wallet,Delivered
ORD-004441,CUST-00611,PRD-00152,2025-05-16,20/05/2025,6,23.7,0.15,Website,Installment,Delivered
ORD-004503,CUST-00620,PRD-00139,10/04/2024,2024-04-15,6,195.93,0.0,Mobile App,Wallet,Delivered
ORD-002418,CUST-00336,PRD-00098,2023-12-30,2024-01-04,3,718.7,0.0,Mobile App,Credit Card,Cancelled
ORD-003565,CUST-00490,PRD-00113,02-Aug-2024,06/08/2024,3,719.15,0.05,Marketplace,Wallet,Delivered
ORD-001957,CUST-00279,PRD-00172,2024-02-11,17/02/2024,5,4391.94,0.0,Mobile App,Credit Card,Delivered
ORD-002997,CUST-00416,PRD-00152,13-Mar-2024,18/03/2024,7,23.7,0.2,Mobile App,Credit Card,Delivered
ORD-003430,CUST-00471,PRD-00013,09/12/2025,16-Sep-2025,5,5695.33,0.0,Website,Cash on Delivery,Delivered
ORD-001059,CUST-00146,PRD-00058,31-Oct-2023,11/03/2023,10,3308.87,0.05,Mobile App,Wallet,Pending
ORD-005013,CUST-00678,PRD-00030,19-Mar-2025,2025-03-26,3,6643.61,0.0,Mobile App,Credit Card,Delivered
ORD-000694,CUST-00093,PRD-00167,2025-12-24,12/26/2025,7,741.81,0.2,Mobile App,Wallet,Delivered
ORD-004521,CUST-00622,PRD-00092,09/18/2025,09/19/2025,8,727.52,0.1,Marketplace,cash on delivery,Delivered
ORD-004492,CUST-00618,PRD-00145,2024-07-10,12-Jul-2024,3,116.01,0.05,Marketplace,installment,Delivered
ORD-004741,CUST-00650,PRD-00028,2023-09-16,18-Sep-2023,4,6404.22,0.25,WEBSITE,Credit Card,Delivered
ORD-002101,CUST-00295,PRD-00057,27/07/2025,02-Aug-2025,10,5493.06,0.2,Marketplace,Cash on Delivery,Delivered
ORD-001658,CUST-00223,PRD-00008,08/07/2025,08/08/2025,4,13998.23,0.05,Website,Cash on Delivery,Delivered
ORD-000190,CUST-00025,PRD-00001,04/24/2023,26-Apr-2023,7,3019.28,0.05,Marketplace,Installment,Delivered
ORD-000914,CUST-00126,PRD-00021,09/17/2024,09/22/2024,3,7707.69,0.2,Marketplace,Installment,Delivered
ORD-005490,CUST-00751,PRD-00031,25-Sep-2024,2024-09-29,9,376.78,0.1,Mobile App,Cash on Delivery,Delivered
ORD-004133,CUST-00584,PRD-00056,2025-01-01,08/01/2025,7,1260.88,0.25,Marketplace,Wallet,Delivered
ORD-001621,CUST-00217,PRD-00069,08/03/2024,03/09/2024,10,1039.35,0.0,Website,Wallet,Delivered
ORD-002963,CUST-00410,PRD-00108,23-Jul-2025,2025-07-29,2,230.98,0.0,Marketplace,Credit Card,Delivered
ORD-002521,CUST-00348,PRD-00021,2024-12-31,03-Jan-2025,3,7707.69,0.0,Mobile App,Cash on Delivery,Delivered
ORD-002677,CUST-00370,PRD-00166,2024-07-10,13/07/2024,5,1361.3,0.0,Website,Cash on Delivery,Pending
ORD-004632,CUST-00635,PRD-00028,09/09/2025,13-Sep-2025,1,6404.22,0.0,Mobile App,Wallet,Delivered
ORD-004923,CUST-00669,PRD-00129,20/08/2025,08/24/2025,5,23.89,0.0,Mobile App,Installment,Delivered
ORD-005694,CUST-00780,PRD-00056,22-Jan-2023,27/01/2023,2,1260.88,0.1,Marketplace,Wallet,Delivered
ORD-000693,CUST-00092,PRD-00062,20-Sep-2024,2024-09-22,8,271.83,0.0,Marketplace,Installment,Cancelled
ORD-001662,CUST-00224,PRD-00151,12/05/2024,12/07/2024,5,125.16,0.0,Website,Wallet,Pending
ORD-005063,CUST-00687,PRD-00047,2024-04-19,04/23/2024,4,3368.82,0.0,Website,Wallet,Returned
ORD-004537,CUST-00624,PRD-00032,24/11/2025,29-Nov-2025,4,EGP 1547.2,0.15,Marketplace,Installment,Cancelled
ORD-005421,CUST-00737,PRD-00068,17-Mar-2024,03/18/2024,4,1186.92,0.2,MOBILE APP,installment,Delivered
ORD-001101,CUST-00150,PRD-00007,17-Aug-2023,23/08/2023,6,5375.75,0.15,Marketplace,Wallet,Delivered
ORD-004110,CUST-00580,PRD-00109,06/06/2025,10-Jun-2025,1,252.4,0.0,Website,Cash on Delivery,Cancelled
ORD-004680,CUST-00640,PRD-00118,14-Jun-2023,2023-06-21,5,341.03,0.25,Marketplace,Cash on Delivery,Cancelled
ORD-004879,CUST-00666,PRD-00122,11/07/2023,14/07/2023,1,692.52,0.25,Website,Wallet,Delivered
ORD-000393,CUST-00050,PRD-00020,16/08/2025,18/08/2025,7,9661.76,0.0,Mobile App,Wallet,Delivered
ORD-003795,CUST-00527,PRD-00057,01-Sep-2024,09/06/2024,4,EGP 5493.06,0.15,Marketplace,Installment,Pending
ORD-001051,CUST-00145,PRD-00133,07/01/2023,,5,174.99,0.2,Marketplace,Wallet,Delivered
  ORD-004911  ,CUST-00668,PRD-00119,10-Jan-2024,11-Jan-2024,2,898.59,0.15,Website,Cash on Delivery,Delivered
ORD-001507,CUST-00206,PRD-00173,2024-11-29,2024-12-05,4,1584.06,0.05,Marketplace,Installment,Pending
ORD-002391,CUST-00334,PRD-00137,06/04/2024,07-Apr-2024,1,328.81,0.0,Mobile App,Credit Card,Cancelled
ORD-001808,CUST-00249,PRD-00014,14-Apr-2024,04/21/2024,2,3474.75,0.0,Website,Credit Card,Delivered
ORD-004222,CUST-00591,PRD-00072,2023-03-22,03/26/2023,1,2087.47,0.2,Website,Cash on Delivery,Delivered
ORD-002769,CUST-00375,PRD-00160,03/06/2024,2024-03-09,3,214.1,0.0,Website,Wallet,Pending
ORD-002227,CUST-00312,PRD-00065,2023-07-22,07/28/2023,4,EGP 1220.64,,Mobile App,Wallet,Delivered
ORD-004962,CUST-00673,PRD-00094,21/12/2024,26/12/2024,8,286.11,0.0,MARKETPLACE,Credit Card,Delivered
ORD-003870,CUST-00542,PRD-00042,09/24/2024,2024-09-28,5,1460.4,0.05,Mobile App,Cash on Delivery,Pending
  ORD-002831  ,CUST-00384,PRD-00096,08/15/2025,2025-08-21,7,1013.61,,Marketplace,Cash on Delivery,Delivered
ORD-002634,CUST-00362,PRD-00075,2024-04-02,08/04/2024,2,576.69,0.0,Marketplace,Cash on Delivery,Delivered
ORD-002485,CUST-00343,PRD-00075,2023-11-09,15/11/2023,8,576.69,0.25,Mobile App,Cash on Delivery,Cancelled
ORD-001868,CUST-00260,PRD-00164,11/14/2025,17-Nov-2025,6,6039.64,0.25,Marketplace,Installment,Delivered
ORD-002464,CUST-00341,PRD-00034,06/09/2024,06/14/2024,10,4894.09,0.2,Mobile App,cash on delivery,Pending
ORD-000562,CUST-00075,PRD-00080,2023-08-27,2023-08-31,4,1092.22,0.1,Mobile App,Credit Card,Delivered
ORD-005706,CUST-00781,PRD-00044,25/06/2023,06/27/2023,3,3309.62,0.2,Website,Cash on Delivery,Delivered
ORD-002333,CUST-00326,PRD-00065,28-Mar-2023,29/03/2023,2,1220.64,0.1,Mobile App,Installment,Delivered
ORD-002954,CUST-00410,PRD-00041,06/26/2023,01/07/2023,1,1168.7,0.15,Marketplace,Cash on Delivery,Pending
ORD-003610,CUST-00496,PRD-00042,16/05/2025,2025-05-17,5,1460.4,0.1,Website,Installment,Delivered
ORD-004061,CUST-00570,PRD-00029,10/12/2024,2024-12-12,4,1141.21,0.05,Mobile App,Installment,Delivered
ORD-003400,CUST-00468,PRD-00102,27/12/2024,29-Dec-2024,5,833.67,0.05,Website,Cash on Delivery,Cancelled
ORD-004971,CUST-00673,PRD-00014,11-May-2023,14-May-2023,3,3474.75,0.05,Website,Cash on Delivery,Delivered
ORD-000058,CUST-00007,PRD-00074,03/16/2025,03/17/2025,5,396.44,0.0,Website,Wallet,Delivered
ORD-000354,CUST-00043,PRD-00142,24/01/2025,2025-01-25,6,29.02,0.15,Website,Wallet,Pending
ORD-005591,CUST-00765,PRD-00171,05-Nov-2023,2023-11-09,5,1117.84,0.1,MARKETPLACE,Credit Card,Returned
ORD-005112,CUST-00695,PRD-00096,01-Jun-2025,06/05/2025,3,1013.61,0.25,Mobile App,Credit Card,Delivered
ORD-002836,CUST-00385,PRD-00041,11/06/2024,2024-11-07,2,1168.7,0.0,Mobile App,Wallet,Delivered
ORD-001073,CUST-00146,PRD-00149,19/06/2024,2024-06-26,6,93.5,0.0,Website,Installment,Returned
ORD-002205,CUST-00311,PRD-00054,06/06/2025,2025-06-07,2,1277.14,0.0,Marketplace,Wallet,Delivered
ORD-000634,CUST-00084,PRD-00116,09/25/2024,10/02/2024,5,466.13,0.0,Marketplace,Credit Card,Delivered
ORD-004068,CUST-00571,PRD-00007,03/16/2025,03/21/2025,2,5375.75,0.0,Website,Wallet,Delivered
ORD-001752,CUST-00239,PRD-00061,14/04/2023,21/04/2023,8,1707.55,0.15,Marketplace,Wallet,Delivered
ORD-000140,CUST-00019,PRD-00118,02/26/2025,01-Mar-2025,4,341.03,0.25,WEBSITE,Wallet,Delivered
ORD-004685,CUST-00641,PRD-00074,15-Jul-2025,17-Jul-2025,10,396.44,0.0,Marketplace,Cash on Delivery,Returned
ORD-000272,CUST-00036,PRD-00136,20/08/2025,23-Aug-2025,4,310.7,0.0,Mobile App,Cash on Delivery,Delivered
ORD-001634,CUST-00221,PRD-00105,29/08/2024,30/08/2024,2,840.93,0.25,Website,Installment,Delivered
ORD-001024,CUST-00140,PRD-00172,03/10/2025,16/03/2025,10,4391.94,0.2,Website,Installment,Pending
ORD-003613,CUST-00497,PRD-00161,05/01/2025,01/10/2025,3,1342.19,0.2,Website,Cash on Delivery,Delivered
ORD-004874,CUST-00665,PRD-00155,09/30/2024,10/05/2024,1,228.62,0.25,Mobile App,installment,Delivered
ORD-000410,CUST-00055,PRD-00035,2023-07-27,07/30/2023,1000,4561.67,0.0,Marketplace,Wallet,Cancelled
ORD-005452,CUST-00743,PRD-00093,12/26/2023,2023-12-27,2,327.87,0.2,Mobile App,Cash on Delivery,Delivered
ORD-000607,CUST-00081,PRD-00026,24-Jan-2025,2025-01-26,5,13374.87,0.0,Marketplace,installment,Delivered
ORD-001248,CUST-00169,PRD-00010,04/28/2024,05/01/2024,2,2297.75,0.0,Website,Credit Card,Delivered
ORD-001827,CUST-00254,PRD-00160,16-Jun-2023,17/06/2023,4,214.1,0.2,Marketplace,installment,Delivered
ORD-002091,CUST-00295,PRD-00025,2024-12-16,19-Dec-2024,6,15750.99,0.15,Mobile App,Cash on Delivery,Delivered
ORD-002687,CUST-00370,PRD-00088,2024-10-07,10/10/2024,1,2384.43,0.15,Mobile App,Installment,Delivered
ORD-003657,CUST-00503,PRD-00070,2023-03-15,17/03/2023,1,1062.89,0.15,Website,Wallet,Delivered
ORD-001079,CUST-00147,PRD-00094,2024-12-03,09/12/2024,4,286.11,0.0,Mobile App,Installment,Delivered
ORD-000096,CUST-00012,PRD-00172,03/11/2025,04/11/2025,3,4391.94,0.25,Mobile App,Cash on Delivery,Delivered
ORD-001276,CUST-00172,PRD-00005,12/24/2023,,4,5870.09,0.0,Website,Installment,Cancelled
ORD-005662,CUST-00776,PRD-00149,22/03/2025,24-Mar-2025,7,93.5,0.2,Mobile App,Wallet,Cancelled
ORD-004658,CUST-00638,PRD-00120,31/10/2024,04-Nov-2024,2,538.56,0.0,Marketplace,cash on delivery,Delivered
ORD-002341,CUST-00327,PRD-00162,2023-05-13,2023-05-19,7,1009.35,0.0,Mobile App,Cash on Delivery,Pending
ORD-000632,CUST-00084,PRD-00181,08/20/2023,21/08/2023,3,7757.56,0.0,Website,Cash on Delivery,Delivered
ORD-000060,CUST-00007,PRD-00039,2025-06-29,2025-07-01,7,2748.05,0.25,Website,Installment,Delivered
ORD-003698,CUST-00511,PRD-00074,01/18/2023,24-Jan-2023,2,EGP 396.44,0.1,Marketplace,Installment,Returned
ORD-003654,CUST-00503,PRD-00137,13-May-2024,2024-05-18,4,328.81,0.05,Mobile App,Wallet,Delivered
ORD-000319,CUST-00041,PRD-00101,2025-06-13,19/06/2025,4,658.37,0.25,Marketplace,Cash on Delivery,Delivered
ORD-002763,CUST-00375,PRD-00023,03/11/2024,2024-11-07,1,11190.64,0.1,Website,Installment,Delivered
ORD-003117,CUST-00431,PRD-00091,30/03/2025,02-Apr-2025,1,1667.87,0.1,WEBSITE,Credit Card,Delivered
ORD-001390,CUST-00189,PRD-00182,09/01/2025,01/15/2025,2,4312.02,0.1,Website,Wallet,Delivered
ORD-004236,CUST-00592,PRD-00085,27-Feb-2023,28-Feb-2023,5,265.37,0.0,Website,installment,Delivered
ORD-004820,CUST-00657,PRD-00160,02/06/2025,08/06/2025,4,214.1,0.0,Marketplace,Wallet,Delivered
ORD-005649,CUST-00774,PRD-00077,09/29/2023,02/10/2023,4,3228.9,,Marketplace,Credit Card,Pending
ORD-002650,CUST-00364,PRD-00011,16-Mar-2024,03/18/2024,10,2785.74,0.0,Mobile App,Credit Card,Delivered
ORD-002786,CUST-00378,PRD-00185,08-Jan-2024,11/01/2024,2,2013.53,0.0,Website,Credit Card,Delivered
ORD-004561,CUST-00627,PRD-00109,2023-04-12,04/13/2023,3,252.4,0.25,Website,Wallet,Delivered
ORD-004416,CUST-00609,PRD-00001,12/07/2024,2024-12-14,5,3019.28,0.25,Website,Cash on Delivery,Delivered
ORD-000011,CUST-00003,PRD-00055,03-Aug-2024,10/08/2024,3,2089.61,0.0,Marketplace,cash on delivery,Cancelled
ORD-005190,CUST-00705,PRD-00121,02/19/2025,26/02/2025,2,307.1,0.05,Mobile App,Wallet,Delivered
ORD-001022,CUST-00139,PRD-00068,2025-05-23,2025-05-30,2,1186.92,0.0,Marketplace,Credit Card,Delivered
ORD-001265,CUST-00172,PRD-00028,04-Oct-2024,08/10/2024,5,6404.22,0.0,Marketplace,Installment,Delivered
ORD-005429,CUST-00739,PRD-00121,2025-11-06,10/11/2025,1,307.1,0.0,Website,Credit Card,Delivered
ORD-004255,CUST-00596,PRD-00008,07-Dec-2025,10/12/2025,10,13998.23,0.15,Mobile App,Installment,Delivered
ORD-004060,CUST-00570,PRD-00015,2024-09-24,09/28/2024,1,5715.8,0.0,Mobile App,Cash on Delivery,Delivered
ORD-003792,CUST-00527,PRD-00002,01-Jul-2025,02/07/2025,3,9414.07,0.0,Website,installment,Delivered
ORD-003282,CUST-00455,PRD-00077,10-Sep-2025,2025-09-12,1,3228.9,0.0,Website,Installment,Delivered
ORD-000746,CUST-00100,PRD-00172,11/11/2024,17/11/2024,10,EGP 4391.94,0.15,MOBILE APP,Installment,Delivered
ORD-003686,CUST-00507,PRD-00106,23/05/2023,30-May-2023,5,1124.04,0.0,Marketplace,Wallet,Delivered
ORD-000572,CUST-00078,PRD-00188,2023-01-14,,7,235.83,0.0,Website,Installment,Delivered
ORD-000737,CUST-00099,PRD-00100,02-Aug-2024,2024-08-08,2,555.91,0.2,Marketplace,Installment,Delivered
ORD-004337,CUST-00603,PRD-00030,13-Aug-2023,16-Aug-2023,6,6643.61,0.05,Website,Wallet,Delivered
ORD-002220,CUST-00312,PRD-00173,15/01/2025,2025-01-19,2,EGP 1584.06,0.0,MARKETPLACE,credit card,Delivered
ORD-003049,CUST-00425,PRD-00038,05/25/2025,01-Jun-2025,5,2707.61,0.25,Mobile App,Credit Card,Delivered
ORD-005401,CUST-00734,PRD-00126,28-Sep-2023,09/30/2023,10,340.64,0.1,Mobile App,Wallet,Returned
ORD-004252,CUST-00596,PRD-00093,2024-09-13,,4,EGP 327.87,0.2,Mobile App,Credit Card,Returned
ORD-005563,CUST-00762,PRD-00187,2023-11-14,11/18/2023,6,5533.15,0.25,Marketplace,Installment,Pending
ORD-003140,CUST-00435,PRD-00145,20/08/2024,2024-08-22,4,116.01,0.25,Website,Installment,Pending
ORD-004411,CUST-00608,PRD-00164,2023-02-16,2023-02-19,6,6039.64,0.0,Marketplace,Cash on Delivery,Delivered
ORD-000849,CUST-00112,PRD-00145,04/07/2024,13-Apr-2024,1,116.01,0.15,Website,Cash on Delivery,Delivered
ORD-005783,CUST-00791,PRD-00084,12/05/2024,2024-12-11,10,600.09,0.0,Website,Installment,Delivered
ORD-002940,CUST-00407,PRD-00172,04/29/2024,2024-05-05,5,4391.94,0.2,Mobile App,Cash on Delivery,Returned
ORD-003262,CUST-00453,PRD-00105,26/07/2025,29-Jul-2025,2,840.93,0.1,Marketplace,Installment,Delivered
ORD-002705,CUST-00371,PRD-00025,14-Feb-2025,20/02/2025,2,EGP 15750.99,0.25,Marketplace,Wallet,Returned
ORD-004187,CUST-00588,PRD-00092,2025-09-19,09/20/2025,4,727.52,0.0,Mobile App,Cash on Delivery,Cancelled
ORD-003587,CUST-00493,PRD-00120,2024-09-03,,4,538.56,0.1,Mobile App,Cash on Delivery,Returned
ORD-002890,CUST-00398,PRD-00024,2025-03-25,28-Mar-2025,1,8840.39,0.15,Mobile App,Credit Card,Delivered
ORD-005079,CUST-00691,PRD-00154,2023-08-12,16/08/2023,3,175.83,0.0,Mobile App,Wallet,Returned
ORD-002248,CUST-00313,PRD-00176,02-Dec-2025,2025-12-04,4,3014.74,0.25,Marketplace,Cash on Delivery,Delivered
ORD-005740,CUST-00787,PRD-00165,23-Jun-2023,06/24/2023,4,1559.9,0.0,Website,Cash on Delivery,Delivered
ORD-001417,CUST-00191,PRD-00060,25-Mar-2024,2024-03-31,5,EGP 2586.89,0.1,MOBILE APP,Cash on Delivery,Delivered
ORD-000027,CUST-00005,PRD-00029,05/31/2025,2025-06-03,6,1141.21,0.25,Website,Cash on Delivery,Pending
ORD-004458,CUST-00614,PRD-00029,22/11/2023,26/11/2023,4,1141.21,0.2,Marketplace,Cash on Delivery,Delivered
ORD-001504,CUST-00206,PRD-00069,2025-12-25,12/31/2025,3,1039.35,0.25,Marketplace,credit card,Pending
ORD-002038,CUST-00289,PRD-00053,04/07/2023,05-Jul-2023,4,933.2,0.0,Mobile App,installment,Delivered
ORD-000055,CUST-00007,PRD-00104,10/08/2023,09/10/2023,5,698.62,0.0,Website,Wallet,Delivered
ORD-000775,CUST-00102,PRD-00165,2024-05-03,05/10/2024,3,1559.9,0.0,Website,Credit Card,Pending
ORD-003370,CUST-00462,PRD-00172,12/03/2024,15/03/2024,3,4391.94,0.0,Mobile App,wallet,Pending
ORD-005275,CUST-00719,PRD-00107,2023-10-07,2023-10-14,3,803.85,0.2,Website,Cash on Delivery,Delivered
ORD-004245,CUST-00594,PRD-00010,05/30/2024,2024-06-04,1,2297.75,0.1,Mobile App,Credit Card,Returned
ORD-000029,CUST-00005,PRD-00182,24/08/2025,29-Aug-2025,3,4312.02,0.05,Website,Credit Card,Delivered
ORD-002323,CUST-00324,PRD-00058,11/29/2025,12/04/2025,4,3308.87,0.2,Marketplace,credit card,Delivered
ORD-003715,CUST-00515,PRD-00080,01/02/2024,03-Feb-2024,9,1092.22,0.25,Website,Wallet,Delivered
ORD-004160,CUST-00587,PRD-00182,10-Sep-2023,09/15/2023,6,4312.02,0.15,Marketplace,Credit Card,Cancelled
ORD-005535,CUST-00757,PRD-00182,09/29/2024,2024-10-02,5,4312.02,0.1,Website,Credit Card,Delivered
ORD-004868,CUST-00665,PRD-00003,21/11/2023,26-Nov-2023,5,EGP 1534.69,0.0,Mobile App,Cash on Delivery,Pending
ORD-000430,CUST-00058,PRD-00005,2023-10-08,2023-10-10,5,5870.09,0.0,Website,Cash on Delivery,Delivered
ORD-003248,CUST-00450,PRD-00061,05/30/2024,04-Jun-2024,1,1707.55,0.15,Mobile App,Credit Card,Pending
ORD-005023,CUST-00682,PRD-00089,30/01/2023,2023-02-01,9,370.11,0.0,Marketplace,Credit Card,Pending
ORD-004815,CUST-00657,PRD-00137,04-Oct-2025,05-Oct-2025,3,328.81,0.0,Mobile App,Installment,Delivered
ORD-002152,CUST-00301,PRD-00181,02-Oct-2024,07/10/2024,1,7757.56,0.25,Marketplace,Installment,Delivered
ORD-001735,CUST-00238,PRD-00101,09/22/2025,2025-09-23,5,658.37,0.25,Mobile App,Installment,Delivered
ORD-005310,CUST-00724,PRD-00153,08/15/2024,,3,321.69,0.0,Mobile App,installment,Delivered
ORD-005835,CUST-00800,PRD-00010,05/03/2024,2024-03-06,6,2297.75,0.25,Website,Installment,Delivered
ORD-000178,CUST-00023,PRD-00166,08/11/2023,13/11/2023,7,1361.3,0.0,Website,Installment,Returned
ORD-005103,CUST-00695,PRD-00034,05/30/2024,2024-06-05,4,4894.09,0.0,Website,Wallet,Delivered
ORD-003834,CUST-00536,PRD-00101,04/23/2025,27/04/2025,5,EGP 658.37,0.2,Website,Credit Card,Delivered
ORD-005228,CUST-00711,PRD-00030,2023-05-20,05/26/2023,5,6643.61,,MARKETPLACE,Cash on Delivery,Pending
ORD-002718,CUST-00372,PRD-00044,2025-02-23,27/02/2025,5,3309.62,0.2,Marketplace,Credit Card,Delivered
ORD-001667,CUST-00224,PRD-00048,26/01/2024,30/01/2024,6,616.54,0.0,Mobile App,Credit Card,Delivered
ORD-002366,CUST-00331,PRD-00124,15/03/2024,20-Mar-2024,4,152.17,0.0,Website,Wallet,Delivered
ORD-000120,CUST-00016,PRD-00111,2024-03-17,20/03/2024,6,291.55,0.0,Website,Credit Card,Delivered
ORD-000883,CUST-00123,PRD-00075,08/12/2024,12/14/2024,2,576.69,0.1,Marketplace,Credit Card,Cancelled
ORD-004035,CUST-00566,PRD-00069,29-Jun-2024,06/07/2024,3,1039.35,0.2,Website,Credit Card,Delivered
ORD-003476,CUST-00478,PRD-00174,06/29/2024,,5,EGP 2379.8,0.05,Website,Cash on Delivery,Delivered
ORD-002547,CUST-00351,PRD-00009,06/26/2024,30/06/2024,3,1433.71,0.15,Marketplace,Installment,Pending
ORD-000758,CUST-00101,PRD-00021,02/11/2025,03-Nov-2025,5,7707.69,0.0,Website,Installment,Delivered
ORD-004549,CUST-00625,PRD-00182,10/09/2023,12-Sep-2023,4,4312.02,0.05,Mobile App,Installment,Delivered
ORD-001163,CUST-00159,PRD-00146,10-Jun-2024,11-Jun-2024,1,194.39,0.0,Marketplace,Wallet,Cancelled
ORD-002799,CUST-00380,PRD-00149,31/01/2023,02/06/2023,1,93.5,0.0,Mobile App,Cash on Delivery,Cancelled
ORD-004057,CUST-00570,PRD-00069,2024-09-30,02-Oct-2024,4,1039.35,0.25,Website,Credit Card,Delivered
ORD-000262,CUST-00033,PRD-00005,28-Jun-2023,07/05/2023,8,5870.09,0.15,Marketplace,Cash on Delivery,Cancelled
ORD-005403,CUST-00734,PRD-00149,19/03/2024,21/03/2024,3,93.5,0.25,Website,Wallet,Pending
ORD-004558,CUST-00626,PRD-00026,30/10/2024,02/11/2024,1,13374.87,0.05,Marketplace,Cash on Delivery,Delivered
ORD-002246,CUST-00313,PRD-00119,12-Oct-2024,16-Oct-2024,5,898.59,0.05,Website,Cash on Delivery,Cancelled
ORD-000229,CUST-00031,PRD-00186,10/04/2023,08-Oct-2023,4,4878.71,0.0,Mobile App,Installment,Pending
ORD-000764,CUST-00101,PRD-00069,04/25/2023,05/02/2023,4,1039.35,0.2,Marketplace,Installment,Delivered
ORD-003641,CUST-00499,PRD-00029,15/11/2025,2025-11-19,3,1141.21,0.15,Website,Wallet,Delivered
ORD-004910,CUST-00668,PRD-00092,08-May-2025,2025-05-12,2,727.52,0.05,Mobile App,Cash on Delivery,Delivered
ORD-000553,CUST-00074,PRD-00045,18-Jul-2025,20-Jul-2025,4,4956.18,0.1,Website,Cash on Delivery,Cancelled
ORD-000315,CUST-00041,PRD-00001,20/06/2025,27-Jun-2025,5,3019.28,0.05,Website,Wallet,Cancelled
ORD-000898,CUST-00124,PRD-00109,02/10/2023,06/10/2023,3,252.4,0.1,WEBSITE,Wallet,Delivered
ORD-000327,CUST-00041,PRD-00051,22/06/2023,,3,EGP 4568.48,0.2,Website,Cash on Delivery,Delivered
ORD-004688,CUST-00641,PRD-00032,2024-06-23,27/06/2024,3,1547.2,0.0,Website,Wallet,Delivered
ORD-003384,CUST-00465,PRD-00083,16-Nov-2024,2024-11-23,3,1673.7,0.05,Marketplace,Credit Card,Delivered
ORD-001890,CUST-00263,PRD-00163,2023-07-29,2023-08-04,4,5049.75,0.05,Marketplace,Credit Card,Delivered
ORD-001943,CUST-00276,PRD-00015,30-Apr-2025,,3,5715.8,0.0,Website,Wallet,Delivered
ORD-004342,CUST-00603,PRD-00129,2024-01-15,20/01/2024,8,23.89,0.15,Mobile App,Wallet,Delivered
ORD-003027,CUST-00422,PRD-00062,2024-04-10,04/15/2024,10,271.83,0.0,Marketplace,Credit Card,Returned
ORD-001892,CUST-00263,PRD-00004,14/12/2024,2024-12-15,5,3744.22,0.0,Mobile App,Credit Card,Delivered
ORD-001254,CUST-00170,PRD-00179,10/11/2024,11/16/2024,1,2311.13,0.0,Mobile App,Cash on Delivery,Delivered
ORD-005426,CUST-00739,PRD-00138,02/29/2024,03/03/2024,3,293.11,0.25,Website,Wallet,Returned
ORD-005408,CUST-00735,PRD-00023,2025-10-15,2025-10-17,4,11190.64,0.0,Website,Credit Card,Delivered
ORD-000639,CUST-00085,PRD-00083,06/12/2024,11-Dec-2024,2,1673.7,0.0,Marketplace,Credit Card,Delivered
ORD-005510,CUST-00753,PRD-00082,02/01/2025,02/04/2025,5,EGP 1269.02,0.25,Mobile App,Installment,Delivered
ORD-001173,CUST-00161,PRD-00178,19/12/2023,20/12/2023,3,583.55,0.0,Marketplace,Wallet,Returned
ORD-000330,CUST-00041,PRD-00171,2023-05-03,05/10/2023,4,1117.84,0.2,Marketplace,Cash on Delivery,Delivered
ORD-000344,CUST-00043,PRD-00016,01/10/2025,2025-10-04,7,6150.02,0.15,Mobile App,Cash on Delivery,Pending
ORD-002476,CUST-00342,PRD-00160,28/11/2025,01/12/2025,10,214.1,0.0,Marketplace,Cash on Delivery,Delivered
ORD-002411,CUST-00336,PRD-00129,02/11/2025,2025-11-03,4,23.89,0.1,Mobile App,Installment,Delivered
ORD-000218,CUST-00030,PRD-00047,06/16/2023,21-Jun-2023,5,3368.82,0.0,Website,Installment,Returned
ORD-001969,CUST-00282,PRD-00084,06/12/2024,2024-06-19,3,600.09,0.15,Mobile App,Installment,Delivered
ORD-001165,CUST-00160,PRD-00160,2025-01-22,01/26/2025,5,214.1,0.1,Mobile App,Credit Card,Returned
ORD-004138,CUST-00585,PRD-00127,04/03/2025,10-Apr-2025,6,252.66,0.0,Marketplace,Cash on Delivery,Delivered
ORD-005178,CUST-00704,PRD-00038,05/12/2025,2025-12-07,5,EGP 2707.61,0.2,Mobile App,Wallet,Pending
ORD-001471,CUST-00202,PRD-00101,2023-03-09,15-Mar-2023,4,658.37,0.0,Website,Credit Card,Delivered
ORD-005658,CUST-00776,PRD-00116,2023-12-06,2023-12-09,5,466.13,0.15,Website,Credit Card,Cancelled
ORD-002422,CUST-00336,PRD-00149,20-Jul-2023,27-Jul-2023,3,93.5,0.1,Marketplace,Cash on Delivery,Delivered
ORD-005089,CUST-00692,PRD-00135,19/11/2024,21-Nov-2024,1,55.83,0.0,Marketplace,Cash on Delivery,Pending
ORD-000593,CUST-00080,PRD-00105,27-Jul-2025,31-Jul-2025,5,840.93,0.0,Marketplace,Installment,Delivered
ORD-000286,CUST-00038,PRD-00175,12/12/2025,12/19/2025,10,3144.98,0.05,Mobile App,Cash on Delivery,Delivered
ORD-002021,CUST-00286,PRD-00158,01-Nov-2024,2024-11-07,5,308.65,0.05,Mobile App,Cash on Delivery,Delivered
ORD-000137,CUST-00019,PRD-00161,09/03/2023,03/13/2023,3,1342.19,0.0,Marketplace,Cash on Delivery,Delivered
ORD-000626,CUST-00084,PRD-00113,25-Dec-2024,27/12/2024,2,719.15,0.0,Mobile App,Installment,Delivered
ORD-001935,CUST-00274,PRD-00104,11/24/2025,2025-11-25,4,698.62,0.05,MOBILE APP,Credit Card,Delivered
ORD-000825,CUST-00110,PRD-00008,2024-02-14,21/02/2024,5,13998.23,0.0,Mobile App,Installment,Delivered
ORD-005631,CUST-00771,PRD-00006,12/04/2025,12/07/2025,8,4094.1,0.25,Mobile App,Cash on Delivery,Delivered
ORD-000884,CUST-00123,PRD-00171,13-Sep-2024,18/09/2024,1,EGP 1117.84,0.05,Marketplace,Credit Card,Delivered
ORD-000995,CUST-00136,PRD-00004,2025-06-02,2025-06-06,2,3744.22,0.0,Marketplace,Wallet,Returned
ORD-003242,CUST-00450,PRD-00133,12-Jan-2023,,1,174.99,0.0,Marketplace,Cash on Delivery,Delivered
ORD-003507,CUST-00483,PRD-00145,2025-06-28,2025-06-30,2,116.01,0.25,Mobile App,Installment,Delivered
ORD-002088,CUST-00294,PRD-00106,08/06/2025,09/08/2025,5,1124.04,0.15,Marketplace,Cash on Delivery,Delivered
ORD-001153,CUST-00157,PRD-00160,13/07/2023,16/07/2023,6,214.1,0.15,Mobile App,Wallet,Returned
ORD-004666,CUST-00639,PRD-00179,23-May-2024,2024-05-29,3,2311.13,0.1,Mobile App,Installment,Delivered
ORD-000199,CUST-00027,PRD-00032,22/12/2023,2023-12-23,2,1547.2,0.0,Mobile App,Wallet,Delivered
ORD-005764,CUST-00791,PRD-00175,11/03/2024,17/03/2024,3,3144.98,0.1,Website,Credit Card,Delivered
ORD-005197,CUST-00705,PRD-00058,24-Apr-2024,28/04/2024,1,3308.87,0.2,MOBILE APP,Wallet,Returned
ORD-001591,CUST-00213,PRD-00114,09-Apr-2025,04/12/2025,1,864.91,0.1,Mobile App,Cash on Delivery,Delivered
ORD-004089,CUST-00577,PRD-00044,23/02/2025,2025-03-01,5,3309.62,0.15,Mobile App,Installment,Delivered
ORD-002078,CUST-00292,PRD-00028,30/09/2024,2024-10-04,4,6404.22,,Marketplace,cash on delivery,Delivered
ORD-001457,CUST-00201,PRD-00079,01/27/2023,01/28/2023,6,646.3,0.0,Website,Credit Card,Delivered
ORD-003193,CUST-00440,PRD-00021,01/20/2025,2025-01-26,4,7707.69,0.05,Mobile App,Wallet,Delivered
ORD-002179,CUST-00306,PRD-00020,03/21/2023,2023-03-24,5,9661.76,0.25,Mobile App,Cash on Delivery,Delivered
ORD-004287,CUST-00599,PRD-00115,2023-11-20,11/24/2023,5,EGP 290.78,0.0,Marketplace,Credit Card,Cancelled
ORD-003081,CUST-00429,PRD-00063,2025-12-27,01/03/2026,5,3118.2,0.1,MOBILE APP,Wallet,Delivered
ORD-001543,CUST-00208,PRD-00169,2024-05-08,2024-05-15,5,3779.35,0.15,Marketplace,Installment,Pending
ORD-004518,CUST-00622,PRD-00127,18-May-2024,24/05/2024,6,252.66,0.25,Mobile App,Installment,Delivered
ORD-002455,CUST-00340,PRD-00001,22/04/2024,2024-04-29,3,3019.28,0.25,Website,Cash on Delivery,Pending
ORD-005536,CUST-00758,PRD-00022,23/04/2025,27/04/2025,3,14193.82,0.0,Mobile App,Wallet,Delivered
ORD-003750,CUST-00520,PRD-00001,23/08/2023,28-Aug-2023,2,3019.28,0.0,Marketplace,Installment,Cancelled
ORD-002211,CUST-00312,PRD-00075,12/13/2025,14-Dec-2025,3,576.69,0.25,Marketplace,Cash on Delivery,Delivered
ORD-002094,CUST-00295,PRD-00138,04-Aug-2023,2023-08-05,8,293.11,0.2,Mobile App,Cash on Delivery,Pending
ORD-005699,CUST-00780,PRD-00079,09/21/2024,2024-09-22,3,646.3,0.0,Marketplace,Wallet,Delivered
ORD-000203,CUST-00027,PRD-00016,23/03/2024,30/03/2024,4,6150.02,0.0,Website,Credit Card,Delivered
ORD-005458,CUST-00743,PRD-00161,18-Dec-2024,2024-12-25,4,1342.19,0.05,Marketplace,Installment,Delivered
ORD-005180,CUST-00704,PRD-00025,20-Jun-2023,24-Jun-2023,4,15750.99,0.25,Mobile App,Cash on Delivery,Pending
ORD-002242,CUST-00313,PRD-00047,19/10/2023,23-Oct-2023,1,3368.82,0.0,Website,Cash on Delivery,Delivered
ORD-003008,CUST-00418,PRD-00153,2023-05-26,05/28/2023,4,321.69,0.25,Marketplace,Cash on Delivery,Delivered
ORD-001949,CUST-00278,PRD-00091,11/15/2024,17/11/2024,10,1667.87,0.0,Marketplace,Cash on Delivery,Returned
ORD-000101,CUST-00014,PRD-00156,11-Jul-2023,16/07/2023,2,250.31,0.2,Marketplace,Installment,Pending
ORD-005474,CUST-00748,PRD-00058,2024-12-06,08/12/2024,5,3308.87,0.15,Mobile App,Cash on Delivery,Delivered
ORD-002889,CUST-00397,PRD-00018,30/09/2024,06/10/2024,1,8604.46,0.05,Website,Wallet,Delivered
ORD-005290,CUST-00722,PRD-00158,04/28/2024,29-Apr-2024,2,308.65,0.0,Website,Credit Card,Returned
ORD-000584,CUST-00079,PRD-00011,2024-11-16,21/11/2024,4,EGP 2785.74,0.0,Marketplace,Installment,Delivered
ORD-001506,CUST-00206,PRD-00121,07/07/2024,07/10/2024,4,307.1,0.25,Website,Cash on Delivery,Delivered
ORD-001337,CUST-00180,PRD-00123,06/14/2024,21-Jun-2024,5,83.93,0.25,Website,Installment,Delivered
ORD-002007,CUST-00286,PRD-00108,02/24/2025,28/02/2025,5,EGP 230.98,0.15,Website,Credit Card,Pending
ORD-002180,CUST-00306,PRD-00027,15-Apr-2024,2024-04-16,10,6528.78,0.05,Marketplace,Credit Card,Delivered
ORD-005507,CUST-00753,PRD-00155,05-Apr-2024,04/12/2024,5,228.62,0.2,Mobile App,Installment,Delivered
ORD-005582,CUST-00765,PRD-00129,06/30/2025,2025-07-02,4,23.89,0.0,Website,installment,Delivered
ORD-003166,CUST-00437,PRD-00160,20/03/2025,24/03/2025,1,214.1,0.0,Mobile App,Credit Card,Delivered
ORD-004897,CUST-00666,PRD-00009,2023-06-30,2023-07-02,4,1433.71,0.05,Mobile App,Wallet,Delivered
ORD-002716,CUST-00372,PRD-00037,08/02/2024,09/08/2024,5,2145.36,0.05,Marketplace,Credit Card,Delivered
ORD-001316,CUST-00176,PRD-00125,2024-05-28,02-Jun-2024,5,151.72,0.05,Mobile App,Cash on Delivery,Returned
ORD-000755,CUST-00101,PRD-00131,07/07/2024,07/11/2024,1,361.41,0.25,Mobile App,Cash on Delivery,Pending
ORD-004428,CUST-00611,PRD-00040,24-Mar-2023,03/25/2023,3,1977.22,0.1,Marketplace,Credit Card,Delivered
ORD-001358,CUST-00182,PRD-00014,01/11/2023,18/01/2023,5,3474.75,0.25,Website,Installment,Cancelled
ORD-002315,CUST-00322,PRD-00043,19/04/2023,24-Apr-2023,5,670.88,0.05,Marketplace,Credit Card,Delivered
ORD-002431,CUST-00338,PRD-00061,28-Dec-2024,01/03/2025,10,1707.55,0.0,Marketplace,Cash on Delivery,Returned
ORD-005203,CUST-00705,PRD-00031,2023-07-25,2023-07-26,1,376.78,0.0,WEBSITE,Installment,Delivered
ORD-003979,CUST-00558,PRD-00049,2023-11-13,17-Nov-2023,4,3627.21,0.1,Website,Installment,Cancelled
ORD-002240,CUST-00313,PRD-00003,21-Aug-2023,26-Aug-2023,4,1534.69,0.0,Marketplace,Wallet,Delivered
ORD-004621,CUST-00634,PRD-00083,02/25/2024,2024-02-27,2,1673.7,0.0,Mobile App,Credit Card,Delivered
ORD-003311,CUST-00458,PRD-00044,13-Feb-2023,2023-02-17,5,3309.62,0.0,Mobile App,Credit Card,Delivered
ORD-003601,CUST-00495,PRD-00035,19-Jul-2025,20/07/2025,3,4561.67,0.0,Website,Cash on Delivery,Pending
ORD-001269,CUST-00172,PRD-00099,21/07/2023,24/07/2023,5,EGP 152.23,,Marketplace,Installment,Delivered
ORD-005760,CUST-00789,PRD-00188,03/05/2024,12/03/2024,8,EGP 235.83,0.0,Website,Wallet,Pending
ORD-000212,CUST-00029,PRD-00156,2024-11-23,25-Nov-2024,1,250.31,0.2,Marketplace,Wallet,Delivered
ORD-002959,CUST-00410,PRD-00114,26-Mar-2025,2025-03-31,1,864.91,0.0,Mobile App,Credit Card,Returned
ORD-001184,CUST-00163,PRD-00014,17-Oct-2023,10/21/2023,4,3474.75,0.05,Mobile App,Credit Card,Delivered
ORD-002177,CUST-00305,PRD-00041,24/08/2023,25/08/2023,4,1168.7,0.25,Marketplace,Credit Card,Cancelled
ORD-003050,CUST-00425,PRD-00147,17/02/2024,21/02/2024,3,222.8,0.25,MOBILE APP,Installment,Delivered
ORD-000780,CUST-00103,PRD-00094,31-Oct-2024,04-Nov-2024,6,286.11,0.2,MOBILE APP,Installment,Delivered
ORD-001704,CUST-00232,PRD-00134,16-Jan-2025,01/20/2025,2,165.0,0.15,Mobile App,Installment,Delivered
ORD-000388,CUST-00050,PRD-00168,16-Nov-2023,21-Nov-2023,3,3279.73,0.2,Marketplace,Wallet,Cancelled
ORD-003318,CUST-00459,PRD-00060,07/28/2024,08/02/2024,5,2586.89,0.25,Mobile App,Credit Card,Delivered
ORD-004037,CUST-00566,PRD-00178,10-Jan-2025,13-Jan-2025,1,583.55,0.25,Marketplace,Wallet,Delivered
ORD-002765,CUST-00375,PRD-00044,31/07/2024,01/08/2024,5,3309.62,0.2,Mobile App,Installment,Returned
ORD-003207,CUST-00441,PRD-00066,14/12/2023,2023-12-15,2,531.75,0.2,Website,Installment,Cancelled
ORD-001595,CUST-00213,PRD-00026,15-Dec-2024,12/18/2024,4,13374.87,0.15,Website,Cash on Delivery,Delivered
ORD-003807,CUST-00528,PRD-00036,17-Aug-2025,08/21/2025,2,2503.62,0.0,Mobile App,Wallet,Delivered
ORD-005042,CUST-00684,PRD-00117,2023-11-30,2023-12-01,3,440.45,0.0,Mobile App,Installment,Delivered
ORD-003472,CUST-00477,PRD-00058,14-Feb-2023,20/02/2023,4,3308.87,0.2,Marketplace,Credit Card,Returned
ORD-004862,CUST-00664,PRD-00085,12/01/2023,,5,265.37,0.25,Mobile App,Wallet,Delivered
ORD-002721,CUST-00372,PRD-00152,01-Feb-2025,02/07/2025,4,23.7,,Website,Installment,Delivered
ORD-001175,CUST-00162,PRD-00072,06/19/2023,,10,2087.47,0.15,WEBSITE,Cash on Delivery,Delivered
ORD-005428,CUST-00739,PRD-00043,27/03/2025,30-Mar-2025,2,EGP 670.88,0.0,Website,Installment,Delivered
ORD-004580,CUST-00629,PRD-00059,03/20/2025,03/22/2025,2,1565.88,0.1,Website,Credit Card,Cancelled
ORD-005803,CUST-00795,PRD-00019,01/19/2024,2024-01-20,5,5919.72,0.0,Marketplace,Installment,Delivered
ORD-003767,CUST-00521,PRD-00172,15/03/2023,03/21/2023,5,4391.94,0.25,Mobile App,Installment,Delivered
ORD-001999,CUST-00285,PRD-00036,10/12/2023,17/12/2023,9,EGP 2503.62,0.15,Mobile App,Installment,Delivered
ORD-000675,CUST-00091,PRD-00183,31/01/2024,2024-02-03,1,EGP 6588.34,0.0,Marketplace,Credit Card,Delivered
ORD-002623,CUST-00359,PRD-00047,16/12/2023,17-Dec-2023,1,EGP 3368.82,0.1,Mobile App,Cash on Delivery,Delivered
ORD-000247,CUST-00032,PRD-00187,2025-01-26,01/29/2025,1,5533.15,0.0,Marketplace,Credit Card,Delivered
ORD-001659,CUST-00223,PRD-00068,04/27/2023,30/04/2023,2,1186.92,0.15,Website,wallet,Delivered
ORD-000878,CUST-00121,PRD-00165,05/02/2025,07/05/2025,3,1559.9,0.15,Mobile App,Cash on Delivery,Delivered
ORD-000612,CUST-00082,PRD-00010,2024-02-29,03/03/2024,5,2297.75,0.0,Website,installment,Delivered
ORD-004232,CUST-00591,PRD-00030,2025-10-29,10/30/2025,4,EGP 6643.61,0.2,Website,Credit Card,Delivered
ORD-002867,CUST-00389,PRD-00182,2024-04-09,11/04/2024,1,4312.02,,Website,Wallet,Delivered
ORD-002350,CUST-00329,PRD-00137,18/12/2024,2024-12-25,4,328.81,0.05,Mobile App,Installment,Pending
ORD-000865,CUST-00117,PRD-00108,25/05/2024,05/27/2024,5,230.98,0.2,Marketplace,credit card,Delivered
ORD-002283,CUST-00319,PRD-00102,10/11/2024,12/10/2024,9,833.67,0.15,Mobile App,Credit Card,Delivered
ORD-000704,CUST-00096,PRD-00095,20/03/2025,21/03/2025,1,493.89,0.2,Marketplace,Cash on Delivery,Delivered
ORD-003047,CUST-00425,PRD-00061,10/18/2023,2023-10-25,1,1707.55,0.0,Website,Installment,Delivered
ORD-004769,CUST-00653,PRD-00002,14/09/2024,2024-09-18,5,9414.07,0.0,Marketplace,Installment,Delivered
ORD-003477,CUST-00478,PRD-00052,01-Mar-2025,03/08/2025,4,4557.53,0.0,Marketplace,Wallet,Delivered
ORD-003463,CUST-00477,PRD-00141,20/09/2024,22/09/2024,3,EGP 265.4,0.0,Marketplace,Credit Card,Delivered
ORD-001194,CUST-00165,PRD-00156,05/08/2025,13-May-2025,5,250.31,0.05,Website,Credit Card,Delivered
ORD-002054,CUST-00291,PRD-00079,2023-12-17,2023-12-19,10,646.3,,Marketplace,Wallet,Delivered
ORD-005278,CUST-00720,PRD-00144,17-Jun-2023,21/06/2023,5,212.23,,Website,Cash on Delivery,Delivered
ORD-005234,CUST-00713,PRD-00017,06-Nov-2025,09-Nov-2025,3,4224.65,0.2,Website,Installment,Delivered
ORD-004320,CUST-00601,PRD-00021,01/24/2023,2023-01-28,1,7707.69,0.0,Mobile App,Wallet,Cancelled
ORD-000874,CUST-00120,PRD-00160,25-Aug-2024,09/01/2024,2,214.1,0.05,Mobile App,wallet,Returned
ORD-002060,CUST-00291,PRD-00046,10-Mar-2024,12-Mar-2024,8,1161.95,0.15,Mobile App,credit card,Delivered
ORD-002047,CUST-00290,PRD-00023,02/26/2025,02/28/2025,3,EGP 11190.64,,MOBILE APP,Cash on Delivery,Returned
ORD-003801,CUST-00528,PRD-00029,02-Nov-2025,06/11/2025,3,1141.21,0.0,Website,Wallet,Delivered
ORD-001485,CUST-00203,PRD-00166,2023-12-13,12/20/2023,1,1361.3,0.2,Mobile App,cash on delivery,Returned
ORD-001013,CUST-00138,PRD-00145,13/09/2023,11-Sep-2023,1,116.01,0.15,Website,Credit Card,Pending
ORD-003398,CUST-00467,PRD-00103,17-Jul-2024,07/20/2024,9,275.52,0.25,Mobile App,Credit Card,Delivered
ORD-001802,CUST-00247,PRD-00009,07-Mar-2025,14/03/2025,6,1433.71,0.2,Marketplace,Wallet,Cancelled
ORD-000992,CUST-00135,PRD-00152,23/04/2024,2024-04-30,1,EGP 23.7,0.0,Website,Installment,Delivered
ORD-004284,CUST-00599,PRD-00035,26-Dec-2024,29-Dec-2024,10,4561.67,0.0,Marketplace,Wallet,Delivered
ORD-001070,CUST-00146,PRD-00049,10/18/2025,24-Oct-2025,8,EGP 3627.21,0.0,Mobile App,Installment,Delivered
ORD-000369,CUST-00046,PRD-00073,14/04/2023,19-Apr-2023,2,2603.44,0.25,Mobile App,Wallet,Cancelled
ORD-003998,CUST-00562,PRD-00026,2025-08-05,08/03/2025,6,13374.87,0.2,Mobile App,Cash on Delivery,Delivered
ORD-005443,CUST-00741,PRD-00008,2023-12-05,08/12/2023,8,13998.23,0.0,Website,Wallet,Cancelled
ORD-002375,CUST-00333,PRD-00114,2023-02-11,15/02/2023,7,EGP 864.91,0.2,Website,Wallet,Delivered
ORD-003706,CUST-00512,PRD-00101,12/11/2025,12/12/2025,1,658.37,0.0,Website,Cash on Delivery,Delivered
  ORD-002065  ,CUST-00292,PRD-00130,21/09/2024,,3,93.92,0.1,Website,Wallet,Delivered
ORD-004807,CUST-00656,PRD-00158,02/16/2023,19-Feb-2023,3,308.65,0.05,Mobile App,Wallet,Delivered
ORD-002905,CUST-00401,PRD-00107,05-Nov-2025,07/11/2025,7,803.85,0.15,Marketplace,Wallet,Delivered
ORD-004821,CUST-00657,PRD-00052,2024-09-14,15/09/2024,2,4557.53,0.0,Marketplace,Cash on Delivery,Returned
ORD-001401,CUST-00190,PRD-00007,04-Oct-2024,2024-10-09,3,5375.75,0.0,Mobile App,Credit Card,Delivered
ORD-004720,CUST-00645,PRD-00117,2024-10-07,10/14/2024,10,440.45,0.1,Mobile App,Wallet,Delivered
ORD-000325,CUST-00041,PRD-00030,04/12/2025,18/04/2025,2,6643.61,0.25,Mobile App,Credit Card,Cancelled
ORD-004080,CUST-00574,PRD-00165,2024-07-28,2024-08-01,6,1559.9,0.25,Marketplace,Installment,Delivered
ORD-003438,CUST-00473,PRD-00044,15-Jan-2025,17-Jan-2025,4,3309.62,0.2,Website,Cash on Delivery,Delivered
ORD-003501,CUST-00482,PRD-00183,2023-07-02,07/07/2023,2,6588.34,0.2,Website,Credit Card,Delivered
ORD-004616,CUST-00633,PRD-00065,29-Jan-2023,31/01/2023,4,1220.64,0.0,WEBSITE,Cash on Delivery,Pending
  ORD-003556  ,CUST-00488,PRD-00128,07-Apr-2025,13-Apr-2025,3,812.88,0.0,Website,Wallet,Delivered
ORD-005709,CUST-00782,PRD-00031,06-Jan-2025,,2,376.78,,Mobile App,Wallet,Pending
ORD-004509,CUST-00621,PRD-00121,16/12/2023,21/12/2023,3,307.1,0.1,Marketplace,Credit Card,Returned
ORD-002745,CUST-00373,PRD-00016,25-Jun-2023,2023-07-02,4,6150.02,,Mobile App,Installment,Delivered
ORD-000125,CUST-00017,PRD-00141,27-Jan-2025,01-Feb-2025,4,265.4,0.0,Marketplace,Installment,Delivered
ORD-005397,CUST-00734,PRD-00187,08/07/2023,13/07/2023,3,5533.15,0.25,Marketplace,Cash on Delivery,Delivered
ORD-003827,CUST-00534,PRD-00011,06-Sep-2023,2023-09-13,3,2785.74,0.0,Mobile App,Credit Card,Delivered
ORD-003026,CUST-00422,PRD-00066,11/19/2023,26-Nov-2023,9,531.75,0.0,WEBSITE,Credit Card,Pending
ORD-002995,CUST-00416,PRD-00115,23/05/2024,,10,290.78,,Website,Credit Card,Delivered
ORD-002859,CUST-00388,PRD-00142,05/28/2023,2023-06-01,4,29.02,0.0,Mobile App,Installment,Returned
ORD-003936,CUST-00554,PRD-00171,26-Sep-2024,01-Oct-2024,6,1117.84,0.0,Mobile App,Credit Card,Delivered
ORD-000132,CUST-00018,PRD-00170,03/27/2024,2024-04-02,4,7690.28,0.0,Marketplace,wallet,Returned
ORD-001067,CUST-00146,PRD-00132,12/08/2023,15-Aug-2023,4,436.68,0.0,Mobile App,installment,Delivered
ORD-000991,CUST-00134,PRD-00012,20-Mar-2025,21/03/2025,5,9488.69,0.0,Marketplace,Credit Card,Delivered
ORD-001391,CUST-00189,PRD-00084,2023-11-20,11/27/2023,4,600.09,0.15,Marketplace,Wallet,Returned
ORD-000845,CUST-00112,PRD-00076,12-Sep-2025,14-Sep-2025,1,2045.06,0.25,Website,Cash on Delivery,Delivered
ORD-004958,CUST-00673,PRD-00149,08/01/2023,07/01/2023,6,93.5,0.0,Website,Installment,Delivered
ORD-000673,CUST-00091,PRD-00086,2024-06-01,,4,EGP 1754.49,0.0,Mobile App,Installment,Delivered
ORD-000227,CUST-00030,PRD-00112,2023-09-06,11-Sep-2023,1,EGP 422.18,0.0,MOBILE APP,Credit Card,Delivered
ORD-001985,CUST-00284,PRD-00176,09/12/2024,09/16/2024,5,3014.74,0.0,Mobile App,Credit Card,Cancelled
ORD-003460,CUST-00477,PRD-00051,2025-03-01,05-Mar-2025,5,4568.48,0.2,Website,Cash on Delivery,Delivered
ORD-002229,CUST-00313,PRD-00037,19/10/2023,,5,2145.36,0.15,Marketplace,Credit Card,Delivered
ORD-001200,CUST-00165,PRD-00148,02/04/2025,04/09/2025,3,63.15,0.0,Website,Cash on Delivery,Delivered
ORD-003580,CUST-00492,PRD-00113,10/02/2023,10/07/2023,5,719.15,0.15,Marketplace,Cash on Delivery,Delivered
ORD-003546,CUST-00487,PRD-00158,2024-07-02,2024-07-06,4,308.65,0.2,Marketplace,Installment,Delivered
ORD-004409,CUST-00608,PRD-00120,15-Jun-2025,2025-06-16,9,538.56,0.2,Mobile App,Credit Card,Cancelled
ORD-003956,CUST-00557,PRD-00071,2023-03-10,2023-03-15,8,657.42,2.0,Website,Cash on Delivery,Delivered
ORD-005260,CUST-00719,PRD-00052,08/17/2025,08/24/2025,6,EGP 4557.53,0.0,Mobile App,Installment,Returned
ORD-003965,CUST-00558,PRD-00083,2023-03-14,17/03/2023,2,1673.7,0.05,Website,Wallet,Pending
ORD-004144,CUST-00586,PRD-00178,21-Feb-2023,25-Feb-2023,8,583.55,0.2,Marketplace,Cash on Delivery,Returned
ORD-002099,CUST-00295,PRD-00053,17/12/2023,18/12/2023,10,933.2,0.15,Website,Cash on Delivery,Delivered
ORD-000434,CUST-00058,PRD-00060,2025-04-12,2025-04-17,9,EGP 2586.89,0.0,Mobile App,Credit Card,Cancelled
ORD-003452,CUST-00476,PRD-00101,17-Mar-2023,,4,658.37,0.0,Marketplace,Credit Card,Delivered
ORD-003034,CUST-00423,PRD-00140,03/04/2023,2023-03-09,4,168.61,0.1,Marketplace,Installment,Delivered
ORD-001839,CUST-00255,PRD-00062,08/15/2023,17/08/2023,5,EGP 271.83,0.25,Mobile App,Installment,Pending
ORD-004390,CUST-00605,PRD-00078,01-Feb-2024,08/02/2024,4,803.87,0.0,Website,Credit Card,Delivered
ORD-001233,CUST-00169,PRD-00133,18/11/2025,2025-11-19,2,174.99,0.0,Website,Cash on Delivery,Delivered
ORD-004027,CUST-00565,PRD-00172,2024-08-02,2024-08-03,5,4391.94,0.15,Marketplace,Installment,Delivered
ORD-003303,CUST-00457,PRD-00152,12/08/2025,2025-12-13,3,23.7,0.0,Website,Cash on Delivery,Returned
ORD-001392,CUST-00189,PRD-00161,19/06/2024,06/25/2024,1,1342.19,,Mobile App,Cash on Delivery,Delivered
ORD-002090,CUST-00294,PRD-00079,28-Feb-2024,03/06/2024,2,646.3,0.05,Website,Wallet,Delivered
ORD-000687,CUST-00091,PRD-00172,28-Mar-2024,2024-04-03,5,4391.94,0.1,Mobile App,Cash on Delivery,Delivered
ORD-000539,CUST-00073,PRD-00154,22-Oct-2024,28-Oct-2024,5,175.83,0.0,Website,Cash on Delivery,Delivered
ORD-002735,CUST-00373,PRD-00166,30-Dec-2025,02/01/2026,2,1361.3,0.15,WEBSITE,Credit Card,Returned
ORD-001136,CUST-00154,PRD-00152,08/13/2023,08/18/2023,7,23.7,0.2,WEBSITE,Cash on Delivery,Cancelled
ORD-005214,CUST-00709,PRD-00051,14-Feb-2024,15/02/2024,1,4568.48,0.15,Mobile App,credit card,Cancelled
ORD-001253,CUST-00170,PRD-00128,2023-11-30,12/07/2023,2,812.88,0.0,Mobile App,Cash on Delivery,Delivered
ORD-005394,CUST-00733,PRD-00154,2023-12-30,31-Dec-2023,2,175.83,0.05,MARKETPLACE,Installment,Delivered
ORD-002044,CUST-00289,PRD-00024,10/01/2023,2023-01-12,4,8840.39,0.0,MOBILE APP,Installment,Cancelled
ORD-000821,CUST-00110,PRD-00083,03/22/2023,29/03/2023,1,1673.7,0.0,Mobile App,Installment,Delivered
ORD-002611,CUST-00357,PRD-00052,10-Apr-2024,04/15/2024,3,EGP 4557.53,0.0,Marketplace,Cash on Delivery,Delivered
ORD-001959,CUST-00279,PRD-00142,2025-03-01,2025-03-03,8,29.02,0.0,Marketplace,Wallet,Delivered
ORD-005795,CUST-00793,PRD-00030,2024-11-17,22/11/2024,8,6643.61,0.0,Website,Installment,Delivered
ORD-004470,CUST-00617,PRD-00093,26-Nov-2025,12/03/2025,1,327.87,0.1,Mobile App,Installment,Delivered
ORD-004322,CUST-00601,PRD-00010,09/04/2024,04/15/2024,4,2297.75,0.05,Mobile App,Wallet,Returned
ORD-001361,CUST-00182,PRD-00089,2024-04-30,02-May-2024,9,370.11,0.15,Marketplace,Cash on Delivery,Delivered
ORD-003404,CUST-00469,PRD-00064,17-Nov-2025,11/21/2025,1,1338.56,0.0,Marketplace,Installment,Returned
ORD-001846,CUST-00257,PRD-00058,2025-12-02,2025-12-05,2,3308.87,0.1,Mobile App,Credit Card,Delivered
ORD-002606,CUST-00357,PRD-00038,2025-05-19,,4,2707.61,0.0,Mobile App,Credit Card,Delivered
ORD-003235,CUST-00449,PRD-00028,29/11/2024,12/05/2024,3,6404.22,0.0,Marketplace,Cash on Delivery,Delivered
ORD-001004,CUST-00137,PRD-00027,11/14/2024,11/20/2024,9,6528.78,0.25,Marketplace,Cash on Delivery,Pending
ORD-005399,CUST-00734,PRD-00109,12/10/2023,2023-12-16,10,252.4,0.1,Marketplace,Installment,Returned
ORD-004278,CUST-00598,PRD-00150,08/29/2024,03-Sep-2024,2,84.86,0.25,Website,Cash on Delivery,Delivered
ORD-004761,CUST-00651,PRD-00007,19/12/2023,2023-12-20,5,5375.75,0.05,Website,Installment,Delivered
ORD-001370,CUST-00184,PRD-00060,13/07/2023,14-Jul-2023,4,2586.89,0.15,Mobile App,Wallet,Delivered
ORD-003950,CUST-00556,PRD-00019,2025-09-18,21-Sep-2025,4,5919.72,0.0,Marketplace,Credit Card,Pending
ORD-004690,CUST-00641,PRD-00180,12/12/2023,12/13/2023,10,6579.05,0.0,Mobile App,Wallet,Pending
ORD-005338,CUST-00727,PRD-00151,03/12/2023,12/07/2023,4,EGP 125.16,0.0,Mobile App,Cash on Delivery,Delivered
ORD-000724,CUST-00099,PRD-00025,2025-01-01,01/08/2025,3,15750.99,0.05,Mobile App,Cash on Delivery,Delivered
ORD-001069,CUST-00146,PRD-00171,04-Sep-2024,2024-09-10,7,1117.84,0.15,Marketplace,Credit Card,Delivered
ORD-001400,CUST-00190,PRD-00100,02/04/2025,10-Feb-2025,5,555.91,0.0,Website,Installment,Returned
ORD-004849,CUST-00663,PRD-00079,22/08/2024,25/08/2024,10,646.3,0.05,Website,credit card,Delivered
ORD-001728,CUST-00237,PRD-00040,2024-12-02,03/12/2024,3,1977.22,0.0,Mobile App,Credit Card,Delivered
ORD-000134,CUST-00018,PRD-00076,02-Nov-2024,2024-10-31,4,2045.06,0.0,Marketplace,Wallet,Returned
ORD-005368,CUST-00730,PRD-00057,2025-10-02,10/08/2025,4,5493.06,0.2,Website,Credit Card,Delivered
ORD-000444,CUST-00059,PRD-00061,09/21/2023,09/23/2023,10,1707.55,0.0,Website,Credit Card,Cancelled
ORD-002717,CUST-00372,PRD-00043,27/12/2025,12/29/2025,3,670.88,0.2,Website,Wallet,Delivered
ORD-005716,CUST-00782,PRD-00027,06/03/2023,2023-03-11,1,6528.78,0.0,MARKETPLACE,Wallet,Delivered
ORD-002833,CUST-00385,PRD-00169,2024-07-09,2024-07-12,2,3779.35,0.0,Marketplace,Wallet,Delivered
ORD-003961,CUST-00557,PRD-00072,2024-01-20,,8,2087.47,0.0,Website,Installment,Cancelled
ORD-000348,CUST-00043,PRD-00150,27-Nov-2023,28-Nov-2023,5,84.86,0.0,Marketplace,Installment,Delivered
ORD-002614,CUST-00358,PRD-00076,02/14/2024,2024-02-16,1,2045.06,0.25,Website,Cash on Delivery,Delivered
ORD-000234,CUST-00031,PRD-00047,13-Jan-2024,2024-01-17,8,3368.82,0.0,Mobile App,Installment,Delivered
ORD-005602,CUST-00766,PRD-00012,15/03/2024,18/03/2024,5,EGP 9488.69,0.2,Mobile App,Installment,Delivered
ORD-004436,CUST-00611,PRD-00172,11/22/2023,11/28/2023,4,4391.94,0.05,Website,cash on delivery,Delivered
ORD-003796,CUST-00527,PRD-00139,2025-11-30,12/01/2025,1,195.93,0.0,MOBILE APP,Credit Card,Delivered
ORD-004484,CUST-00617,PRD-00020,12/07/2025,12/08/2025,4,9661.76,0.15,Mobile App,Wallet,Delivered
ORD-005804,CUST-00795,PRD-00045,27-Jul-2025,2025-08-03,1,4956.18,0.05,Website,Credit Card,Delivered
ORD-000231,CUST-00031,PRD-00186,29-Jun-2024,30/06/2024,6,4878.71,,Mobile App,Credit Card,Delivered
ORD-003690,CUST-00509,PRD-00035,10/07/2025,10/13/2025,5,4561.67,0.0,Website,Installment,Delivered
ORD-003078,CUST-00429,PRD-00183,2023-02-16,02/23/2023,3,6588.34,0.0,Mobile App,Wallet,Delivered
ORD-005502,CUST-00752,PRD-00164,2025-05-09,05/11/2025,3,6039.64,0.0,Marketplace,Installment,Cancelled
ORD-005470,CUST-00747,PRD-00059,03-Nov-2023,05/11/2023,2,1565.88,0.1,Marketplace,Cash on Delivery,Cancelled
ORD-003249,CUST-00450,PRD-00077,2025-12-14,12/17/2025,4,3228.9,0.0,Marketplace,credit card,Returned
ORD-003052,CUST-00425,PRD-00169,2025-04-25,2025-04-22,4,3779.35,0.0,Website,Wallet,Cancelled
ORD-004205,CUST-00590,PRD-00055,04-Sep-2025,08-Sep-2025,6,2089.61,0.0,Website,Cash on Delivery,Delivered
ORD-001754,CUST-00239,PRD-00041,04/03/2025,06/03/2025,8,1168.7,0.15,WEBSITE,Wallet,Delivered
ORD-003829,CUST-00534,PRD-00096,31/10/2024,05-Nov-2024,5,1013.61,0.0,Website,Cash on Delivery,Delivered
ORD-003595,CUST-00494,PRD-00092,07/25/2024,30/07/2024,7,727.52,0.15,Marketplace,Wallet,Delivered
ORD-003294,CUST-00457,PRD-00018,07-Sep-2024,09/14/2024,3,EGP 8604.46,0.2,Website,Installment,Delivered
ORD-003071,CUST-00427,PRD-00157,2025-05-18,05/19/2025,8,186.52,0.0,Website,Cash on Delivery,Delivered
  ORD-001474  ,CUST-00203,PRD-00180,2025-12-06,13/12/2025,4,6579.05,0.15,Marketplace,Installment,Delivered
ORD-002605,CUST-00357,PRD-00030,08/14/2023,2023-08-16,3,6643.61,0.0,Marketplace,Installment,Delivered
ORD-000292,CUST-00038,PRD-00070,02/06/2025,10-Feb-2025,9,1062.89,,Website,Cash on Delivery,Delivered
ORD-004731,CUST-00648,PRD-00184,13-Mar-2024,2024-03-15,2,2621.44,0.05,Marketplace,Installment,Returned
ORD-004256,CUST-00596,PRD-00003,30/06/2024,05-Jul-2024,4,EGP 1534.69,0.1,Mobile App,Cash on Delivery,Cancelled
ORD-003325,CUST-00459,PRD-00131,09/09/2023,2023-09-15,2,361.41,0.05,Website,Wallet,Delivered
ORD-005215,CUST-00709,PRD-00013,20-Mar-2024,03/22/2024,3,5695.33,0.1,Website,Cash on Delivery,Delivered
ORD-001531,CUST-00207,PRD-00014,06/29/2023,02/07/2023,7,3474.75,0.1,Mobile App,Installment,Delivered
ORD-005362,CUST-00730,PRD-00001,25/08/2024,30/08/2024,8,3019.28,0.25,Website,Installment,Delivered
ORD-005147,CUST-00700,PRD-00100,27-Mar-2024,31/03/2024,1,EGP 555.91,0.15,Mobile App,Installment,Delivered
ORD-001904,CUST-00266,PRD-00184,2024-11-01,11/07/2024,2,2621.44,0.0,WEBSITE,Installment,Delivered
ORD-000647,CUST-00086,PRD-00184,2024-04-02,04/06/2024,2,2621.44,0.05,Website,Installment,Delivered
ORD-000569,CUST-00076,PRD-00032,2025-03-12,2025-03-14,5,1547.2,0.0,Mobile App,Cash on Delivery,Pending
ORD-002516,CUST-00347,PRD-00098,09/03/2023,,5,718.7,0.2,MOBILE APP,Credit Card,Delivered
ORD-002028,CUST-00287,PRD-00017,12/22/2025,2025-12-25,4,4224.65,0.2,Website,Cash on Delivery,Delivered
ORD-003298,CUST-00457,PRD-00109,26-May-2024,2024-05-28,3,252.4,0.25,Marketplace,Wallet,Pending
ORD-001649,CUST-00223,PRD-00043,11/22/2024,2024-11-24,2,670.88,0.05,Website,Credit Card,Delivered
ORD-004837,CUST-00660,PRD-00118,13/03/2025,2025-03-18,8,341.03,0.0,Mobile App,Cash on Delivery,Delivered
ORD-000894,CUST-00124,PRD-00178,21-Jan-2025,28/01/2025,2,583.55,0.0,Website,Cash on Delivery,Delivered
ORD-003198,CUST-00441,PRD-00055,14-Oct-2023,2023-10-20,5,2089.61,0.15,Marketplace,Credit Card,Cancelled
ORD-000031,CUST-00005,PRD-00182,2025-01-21,24-Jan-2025,4,4312.02,0.0,Mobile App,Installment,Delivered
ORD-000102,CUST-00014,PRD-00085,11/12/2024,15/11/2024,2,265.37,0.0,Mobile App,Credit Card,Returned
ORD-002430,CUST-00337,PRD-00152,20-Feb-2024,23-Feb-2024,9,23.7,0.0,Website,Credit Card,Pending
ORD-003350,CUST-00460,PRD-00049,26-Aug-2024,,3,3627.21,0.0,Mobile App,Wallet,Delivered
ORD-002175,CUST-00305,PRD-00023,2023-03-17,2023-03-24,4,11190.64,0.05,Website,Cash on Delivery,Delivered
  ORD-001386  ,CUST-00188,PRD-00006,2024-10-01,03-Oct-2024,5,4094.1,0.15,Mobile App,Installment,Returned
  ORD-005055  ,CUST-00686,PRD-00112,2024-03-07,13/03/2024,5,422.18,0.0,Marketplace,Credit Card,Delivered
ORD-003573,CUST-00491,PRD-00117,2025-03-07,04-Mar-2025,10,440.45,0.05,Website,Wallet,Delivered
ORD-001241,CUST-00169,PRD-00116,08/09/2024,10/09/2024,1,466.13,0.0,Mobile App,Cash on Delivery,Delivered
ORD-004223,CUST-00591,PRD-00060,2025-03-12,03/19/2025,3,2586.89,0.2,Marketplace,Cash on Delivery,Delivered
ORD-003624,CUST-00498,PRD-00030,2024-10-31,04/11/2024,5,6643.61,0.25,Marketplace,Installment,Pending
ORD-001695,CUST-00230,PRD-00088,22-Mar-2023,27-Mar-2023,4,2384.43,0.2,Marketplace,installment,Cancelled
ORD-000107,CUST-00015,PRD-00046,2024-10-23,26/10/2024,2,1161.95,0.0,Marketplace,Wallet,Delivered
ORD-003177,CUST-00439,PRD-00019,2025-01-14,17/01/2025,10,5919.72,0.2,Marketplace,Wallet,Delivered
ORD-004213,CUST-00590,PRD-00014,12/05/2024,2024-12-12,5,3474.75,0.0,MARKETPLACE,Installment,Delivered
ORD-000678,CUST-00091,PRD-00004,07/27/2024,08/01/2024,1,3744.22,0.0,Website,Credit Card,Returned
ORD-001314,CUST-00176,PRD-00094,14-Apr-2024,04/20/2024,4,286.11,0.2,Mobile App,Wallet,Cancelled
ORD-003483,CUST-00480,PRD-00053,2025-03-31,01/04/2025,4,933.2,0.15,Mobile App,Cash on Delivery,Cancelled
ORD-004265,CUST-00597,PRD-00135,05/01/2023,2023-05-03,7,55.83,0.15,Marketplace,Cash on Delivery,Delivered
ORD-000047,CUST-00006,PRD-00184,08/07/2023,2023-08-12,5,2621.44,0.25,Marketplace,Credit Card,Pending
ORD-001788,CUST-00245,PRD-00180,05-Nov-2023,06/11/2023,4,6579.05,,Marketplace,Installment,Delivered
ORD-003933,CUST-00553,PRD-00034,12/31/2023,05/01/2024,6,4894.09,0.0,MARKETPLACE,Cash on Delivery,Delivered
ORD-004476,CUST-00617,PRD-00107,2023-08-20,25/08/2023,4,803.85,0.25,Marketplace,Cash on Delivery,Delivered
ORD-003458,CUST-00477,PRD-00059,16-Jun-2025,19/06/2025,5,1565.88,0.2,MOBILE APP,Installment,Returned
ORD-000208,CUST-00028,PRD-00025,12/05/2024,10/12/2024,1,15750.99,0.0,Website,Installment,Delivered
ORD-001917,CUST-00268,PRD-00057,2024-02-23,2024-02-24,1,5493.06,0.05,Website,Cash on Delivery,Delivered
ORD-005043,CUST-00684,PRD-00012,10-Feb-2023,17/02/2023,1,9488.69,0.15,Marketplace,Cash on Delivery,Delivered
ORD-003833,CUST-00535,PRD-00125,05/05/2025,2025-05-09,4,151.72,0.0,WEBSITE,Installment,Delivered
ORD-005021,CUST-00682,PRD-00032,06/07/2024,07/11/2024,3,EGP 1547.2,0.0,Website,Wallet,Pending
ORD-004568,CUST-00627,PRD-00022,30-Jan-2024,31/01/2024,3,14193.82,0.2,Mobile App,Wallet,Returned
ORD-003773,CUST-00522,PRD-00107,08/15/2023,2023-08-22,2,803.85,0.05,Website,installment,Delivered
ORD-002736,CUST-00373,PRD-00070,22-Jun-2025,,3,1062.89,,Mobile App,Wallet,Returned
ORD-002713,CUST-00372,PRD-00051,06/02/2023,2023-06-06,2,4568.48,,Website,Cash on Delivery,Delivered
ORD-000790,CUST-00105,PRD-00183,09-Oct-2024,2024-10-12,5,6588.34,0.05,Mobile App,Installment,Delivered
ORD-004112,CUST-00580,PRD-00065,10/22/2023,27/10/2023,3,1220.64,0.0,Marketplace,Wallet,Delivered
ORD-001925,CUST-00270,PRD-00080,20-Oct-2025,24/10/2025,3,1092.22,0.0,Marketplace,Credit Card,Delivered
ORD-004529,CUST-00623,PRD-00097,2024-07-31,06-Aug-2024,3,550.73,0.0,Marketplace,Wallet,Delivered
ORD-005512,CUST-00754,PRD-00174,25/05/2025,05/31/2025,6,2379.8,0.25,Mobile App,Wallet,Delivered
ORD-000643,CUST-00086,PRD-00004,01-Aug-2023,07/08/2023,1,3744.22,0.0,Website,Installment,Delivered
ORD-001352,CUST-00181,PRD-00032,28-Feb-2025,07-Mar-2025,2,1547.2,,Marketplace,Installment,Cancelled
ORD-001197,CUST-00165,PRD-00145,31-Jul-2023,08/05/2023,5,116.01,0.25,Marketplace,Wallet,Delivered
ORD-005768,CUST-00791,PRD-00057,09/24/2024,09/29/2024,7,5493.06,0.0,Mobile App,Installment,Delivered
ORD-004695,CUST-00642,PRD-00112,24-Nov-2023,12/01/2023,9,422.18,0.0,Marketplace,Credit Card,Delivered
ORD-001796,CUST-00245,PRD-00002,24-Apr-2025,2025-04-26,4,9414.07,0.0,Mobile App,Credit Card,Cancelled
ORD-004392,CUST-00606,PRD-00092,21-Apr-2023,2023-04-25,5,727.52,0.15,Mobile App,Credit Card,Delivered
ORD-005087,CUST-00692,PRD-00041,2025-09-03,09/09/2025,3,1168.7,0.0,Mobile App,Installment,Pending
ORD-001120,CUST-00153,PRD-00106,29-Jun-2025,02/07/2025,9,1124.04,0.2,Marketplace,Credit Card,Returned
ORD-000322,CUST-00041,PRD-00051,27-Jan-2024,2024-02-02,5,EGP 4568.48,0.15,Marketplace,Installment,Delivered
ORD-003879,CUST-00543,PRD-00019,04-Aug-2025,2025-08-08,4,5919.72,0.2,Mobile App,Wallet,Delivered
ORD-002132,CUST-00300,PRD-00094,2024-11-02,11/07/2024,3,286.11,0.15,Mobile App,Credit Card,Pending
ORD-000297,CUST-00038,PRD-00155,25-Jan-2024,2024-01-29,4,228.62,0.2,Marketplace,Wallet,Returned
ORD-002232,CUST-00313,PRD-00165,2023-04-02,09-Apr-2023,1,1559.9,0.2,Website,Installment,Cancelled
ORD-004983,CUST-00675,PRD-00075,27-Feb-2024,03/05/2024,6,576.69,0.15,Website,Credit Card,Delivered
ORD-003429,CUST-00471,PRD-00171,2024-11-18,22/11/2024,1,1117.84,0.0,Website,Credit Card,Pending
ORD-004660,CUST-00638,PRD-00053,08/06/2025,2025-08-11,2,933.2,,Marketplace,credit card,Delivered
ORD-004314,CUST-00601,PRD-00077,2025-02-11,02/14/2025,3,3228.9,0.15,Mobile App,Installment,Pending
ORD-004576,CUST-00629,PRD-00025,08/09/2025,11-Aug-2025,5,15750.99,0.2,Website,Credit Card,Returned
ORD-003004,CUST-00417,PRD-00006,01/19/2024,25-Jan-2024,6,4094.1,0.15,Marketplace,Installment,Delivered
  ORD-005367  ,CUST-00730,PRD-00113,04/07/2023,07/07/2023,6,719.15,0.05,Website,Cash on Delivery,Delivered
ORD-002089,CUST-00294,PRD-00126,16-Aug-2025,2025-08-22,4,340.64,0.0,Website,Cash on Delivery,Delivered
ORD-004488,CUST-00617,PRD-00178,14-Dec-2025,19-Dec-2025,5,583.55,0.2,Marketplace,Cash on Delivery,Delivered
ORD-002062,CUST-00291,PRD-00094,21/08/2024,25-Aug-2024,10,286.11,0.2,Marketplace,Cash on Delivery,Delivered
ORD-004084,CUST-00576,PRD-00113,20/02/2024,,8,719.15,0.0,Mobile App,Credit Card,Cancelled
ORD-000700,CUST-00095,PRD-00065,10/09/2024,2024-09-17,5,1220.64,0.05,Website,Cash on Delivery,Pending
ORD-001573,CUST-00210,PRD-00132,23/10/2024,24/10/2024,9,436.68,0.0,Marketplace,Wallet,Cancelled
ORD-000934,CUST-00129,PRD-00098,19/10/2023,25-Oct-2023,4,718.7,0.15,Mobile App,Credit Card,Delivered
ORD-004143,CUST-00586,PRD-00139,04/03/2024,2024-04-08,5,195.93,0.0,Marketplace,Installment,Delivered
ORD-002039,CUST-00289,PRD-00041,01/22/2024,28-Jan-2024,5,1168.7,0.1,Website,Credit Card,Delivered
ORD-001946,CUST-00278,PRD-00170,23/11/2024,2024-11-22,10,7690.28,0.25,MOBILE APP,Wallet,Delivered
ORD-005032,CUST-00683,PRD-00009,12/03/2025,12/06/2025,5,1433.71,0.25,Mobile App,Credit Card,Delivered
ORD-004200,CUST-00589,PRD-00058,20/02/2025,02/21/2025,2,3308.87,0.15,Website,Cash on Delivery,Delivered
ORD-001446,CUST-00196,PRD-00076,2024-05-15,17-May-2024,6,2045.06,0.0,Mobile App,Cash on Delivery,Cancelled
ORD-002552,CUST-00353,PRD-00161,05-Jul-2024,07/06/2024,5,1342.19,0.0,Mobile App,Installment,Delivered
ORD-004399,CUST-00607,PRD-00146,31/07/2025,06-Aug-2025,2,194.39,0.05,Website,Installment,Returned
ORD-001803,CUST-00247,PRD-00031,07/04/2025,12-Apr-2025,10,376.78,0.0,Marketplace,Credit Card,Pending
ORD-005673,CUST-00776,PRD-00062,12-Dec-2025,2025-12-14,5,271.83,0.0,Marketplace,Cash on Delivery,Delivered
ORD-002492,CUST-00343,PRD-00105,03/08/2023,13-Mar-2023,3,EGP 840.93,0.2,Mobile App,Cash on Delivery,Returned
ORD-001343,CUST-00180,PRD-00179,09/30/2025,,2,2311.13,0.1,Marketplace,Credit Card,Delivered
ORD-000504,CUST-00067,PRD-00051,15-Apr-2024,,3,4568.48,0.0,Marketplace,Credit Card,Delivered
ORD-005263,CUST-00719,PRD-00024,2024-11-07,11/08/2024,7,8840.39,0.0,MARKETPLACE,Credit Card,Returned
ORD-003849,CUST-00540,PRD-00087,06/02/2025,02/07/2025,4,937.05,0.15,Marketplace,Wallet,Delivered
ORD-005206,CUST-00705,PRD-00004,2025-05-18,05/20/2025,4,3744.22,0.05,Mobile App,Cash on Delivery,Returned
ORD-004288,CUST-00600,PRD-00067,2025-06-16,2025-06-18,6,1590.28,0.0,Marketplace,Cash on Delivery,Delivered
ORD-000351,CUST-00043,PRD-00093,31-Jan-2024,02/01/2024,10,327.87,0.1,Website,Installment,Delivered
ORD-002080,CUST-00292,PRD-00134,08/22/2025,2025-08-25,1,165.0,0.0,Mobile App,Credit Card,Delivered
ORD-005325,CUST-00726,PRD-00164,2023-05-03,05-May-2023,8,6039.64,0.0,Website,Wallet,Pending
ORD-004618,CUST-00633,PRD-00134,2025-01-28,02/04/2025,5,165.0,0.05,Website,Credit Card,Delivered
ORD-002950,CUST-00408,PRD-00174,2025-12-23,30/12/2025,6,2379.8,0.15,Mobile App,Credit Card,Delivered
ORD-002783,CUST-00378,PRD-00181,2024-10-29,31-Oct-2024,2,7757.56,0.1,Mobile App,Installment,Delivered
ORD-000556,CUST-00075,PRD-00094,13/03/2025,16-Mar-2025,5,286.11,,Website,Credit Card,Delivered
ORD-004823,CUST-00658,PRD-00112,14/05/2023,2023-05-18,4,422.18,0.0,Mobile App,Installment,Delivered
ORD-000527,CUST-00072,PRD-00133,2025-05-01,05/05/2025,4,174.99,0.25,Marketplace,Credit Card,Delivered
ORD-001293,CUST-00174,PRD-00128,08/10/2025,10/10/2025,5,812.88,0.0,Mobile App,Installment,Delivered
ORD-001929,CUST-00271,PRD-00085,22-Dec-2025,21-Dec-2025,4,265.37,0.0,Website,Wallet,Delivered
ORD-001933,CUST-00273,PRD-00045,21/06/2023,28/06/2023,2,4956.18,0.05,Website,Wallet,Cancelled
ORD-001138,CUST-00154,PRD-00002,02/24/2025,2025-03-01,3,9414.07,0.0,Marketplace,Wallet,Pending
ORD-004076,CUST-00573,PRD-00159,01-Nov-2024,,7,195.16,0.15,Marketplace,Installment,Returned
ORD-001435,CUST-00194,PRD-00026,11/24/2023,30/11/2023,1,13374.87,0.0,Mobile App,Installment,Delivered
ORD-005236,CUST-00713,PRD-00149,11/23/2025,25/11/2025,4,93.5,,Website,Cash on Delivery,Delivered
ORD-005196,CUST-00705,PRD-00138,15-Apr-2023,2023-04-18,2,293.11,0.25,Mobile App,Credit Card,Pending
ORD-005163,CUST-00702,PRD-00006,06/12/2023,17-Jun-2023,5,4094.1,0.1,Mobile App,Installment,Delivered
ORD-003002,CUST-00417,PRD-00047,2025-01-20,01/27/2025,6,3368.82,0.0,Marketplace,Cash on Delivery,Returned
ORD-000635,CUST-00084,PRD-00131,2024-12-08,09/12/2024,1,EGP 361.41,0.05,Website,Wallet,Delivered
ORD-000887,CUST-00123,PRD-00065,08-Nov-2025,10/11/2025,5,1220.64,0.05,Website,Cash on Delivery,Delivered
ORD-002575,CUST-00355,PRD-00166,06/02/2025,2025-06-05,5,1361.3,0.0,MARKETPLACE,Cash on Delivery,Delivered
ORD-004964,CUST-00673,PRD-00057,2025-07-30,07/31/2025,9,5493.06,,Marketplace,Installment,Delivered
ORD-004070,CUST-00571,PRD-00114,2025-02-10,2025-02-11,2,864.91,0.0,Marketplace,Wallet,Delivered
ORD-005589,CUST-00765,PRD-00127,2024-09-16,21-Sep-2024,3,252.66,0.05,Website,Cash on Delivery,Delivered
ORD-004780,CUST-00654,PRD-00125,27/12/2023,29/12/2023,5,151.72,0.2,Marketplace,Cash on Delivery,Delivered
ORD-001404,CUST-00190,PRD-00167,2024-11-15,2024-11-22,4,741.81,0.2,Marketplace,credit card,Delivered
ORD-005755,CUST-00789,PRD-00038,23-May-2024,05/25/2024,9,2707.61,0.1,Marketplace,Wallet,Delivered
ORD-005359,CUST-00730,PRD-00122,12/09/2023,11/12/2023,3,692.52,0.2,Mobile App,Credit Card,Returned
ORD-003617,CUST-00497,PRD-00029,04/26/2025,2025-04-28,5,1141.21,0.0,Website,Credit Card,Cancelled
ORD-002591,CUST-00356,PRD-00153,2023-06-27,07/01/2023,7,321.69,0.0,Marketplace,Installment,Delivered
ORD-004418,CUST-00609,PRD-00086,01/05/2024,07-May-2024,2,1754.49,0.2,Website,Cash on Delivery,Delivered
ORD-001761,CUST-00240,PRD-00135,04-Jun-2024,11/06/2024,2,55.83,0.0,Mobile App,Wallet,Pending
ORD-004968,CUST-00673,PRD-00024,2025-01-17,,10,8840.39,0.05,Marketplace,Credit Card,Delivered
ORD-001686,CUST-00228,PRD-00092,03/26/2023,2023-03-29,1,727.52,0.0,Website,Installment,Delivered
ORD-004162,CUST-00587,PRD-00159,05/18/2024,2024-05-22,8,195.16,0.1,Marketplace,Wallet,Returned
ORD-003189,CUST-00440,PRD-00105,06/16/2023,22-Jun-2023,1,EGP 840.93,0.25,Marketplace,Cash on Delivery,Pending
ORD-000119,CUST-00016,PRD-00061,04/22/2025,26/04/2025,4,1707.55,0.25,Website,Installment,Delivered
ORD-001426,CUST-00191,PRD-00157,06/30/2023,01-Jul-2023,10,186.52,0.0,Website,Installment,Delivered
ORD-004202,CUST-00589,PRD-00016,30/06/2025,2025-07-02,4,6150.02,0.0,Website,Cash on Delivery,Cancelled
ORD-000427,CUST-00058,PRD-00087,17/04/2023,04/23/2023,7,937.05,0.0,Website,Wallet,Delivered
ORD-004700,CUST-00643,PRD-00054,06-Jun-2024,07-Jun-2024,4,1277.14,0.0,Marketplace,Wallet,Delivered
ORD-004289,CUST-00600,PRD-00103,09-Apr-2023,04/10/2023,10,275.52,0.0,Marketplace,Wallet,Returned
ORD-003427,CUST-00471,PRD-00144,09/15/2023,19/09/2023,4,212.23,0.0,Website,Installment,Delivered
ORD-004086,CUST-00577,PRD-00095,2025-03-20,,4,493.89,0.2,WEBSITE,Installment,Delivered
ORD-005530,CUST-00757,PRD-00146,2024-02-28,2024-03-06,5,194.39,0.0,Marketplace,Installment,Delivered
ORD-004664,CUST-00638,PRD-00023,13-Aug-2025,19/08/2025,3,11190.64,0.1,Mobile App,Installment,Cancelled
ORD-002917,CUST-00401,PRD-00188,08-Oct-2023,10/15/2023,6,235.83,0.0,Mobile App,Cash on Delivery,Returned
ORD-000713,CUST-00098,PRD-00033,11/08/2024,2024-11-10,5,1947.05,0.25,Website,Wallet,Pending
ORD-001814,CUST-00251,PRD-00055,23-Oct-2024,30-Oct-2024,7,2089.61,0.25,Marketplace,Cash on Delivery,Delivered
ORD-001520,CUST-00207,PRD-00121,05/29/2025,02/06/2025,10,307.1,0.2,Mobile App,Installment,Delivered
ORD-005035,CUST-00683,PRD-00092,02/09/2024,07/09/2024,4,727.52,0.0,Website,Wallet,Delivered
ORD-000935,CUST-00129,PRD-00104,11/19/2025,25/11/2025,7,698.62,0.1,Marketplace,Installment,Pending
ORD-005383,CUST-00731,PRD-00058,2023-04-21,23/04/2023,3,3308.87,0.0,Website,Cash on Delivery,Pending
ORD-002095,CUST-00295,PRD-00053,2023-11-04,2023-11-08,5,933.2,0.0,Website,Cash on Delivery,Cancelled
ORD-003856,CUST-00540,PRD-00014,05/11/2024,13-May-2024,1,3474.75,0.1,Website,Installment,Delivered
ORD-005201,CUST-00705,PRD-00068,2025-02-28,03/03/2025,5,1186.92,0.0,Mobile App,Installment,Pending
ORD-002083,CUST-00294,PRD-00130,08/18/2023,08/22/2023,2,93.92,0.25,Marketplace,Wallet,Delivered
ORD-005596,CUST-00765,PRD-00101,2025-11-26,2025-12-01,4,658.37,0.25,Marketplace,Installment,Delivered
ORD-004832,CUST-00659,PRD-00161,2024-12-17,2024-12-22,2,1342.19,0.1,Website,Installment,Delivered
ORD-001249,CUST-00169,PRD-00009,04/13/2025,04/20/2025,3,1433.71,0.1,Website,Cash on Delivery,Delivered
ORD-002010,CUST-00286,PRD-00137,16-Aug-2025,08/17/2025,4,328.81,0.0,Website,Installment,Cancelled
ORD-001003,CUST-00137,PRD-00001,25-Feb-2025,2025-02-26,7,3019.28,0.15,Website,wallet,Pending
ORD-002504,CUST-00345,PRD-00099,03/06/2023,2023-03-10,4,152.23,0.0,Website,Installment,Delivered
ORD-005651,CUST-00774,PRD-00165,27/07/2025,2025-08-03,10,EGP 1559.9,0.0,Website,Cash on Delivery,Returned
ORD-000283,CUST-00038,PRD-00014,01/18/2025,22-Jan-2025,4,3474.75,0.2,Marketplace,Wallet,Delivered
ORD-001469,CUST-00202,PRD-00105,08/30/2024,04/09/2024,4,840.93,0.0,Mobile App,Wallet,Cancelled
  ORD-002465  ,CUST-00341,PRD-00167,14-Nov-2023,18-Nov-2023,6,741.81,0.15,Marketplace,Wallet,Delivered
ORD-002839,CUST-00386,PRD-00029,11/23/2023,27/11/2023,1,1141.21,0.1,Mobile App,Wallet,Pending
ORD-003864,CUST-00540,PRD-00010,07/10/2024,08-Oct-2024,1,2297.75,0.0,Marketplace,Cash on Delivery,Returned
ORD-002533,CUST-00349,PRD-00061,05/12/2023,05/16/2023,5,1707.55,0.05,Marketplace,Installment,Cancelled
ORD-002317,CUST-00322,PRD-00167,18-Mar-2025,24-Mar-2025,3,741.81,,Website,Wallet,Delivered
ORD-005330,CUST-00727,PRD-00125,21-Aug-2025,2025-08-27,7,151.72,0.0,Website,Installment,Pending
ORD-000003,CUST-00001,PRD-00034,10/28/2024,2024-10-29,5,4894.09,0.15,Marketplace,installment,Pending
ORD-002865,CUST-00388,PRD-00123,20-Apr-2025,26/04/2025,4,83.93,0.2,Website,Credit Card,Delivered
ORD-002913,CUST-00401,PRD-00030,08/19/2024,23/08/2024,3,6643.61,0.1,Mobile App,Credit Card,Returned
ORD-001676,CUST-00226,PRD-00107,07/04/2025,2025-04-11,9,803.85,0.0,Marketplace,Wallet,Delivered
ORD-005608,CUST-00768,PRD-00043,2025-07-30,08/04/2025,1,670.88,0.05,Mobile App,Wallet,Delivered
ORD-000564,CUST-00076,PRD-00042,07/01/2025,11/01/2025,2,1460.4,0.05,Website,Installment,Delivered
ORD-003418,CUST-00471,PRD-00147,11-Apr-2024,13/04/2024,3,EGP 222.8,0.25,Website,Credit Card,Delivered
ORD-003655,CUST-00503,PRD-00012,12/03/2023,04-Dec-2023,3,9488.69,0.25,MARKETPLACE,Installment,Pending
ORD-001642,CUST-00222,PRD-00118,04/09/2023,11/04/2023,1,341.03,0.25,Mobile App,Wallet,Delivered
ORD-001674,CUST-00226,PRD-00023,06/06/2025,2025-06-13,10,11190.64,0.0,Marketplace,Cash on Delivery,Pending
ORD-001787,CUST-00245,PRD-00110,19-Apr-2025,25/04/2025,4,EGP 443.5,0.0,Mobile App,Wallet,Delivered
ORD-000684,CUST-00091,PRD-00052,18-Mar-2025,19-Mar-2025,5,4557.53,0.05,Website,Installment,Delivered
ORD-002098,CUST-00295,PRD-00126,08-Nov-2024,2024-11-12,5,340.64,0.0,Mobile App,Cash on Delivery,Delivered
ORD-003579,CUST-00492,PRD-00102,09/16/2024,20-Sep-2024,4,833.67,0.25,Mobile App,Wallet,Delivered
ORD-000941,CUST-00129,PRD-00082,30-Apr-2023,03-May-2023,5,1269.02,0.05,Mobile App,Installment,Pending
ORD-004239,CUST-00592,PRD-00015,02/22/2025,2025-02-23,5,5715.8,0.05,Mobile App,Installment,Delivered
ORD-005159,CUST-00702,PRD-00188,28/10/2024,03-Nov-2024,3,235.83,0.1,Marketplace,Installment,Returned
ORD-001807,CUST-00249,PRD-00069,18-Nov-2025,19/11/2025,3,1039.35,0.1,Marketplace,Installment,Returned
ORD-001425,CUST-00191,PRD-00090,04/20/2025,2025-04-24,6,1391.99,0.0,Mobile App,Credit Card,Pending
ORD-003107,CUST-00431,PRD-00007,05-Jun-2025,02/06/2025,5,5375.75,0.15,Marketplace,Cash on Delivery,Returned
ORD-004845,CUST-00661,PRD-00044,06-Sep-2023,09/07/2023,4,3309.62,,Website,Credit Card,Delivered
ORD-004686,CUST-00641,PRD-00067,22-Jul-2024,27-Jul-2024,4,EGP 1590.28,0.1,Mobile App,Cash on Delivery,Delivered
ORD-000518,CUST-00069,PRD-00163,08/28/2024,04/09/2024,3,EGP 5049.75,0.15,Mobile App,wallet,Delivered
ORD-005807,CUST-00795,PRD-00055,01-Jul-2025,07/07/2025,2,2089.61,0.1,Mobile App,Cash on Delivery,Delivered
ORD-002968,CUST-00411,PRD-00161,12/15/2024,17/12/2024,3,1342.19,0.05,Mobile App,Credit Card,Returned
ORD-001927,CUST-00270,PRD-00128,03-Apr-2025,04/07/2025,4,812.88,0.2,MOBILE APP,Cash on Delivery,Delivered
ORD-000342,CUST-00042,PRD-00015,2024-08-14,2024-08-19,4,5715.8,0.0,Mobile App,Credit Card,Cancelled
ORD-001746,CUST-00238,PRD-00095,18-Jan-2023,01/25/2023,6,493.89,0.0,Mobile App,Credit Card,Delivered
ORD-003343,CUST-00460,PRD-00168,11/28/2025,2025-12-04,4,3279.73,0.0,Website,Credit Card,Delivered
ORD-003705,CUST-00512,PRD-00070,02/07/2025,09-Feb-2025,5,1062.89,0.15,Marketplace,Wallet,Pending
ORD-004435,CUST-00611,PRD-00012,08/12/2025,09/12/2025,6,9488.69,0.0,Marketplace,Wallet,Delivered
ORD-005113,CUST-00696,PRD-00002,15-Apr-2025,04/21/2025,4,9414.07,0.25,Website,Cash on Delivery,Cancelled
ORD-000565,CUST-00076,PRD-00086,09/21/2024,2024-09-26,1,1754.49,0.0,Mobile App,Cash on Delivery,Pending
ORD-002808,CUST-00381,PRD-00065,28/05/2025,01/06/2025,6,EGP 1220.64,0.2,Website,Wallet,Delivered
ORD-004125,CUST-00583,PRD-00089,28/07/2025,31-Jul-2025,5,EGP 370.11,0.15,Website,cash on delivery,Returned
ORD-005259,CUST-00718,PRD-00097,01/15/2025,,7,550.73,0.05,Marketplace,Credit Card,Cancelled
ORD-004315,CUST-00601,PRD-00089,13/02/2023,16/02/2023,3,370.11,0.0,WEBSITE,Wallet,Delivered
ORD-003757,CUST-00520,PRD-00011,03/12/2025,13/03/2025,1,2785.74,0.2,Marketplace,Wallet,Returned
ORD-002957,CUST-00410,PRD-00093,13-Feb-2025,16/02/2025,3,327.87,0.05,Mobile App,credit card,Delivered
ORD-003875,CUST-00543,PRD-00171,08/20/2025,2025-08-21,2,1117.84,0.0,Mobile App,Installment,Pending
ORD-003341,CUST-00460,PRD-00025,16/03/2025,20/03/2025,1,15750.99,0.15,Marketplace,Installment,Delivered
ORD-003622,CUST-00498,PRD-00077,2024-08-24,28-Aug-2024,2,3228.9,0.0,Mobile App,Installment,Delivered
ORD-004229,CUST-00591,PRD-00181,17/01/2023,01/24/2023,5,7757.56,0.0,Marketplace,Wallet,Cancelled
ORD-000948,CUST-00131,PRD-00048,11-Jun-2024,2024-06-13,3,616.54,0.0,Website,Wallet,Pending
ORD-000579,CUST-00078,PRD-00165,13-Dec-2025,12/14/2025,10,1559.9,0.0,Mobile App,Wallet,Cancelled
ORD-000259,CUST-00033,PRD-00085,2025-04-01,03/04/2025,9,265.37,0.0,Marketplace,Cash on Delivery,Delivered
ORD-002165,CUST-00303,PRD-00006,02/15/2024,2024-02-17,4,4094.1,0.2,Marketplace,Credit Card,Pending
ORD-001940,CUST-00276,PRD-00072,22-Jan-2023,24/01/2023,3,2087.47,0.0,Marketplace,Installment,Delivered
ORD-005294,CUST-00722,PRD-00187,12/05/2025,2025-12-12,4,5533.15,0.1,Mobile App,Credit Card,Delivered
ORD-003747,CUST-00520,PRD-00011,20-Sep-2023,09/21/2023,4,2785.74,0.1,Mobile App,Credit Card,Pending
ORD-004569,CUST-00627,PRD-00001,21-Apr-2025,2025-04-22,2,3019.28,0.0,Website,Credit Card,Delivered
ORD-000126,CUST-00017,PRD-00025,06/11/2025,10/11/2025,2,15750.99,0.0,Mobile App,Wallet,Delivered
ORD-000310,CUST-00040,PRD-00084,15-May-2025,16-May-2025,4,600.09,0.0,Website,Credit Card,Delivered
ORD-004023,CUST-00565,PRD-00131,08/19/2023,08/22/2023,4,361.41,0.0,WEBSITE,Credit Card,Delivered
ORD-005469,CUST-00746,PRD-00115,2023-09-12,14-Sep-2023,7,EGP 290.78,0.1,Marketplace,Installment,Delivered
ORD-002437,CUST-00339,PRD-00020,02-Dec-2024,08-Dec-2024,4,9661.76,0.25,Website,Cash on Delivery,Delivered
ORD-004482,CUST-00617,PRD-00162,2024-08-19,,1,1009.35,0.0,Mobile App,Installment,Delivered
ORD-004691,CUST-00641,PRD-00161,09/29/2023,02-Oct-2023,3,1342.19,0.0,Marketplace,Credit Card,Cancelled
ORD-001369,CUST-00183,PRD-00147,09/07/2024,10-Sep-2024,7,222.8,0.0,Marketplace,Cash on Delivery,Delivered
ORD-002696,CUST-00371,PRD-00165,04/05/2025,10-May-2025,5,1559.9,0.1,Mobile App,Installment,Delivered
ORD-001981,CUST-00283,PRD-00070,2024-07-14,2024-07-18,2,1062.89,0.15,Marketplace,Credit Card,Delivered
ORD-005195,CUST-00705,PRD-00065,2025-02-28,03/04/2025,5,1220.64,0.05,Website,Cash on Delivery,Delivered
ORD-005341,CUST-00727,PRD-00124,2025-08-25,,7,152.17,0.0,Mobile App,Credit Card,Delivered
ORD-000598,CUST-00080,PRD-00046,2024-12-01,08-Dec-2024,4,1161.95,0.05,Marketplace,Credit Card,Delivered
ORD-001861,CUST-00260,PRD-00093,05/11/2024,,5,327.87,0.0,Marketplace,Wallet,Pending
ORD-003157,CUST-00437,PRD-00073,12/14/2024,20-Dec-2024,2,2603.44,0.2,Website,Installment,Delivered
ORD-002401,CUST-00335,PRD-00028,06/08/2024,06/11/2024,3,6404.22,0.2,Marketplace,Installment,Delivered
ORD-000249,CUST-00032,PRD-00118,27/08/2025,08/30/2025,3,341.03,0.0,WEBSITE,Wallet,Delivered
ORD-005457,CUST-00743,PRD-00110,04/29/2023,2023-05-06,2,443.5,0.15,MARKETPLACE,Wallet,Delivered
ORD-004210,CUST-00590,PRD-00143,09-Jul-2024,14-Jul-2024,8,174.65,0.0,Website,Credit Card,Delivered
ORD-005566,CUST-00763,PRD-00176,03/06/2024,11/03/2024,4,3014.74,0.0,Marketplace,Wallet,Delivered
ORD-004447,CUST-00614,PRD-00081,10-Jul-2024,11/07/2024,5,2904.61,0.2,Website,Wallet,Delivered
ORD-001142,CUST-00156,PRD-00022,05/13/2025,2025-05-19,8,14193.82,0.15,Mobile App,Cash on Delivery,Delivered
ORD-000852,CUST-00112,PRD-00147,2025-05-28,2025-05-31,1,222.8,0.15,Website,Credit Card,Cancelled
ORD-003919,CUST-00549,PRD-00174,13-Oct-2024,17/10/2024,3,2379.8,0.1,Website,Wallet,Delivered
ORD-005084,CUST-00691,PRD-00148,11/24/2023,,3,63.15,0.25,Website,Credit Card,Cancelled
ORD-002526,CUST-00348,PRD-00122,08/04/2023,08/10/2023,3,692.52,0.05,Marketplace,Credit Card,Pending
ORD-002352,CUST-00329,PRD-00075,21/11/2023,11/22/2023,9,576.69,0.0,Mobile App,Installment,Pending
ORD-001970,CUST-00282,PRD-00003,02/12/2025,12/06/2025,1,EGP 1534.69,0.0,Mobile App,cash on delivery,Delivered
ORD-001451,CUST-00197,PRD-00065,2024-08-03,08/10/2024,1,1220.64,,Marketplace,Wallet,Delivered
ORD-001289,CUST-00174,PRD-00111,13/01/2023,01/17/2023,10,291.55,0.0,Marketplace,Credit Card,Delivered
ORD-003731,CUST-00516,PRD-00020,10/25/2025,29/10/2025,4,9661.76,0.0,Website,Credit Card,Delivered
ORD-003992,CUST-00561,PRD-00088,2025-01-31,05/02/2025,5,2384.43,0.0,Mobile App,Wallet,Pending
ORD-005007,CUST-00678,PRD-00124,23/01/2023,2023-01-26,6,152.17,0.0,Mobile App,Installment,Delivered
ORD-002147,CUST-00301,PRD-00171,04/11/2024,2024-04-13,2,1117.84,0.2,Mobile App,Installment,Delivered
ORD-004189,CUST-00588,PRD-00009,09/03/2025,12-Mar-2025,1,1433.71,0.1,Website,installment,Delivered
ORD-001517,CUST-00206,PRD-00031,28/03/2024,31/03/2024,4,376.78,0.05,Website,Credit Card,Delivered
ORD-003162,CUST-00437,PRD-00068,03/03/2024,04-Mar-2024,4,1186.92,0.0,Website,Wallet,Cancelled
ORD-003244,CUST-00450,PRD-00069,04/06/2023,07-Apr-2023,4,1039.35,0.0,Website,Credit Card,Delivered
ORD-002420,CUST-00336,PRD-00173,2023-03-20,24-Mar-2023,9,1584.06,0.0,Website,installment,Cancelled
ORD-000955,CUST-00131,PRD-00090,08-Jun-2024,,1,1391.99,0.1,Mobile App,Credit Card,Cancelled
ORD-002936,CUST-00406,PRD-00186,16/02/2024,22-Feb-2024,3,4878.71,0.15,Marketplace,cash on delivery,Returned
ORD-005094,CUST-00694,PRD-00049,02/01/2023,07-Jan-2023,5,3627.21,0.0,Marketplace,Credit Card,Returned
ORD-000404,CUST-00054,PRD-00142,05/26/2024,2024-05-28,2,29.02,0.05,Mobile App,Installment,Delivered
ORD-001739,CUST-00238,PRD-00187,08/05/2024,10/08/2024,-3,5533.15,0.05,Website,Installment,Delivered
ORD-005138,CUST-00699,PRD-00122,22/04/2023,28-Apr-2023,10,692.52,0.25,MARKETPLACE,Credit Card,Delivered
ORD-004867,CUST-00665,PRD-00184,11/11/2023,2023-11-17,1,2621.44,0.05,Mobile App,wallet,Pending
ORD-003603,CUST-00495,PRD-00017,27-May-2025,2025-06-02,2,4224.65,0.2,MOBILE APP,Installment,Returned
ORD-005250,CUST-00714,PRD-99999,2023-07-13,07/19/2023,3,864.91,0.0,Marketplace,Cash on Delivery,Delivered
ORD-002784,CUST-00378,PRD-00080,2025-10-16,17/10/2025,2,1092.22,0.25,Mobile App,Cash on Delivery,Returned
ORD-003213,CUST-00441,PRD-00051,03-Nov-2023,09-Nov-2023,3,4568.48,0.0,Mobile App,Installment,Delivered
ORD-002168,CUST-00304,PRD-00128,08/18/2024,2024-08-20,3,812.88,0.0,Website,Installment,Returned
ORD-000378,CUST-00047,PRD-00185,2023-03-26,29-Mar-2023,1,2013.53,0.0,Website,Cash on Delivery,Delivered
ORD-004141,CUST-00586,PRD-00096,12/11/2023,11/19/2023,9,1013.61,0.1,Website,Cash on Delivery,Delivered
ORD-003954,CUST-00557,PRD-00146,19/12/2025,21-Dec-2025,6,194.39,0.25,Marketplace,Cash on Delivery,Delivered
ORD-003155,CUST-00437,PRD-00032,19/06/2023,25/06/2023,2,1547.2,0.0,Mobile App,Wallet,Pending
ORD-003677,CUST-00506,PRD-00016,07-Dec-2025,12/10/2025,3,6150.02,0.25,Mobile App,Credit Card,Delivered
ORD-004591,CUST-00629,PRD-00133,03-Oct-2023,10/10/2023,2,174.99,0.0,Marketplace,Cash on Delivery,Cancelled
ORD-003912,CUST-00548,PRD-00112,30-Apr-2025,2025-05-05,1,422.18,0.25,Mobile App,Credit Card,Delivered
ORD-002723,CUST-00372,PRD-00162,03/09/2025,10/09/2025,1,1009.35,0.2,Marketplace,Credit Card,Cancelled
ORD-000774,CUST-00102,PRD-00183,2024-11-19,21-Nov-2024,1,6588.34,0.05,Marketplace,Credit Card,Cancelled
ORD-000204,CUST-00027,PRD-00064,07/17/2023,21/07/2023,1,1338.56,0.05,Website,Credit Card,Delivered
ORD-004051,CUST-00568,PRD-00165,11/21/2024,27-Nov-2024,5,1559.9,0.1,Website,Cash on Delivery,Delivered
ORD-005567,CUST-00763,PRD-00020,01/09/2024,06/09/2024,1,9661.76,0.15,Marketplace,Wallet,Cancelled
ORD-005223,CUST-00709,PRD-00110,11/13/2025,16/11/2025,5,443.5,0.1,Marketplace,Credit Card,Delivered
ORD-000785,CUST-00104,PRD-00171,2024-09-30,04/10/2024,4,1117.84,0.25,Marketplace,Credit Card,Delivered
ORD-002671,CUST-00369,PRD-00165,08-Nov-2025,2025-11-15,5,1559.9,0.0,Website,Credit Card,Delivered
  ORD-002595  ,CUST-00357,PRD-00082,03/09/2023,06-Sep-2023,2,1269.02,0.25,MARKETPLACE,Installment,Delivered
ORD-001360,CUST-00182,PRD-00016,24/06/2024,28-Jun-2024,10,6150.02,0.05,Mobile App,Cash on Delivery,Delivered
ORD-000854,CUST-00114,PRD-00090,28-Dec-2024,02/01/2025,9,1391.99,0.1,Marketplace,Installment,Returned
ORD-002697,CUST-00371,PRD-00084,01-Feb-2024,2024-02-07,1,600.09,0.0,Website,Wallet,Delivered
ORD-003921,CUST-00551,PRD-00004,10/27/2024,2024-11-03,5,3744.22,0.1,Website,Credit Card,Delivered
ORD-005514,CUST-00754,PRD-00076,22-Mar-2023,2023-03-25,4,2045.06,0.0,Mobile App,Wallet,Returned
ORD-003702,CUST-00512,PRD-00011,13/09/2023,,2,2785.74,0.1,WEBSITE,Wallet,Delivered
ORD-003153,CUST-00437,PRD-00060,2024-11-29,2024-12-04,4,2586.89,0.0,Marketplace,credit card,Delivered
ORD-000467,CUST-00062,PRD-00165,2024-04-27,2024-05-03,3,1559.9,0.1,Mobile App,Credit Card,Delivered
ORD-002569,CUST-00354,PRD-00068,21-Oct-2023,27/10/2023,5,1186.92,0.15,Website,wallet,Delivered
ORD-002335,CUST-00326,PRD-00046,10-Apr-2024,2024-04-15,5,1161.95,0.0,Website,Credit Card,Delivered
ORD-005221,CUST-00709,PRD-00054,2025-06-08,14-Jun-2025,3,1277.14,0.1,Marketplace,credit card,Cancelled
ORD-003513,CUST-00484,PRD-00156,2023-03-23,29/03/2023,5,250.31,0.0,Marketplace,Cash on Delivery,Returned
ORD-000532,CUST-00073,PRD-00149,07/04/2025,2025-04-08,5,93.5,0.05,Marketplace,Cash on Delivery,Cancelled
ORD-004052,CUST-00568,PRD-00062,2025-09-08,12/09/2025,2,271.83,0.05,Marketplace,Installment,Cancelled
ORD-003381,CUST-00464,PRD-00010,2024-04-08,11-Apr-2024,3,EGP 2297.75,0.25,Website,Wallet,Delivered
ORD-001672,CUST-00225,PRD-00131,05-Oct-2024,,1,EGP 361.41,0.0,Mobile App,Wallet,Delivered
ORD-004816,CUST-00657,PRD-00089,30/09/2024,2024-10-01,1,370.11,0.0,Mobile App,Credit Card,Cancelled
ORD-004895,CUST-00666,PRD-00090,19-Oct-2024,10/22/2024,2,1391.99,0.15,Website,Wallet,Pending
ORD-003888,CUST-00545,PRD-00015,2024-10-15,17/10/2024,3,5715.8,0.0,Website,Cash on Delivery,Delivered
ORD-000148,CUST-00021,PRD-00170,11/28/2024,30/11/2024,4,7690.28,0.05,Mobile App,Installment,Delivered
ORD-005335,CUST-00727,PRD-00065,04/12/2024,14-Apr-2024,5,1220.64,0.0,Marketplace,Credit Card,Pending
ORD-001900,CUST-00266,PRD-00114,2025-01-27,28-Jan-2025,2,864.91,0.0,Website,Credit Card,Delivered
  ORD-003712  ,CUST-00515,PRD-00096,03/04/2025,2025-04-08,10,1013.61,0.25,Website,Wallet,Returned
ORD-005097,CUST-00694,PRD-00152,2023-09-15,,3,23.7,0.25,Marketplace,Cash on Delivery,Cancelled
ORD-005513,CUST-00754,PRD-00059,04/16/2024,17/04/2024,6,1565.88,0.05,Website,Cash on Delivery,Delivered
ORD-000387,CUST-00049,PRD-00186,25-Jul-2024,07/30/2024,1,4878.71,0.0,WEBSITE,Cash on Delivery,Returned
ORD-004760,CUST-00651,PRD-00039,04/05/2024,09/05/2024,3,2748.05,0.0,MARKETPLACE,Installment,Delivered
ORD-004650,CUST-00637,PRD-00139,2023-07-30,2023-08-06,9,195.93,0.1,Mobile App,Credit Card,Delivered
ORD-004985,CUST-00676,PRD-00177,2025-07-14,15/07/2025,2,5234.78,0.2,Marketplace,Credit Card,Delivered
ORD-005638,CUST-00773,PRD-00106,2025-11-25,27-Nov-2025,4,1124.04,0.1,Website,Credit Card,Delivered
ORD-001442,CUST-00195,PRD-00176,09-Apr-2025,04/10/2025,2,3014.74,0.2,Website,credit card,Delivered
ORD-005177,CUST-00704,PRD-00162,06/13/2023,2023-06-16,2,1009.35,0.0,Marketplace,Credit Card,Returned
  ORD-000146  ,CUST-00020,PRD-00043,2023-03-06,08-Mar-2023,1,670.88,0.25,Website,Wallet,Pending
ORD-000475,CUST-00064,PRD-00002,20/03/2025,21-Mar-2025,8,9414.07,0.15,Website,Installment,Delivered
ORD-000799,CUST-00107,PRD-00081,27-Dec-2023,30-Dec-2023,5,2904.61,0.0,Website,Installment,Cancelled
ORD-004796,CUST-00656,PRD-00053,2024-05-05,06/05/2024,4,933.2,0.2,Marketplace,Cash on Delivery,Returned
ORD-001109,CUST-00152,PRD-00178,04/07/2025,06-Jul-2025,3,583.55,0.1,Mobile App,Cash on Delivery,Cancelled
ORD-003793,CUST-00527,PRD-00054,28-Jun-2025,2025-07-05,5,1277.14,,Marketplace,Cash on Delivery,Delivered
ORD-002055,CUST-00291,PRD-00096,12-Feb-2025,16/02/2025,9,1013.61,0.0,Marketplace,Installment,Delivered
ORD-000640,CUST-00085,PRD-00132,24/08/2025,26/08/2025,1,436.68,0.0,Mobile App,Installment,Delivered
ORD-001945,CUST-00278,PRD-00138,30/12/2024,06/01/2025,8,293.11,0.0,Marketplace,Wallet,Delivered
ORD-004763,CUST-00652,PRD-00162,10-Oct-2024,2024-10-12,7,1009.35,0.15,Mobile App,Cash on Delivery,Cancelled
ORD-000396,CUST-00050,PRD-00098,05/11/2025,05/14/2025,6,EGP 718.7,0.15,Marketplace,installment,Delivered
ORD-005663,CUST-00776,PRD-00034,05/06/2023,07/06/2023,8,4894.09,,Website,Cash on Delivery,Cancelled
ORD-001477,CUST-00203,PRD-00162,05-Apr-2023,04/09/2023,4,1009.35,0.05,Website,Cash on Delivery,Delivered
ORD-003769,CUST-00522,PRD-00055,2025-04-12,14/04/2025,5,2089.61,0.25,Mobile App,Installment,Delivered
ORD-000511,CUST-00069,PRD-00059,25/03/2024,01/04/2024,5,1565.88,0.1,Mobile App,Installment,Delivered
ORD-001866,CUST-00260,PRD-00050,2024-06-06,2024-06-11,6,6188.03,0.0,Website,Installment,Delivered
ORD-001301,CUST-00176,PRD-00075,05/08/2024,08/08/2024,8,576.69,,Mobile App,Wallet,Delivered
ORD-004925,CUST-00670,PRD-00048,2024-07-19,24/07/2024,5,616.54,0.0,Marketplace,Installment,Delivered
ORD-001192,CUST-00164,PRD-00057,2025-02-22,2025-02-25,8,5493.06,0.05,Mobile App,Credit Card,Pending
ORD-005348,CUST-00729,PRD-00004,2024-11-10,11/11/2024,2,3744.22,0.05,Mobile App,Installment,Pending
ORD-005497,CUST-00751,PRD-00028,01/14/2024,01/15/2024,4,6404.22,0.2,Marketplace,Wallet,Returned
ORD-001623,CUST-00218,PRD-00092,26-May-2024,01/06/2024,1,727.52,0.1,Marketplace,Credit Card,Cancelled
ORD-000781,CUST-00103,PRD-00171,2025-11-03,2025-11-05,4,EGP 1117.84,0.0,Marketplace,Cash on Delivery,Delivered
ORD-003551,CUST-00487,PRD-00075,10/06/2025,10/09/2025,1,576.69,0.25,Marketplace,Credit Card,Returned
ORD-005675,CUST-00777,PRD-00107,2023-07-31,2023-08-06,2,803.85,0.15,Marketplace,Cash on Delivery,Delivered
ORD-002679,CUST-00370,PRD-00017,13-May-2025,05/18/2025,3,4224.65,0.15,Marketplace,Wallet,Cancelled
ORD-004379,CUST-00605,PRD-00168,07/17/2025,24/07/2025,3,3279.73,0.1,Website,Credit Card,Delivered
ORD-003583,CUST-00492,PRD-00150,03/17/2025,23-Mar-2025,5,84.86,0.25,Marketplace,Credit Card,Delivered
ORD-001630,CUST-00220,PRD-00181,31/12/2024,28/12/2024,6,7757.56,0.0,Marketplace,Cash on Delivery,Delivered
ORD-004504,CUST-00620,PRD-00017,2024-08-19,08/21/2024,9,4224.65,0.1,MARKETPLACE,Wallet,Returned
ORD-004513,CUST-00621,PRD-00051,2024-09-29,06/10/2024,1,4568.48,0.2,Website,Wallet,Delivered
ORD-003068,CUST-00427,PRD-00178,22/08/2025,08/28/2025,5,583.55,0.1,Website,Credit Card,Delivered
ORD-002706,CUST-00371,PRD-00121,03/18/2023,22-Mar-2023,3,307.1,0.15,Mobile App,Credit Card,Returned
ORD-001680,CUST-00226,PRD-00181,31/08/2025,02-Sep-2025,4,7757.56,0.2,Marketplace,Installment,Delivered
ORD-003540,CUST-00487,PRD-00106,09/03/2025,03/12/2025,3,1124.04,0.0,Website,Credit Card,Cancelled
ORD-003752,CUST-00520,PRD-00093,11/06/2025,12-Jun-2025,4,327.87,0.0,Mobile App,Cash on Delivery,Returned
ORD-003057,CUST-00425,PRD-00028,27/10/2025,02-Nov-2025,3,6404.22,0.15,Website,Installment,Delivered
ORD-003046,CUST-00425,PRD-00054,2024-11-14,11/15/2024,5,EGP 1277.14,0.0,Website,installment,Delivered
ORD-001320,CUST-00177,PRD-00098,02/14/2023,2023-02-20,2,718.7,0.2,Website,Cash on Delivery,Cancelled
ORD-005463,CUST-00744,PRD-00147,2024-04-14,04/17/2024,3,222.8,0.05,Website,Wallet,Delivered
ORD-003535,CUST-00487,PRD-00116,24-Nov-2024,30-Nov-2024,1,466.13,0.0,Website,Cash on Delivery,Delivered
ORD-003389,CUST-00466,PRD-00027,04/27/2023,2023-04-29,2,6528.78,0.0,WEBSITE,Installment,Delivered
ORD-002270,CUST-00318,PRD-00024,31-Mar-2023,02/04/2023,7,8840.39,0.05,Marketplace,Wallet,Pending
ORD-000685,CUST-00091,PRD-00151,09/16/2024,18-Sep-2024,4,125.16,0.2,Mobile App,Credit Card,Delivered
ORD-004046,CUST-00568,PRD-00153,09/12/2023,12/10/2023,5,321.69,0.0,Website,Cash on Delivery,Delivered
ORD-004077,CUST-00573,PRD-00186,2024-09-18,09/19/2024,9,4878.71,0.0,Marketplace,Installment,Delivered
ORD-003154,CUST-00437,PRD-00001,21-Sep-2025,18-Sep-2025,5,3019.28,0.0,Website,Wallet,Delivered
ORD-001521,CUST-00207,PRD-00065,12/06/2025,10/12/2025,3,1220.64,0.0,WEBSITE,Cash on Delivery,Delivered
ORD-000783,CUST-00103,PRD-00187,09-Dec-2024,14-Dec-2024,6,5533.15,0.0,Mobile App,Wallet,Cancelled
ORD-002421,CUST-00336,PRD-00040,11-Sep-2025,2025-09-17,6,1977.22,0.0,Mobile App,Credit Card,Returned
ORD-001411,CUST-99999,PRD-00131,2025-03-20,22/03/2025,7,361.41,0.1,Marketplace,Cash on Delivery,Delivered
ORD-004262,CUST-00597,PRD-00037,09/04/2024,09/05/2024,10,2145.36,0.05,Mobile App,Wallet,Delivered
ORD-003022,CUST-00419,PRD-00070,02/22/2025,26-Feb-2025,1,1062.89,0.15,Mobile App,credit card,Returned
ORD-000474,CUST-00064,PRD-00055,02-Jan-2024,01/08/2024,5,2089.61,0.0,Website,Wallet,Returned
ORD-005681,CUST-00778,PRD-00067,20-Jul-2024,23-Jul-2024,3,1590.28,0.1,Mobile App,Cash on Delivery,Returned
ORD-003570,CUST-00491,PRD-00003,17-Feb-2025,02/24/2025,7,1534.69,0.1,Marketplace,Installment,Delivered
ORD-001251,CUST-00169,PRD-00148,16-Feb-2025,2025-02-21,3,63.15,0.0,Mobile App,Credit Card,Delivered
ORD-003971,CUST-00558,PRD-00107,2023-11-21,26-Nov-2023,1,803.85,0.0,Mobile App,Credit Card,Returned
ORD-002142,CUST-00300,PRD-00113,25/12/2024,31/12/2024,9,719.15,0.0,Mobile App,Cash on Delivery,Delivered
ORD-004408,CUST-00608,PRD-00159,09/10/2025,15/09/2025,7,EGP 195.16,,Marketplace,Wallet,Delivered
ORD-001534,CUST-00207,PRD-00076,10/03/2024,16/03/2024,7,2045.06,0.0,MOBILE APP,Cash on Delivery,Delivered
ORD-003851,CUST-00540,PRD-00116,03/31/2025,04/03/2025,1,466.13,0.15,Website,Credit Card,Delivered
ORD-004285,CUST-00599,PRD-00049,15-Sep-2023,09/20/2023,5,3627.21,0.1,Website,Credit Card,Delivered
ORD-005707,CUST-00781,PRD-00187,2024-02-04,08-Feb-2024,3,5533.15,0.15,MARKETPLACE,Cash on Delivery,Delivered
ORD-004168,CUST-00587,PRD-00015,07/01/2025,13-Jan-2025,7,5715.8,0.0,Website,Installment,Cancelled
ORD-004120,CUST-00581,PRD-00031,06/15/2025,2025-06-20,4,376.78,0.1,Mobile App,Wallet,Delivered
ORD-001384,CUST-00188,PRD-00150,04/15/2025,2025-04-22,5,84.86,0.25,Marketplace,Credit Card,Delivered
ORD-004196,CUST-00589,PRD-00088,2025-04-27,05/03/2025,2,2384.43,0.0,Website,Wallet,Delivered
ORD-003510,CUST-00483,PRD-00092,02/10/2023,2023-02-14,2,727.52,0.0,Website,Installment,Delivered
ORD-005682,CUST-00778,PRD-00159,18/02/2023,2023-02-22,2,195.16,0.15,Website,Cash on Delivery,Delivered
ORD-002810,CUST-00381,PRD-00148,11/01/2024,06/11/2024,10,63.15,0.0,Marketplace,Installment,Delivered
ORD-005265,CUST-00719,PRD-00023,09/05/2024,2024-09-07,3,11190.64,0.0,WEBSITE,Wallet,Delivered
ORD-002405,CUST-00335,PRD-00056,02/09/2024,09/03/2024,4,1260.88,0.0,Mobile App,Cash on Delivery,Delivered
ORD-002519,CUST-00348,PRD-00149,08/16/2025,20-Aug-2025,2,93.5,0.2,Mobile App,Installment,Delivered
ORD-005643,CUST-00773,PRD-00034,21/06/2024,27-Jun-2024,3,4894.09,0.1,Website,Wallet,Delivered
ORD-002493,CUST-00343,PRD-00149,14/06/2025,,8,93.5,0.0,Website,Credit Card,Delivered
ORD-002392,CUST-00334,PRD-00071,02/11/2023,08-Nov-2023,4,657.42,0.15,Mobile App,Cash on Delivery,Cancelled
ORD-002502,CUST-00345,PRD-00099,01/19/2025,20/01/2025,4,152.23,0.05,MOBILE APP,Wallet,Delivered
ORD-002609,CUST-00357,PRD-00087,2024-10-09,2024-10-16,5,EGP 937.05,0.0,Marketplace,Installment,Delivered
ORD-004430,CUST-00611,PRD-00161,2023-01-08,13/01/2023,7,1342.19,0.0,Mobile App,Wallet,Delivered
ORD-003811,CUST-00529,PRD-00114,27-Dec-2023,2024-01-03,5,864.91,0.05,Mobile App,Installment,Delivered
ORD-000314,CUST-00040,PRD-00165,13-May-2025,05/19/2025,4,1559.9,0.2,Marketplace,Cash on Delivery,Pending
ORD-001307,CUST-00176,PRD-00052,2025-10-01,07/10/2025,6,4557.53,0.25,Marketplace,Credit Card,Cancelled
ORD-002479,CUST-00343,PRD-00085,05/14/2025,05/20/2025,9,265.37,0.0,Mobile App,Installment,Delivered
ORD-005198,CUST-00705,PRD-00022,08/02/2025,2025-08-05,3,14193.82,0.25,Marketplace,Cash on Delivery,Cancelled
ORD-004622,CUST-00634,PRD-00140,2025-01-16,,2,168.61,0.1,Website,Credit Card,Delivered
ORD-002014,CUST-00286,PRD-00067,04/16/2023,20-Apr-2023,8,1590.28,,Marketplace,Installment,Delivered
  ORD-002709  ,CUST-00371,PRD-00072,09/19/2024,21-Sep-2024,1,EGP 2087.47,0.05,Marketplace,Credit Card,Returned
ORD-002294,CUST-00319,PRD-00128,2023-10-03,09-Oct-2023,8,812.88,0.0,Marketplace,Installment,Delivered
ORD-003502,CUST-00482,PRD-00090,04/01/2023,,3,1391.99,0.0,Mobile App,Wallet,Delivered
ORD-001855,CUST-00259,PRD-00085,14/03/2024,18/03/2024,1,265.37,0.1,Website,Wallet,Delivered
ORD-004383,CUST-00605,PRD-00157,03/04/2024,03/07/2024,4,186.52,0.0,Mobile App,Cash on Delivery,Delivered
ORD-003313,CUST-00458,PRD-00062,04/20/2023,04/23/2023,4,271.83,0.1,Mobile App,Cash on Delivery,Pending
ORD-000549,CUST-00073,PRD-00003,2023-10-19,20/10/2023,5,EGP 1534.69,0.0,Website,installment,Pending
ORD-003091,CUST-00430,PRD-00041,05/20/2023,22/05/2023,4,1168.7,0.05,Website,Wallet,Cancelled
ORD-001973,CUST-00282,PRD-00107,10/03/2024,2024-03-15,1,803.85,0.0,Mobile App,Wallet,Delivered
ORD-002299,CUST-00320,PRD-00117,11/01/2025,11/05/2025,5,440.45,0.0,Mobile App,Credit Card,Delivered
ORD-001983,CUST-00284,PRD-00036,2024-07-13,17-Jul-2024,2,2503.62,0.0,Website,Cash on Delivery,Delivered
ORD-002738,CUST-00373,PRD-00097,11/21/2023,22-Nov-2023,5,550.73,0.0,Marketplace,Wallet,Delivered
ORD-002788,CUST-00378,PRD-00155,2023-09-25,2023-10-02,3,228.62,0.0,Mobile App,Wallet,Delivered
ORD-004840,CUST-00660,PRD-00172,07/06/2023,07/13/2023,10,4391.94,0.05,Marketplace,Wallet,Pending
ORD-004533,CUST-00624,PRD-00012,13/12/2023,2023-12-17,2,9488.69,0.15,Marketplace,Wallet,Delivered
ORD-000174,CUST-00023,PRD-00096,2024-11-22,24-Nov-2024,8,1013.61,0.05,Mobile App,Cash on Delivery,Delivered
ORD-002216,CUST-00312,PRD-00017,26/11/2024,03-Dec-2024,2,4224.65,0.1,Marketplace,Installment,Pending
ORD-002684,CUST-00370,PRD-00057,05/20/2025,2025-05-23,1,5493.06,0.0,Marketplace,wallet,Pending
ORD-003147,CUST-00436,PRD-00084,26/08/2024,27/08/2024,4,600.09,0.0,Website,installment,Delivered
ORD-005671,CUST-00776,PRD-00138,06/06/2024,12/06/2024,7,293.11,0.2,WEBSITE,Wallet,Returned
ORD-000535,CUST-00073,PRD-00142,01/20/2024,27/01/2024,4,29.02,0.0,Mobile App,Wallet,Delivered
ORD-005356,CUST-00730,PRD-99999,22-Apr-2024,2024-04-24,10,3308.87,0.0,Mobile App,Wallet,Delivered
ORD-002652,CUST-00365,PRD-00030,04/26/2023,28/04/2023,1,6643.61,0.05,Mobile App,Credit Card,Returned
ORD-005279,CUST-00720,PRD-00048,16-Aug-2023,08/18/2023,3,616.54,0.15,Mobile App,Wallet,Delivered
ORD-003893,CUST-00546,PRD-00171,2023-05-15,18-May-2023,4,1117.84,0.2,Website,Cash on Delivery,Delivered
ORD-001583,CUST-00212,PRD-00136,05/06/2024,09-Jun-2024,1,310.7,0.25,Website,Installment,Delivered
ORD-002183,CUST-00307,PRD-00145,07/02/2025,02/11/2025,1,116.01,0.05,Marketplace,Installment,Delivered
ORD-002795,CUST-00380,PRD-00002,05/20/2025,22-May-2025,5,9414.07,0.2,Mobile App,Wallet,Delivered
ORD-005277,CUST-00720,PRD-00026,13/07/2023,20-Jul-2023,1,13374.87,0.25,Website,Cash on Delivery,Delivered
ORD-000803,CUST-00107,PRD-00012,2024-08-11,08/18/2024,4,9488.69,0.1,Marketplace,Installment,Delivered
ORD-001102,CUST-00150,PRD-00094,02/09/2024,09/05/2024,3,286.11,0.0,Mobile App,Cash on Delivery,Delivered
ORD-001975,CUST-00283,PRD-00131,08/28/2023,2023-09-01,4,361.41,0.15,Mobile App,Cash on Delivery,Delivered
ORD-000385,CUST-00049,PRD-00185,09/11/2023,09/17/2023,5,EGP 2013.53,0.1,Mobile App,Installment,Delivered
ORD-002639,CUST-00362,PRD-00044,2024-09-13,17/09/2024,3,3309.62,0.05,Website,Credit Card,Delivered
ORD-000164,CUST-00022,PRD-00012,2023-11-01,11/05/2023,3,9488.69,0.1,Mobile App,Cash on Delivery,Pending
ORD-004374,CUST-00605,PRD-00038,13/08/2024,,4,2707.61,0.15,Mobile App,Cash on Delivery,Delivered
ORD-005721,CUST-00783,PRD-00121,07/23/2025,07/27/2025,3,307.1,0.25,Website,Cash on Delivery,Delivered
ORD-000236,CUST-00032,PRD-00032,01-Mar-2025,07/03/2025,2,1547.2,0.15,Mobile App,Wallet,Delivered
ORD-001998,CUST-00284,PRD-00160,10/19/2023,21-Oct-2023,5,214.1,0.0,Website,Credit Card,Cancelled
  ORD-004755  ,CUST-00651,PRD-00010,12-Jul-2025,13/07/2025,3,2297.75,0.0,Mobile App,Installment,Delivered
ORD-001453,CUST-00198,PRD-00051,07-Jun-2025,11-Jun-2025,3,4568.48,0.0,Website,credit card,Delivered
ORD-001340,CUST-00180,PRD-00104,21-Nov-2025,2025-11-22,4,698.62,0.05,MARKETPLACE,Cash on Delivery,Cancelled
ORD-005730,CUST-00785,PRD-00178,09/18/2025,09/24/2025,5,583.55,0.0,Website,Installment,Delivered
ORD-005424,CUST-00738,PRD-00150,03-Jun-2025,06/08/2025,4,84.86,0.0,Mobile App,Installment,Delivered
ORD-000773,CUST-00102,PRD-00059,18-Jan-2025,19/01/2025,2,1565.88,0.05,Mobile App,Credit Card,Delivered
ORD-005684,CUST-00778,PRD-00163,01/10/2024,2024-01-15,3,5049.75,0.0,Mobile App,Installment,Returned
ORD-001227,CUST-00168,PRD-00143,12-Jan-2023,16-Jan-2023,7,174.65,0.05,Marketplace,Credit Card,Delivered
ORD-004543,CUST-00625,PRD-00135,01/04/2023,2023-01-11,9,EGP 55.83,0.1,Website,Installment,Delivered
ORD-005485,CUST-00751,PRD-00083,2023-11-22,2023-11-29,4,1673.7,0.25,Website,credit card,Cancelled
ORD-004800,CUST-00656,PRD-00012,23/06/2024,30/06/2024,4,9488.69,0.05,Mobile App,Installment,Delivered
ORD-004979,CUST-00675,PRD-00160,01-Jun-2023,03/06/2023,8,214.1,0.1,Website,Credit Card,Delivered
ORD-002363,CUST-00330,PRD-00104,2025-07-03,2025-07-05,5,698.62,0.05,Website,Cash on Delivery,Delivered
ORD-002273,CUST-00318,PRD-00079,03/31/2024,04/05/2024,6,646.3,0.0,Mobile App,Credit Card,Delivered
ORD-004924,CUST-00669,PRD-00170,17/08/2023,18/08/2023,3,7690.28,0.05,Mobile App,Wallet,Delivered
ORD-002459,CUST-00340,PRD-00066,21/12/2025,23-Dec-2025,2,531.75,0.15,Marketplace,Credit Card,Delivered
ORD-000036,CUST-00005,PRD-00143,20-Nov-2024,22-Nov-2024,8,174.65,0.15,Marketplace,Cash on Delivery,Delivered
ORD-000023,CUST-00005,PRD-00105,2025-09-24,2025-09-27,8,840.93,0.0,MOBILE APP,Cash on Delivery,Delivered
ORD-004824,CUST-00658,PRD-00172,05-Mar-2025,2025-03-11,5,4391.94,0.1,Marketplace,Cash on Delivery,Delivered
ORD-003450,CUST-00475,PRD-00130,17-Feb-2025,23-Feb-2025,1,93.92,0.0,Marketplace,Cash on Delivery,Cancelled
ORD-003744,CUST-00519,PRD-00066,2024-09-05,09/09/2024,10,531.75,0.25,Website,Credit Card,Cancelled
ORD-003088,CUST-00430,PRD-00005,2025-10-31,06-Nov-2025,1,5870.09,0.0,Website,Credit Card,Delivered
ORD-002265,CUST-00317,PRD-99999,10/31/2025,11/02/2025,3,1117.84,0.05,Mobile App,Credit Card,Delivered
ORD-003636,CUST-00498,PRD-00037,2024-01-13,2024-01-19,3,2145.36,0.0,Mobile App,Installment,Cancelled
ORD-005124,CUST-00698,PRD-00140,03/12/2024,14/03/2024,5,EGP 168.61,,Mobile App,wallet,Delivered
ORD-002732,CUST-00373,PRD-00188,11/06/2024,06/14/2024,2,235.83,0.15,Website,Installment,Delivered
ORD-004146,CUST-00586,PRD-00125,05/04/2023,04/11/2023,6,151.72,0.15,Mobile App,Installment,Delivered
ORD-002374,CUST-00333,PRD-00001,08/02/2025,08/04/2025,8,3019.28,0.15,Website,Installment,Delivered
ORD-000064,CUST-00007,PRD-00079,12-Jul-2024,2024-07-16,8,646.3,0.05,Marketplace,wallet,Delivered
ORD-003877,CUST-00543,PRD-00020,2025-03-14,17/03/2025,5,9661.76,0.0,Marketplace,Wallet,Delivered
ORD-003064,CUST-00426,PRD-00181,09-Dec-2024,15/12/2024,2,7757.56,0.05,Mobile App,Installment,Delivered
ORD-003656,CUST-00503,PRD-00018,12-Dec-2025,2025-12-17,4,8604.46,0.0,Mobile App,Wallet,Delivered
ORD-004102,CUST-00578,PRD-00053,2023-04-01,03/04/2023,1,933.2,,Marketplace,Installment,Delivered
ORD-001086,CUST-00148,PRD-00083,2024-10-21,10/24/2024,1,1673.7,0.15,MOBILE APP,Credit Card,Returned
ORD-003895,CUST-00546,PRD-00064,01/05/2023,12/01/2023,3,1338.56,0.25,Marketplace,Installment,Pending
ORD-004149,CUST-00587,PRD-00088,13-Jul-2023,17-Jul-2023,4,2384.43,0.0,Mobile App,Installment,Delivered
ORD-005467,CUST-99999,PRD-00129,12/28/2024,2024-12-29,5,23.89,0.1,Marketplace,Wallet,Delivered
ORD-004088,CUST-00577,PRD-00120,07/07/2025,11-Jul-2025,8,538.56,0.2,Marketplace,Installment,Returned
ORD-000507,CUST-00069,PRD-00118,25-Mar-2024,2024-03-28,7,341.03,0.1,Mobile App,Cash on Delivery,Pending
ORD-004091,CUST-00577,PRD-00123,01-Apr-2025,2025-04-05,4,83.93,,Marketplace,Credit Card,Cancelled
ORD-004797,CUST-00656,PRD-00139,2025-07-08,07/09/2025,3,195.93,0.0,Marketplace,Credit Card,Delivered
ORD-002348,CUST-00328,PRD-00187,11/03/2024,12-Mar-2024,9,EGP 5533.15,0.05,Website,Wallet,Returned
ORD-005465,CUST-00745,PRD-00030,02/06/2023,,8,6643.61,,Marketplace,Installment,Cancelled
ORD-003420,CUST-00471,PRD-00120,11/05/2023,2023-11-06,1,538.56,0.0,Website,Credit Card,Cancelled
ORD-002448,CUST-00340,PRD-00160,02-Sep-2024,08-Sep-2024,2,214.1,0.05,Website,Credit Card,Delivered
ORD-003115,CUST-00431,PRD-00086,2025-10-23,2025-10-27,1,1754.49,0.05,Marketplace,Credit Card,Returned
ORD-001481,CUST-00203,PRD-00135,2024-08-03,2024-08-04,4,55.83,0.0,Website,Credit Card,Delivered
ORD-003538,CUST-00487,PRD-00040,02/03/2024,05/02/2024,1,1977.22,0.05,Marketplace,Installment,Delivered
ORD-003794,CUST-00527,PRD-00132,04/10/2024,10/09/2024,4,436.68,0.0,Mobile App,Wallet,Delivered
ORD-001171,CUST-00161,PRD-00103,28/06/2024,06/30/2024,2,275.52,0.25,MARKETPLACE,Cash on Delivery,Delivered
ORD-004240,CUST-00593,PRD-00003,08/03/2024,03/13/2024,1,1534.69,0.0,MOBILE APP,Installment,Returned
ORD-005547,CUST-00760,PRD-00003,31-May-2025,05-Jun-2025,6,EGP 1534.69,0.0,Mobile App,Installment,Returned
ORD-001730,CUST-00237,PRD-00104,2025-03-17,21-Mar-2025,3,698.62,0.0,Website,Cash on Delivery,Delivered
ORD-003797,CUST-00527,PRD-00069,01/16/2025,19-Jan-2025,4,1039.35,0.0,Marketplace,Installment,Delivered
ORD-002121,CUST-00298,PRD-00091,12/03/2023,16-Mar-2023,3,1667.87,0.0,Marketplace,Credit Card,Returned
ORD-005249,CUST-00714,PRD-00132,31/05/2025,2025-06-05,3,436.68,,Website,Installment,Delivered
ORD-005770,CUST-00791,PRD-00042,16-Jun-2025,06/18/2025,7,1460.4,0.1,Website,Credit Card,Delivered
ORD-001720,CUST-00235,PRD-00122,2024-08-17,20/08/2024,4,692.52,0.1,Marketplace,Installment,Delivered
ORD-000996,CUST-00136,PRD-00153,21-Sep-2024,09/28/2024,4,321.69,0.0,Marketplace,Credit Card,Delivered
ORD-000642,CUST-00086,PRD-00073,18-Jul-2024,19/07/2024,3,2603.44,0.15,Website,Wallet,Delivered
ORD-003358,CUST-00461,PRD-00021,2025-06-24,2025-06-29,3,7707.69,0.0,Website,Wallet,Delivered
ORD-000863,CUST-00116,PRD-00027,17-May-2024,05/20/2024,4,6528.78,0.0,Marketplace,Credit Card,Cancelled
  ORD-003802  ,CUST-00528,PRD-00184,05/04/2023,2023-04-11,5,2621.44,0.0,Mobile App,Credit Card,Delivered
ORD-001782,CUST-00245,PRD-00056,15-Oct-2025,10/19/2025,1,1260.88,0.2,MARKETPLACE,Credit Card,Delivered
ORD-001054,CUST-00145,PRD-00040,2023-09-25,29/09/2023,2,1977.22,0.2,Marketplace,Cash on Delivery,Returned
ORD-003586,CUST-00493,PRD-00031,23-Mar-2025,03/24/2025,4,376.78,0.0,Mobile App,Cash on Delivery,Cancelled
ORD-002474,CUST-00342,PRD-00187,04/12/2024,07/12/2024,9,5533.15,0.0,Website,Wallet,Delivered
ORD-001500,CUST-00206,PRD-99999,09/25/2025,,4,151.72,0.1,MARKETPLACE,Credit Card,Delivered
ORD-003990,CUST-00561,PRD-00092,30-Dec-2024,02/01/2025,4,727.52,0.05,Website,Credit Card,Returned
ORD-002256,CUST-00316,PRD-00135,2023-11-05,11/07/2023,3,55.83,,Marketplace,Installment,Cancelled
ORD-005515,CUST-00754,PRD-00069,26/03/2025,03/31/2025,10,1039.35,0.15,Mobile App,Wallet,Cancelled
ORD-005292,CUST-00722,PRD-00007,28-Nov-2024,11/30/2024,1,5375.75,0.05,Website,Credit Card,Delivered
ORD-001865,CUST-00260,PRD-00106,16-Jul-2023,21/07/2023,4,1124.04,0.25,Mobile App,Cash on Delivery,Pending
ORD-002838,CUST-00386,PRD-00048,06-Aug-2023,07/08/2023,4,616.54,0.0,WEBSITE,Cash on Delivery,Delivered
ORD-000077,CUST-00009,PRD-00004,05-Nov-2023,12-Nov-2023,5,EGP 3744.22,0.0,Marketplace,Credit Card,Returned
ORD-004139,CUST-00585,PRD-00161,01-Oct-2023,02-Oct-2023,8,1342.19,0.0,Mobile App,Wallet,Delivered
ORD-003105,CUST-99999,PRD-00149,03-Feb-2025,2025-02-06,4,93.5,0.0,Website,Credit Card,Delivered
ORD-002912,CUST-00401,PRD-00098,11/04/2023,2023-11-06,7,718.7,0.0,Website,Installment,Cancelled
ORD-000832,CUST-00110,PRD-00153,12/15/2023,22-Dec-2023,4,321.69,0.0,WEBSITE,Installment,Delivered
ORD-005584,CUST-00765,PRD-00063,15/03/2025,03/18/2025,1,3118.2,0.05,Mobile App,Cash on Delivery,Pending
ORD-003090,CUST-00430,PRD-00031,03-Mar-2023,2023-03-06,5,376.78,0.0,Website,Credit Card,Delivered
ORD-002456,CUST-00340,PRD-00168,12/10/2025,13-Dec-2025,3,EGP 3279.73,0.0,Mobile App,Cash on Delivery,Delivered
ORD-004407,CUST-00608,PRD-00023,12/02/2023,09/12/2023,10,11190.64,0.1,Website,Credit Card,Delivered
ORD-005291,CUST-00722,PRD-00031,07/10/2024,10/09/2024,3,376.78,0.05,Marketplace,Cash on Delivery,Delivered
ORD-005769,CUST-00791,PRD-00029,01/24/2023,31-Jan-2023,3,1141.21,0.0,Marketplace,Installment,Cancelled
ORD-000209,CUST-00028,PRD-00072,22-Jul-2024,07/26/2024,1,2087.47,0.0,Mobile App,Installment,Cancelled
ORD-001288,CUST-00174,PRD-00056,2024-08-11,14-Aug-2024,8,1260.88,0.05,MARKETPLACE,Cash on Delivery,Delivered
ORD-003406,CUST-00469,PRD-00052,2023-12-19,12/25/2023,3,4557.53,0.2,Marketplace,Installment,Delivered
ORD-002703,CUST-00371,PRD-00051,10/06/2024,2024-10-07,2,4568.48,0.05,Mobile App,Credit Card,Delivered
ORD-003670,CUST-00506,PRD-00187,04-Jul-2025,2025-07-11,4,5533.15,,Marketplace,Credit Card,Delivered
  ORD-001294  ,CUST-00174,PRD-00026,2023-05-27,29/05/2023,4,EGP 13374.87,0.25,Website,Installment,Delivered
ORD-000979,CUST-00133,PRD-00075,23-Mar-2024,29/03/2024,3,576.69,0.25,Website,Installment,Delivered
ORD-001644,CUST-00223,PRD-00145,05/01/2024,05/03/2024,4,116.01,0.0,Marketplace,Wallet,Pending
ORD-005130,CUST-00699,PRD-00169,05/12/2024,12/07/2024,8,3779.35,0.0,Website,Credit Card,Returned
ORD-001377,CUST-00186,PRD-00138,03-Apr-2025,2025-04-10,1,293.11,0.1,Website,Installment,Pending
ORD-004786,CUST-00655,PRD-00046,12/03/2023,2023-12-05,3,1161.95,0.15,Mobile App,Wallet,Returned
ORD-002036,CUST-00288,PRD-00025,2024-12-14,15-Dec-2024,5,EGP 15750.99,0.0,Website,Wallet,Delivered
ORD-002397,CUST-00334,PRD-00130,2023-09-25,2023-09-28,4,93.92,0.0,Mobile App,Credit Card,Cancelled
ORD-005806,CUST-00795,PRD-00163,01/05/2025,04/05/2025,1,5049.75,0.05,Mobile App,Cash on Delivery,Delivered
ORD-003960,CUST-00557,PRD-00072,10/06/2025,10/08/2025,3,2087.47,0.0,Marketplace,Credit Card,Delivered
ORD-002554,CUST-00353,PRD-00157,06/20/2023,06/25/2023,5,186.52,0.0,Mobile App,Cash on Delivery,Delivered
ORD-001100,CUST-00150,PRD-00129,20-Dec-2024,2024-12-23,10,23.89,0.15,Marketplace,Cash on Delivery,Delivered
ORD-001709,CUST-00233,PRD-00098,2024-10-08,15-Oct-2024,8,718.7,0.05,MARKETPLACE,Wallet,Cancelled
ORD-004694,CUST-00642,PRD-00087,2024-09-25,30/09/2024,5,937.05,0.0,Website,Credit Card,Returned
ORD-000517,CUST-00069,PRD-00013,2023-06-18,19/06/2023,7,5695.33,0.0,Website,Installment,Delivered
ORD-003281,CUST-00455,PRD-00034,2025-11-18,2025-11-24,1,4894.09,0.2,Mobile App,Credit Card,Delivered
ORD-004180,CUST-00588,PRD-00135,09/03/2024,2024-03-11,1,55.83,0.0,Marketplace,Wallet,Cancelled
ORD-002408,CUST-00335,PRD-00044,2024-02-19,26/02/2024,5,3309.62,0.0,Website,Cash on Delivery,Cancelled
ORD-000117,CUST-00016,PRD-00077,26-Jan-2025,2025-02-01,9,EGP 3228.9,0.2,Marketplace,Cash on Delivery,Delivered
ORD-003810,CUST-00529,PRD-00145,06/28/2023,03/07/2023,3,116.01,0.0,Mobile App,credit card,Delivered
ORD-004329,CUST-00602,PRD-00091,2023-03-04,11/03/2023,10,1667.87,0.15,Website,Credit Card,Delivered
  ORD-004261  ,CUST-00597,PRD-00083,11/08/2023,2023-11-09,8,1673.7,0.0,Website,Wallet,Cancelled
ORD-003903,CUST-00547,PRD-00022,2025-09-27,02-Oct-2025,7,14193.82,0.0,Mobile App,Credit Card,Delivered
ORD-003688,CUST-00508,PRD-00075,30/09/2025,06-Oct-2025,6,576.69,0.0,Mobile App,Cash on Delivery,Returned
ORD-002394,CUST-00334,PRD-00149,2023-04-21,04/24/2023,2,93.5,0.0,Mobile App,wallet,Cancelled
ORD-005030,CUST-00683,PRD-00082,07/04/2023,08/04/2023,2,1269.02,0.25,Mobile App,Cash on Delivery,Pending
ORD-005370,CUST-00730,PRD-00063,10/22/2024,2024-10-29,3,3118.2,0.0,Marketplace,Installment,Delivered
ORD-002921,CUST-00401,PRD-00003,05/30/2023,06/06/2023,10,1534.69,0.0,Marketplace,Wallet,Delivered
ORD-000548,CUST-00073,PRD-00035,12/24/2025,2025-12-26,1,4561.67,0.05,Mobile App,credit card,Delivered
ORD-005352,CUST-00729,PRD-00080,2024-04-23,25/04/2024,1,EGP 1092.22,0.2,Mobile App,Installment,Delivered
ORD-000380,CUST-00048,PRD-00035,29-Sep-2023,02-Oct-2023,2,4561.67,0.05,Mobile App,Cash on Delivery,Delivered
ORD-000081,CUST-00010,PRD-00178,2023-10-25,10/28/2023,3,583.55,0.0,Marketplace,wallet,Delivered
  ORD-002275  ,CUST-00318,PRD-00129,07/12/2023,15/07/2023,3,23.89,0.1,Mobile App,Cash on Delivery,Returned
ORD-002647,CUST-00364,PRD-00033,13/01/2025,2025-01-18,3,1947.05,0.0,Website,Credit Card,Delivered
ORD-004247,CUST-00594,PRD-00035,02/04/2023,02/07/2023,5,4561.67,0.2,Marketplace,Credit Card,Cancelled
ORD-002645,CUST-00363,PRD-00132,08/19/2023,08/26/2023,7,436.68,0.0,Website,Installment,Delivered
ORD-000264,CUST-00033,PRD-00159,05/25/2024,2024-05-28,3,195.16,0.0,Mobile App,Installment,Delivered
ORD-002269,CUST-00318,PRD-00128,09/02/2025,2025-09-05,3,812.88,0.0,Marketplace,Wallet,Delivered
ORD-005793,CUST-00793,PRD-00054,04/24/2024,04/27/2024,7,1277.14,0.0,Website,Wallet,Delivered
ORD-002942,CUST-00408,PRD-00126,2024-11-19,2024-11-23,5,340.64,0.1,Mobile App,Installment,Cancelled
ORD-003555,CUST-00488,PRD-00129,22/02/2025,24-Feb-2025,1,23.89,,Marketplace,Credit Card,Delivered
ORD-000973,CUST-00133,PRD-00008,04/29/2025,2025-05-06,2,13998.23,0.0,Website,Installment,Delivered
ORD-005614,CUST-00769,PRD-00041,30/07/2023,08/06/2023,6,1168.7,0.0,Marketplace,Installment,Delivered
ORD-005750,CUST-00788,PRD-00161,11/20/2025,24/11/2025,3,1342.19,0.1,Website,Wallet,Delivered
ORD-004330,CUST-00603,PRD-00022,12/04/2025,2025-12-09,6,14193.82,0.0,Marketplace,Credit Card,Delivered
ORD-004134,CUST-00585,PRD-00085,04/25/2023,2023-04-26,9,265.37,0.0,Marketplace,Wallet,Delivered
ORD-001585,CUST-00212,PRD-00025,10/31/2023,05/11/2023,5,15750.99,0.15,Website,Cash on Delivery,Delivered
ORD-002644,CUST-00363,PRD-00152,2025-09-18,2025-09-24,5,23.7,0.0,Mobile App,wallet,Delivered
ORD-002848,CUST-00387,PRD-00032,21-Jul-2025,,1,1547.2,0.05,Website,Credit Card,Delivered
ORD-001295,CUST-00175,PRD-00130,27-Oct-2024,28-Oct-2024,1,93.92,0.0,Marketplace,Credit Card,Delivered
ORD-000970,CUST-00133,PRD-00098,11/14/2024,20/11/2024,5,718.7,0.15,Mobile App,Cash on Delivery,Delivered
ORD-001431,CUST-00194,PRD-00094,11/08/2023,13-Nov-2023,3,286.11,0.05,Mobile App,Installment,Delivered
ORD-002483,CUST-00343,PRD-00032,2023-07-25,07/28/2023,9,1547.2,0.15,Marketplace,Installment,Delivered
ORD-003576,CUST-00491,PRD-00168,25-Mar-2023,03/31/2023,9,EGP 3279.73,0.0,Website,Credit Card,Delivered
ORD-005384,CUST-00731,PRD-00142,20/10/2025,10/27/2025,1,29.02,0.0,Website,Installment,Delivered
ORD-005645,CUST-00773,PRD-00167,02/12/2023,06-Dec-2023,5,741.81,0.0,Mobile App,Cash on Delivery,Cancelled
ORD-000604,CUST-00080,PRD-00005,21/04/2025,2025-04-28,3,5870.09,0.25,Marketplace,Wallet,Delivered
ORD-000194,CUST-00025,PRD-00002,22-Dec-2025,12/24/2025,8,9414.07,0.2,Marketplace,Cash on Delivery,Delivered
ORD-001228,CUST-00168,PRD-00179,06/14/2025,17/06/2025,9,2311.13,0.05,Website,Cash on Delivery,Delivered
ORD-004749,CUST-00651,PRD-00109,03/11/2025,03/16/2025,3,252.4,0.05,Website,Cash on Delivery,Delivered
ORD-005798,CUST-00794,PRD-00057,2024-05-07,10/05/2024,5,5493.06,0.15,Marketplace,Wallet,Delivered
ORD-002440,CUST-00339,PRD-00003,2024-04-03,08/04/2024,1,1534.69,0.05,Website,Credit Card,Returned
ORD-004674,CUST-00639,PRD-00079,06/09/2025,09/10/2025,9,646.3,0.0,Website,Installment,Delivered
ORD-005398,CUST-00734,PRD-00184,2023-01-06,09-Jan-2023,8,2621.44,0.25,Marketplace,Cash on Delivery,Cancelled
ORD-002850,CUST-00388,PRD-00060,22-Sep-2025,27/09/2025,5,2586.89,0.25,Website,Cash on Delivery,Delivered
ORD-000276,CUST-00037,PRD-00101,07-Dec-2024,12/09/2024,1,658.37,0.05,Mobile App,Credit Card,Delivered
ORD-003290,CUST-00456,PRD-00103,31/03/2025,2025-04-02,5,275.52,0.0,Marketplace,wallet,Delivered
ORD-005019,CUST-00682,PRD-00049,08/02/2024,2024-08-07,5,3627.21,0.0,Marketplace,Wallet,Cancelled
ORD-003037,CUST-00423,PRD-00109,25/11/2025,2025-12-01,2,252.4,0.0,Mobile App,Credit Card,Cancelled
ORD-005122,CUST-00697,PRD-00087,2025-06-10,16/06/2025,5,937.05,0.05,Marketplace,Credit Card,Delivered
ORD-000870,CUST-00119,PRD-00044,09/06/2025,12-Sep-2025,5,3309.62,0.0,Marketplace,Credit Card,Returned
ORD-000554,CUST-00074,PRD-00059,03-Jun-2023,07-Jun-2023,10,EGP 1565.88,0.15,Marketplace,Wallet,Delivered
ORD-000868,CUST-00118,PRD-00121,2025-02-13,15-Feb-2025,5,307.1,0.2,Marketplace,Credit Card,Delivered
ORD-003382,CUST-00464,PRD-00114,2025-03-17,24/03/2025,3,864.91,0.15,Website,Credit Card,Cancelled
ORD-000718,CUST-00098,PRD-00010,10/31/2024,11/01/2024,8,2297.75,,Marketplace,Wallet,Delivered
ORD-005371,CUST-00730,PRD-00007,06/29/2025,01-Jul-2025,5,EGP 5375.75,0.05,Marketplace,Cash on Delivery,Delivered
ORD-000043,CUST-00006,PRD-00013,25-Oct-2025,24-Oct-2025,4,5695.33,0.0,Website,Cash on Delivery,Delivered
ORD-001012,CUST-00138,PRD-00113,2023-05-23,05/25/2023,3,719.15,0.15,Mobile App,Wallet,Delivered
ORD-001061,CUST-00146,PRD-00057,03/17/2024,20/03/2024,9,5493.06,,Mobile App,Installment,Delivered
ORD-001385,CUST-00188,PRD-00121,07/09/2024,15-Jul-2024,5,307.1,0.25,Mobile App,Credit Card,Returned
ORD-004730,CUST-00647,PRD-00084,12/11/2024,12-Dec-2024,1,600.09,0.05,Website,Cash on Delivery,Cancelled
ORD-002988,CUST-00415,PRD-00176,05/04/2025,12/04/2025,2,3014.74,0.0,Mobile App,Credit Card,Returned
ORD-005647,CUST-00773,PRD-00133,13/06/2024,17/06/2024,5,174.99,0.05,Marketplace,Cash on Delivery,Returned
ORD-005102,CUST-00695,PRD-00160,25/08/2025,26-Aug-2025,3,214.1,0.15,Mobile App,Wallet,Delivered
ORD-002454,CUST-00340,PRD-00179,2025-07-22,07/23/2025,5,2311.13,0.0,Website,Installment,Pending
ORD-000747,CUST-00100,PRD-00045,11-Nov-2025,18-Nov-2025,4,4956.18,0.0,Mobile App,Installment,Delivered
ORD-004997,CUST-00677,PRD-00142,2024-03-27,2024-04-03,9,29.02,0.0,Marketplace,Installment,Delivered
ORD-003192,CUST-00440,PRD-00084,08/21/2024,28/08/2024,1,600.09,0.2,Mobile App,Installment,Pending
ORD-005459,CUST-00744,PRD-00087,24/03/2025,03/28/2025,3,937.05,0.0,Marketplace,Wallet,Delivered
ORD-001122,CUST-00153,PRD-00067,05/05/2024,,8,1590.28,0.2,Website,Installment,Delivered
ORD-003146,CUST-00436,PRD-00089,09/30/2024,01/10/2024,6,370.11,0.05,Website,Credit Card,Cancelled
ORD-001870,CUST-00261,PRD-00021,19/03/2023,03/22/2023,4,7707.69,0.2,Website,Credit Card,Delivered
ORD-005832,CUST-00799,PRD-00186,2024-12-30,02/01/2025,5,4878.71,0.0,Mobile App,Credit Card,Delivered
ORD-005565,CUST-00762,PRD-00184,2024-11-24,28/11/2024,4,2621.44,0.15,Mobile App,Cash on Delivery,Delivered
ORD-001888,CUST-00263,PRD-00170,2023-08-24,30-Aug-2023,4,7690.28,0.2,Website,Installment,Delivered
ORD-000876,CUST-00120,PRD-00010,03-May-2023,04-May-2023,2,2297.75,,Marketplace,Wallet,Delivered
ORD-002452,CUST-00340,PRD-00073,05/16/2024,05/18/2024,3,2603.44,0.15,Marketplace,Cash on Delivery,Cancelled
ORD-002126,CUST-00299,PRD-00016,17-Dec-2023,24/12/2023,10,6150.02,,Website,Wallet,Delivered
ORD-000350,CUST-00043,PRD-00056,06/16/2025,22-Jun-2025,4,1260.88,0.1,Mobile App,Wallet,Cancelled
ORD-005506,CUST-00753,PRD-00007,09/14/2023,09/17/2023,4,5375.75,0.0,Marketplace,Installment,Delivered
ORD-003781,CUST-00524,PRD-00100,16/07/2025,2025-07-19,4,555.91,0.0,Marketplace,Credit Card,Delivered
ORD-005762,CUST-00791,PRD-00045,2025-05-04,11/05/2025,10,4956.18,0.25,Marketplace,Installment,Delivered
ORD-004519,CUST-00622,PRD-00053,12-Nov-2025,19-Nov-2025,5,933.2,0.0,Website,installment,Delivered
ORD-005323,CUST-00725,PRD-00116,05/02/2025,2025-05-05,1,466.13,0.1,Website,Credit Card,Delivered
ORD-001331,CUST-00179,PRD-00185,02-May-2023,09-May-2023,3,2013.53,0.0,Mobile App,Installment,Cancelled
ORD-005639,CUST-00773,PRD-00085,2023-06-22,06/27/2023,1,265.37,0.05,Mobile App,Credit Card,Cancelled
ORD-000240,CUST-00032,PRD-00160,01/10/2024,08-Oct-2024,1,214.1,0.0,WEBSITE,Wallet,Delivered
ORD-005231,CUST-00712,PRD-00105,01/09/2023,08-Sep-2023,3,840.93,0.05,Mobile App,Credit Card,Delivered
ORD-000207,CUST-00028,PRD-00027,27-Jan-2025,01/02/2025,1,6528.78,0.25,Website,Cash on Delivery,Delivered
ORD-003672,CUST-00506,PRD-00005,2024-10-25,2024-10-22,3,5870.09,0.0,Marketplace,Credit Card,Delivered
ORD-003307,CUST-00457,PRD-00080,12/26/2025,27-Dec-2025,4,1092.22,0.05,Marketplace,Credit Card,Delivered
ORD-000782,CUST-00103,PRD-00160,05/07/2023,05/12/2023,6,214.1,0.0,Website,installment,Returned
ORD-002946,CUST-00408,PRD-00063,20/12/2023,12/24/2023,6,3118.2,0.0,Website,Installment,Delivered
ORD-003739,CUST-00517,PRD-00179,2024-08-01,07/08/2024,1,2311.13,0.0,WEBSITE,Cash on Delivery,Delivered
ORD-001625,CUST-00218,PRD-00163,02/23/2024,,5,5049.75,0.1,Marketplace,Installment,Returned
ORD-002075,CUST-00292,PRD-00187,10/11/2023,2023-10-16,4,5533.15,0.0,Website,Wallet,Delivered
ORD-005005,CUST-00677,PRD-00068,24-Nov-2023,11/30/2023,7,1186.92,0.25,Website,Installment,Returned
ORD-000649,CUST-00086,PRD-00164,12-Sep-2025,09/14/2025,1,EGP 6039.64,0.0,Website,Wallet,Delivered
ORD-003562,CUST-00488,PRD-00078,05-Dec-2024,12/06/2024,1,803.87,0.05,Marketplace,Installment,Cancelled
ORD-002856,CUST-00388,PRD-00040,18-Sep-2024,2024-09-22,2,1977.22,0.1,MOBILE APP,Wallet,Delivered
ORD-000409,CUST-00055,PRD-00139,03/15/2024,03/18/2024,7,195.93,,Marketplace,Cash on Delivery,Returned
ORD-004073,CUST-00573,PRD-00186,31/07/2025,2025-08-05,7,EGP 4878.71,0.2,Mobile App,Credit Card,Cancelled
ORD-002310,CUST-00322,PRD-00170,10/11/2024,12-Oct-2024,2,EGP 7690.28,0.15,Marketplace,Wallet,Pending
ORD-005548,CUST-00761,PRD-00121,2025-02-25,2025-03-02,7,307.1,0.0,Website,Credit Card,Delivered
ORD-004595,CUST-00630,PRD-00085,22/05/2024,,4,265.37,0.0,Marketplace,wallet,Delivered
ORD-004553,CUST-00626,PRD-00025,2024-12-23,12/24/2024,5,15750.99,0.2,Website,Wallet,Delivered
ORD-003270,CUST-00455,PRD-00153,12/12/2024,14/12/2024,3,321.69,0.0,Mobile App,Wallet,Returned
ORD-003484,CUST-00480,PRD-00114,2023-08-05,2023-08-08,7,864.91,0.15,Website,Credit Card,Delivered
ORD-005703,CUST-00781,PRD-00158,06/12/2024,09/12/2024,7,308.65,0.0,Mobile App,Cash on Delivery,Cancelled
ORD-000688,CUST-00091,PRD-00080,2024-03-25,03/29/2024,1,1092.22,0.2,Mobile App,Installment,Delivered
ORD-005169,CUST-00702,PRD-00187,2025-02-03,02/09/2025,1,5533.15,0.05,Marketplace,Installment,Cancelled
ORD-004163,CUST-00587,PRD-00081,23-Jul-2023,,4,2904.61,0.0,Mobile App,Installment,Returned
ORD-005041,CUST-00684,PRD-00085,06/02/2025,02/12/2025,1,265.37,0.0,Mobile App,Installment,Delivered
ORD-003488,CUST-00481,PRD-00133,10/14/2023,10/15/2023,4,EGP 174.99,0.1,Website,Installment,Delivered
ORD-001221,CUST-99999,PRD-00059,08/12/2025,2025-12-11,5,1565.88,0.0,Website,Cash on Delivery,Pending
ORD-001666,CUST-00224,PRD-00138,20/07/2025,22-Jul-2025,10,293.11,0.2,Mobile App,Cash on Delivery,Cancelled
ORD-000184,CUST-00024,PRD-00125,26/02/2025,02/27/2025,8,151.72,0.15,Website,Installment,Delivered
ORD-002615,CUST-00358,PRD-00121,21/09/2023,09/27/2023,4,307.1,0.0,Mobile App,credit card,Returned
ORD-002973,CUST-00413,PRD-00149,05/27/2024,2024-05-25,1,93.5,,Mobile App,Credit Card,Pending
ORD-002349,CUST-00329,PRD-00111,12/18/2025,25/12/2025,8,291.55,0.0,Mobile App,Credit Card,Delivered
ORD-003246,CUST-00450,PRD-00153,11/23/2025,2025-11-29,1,321.69,0.15,Marketplace,Credit Card,Delivered
ORD-004274,CUST-00598,PRD-00120,03/03/2025,09/03/2025,1,538.56,0.0,Marketplace,Wallet,Delivered
ORD-001088,CUST-00149,PRD-00008,07/18/2025,25/07/2025,2,13998.23,0.0,Website,Wallet,Delivered
ORD-005252,CUST-00715,PRD-00158,24-Jul-2023,2023-07-31,10,308.65,0.15,Website,Wallet,Pending
ORD-000296,CUST-00038,PRD-00177,04/07/2025,05/07/2025,9,EGP 5234.78,0.1,Marketplace,Credit Card,Delivered
ORD-003471,CUST-00477,PRD-00169,02-Feb-2024,08/02/2024,4,3779.35,0.1,Marketplace,Credit Card,Delivered
ORD-002125,CUST-00299,PRD-00086,05/12/2024,12/11/2024,8,1754.49,0.0,Marketplace,Credit Card,Cancelled
ORD-002409,CUST-00335,PRD-00153,02/04/2023,02/05/2023,5,321.69,0.0,Marketplace,Installment,Returned
ORD-002820,CUST-00382,PRD-00069,10/26/2023,28/10/2023,8,1039.35,0.05,Marketplace,Cash on Delivery,Delivered
ORD-000892,CUST-00124,PRD-00025,12-Jun-2025,06/14/2025,4,15750.99,0.0,Mobile App,installment,Returned
ORD-001348,CUST-00181,PRD-00137,20/11/2025,26/11/2025,5,328.81,0.0,MOBILE APP,Credit Card,Delivered
ORD-004197,CUST-00589,PRD-00152,01/06/2024,01/09/2024,1,23.7,0.0,Marketplace,Wallet,Delivered
ORD-002134,CUST-00300,PRD-00046,24-Nov-2025,2025-12-01,6,1161.95,0.0,Website,Cash on Delivery,Delivered
ORD-002463,CUST-00340,PRD-00101,2025-07-15,16-Jul-2025,5,658.37,,Marketplace,Wallet,Delivered
ORD-002288,CUST-00319,PRD-00007,20-May-2024,23/05/2024,7,5375.75,0.0,Website,Credit Card,Delivered
ORD-001732,CUST-00238,PRD-00138,13/05/2024,20/05/2024,10,293.11,0.1,Mobile App,Cash on Delivery,Delivered
ORD-002693,CUST-00371,PRD-00094,22/06/2023,25-Jun-2023,2,EGP 286.11,0.0,Mobile App,Credit Card,Cancelled
ORD-001156,CUST-00158,PRD-00120,25-Sep-2024,2024-10-01,4,538.56,0.0,Mobile App,Installment,Cancelled
ORD-002815,CUST-00381,PRD-00188,21/09/2024,25/09/2024,8,235.83,0.2,Website,Wallet,Cancelled
ORD-003059,CUST-00426,PRD-00115,07/13/2024,07/17/2024,1,EGP 290.78,0.0,Mobile App,Installment,Pending
ORD-000113,CUST-00016,PRD-00006,27-Dec-2025,31/12/2025,9,4094.1,0.2,Mobile App,Installment,Pending
ORD-001018,CUST-00139,PRD-00089,2023-05-28,29-May-2023,4,370.11,0.0,Website,Wallet,Pending
ORD-005238,CUST-00713,PRD-00004,13-Apr-2025,04/17/2025,1,3744.22,0.1,Mobile App,cash on delivery,Delivered
ORD-000377,CUST-00047,PRD-00001,03/06/2025,,1,3019.28,0.0,Mobile App,Installment,Delivered
ORD-003084,CUST-00430,PRD-00042,2025-03-23,2025-03-25,2,1460.4,,Marketplace,Credit Card,Delivered
ORD-002658,CUST-00366,PRD-00165,2025-04-29,06/05/2025,4,EGP 1559.9,0.15,Marketplace,Cash on Delivery,Cancelled
ORD-003820,CUST-00531,PRD-00177,2023-04-07,2023-04-11,6,5234.78,0.2,Website,Cash on Delivery,Cancelled
ORD-000869,CUST-00118,PRD-00139,2024-11-09,2024-11-11,10,195.93,0.0,Website,Credit Card,Cancelled
ORD-004075,CUST-00573,PRD-00021,22/10/2024,23/10/2024,5,7707.69,0.1,Mobile App,Installment,Delivered
ORD-001429,CUST-00194,PRD-00142,2025-01-25,28/01/2025,5,29.02,0.05,Mobile App,Installment,Delivered
ORD-001766,CUST-00240,PRD-00149,03/07/2023,2023-07-10,4,93.5,0.15,Mobile App,Installment,Delivered
ORD-002872,CUST-00392,PRD-00103,22/01/2023,2023-01-27,3,275.52,0.0,WEBSITE,Installment,Delivered
ORD-004472,CUST-00617,PRD-00101,01/19/2025,22-Jan-2025,3,EGP 658.37,0.05,Website,Wallet,Delivered
ORD-003978,CUST-00558,PRD-00108,2025-03-07,14-Mar-2025,3,230.98,0.0,Mobile App,Credit Card,Delivered
ORD-003637,CUST-00498,PRD-00019,03-May-2024,2024-05-08,1,5919.72,0.1,Mobile App,Cash on Delivery,Cancelled
ORD-002489,CUST-00343,PRD-00120,01/22/2025,27/01/2025,8,538.56,0.25,Website,Wallet,Delivered
ORD-004812,CUST-00657,PRD-00107,17/07/2025,18-Jul-2025,4,803.85,0.1,Marketplace,Installment,Returned
ORD-002626,CUST-00360,PRD-00150,08-Feb-2023,14/02/2023,9,84.86,0.1,Website,Wallet,Delivered
ORD-003310,CUST-00458,PRD-00171,02/04/2024,2024-04-05,3,1117.84,0.05,Mobile App,Cash on Delivery,Delivered
ORD-003614,CUST-00497,PRD-00181,24/08/2023,08/28/2023,4,7757.56,0.0,Website,Wallet,Delivered
ORD-000233,CUST-00031,PRD-00126,01/01/2024,,9,340.64,0.0,MOBILE APP,Credit Card,Delivered
ORD-004224,CUST-00591,PRD-00122,07/17/2024,19/07/2024,5,692.52,0.0,Mobile App,Cash on Delivery,Delivered
ORD-004773,CUST-00653,PRD-00064,01/22/2023,01/27/2023,2,1338.56,0.0,Website,Wallet,Delivered
ORD-005691,CUST-00779,PRD-00097,16/02/2025,17/02/2025,4,550.73,,Website,Wallet,Delivered
ORD-004267,CUST-00598,PRD-00091,07/05/2025,05/09/2025,4,1667.87,0.2,Website,Credit Card,Cancelled
ORD-003845,CUST-00539,PRD-00092,12/09/2024,2024-12-11,3,727.52,0.15,Website,Cash on Delivery,Delivered
ORD-002932,CUST-00405,PRD-00139,2024-10-22,2024-10-24,3,195.93,0.0,Marketplace,Installment,Delivered
ORD-001755,CUST-00240,PRD-00025,05-Nov-2025,09-Nov-2025,2,15750.99,0.0,Website,Wallet,Delivered
ORD-005059,CUST-00687,PRD-00101,17/07/2024,2024-07-24,5,658.37,0.2,MARKETPLACE,Cash on Delivery,Pending
ORD-000815,CUST-00109,PRD-00074,05/09/2025,15/05/2025,3,396.44,0.2,Website,Cash on Delivery,Delivered
ORD-004699,CUST-00643,PRD-00088,08-Oct-2023,14/10/2023,1,2384.43,0.2,Website,Cash on Delivery,Returned
ORD-002979,CUST-00414,PRD-00151,02/01/2024,2024-01-09,2,125.16,0.25,Mobile App,Installment,Pending
ORD-005831,CUST-00799,PRD-00188,27/12/2023,01/01/2024,9,235.83,0.0,Mobile App,Installment,Returned
  ORD-002201  ,CUST-00310,PRD-00083,2024-09-20,2024-09-21,9,1673.7,0.15,Mobile App,Wallet,Delivered
ORD-002208,CUST-00311,PRD-00160,11-Sep-2025,13/09/2025,3,214.1,0.1,Website,Wallet,Delivered
ORD-001326,CUST-00178,PRD-00133,24-Jun-2023,2023-06-27,4,174.99,0.0,Marketplace,Wallet,Delivered
ORD-002268,CUST-00318,PRD-00145,26-Nov-2023,03/12/2023,4,116.01,0.05,Marketplace,Credit Card,Delivered
ORD-001853,CUST-00258,PRD-00172,2024-04-12,2024-04-15,1,4391.94,0.0,Mobile App,Wallet,Delivered
ORD-000263,CUST-00033,PRD-00077,14-Dec-2024,15/12/2024,4,3228.9,0.25,Website,credit card,Delivered
ORD-003730,CUST-00516,PRD-00072,02/09/2025,10-Feb-2025,2,2087.47,0.2,Website,Cash on Delivery,Delivered
ORD-001714,CUST-00234,PRD-00011,05-Mar-2024,2024-03-10,4,2785.74,0.0,Marketplace,Installment,Delivered
ORD-002173,CUST-00305,PRD-00150,09/18/2023,2023-09-20,4,84.86,0.0,Mobile App,Wallet,Cancelled
ORD-004907,CUST-00668,PRD-00082,07/14/2025,07/15/2025,3,1269.02,0.0,Marketplace,Installment,Delivered
ORD-002919,CUST-00401,PRD-00031,2023-02-28,,3,376.78,0.0,Mobile App,Credit Card,Delivered
ORD-001829,CUST-00254,PRD-00020,23/05/2024,05/28/2024,3,9661.76,,Marketplace,Installment,Delivered
ORD-004935,CUST-00671,PRD-00085,30/04/2023,2023-05-03,3,265.37,0.25,Marketplace,Installment,Returned
ORD-003333,CUST-00459,PRD-00095,21-Nov-2024,,2,493.89,0.15,Mobile App,Cash on Delivery,Pending
ORD-000220,CUST-00030,PRD-00185,12-Nov-2023,13/11/2023,4,2013.53,0.0,Mobile App,Installment,Delivered
ORD-002857,CUST-00388,PRD-00042,04/05/2025,2025-05-10,1,1460.4,0.25,Website,Credit Card,Cancelled
ORD-001540,CUST-00207,PRD-00156,2025-11-08,11/11/2025,5,250.31,0.05,Mobile App,Wallet,Delivered
ORD-001195,CUST-00165,PRD-00002,19-Sep-2024,22/09/2024,4,9414.07,0.0,Website,Installment,Delivered
ORD-005564,CUST-00762,PRD-00177,01/07/2024,09/01/2024,8,5234.78,0.25,Website,installment,Delivered
ORD-002286,CUST-00319,PRD-00011,05/21/2025,23/05/2025,5,2785.74,0.0,Marketplace,Cash on Delivery,Delivered
ORD-005781,CUST-00791,PRD-00153,07/17/2024,2024-07-19,10,321.69,0.0,Website,Wallet,Pending
  ORD-000594  ,CUST-00080,PRD-00040,16-Nov-2024,22-Nov-2024,5,1977.22,0.0,Mobile App,Wallet,Delivered
ORD-000079,CUST-00009,PRD-00030,11/17/2023,2023-11-18,7,6643.61,0.0,Marketplace,Wallet,Delivered
ORD-001601,CUST-00214,PRD-00179,12-Nov-2025,,8,2311.13,0.0,Website,Credit Card,Delivered
ORD-004961,CUST-00673,PRD-00063,14/11/2024,19/11/2024,4,3118.2,0.1,Marketplace,Installment,Pending
ORD-004090,CUST-00577,PRD-00022,01/13/2023,2023-01-14,3,14193.82,0.05,Marketplace,Installment,Delivered
ORD-002673,CUST-00370,PRD-00096,2025-11-05,08/11/2025,2,1013.61,0.05,Mobile App,Cash on Delivery,Pending
ORD-004264,CUST-00597,PRD-00048,03/20/2023,03/26/2023,7,616.54,0.0,Website,Cash on Delivery,Returned
ORD-004838,CUST-00660,PRD-00032,03/21/2024,25-Mar-2024,4,1547.2,0.0,Mobile App,Cash on Delivery,Pending
ORD-000719,CUST-00098,PRD-00074,05/21/2023,2023-05-28,3,396.44,0.1,Marketplace,Installment,Cancelled
ORD-005826,CUST-00799,PRD-00036,24/10/2023,2023-10-31,8,2503.62,0.0,Mobile App,Wallet,Delivered
ORD-000732,CUST-00099,PRD-00130,21/02/2024,02/22/2024,5,93.92,0.0,Mobile App,Wallet,Delivered
ORD-003297,CUST-00457,PRD-00009,05/15/2024,20-May-2024,3,1433.71,0.0,Website,Cash on Delivery,Delivered
ORD-003212,CUST-00441,PRD-00121,26/11/2024,12/03/2024,5,307.1,0.0,Marketplace,Installment,Pending
ORD-003914,CUST-00549,PRD-00137,2025-01-05,01/12/2025,1,328.81,0.0,Website,Cash on Delivery,Pending
ORD-002001,CUST-00285,PRD-00160,15/04/2025,18/04/2025,8,214.1,0.0,MOBILE APP,Credit Card,Pending
ORD-001149,CUST-00156,PRD-00143,15-Sep-2025,2025-09-18,8,174.65,0.0,Marketplace,Cash on Delivery,Delivered
ORD-004440,CUST-00611,PRD-00005,29-Nov-2025,12/05/2025,8,5870.09,0.0,Website,Credit Card,Cancelled
ORD-003163,CUST-00437,PRD-00117,09/07/2023,2023-07-15,1,440.45,0.0,Marketplace,Cash on Delivery,Delivered
  ORD-003972  ,CUST-00558,PRD-00129,11/12/2023,13/11/2023,2,23.89,0.05,MOBILE APP,Installment,Pending
ORD-004087,CUST-00577,PRD-00065,28/02/2025,02/03/2025,6,1220.64,0.05,Website,Cash on Delivery,Delivered
ORD-000901,CUST-00125,PRD-00074,12/24/2023,12/29/2023,5,396.44,0.2,Mobile App,Credit Card,Delivered
ORD-004966,CUST-00673,PRD-00184,21-Jul-2024,2024-07-22,4,2621.44,0.0,Website,cash on delivery,Delivered
ORD-003934,CUST-00553,PRD-00078,28-Sep-2024,29-Sep-2024,5,803.87,0.0,Website,Credit Card,Cancelled
ORD-002498,CUST-00344,PRD-00179,30-Jun-2025,2025-07-01,3,2311.13,0.0,Mobile App,Wallet,Delivered
ORD-005302,CUST-00723,PRD-00176,20-Oct-2024,26/10/2024,3,3014.74,0.1,Website,Installment,Delivered
ORD-000516,CUST-00069,PRD-00099,2023-08-01,08/07/2023,5,152.23,0.0,Marketplace,cash on delivery,Delivered
ORD-001134,CUST-00153,PRD-00014,03-Apr-2025,04/08/2025,9,3474.75,0.0,Website,Credit Card,Delivered
ORD-000149,CUST-00021,PRD-00002,2024-09-02,09/07/2024,2,9414.07,0.0,Website,Installment,Pending
ORD-004836,CUST-00659,PRD-00143,01/30/2024,2024-02-02,1,174.65,0.05,Website,Installment,Delivered
ORD-001427,CUST-00192,PRD-00074,04/07/2024,09/07/2024,5,396.44,0.0,Website,Wallet,Delivered
ORD-003948,CUST-00556,PRD-00138,11-Mar-2025,16-Mar-2025,7,293.11,0.1,Mobile App,Wallet,Delivered
ORD-004670,CUST-00639,PRD-00161,12/15/2023,17-Dec-2023,7,1342.19,0.0,Website,Installment,Delivered
ORD-005306,CUST-00723,PRD-00160,06-Jan-2024,01/11/2024,8,214.1,0.0,Marketplace,Credit Card,Delivered
ORD-003678,CUST-00506,PRD-00132,07/22/2024,07/24/2024,3,436.68,0.25,Mobile App,Cash on Delivery,Delivered
ORD-005047,CUST-00685,PRD-00033,2023-04-06,10/04/2023,7,1947.05,0.0,Marketplace,Installment,Delivered
ORD-002608,CUST-00357,PRD-00148,19-Oct-2025,24-Oct-2025,1,63.15,0.15,Website,Wallet,Delivered
ORD-000214,CUST-00029,PRD-00013,01/06/2024,07/06/2024,5,5695.33,,Marketplace,cash on delivery,Delivered
ORD-004718,CUST-00645,PRD-00029,03/04/2024,10/04/2024,5,1141.21,0.05,Mobile App,Wallet,Cancelled
ORD-004361,CUST-00604,PRD-00104,2024-08-12,2024-08-19,4,EGP 698.62,0.0,Mobile App,Wallet,Delivered
ORD-003760,CUST-00520,PRD-00145,29-Jan-2025,05-Feb-2025,1,116.01,0.2,Marketplace,Credit Card,Delivered
ORD-004049,CUST-00568,PRD-00167,11-Mar-2025,12-Mar-2025,3,741.81,0.1,Website,Wallet,Delivered
ORD-000417,CUST-00057,PRD-00028,12-Aug-2025,15-Aug-2025,6,EGP 6404.22,0.0,WEBSITE,Credit Card,Delivered
ORD-001103,CUST-00150,PRD-00041,2024-11-16,2024-11-17,3,1168.7,0.2,Website,Credit Card,Delivered
ORD-004919,CUST-00669,PRD-00125,04/04/2024,08-Apr-2024,1,151.72,0.1,Mobile App,Cash on Delivery,Delivered
ORD-005462,CUST-00744,PRD-00171,04/03/2025,03/11/2025,5,1117.84,0.2,Marketplace,Cash on Delivery,Delivered
ORD-004487,CUST-00617,PRD-00139,31-May-2023,06/07/2023,1,195.93,0.1,Website,Cash on Delivery,Delivered
ORD-002302,CUST-00320,PRD-00161,08/10/2024,2024-08-14,1,1342.19,0.15,Marketplace,Cash on Delivery,Delivered
ORD-002131,CUST-00300,PRD-00165,31-Oct-2025,02-Nov-2025,3,1559.9,0.0,Marketplace,Installment,Delivered
ORD-002249,CUST-00313,PRD-00124,11/03/2025,03/14/2025,4,152.17,0.0,Marketplace,Cash on Delivery,Returned
ORD-005131,CUST-00699,PRD-00128,01/11/2025,04/11/2025,5,EGP 812.88,0.05,Marketplace,Installment,Delivered
ORD-003110,CUST-00431,PRD-00168,2023-05-09,10-May-2023,1,3279.73,0.05,Marketplace,Wallet,Pending
ORD-003087,CUST-00430,PRD-00030,13/07/2024,17-Jul-2024,4,6643.61,0.0,Marketplace,Wallet,Delivered
ORD-003876,CUST-00543,PRD-00031,2024-07-11,07/15/2024,1,376.78,0.0,Marketplace,Installment,Delivered
ORD-003682,CUST-00506,PRD-00039,10/01/2025,10/03/2025,3,2748.05,0.0,Website,Installment,Returned
ORD-001452,CUST-00198,PRD-00122,2025-07-27,28/07/2025,2,692.52,0.05,Website,Installment,Delivered
ORD-003606,CUST-00495,PRD-00041,16/04/2025,04/21/2025,4,1168.7,0.0,Website,Wallet,Delivered
ORD-002472,CUST-00341,PRD-00003,2024-08-26,2024-09-01,7,1534.69,0.0,Mobile App,Credit Card,Cancelled
ORD-003126,CUST-00434,PRD-00160,01/05/2025,2025-05-04,3,214.1,0.25,Marketplace,Cash on Delivery,Delivered
ORD-002117,CUST-00298,PRD-00065,2024-06-05,06/10/2024,2,1220.64,0.25,Mobile App,Cash on Delivery,Delivered
ORD-002868,CUST-00390,PRD-00147,28-Nov-2025,01-Dec-2025,8,222.8,0.0,Marketplace,Credit Card,Delivered
ORD-002646,CUST-00364,PRD-00072,2024-12-21,23-Dec-2024,6,2087.47,0.0,Marketplace,Cash on Delivery,Delivered
ORD-002034,CUST-00288,PRD-00013,05/09/2024,2024-05-10,3,5695.33,0.1,Website,Wallet,Cancelled
ORD-001187,CUST-00163,PRD-00157,2023-04-20,2023-04-23,4,EGP 186.52,0.15,Mobile App,Installment,Delivered
ORD-001488,CUST-00204,PRD-00020,17-Apr-2024,21/04/2024,4,9661.76,0.0,Website,Installment,Delivered
ORD-005824,CUST-00798,PRD-00060,11/04/2024,2024-11-09,1,2586.89,0.2,Mobile App,Wallet,Returned
ORD-005340,CUST-00727,PRD-00099,01-Oct-2025,10/05/2025,3,152.23,0.0,Marketplace,Cash on Delivery,Delivered
ORD-002567,CUST-00354,PRD-00045,2023-04-27,2023-04-28,5,4956.18,0.0,Mobile App,Credit Card,Delivered
ORD-000457,CUST-00060,PRD-00105,02/24/2025,02-Mar-2025,2,840.93,0.25,Marketplace,Credit Card,Delivered
ORD-003316,CUST-00459,PRD-00022,30-Dec-2024,01/02/2025,3,EGP 14193.82,0.0,Mobile App,Installment,Delivered
ORD-001859,CUST-00260,PRD-00021,2023-03-01,2023-03-04,7,7707.69,0.2,Website,Cash on Delivery,Delivered
ORD-002011,CUST-00286,PRD-00123,2023-08-27,31-Aug-2023,7,83.93,0.1,Mobile App,Cash on Delivery,Delivered
ORD-003478,CUST-00478,PRD-00019,15-Mar-2024,22-Mar-2024,3,5919.72,0.0,Marketplace,Wallet,Delivered
ORD-003884,CUST-00545,PRD-00053,12/05/2023,12/11/2023,10,933.2,0.25,Website,cash on delivery,Delivered
ORD-002412,CUST-00336,PRD-00031,10/06/2025,10/11/2025,3,376.78,0.0,Marketplace,Credit Card,Delivered
ORD-001529,CUST-00207,PRD-00044,05/17/2024,22-May-2024,5,3309.62,0.05,Website,Credit Card,Pending
ORD-004033,CUST-00566,PRD-00068,03/25/2024,2024-03-27,3,1186.92,0.15,WEBSITE,Installment,Delivered
ORD-004137,CUST-00585,PRD-00032,11-May-2024,05/18/2024,4,1547.2,0.25,Marketplace,Installment,Delivered
ORD-003308,CUST-00457,PRD-00128,2025-08-27,08/28/2025,5,812.88,,Mobile App,Cash on Delivery,Cancelled
ORD-003344,CUST-00460,PRD-00122,05/04/2024,07-May-2024,3,692.52,0.25,Mobile App,Credit Card,Delivered
ORD-002395,CUST-00334,PRD-00117,2025-08-20,08/25/2025,4,440.45,0.15,Mobile App,Installment,Pending
ORD-003407,CUST-00469,PRD-00090,29/11/2025,04/12/2025,4,1391.99,0.25,Marketplace,Credit Card,Delivered
ORD-004735,CUST-00648,PRD-00137,19-Dec-2024,23-Dec-2024,5,328.81,0.2,Mobile App,Wallet,Delivered
ORD-000743,CUST-00100,PRD-00111,25/01/2023,26/01/2023,8,291.55,0.1,Marketplace,Credit Card,Delivered
ORD-001795,CUST-00245,PRD-00103,2025-11-17,23-Nov-2025,5,275.52,,Website,Wallet,Delivered
ORD-005441,CUST-00741,PRD-00004,13/07/2024,2024-07-20,7,3744.22,0.0,MOBILE APP,Installment,Delivered
ORD-000761,CUST-00101,PRD-00147,13-Jun-2023,19/06/2023,4,222.8,0.2,Marketplace,Installment,Delivered
ORD-001770,CUST-00240,PRD-00186,28/07/2023,29/07/2023,3,4878.71,0.2,Marketplace,Credit Card,Delivered
ORD-002846,CUST-00387,PRD-00026,29-Jul-2023,2023-08-02,1,13374.87,0.15,Website,Credit Card,Pending
ORD-001121,CUST-00153,PRD-00160,06/11/2024,,8,214.1,0.0,Mobile App,Installment,Cancelled
ORD-003149,CUST-00436,PRD-00123,25/11/2024,12/02/2024,10,83.93,0.0,Website,Installment,Delivered
ORD-003772,CUST-00522,PRD-00054,14/01/2025,20/01/2025,4,1277.14,0.15,Website,Cash on Delivery,Returned
ORD-004723,CUST-00645,PRD-00031,09/04/2023,14/04/2023,4,376.78,0.25,Mobile App,Wallet,Pending
ORD-001613,CUST-00216,PRD-00181,22/02/2025,24/02/2025,5,7757.56,0.0,Website,Cash on Delivery,Delivered
  ORD-005732  ,CUST-00785,PRD-00111,12/12/2023,2023-12-17,1,EGP 291.55,0.25,Mobile App,Credit Card,Delivered
ORD-005182,CUST-00704,PRD-00019,11-Dec-2024,2024-12-13,2,5919.72,0.25,Website,Wallet,Delivered
ORD-003836,CUST-00537,PRD-00041,2024-11-21,11/25/2024,4,1168.7,0.0,Website,Wallet,Pending
ORD-002289,CUST-00319,PRD-00104,11/06/2024,04/11/2024,5,698.62,0.25,Mobile App,Credit Card,Delivered
ORD-003809,CUST-00529,PRD-00087,2025-09-21,2025-09-27,3,937.05,0.1,Mobile App,Cash on Delivery,Returned
ORD-005029,CUST-00683,PRD-00019,2023-04-16,2023-04-18,5,5919.72,0.1,Mobile App,Credit Card,Delivered
ORD-002620,CUST-00358,PRD-00150,05/12/2024,2024-12-07,5,84.86,0.1,Website,Installment,Returned
ORD-000637,CUST-00085,PRD-00182,19/02/2024,,5,4312.02,0.25,Website,Installment,Returned
ORD-000872,CUST-00120,PRD-00100,2024-10-23,,2,555.91,0.1,Mobile App,Wallet,Delivered
ORD-000657,CUST-00088,PRD-00124,2023-12-13,16-Dec-2023,3,152.17,0.2,Website,Wallet,Delivered
ORD-003455,CUST-00477,PRD-00158,28/07/2024,04-Aug-2024,3,EGP 308.65,0.25,Marketplace,Cash on Delivery,Delivered
ORD-002253,CUST-00316,PRD-00050,12-Jan-2024,01/17/2024,3,6188.03,0.0,Marketplace,Installment,Delivered
ORD-004762,CUST-00651,PRD-00181,29/11/2025,12/03/2025,3,7757.56,0.0,Website,Wallet,Cancelled
ORD-000294,CUST-00038,PRD-00118,08/04/2024,05/08/2024,8,341.03,0.0,WEBSITE,Installment,Cancelled
ORD-001256,CUST-00170,PRD-00168,04/08/2023,,4,3279.73,0.0,MARKETPLACE,Installment,Delivered
ORD-003238,CUST-00449,PRD-00166,2024-12-13,2024-12-15,1,1361.3,0.05,Website,Credit Card,Delivered
ORD-001627,CUST-00219,PRD-00173,08/04/2023,04/13/2023,2,1584.06,0.25,Marketplace,Installment,Delivered
ORD-005061,CUST-00687,PRD-00061,15-Mar-2023,2023-03-18,4,1707.55,0.25,Marketplace,Installment,Pending
ORD-004106,CUST-00579,PRD-00139,09/14/2025,09/21/2025,8,195.93,0.25,Mobile App,Installment,Returned
ORD-000787,CUST-00104,PRD-00100,13-Dec-2024,2024-12-14,4,555.91,,Website,Installment,Delivered
ORD-001646,CUST-00223,PRD-00067,02-Feb-2024,2024-02-08,5,1590.28,0.15,Website,Cash on Delivery,Delivered
ORD-001494,CUST-00205,PRD-00184,2024-11-17,2024-11-20,5,2621.44,0.15,Website,wallet,Returned
ORD-002710,CUST-00372,PRD-00097,2025-11-23,30/11/2025,3,550.73,0.25,Mobile App,Cash on Delivery,Delivered
ORD-000793,CUST-00106,PRD-00021,05/04/2023,2023-04-10,6,7707.69,0.1,Marketplace,Credit Card,Delivered
ORD-004757,CUST-00651,PRD-00166,27/08/2024,31-Aug-2024,4,1361.3,0.0,Website,Cash on Delivery,Delivered
ORD-004612,CUST-00631,PRD-00067,2023-07-24,2023-07-26,1,1590.28,0.2,Marketplace,Credit Card,Returned
ORD-004886,CUST-00666,PRD-00006,24-Aug-2024,2024-08-27,3,4094.1,0.05,MOBILE APP,Wallet,Delivered
ORD-003317,CUST-00459,PRD-00166,2024-11-26,02-Dec-2024,4,1361.3,0.0,Marketplace,Installment,Pending
ORD-000794,CUST-00106,PRD-00120,15/12/2025,20-Dec-2025,7,EGP 538.56,0.1,Marketplace,Installment,Delivered
ORD-004705,CUST-00643,PRD-00084,10/25/2023,10/30/2023,2,600.09,0.05,Mobile App,Cash on Delivery,Cancelled
ORD-004959,CUST-00673,PRD-00107,2024-06-08,10/06/2024,9,803.85,0.0,Mobile App,Cash on Delivery,Delivered
ORD-001104,CUST-00150,PRD-00008,01/05/2024,09-Jan-2024,7,13998.23,0.05,Website,Installment,Delivered
ORD-001979,CUST-00283,PRD-00029,05/15/2024,22/05/2024,3,1141.21,0.25,Marketplace,Installment,Delivered
ORD-002292,CUST-00319,PRD-00072,16-Jun-2024,06/19/2024,9,2087.47,0.15,Website,Wallet,Delivered
ORD-004893,CUST-00666,PRD-00141,12/01/2025,03-Dec-2025,2,265.4,,Website,Installment,Returned
ORD-000076,CUST-00009,PRD-00138,10/01/2025,2025-01-12,8,293.11,0.2,Marketplace,Wallet,Delivered
ORD-005648,CUST-00774,PRD-00114,2023-08-24,2023-08-25,6,864.91,0.0,Marketplace,Credit Card,Cancelled
ORD-003289,CUST-00456,PRD-00042,03/04/2024,08/04/2024,5,1460.4,0.2,Mobile App,Credit Card,Delivered
ORD-001636,CUST-00222,PRD-00003,12-Dec-2024,18-Dec-2024,1,1534.69,0.0,Marketplace,Credit Card,Cancelled
ORD-004352,CUST-00604,PRD-00062,2025-11-27,04/12/2025,2,271.83,0.2,Mobile App,Wallet,Delivered
ORD-002096,CUST-00295,PRD-00013,04/03/2024,2024-04-10,10,5695.33,0.25,Mobile App,wallet,Delivered
ORD-003989,CUST-00561,PRD-00041,11/13/2023,17/11/2023,5,1168.7,0.0,Website,Credit Card,Delivered
ORD-003642,CUST-00500,PRD-00002,16-Sep-2025,09/23/2025,7,EGP 9414.07,0.0,Marketplace,Installment,Delivered
ORD-001258,CUST-00171,PRD-00164,16/09/2023,09/20/2023,6,6039.64,0.05,Marketplace,Cash on Delivery,Delivered
ORD-003940,CUST-00555,PRD-00005,15-May-2025,,3,5870.09,0.0,Marketplace,Installment,Delivered
ORD-005725,CUST-00784,PRD-00029,10-Mar-2025,2025-03-12,7,1141.21,0.0,Mobile App,Credit Card,Delivered
ORD-002018,CUST-00286,PRD-00105,2025-07-17,19/07/2025,4,840.93,0.0,Mobile App,Cash on Delivery,Delivered
  ORD-004111  ,CUST-00580,PRD-00079,29-Jul-2025,2025-07-30,3,646.3,,Mobile App,Credit Card,Delivered
ORD-005230,CUST-00712,PRD-00147,11/07/2024,09/11/2024,1,222.8,0.2,Website,Credit Card,Cancelled
ORD-001148,CUST-00156,PRD-00180,2024-06-21,,4,6579.05,0.05,Marketplace,Wallet,Delivered
ORD-004634,CUST-00635,PRD-00186,08/08/2025,09-Aug-2025,3,EGP 4878.71,0.15,Website,Installment,Delivered
ORD-005634,CUST-00771,PRD-00174,31-Mar-2025,,10,2379.8,0.1,Mobile App,Wallet,Returned
ORD-004733,CUST-00648,PRD-00164,03-May-2025,10-May-2025,2,EGP 6039.64,0.0,Marketplace,Wallet,Delivered
ORD-004649,CUST-00636,PRD-00078,2023-03-07,12/03/2023,2,803.87,0.25,Website,Installment,Delivered
ORD-002222,CUST-00312,PRD-00085,2023-07-13,20-Jul-2023,3,265.37,0.1,MARKETPLACE,Wallet,Cancelled
ORD-000446,CUST-00059,PRD-00073,13/09/2024,17/09/2024,5,EGP 2603.44,0.25,Website,Installment,Delivered
ORD-002768,CUST-00375,PRD-00008,10/06/2023,06/12/2023,3,13998.23,,Marketplace,Installment,Delivered
ORD-004286,CUST-00599,PRD-00059,06/30/2024,04/07/2024,6,1565.88,0.15,Mobile App,Cash on Delivery,Returned
ORD-003234,CUST-00449,PRD-00178,09-Mar-2024,13-Mar-2024,1,583.55,0.25,Mobile App,installment,Delivered
ORD-004181,CUST-00588,PRD-00182,26-Jan-2024,2024-01-28,5,4312.02,0.0,Mobile App,Credit Card,Delivered
ORD-003074,CUST-00428,PRD-00159,19-Jun-2025,24-Jun-2025,9,195.16,0.0,Mobile App,wallet,Delivered
ORD-002945,CUST-00408,PRD-00181,06-Apr-2025,11/04/2025,5,7757.56,0.25,Mobile App,Cash on Delivery,Delivered
ORD-002359,CUST-00330,PRD-00014,03/17/2023,18-Mar-2023,6,3474.75,0.15,Marketplace,Credit Card,Delivered
ORD-003299,CUST-00457,PRD-00017,12/30/2025,,3,4224.65,0.15,Mobile App,credit card,Delivered
ORD-004559,CUST-00626,PRD-00172,08/02/2024,13-Feb-2024,4,4391.94,0.0,Mobile App,Credit Card,Delivered
ORD-001282,CUST-00173,PRD-00071,29-Jun-2024,30-Jun-2024,4,EGP 657.42,0.0,Marketplace,Wallet,Delivered
ORD-005071,CUST-00689,PRD-00050,2025-01-26,30/01/2025,5,6188.03,0.0,Mobile App,Installment,Pending
ORD-002938,CUST-00407,PRD-00014,01/04/2025,04/03/2025,4,3474.75,0.15,Marketplace,Credit Card,Delivered
ORD-001118,CUST-00153,PRD-00001,06/08/2023,11/06/2023,4,EGP 3019.28,0.0,Website,Credit Card,Delivered
ORD-001794,CUST-00245,PRD-00034,27/02/2024,03/02/2024,3,4894.09,0.25,Website,Wallet,Delivered
ORD-003863,CUST-00540,PRD-00051,29/09/2025,03-Oct-2025,5,4568.48,0.05,Website,Wallet,Delivered
  ORD-003385  ,CUST-00466,PRD-00066,2024-06-03,09-Jun-2024,5,531.75,0.2,Marketplace,Cash on Delivery,Delivered
ORD-002993,CUST-00416,PRD-00096,22-Jan-2023,2023-01-24,5,1013.61,0.0,Website,Wallet,Returned
ORD-005031,CUST-00683,PRD-00141,15-Dec-2025,12/21/2025,3,265.4,0.15,Mobile App,Credit Card,Pending
ORD-005689,CUST-00779,PRD-00187,30-Nov-2023,12/05/2023,5,5533.15,0.15,Mobile App,installment,Pending
  ORD-000555  ,CUST-00075,PRD-00177,2025-03-26,03/31/2025,2,5234.78,0.0,Website,Wallet,Delivered
ORD-000167,CUST-00022,PRD-00169,06/27/2025,2025-06-28,4,3779.35,0.1,Mobile App,Installment,Returned
ORD-004243,CUST-00593,PRD-00021,26/11/2024,2024-11-27,2,7707.69,0.0,Marketplace,Installment,Returned
ORD-001898,CUST-00265,PRD-00120,12/17/2025,20/12/2025,4,538.56,0.0,Marketplace,Cash on Delivery,Delivered
ORD-001775,CUST-00243,PRD-00083,09/05/2023,14-May-2023,2,1673.7,0.15,Marketplace,Cash on Delivery,Delivered
ORD-002434,CUST-00338,PRD-00033,03/10/2025,03/12/2025,4,1947.05,0.0,Website,Wallet,Delivered
ORD-001781,CUST-00245,PRD-00018,05-Aug-2023,10-Aug-2023,1,8604.46,0.05,Website,Credit Card,Delivered
ORD-000951,CUST-00131,PRD-00168,2025-12-09,12/16/2025,3,3279.73,0.0,Website,Wallet,Delivered
ORD-001664,CUST-00224,PRD-00060,12/10/2025,10/19/2025,10,2586.89,,Mobile App,Installment,Delivered
ORD-005711,CUST-00782,PRD-00081,2024-07-31,,2,2904.61,,Website,Credit Card,Delivered
ORD-004802,CUST-00656,PRD-00075,2025-06-07,11/06/2025,4,EGP 576.69,0.1,Marketplace,Wallet,Returned
ORD-003466,CUST-00477,PRD-00114,11/18/2024,25-Nov-2024,3,864.91,0.0,Mobile App,Cash on Delivery,Delivered
ORD-002807,CUST-00381,PRD-00177,23-Oct-2024,10/25/2024,4,5234.78,0.1,Marketplace,Wallet,Delivered
ORD-003558,CUST-00488,PRD-00095,2025-10-16,10/20/2025,5,493.89,0.15,Mobile App,installment,Pending
ORD-004642,CUST-00635,PRD-00048,19/01/2025,23/01/2025,3,616.54,0.0,Mobile App,Cash on Delivery,Delivered
ORD-003197,CUST-00441,PRD-00152,17/02/2023,24/02/2023,1,EGP 23.7,,Website,Wallet,Delivered
ORD-002659,CUST-00366,PRD-00069,31-Mar-2024,2024-04-02,4,1039.35,0.2,Mobile App,Installment,Delivered
ORD-000458,CUST-00061,PRD-00022,29/06/2025,07/04/2025,2,14193.82,0.0,Website,Cash on Delivery,Delivered
ORD-004469,CUST-00617,PRD-00010,2024-08-27,09/03/2024,1,2297.75,0.2,Marketplace,Wallet,Cancelled
ORD-001486,CUST-00203,PRD-00152,2023-11-17,21/11/2023,1,23.7,,Website,Credit Card,Delivered
ORD-005184,CUST-00704,PRD-00086,2024-11-29,2024-12-05,2,1754.49,0.0,Mobile App,Wallet,Pending
ORD-001712,CUST-00234,PRD-00077,24/06/2024,27/06/2024,5,3228.9,0.2,Mobile App,Cash on Delivery,Delivered
ORD-004347,CUST-00603,PRD-00162,09/18/2024,24-Sep-2024,8,1009.35,0.2,Mobile App,Cash on Delivery,Delivered
ORD-003804,CUST-00528,PRD-00151,01-Dec-2024,12/08/2024,5,125.16,0.15,Marketplace,Installment,Cancelled
ORD-000798,CUST-00107,PRD-00149,12/12/2024,13/12/2024,1,93.5,0.0,Marketplace,Installment,Cancelled
ORD-000672,CUST-00091,PRD-00172,01-Dec-2023,12/03/2023,5,4391.94,0.25,Marketplace,Wallet,Delivered
ORD-002330,CUST-00326,PRD-00010,15-Jul-2024,2024-07-16,1,2297.75,0.0,Website,Wallet,Delivered
ORD-004172,CUST-00588,PRD-00106,12-Nov-2023,16-Nov-2023,3,EGP 1124.04,0.2,Website,cash on delivery,Delivered
ORD-003844,CUST-00539,PRD-00064,2023-04-07,04/14/2023,3,1338.56,0.0,Mobile App,Installment,Delivered
ORD-000521,CUST-00070,PRD-00024,2023-03-06,,2,8840.39,,Mobile App,Wallet,Delivered
ORD-005396,CUST-00733,PRD-00152,31/03/2023,02/04/2023,1,23.7,0.0,Marketplace,Wallet,Delivered
ORD-000128,CUST-00017,PRD-00161,06/15/2024,16/06/2024,4,1342.19,0.05,Website,Wallet,Cancelled
ORD-004944,CUST-00671,PRD-00074,07/08/2023,10/08/2023,3,396.44,0.15,Website,Installment,Delivered
ORD-003651,CUST-00502,PRD-00015,30/03/2023,2023-04-05,4,5715.8,0.15,Website,Wallet,Delivered
ORD-002708,CUST-00371,PRD-00120,2025-01-21,26-Jan-2025,4,538.56,0.2,Website,Wallet,Cancelled
ORD-000421,CUST-00057,PRD-00110,30-Apr-2025,05/06/2025,8,443.5,0.0,Website,Cash on Delivery,Cancelled
ORD-004590,CUST-00629,PRD-00029,08-Apr-2024,15-Apr-2024,3,1141.21,0.0,Marketplace,Cash on Delivery,Pending
ORD-004015,CUST-00564,PRD-00042,27-Mar-2025,2025-04-01,1,1460.4,0.1,Marketplace,Wallet,Cancelled
ORD-003201,CUST-00441,PRD-00129,03-Oct-2023,05-Oct-2023,5,23.89,0.1,Website,Wallet,Delivered
ORD-000857,CUST-00115,PRD-00089,09/12/2023,15/12/2023,-1,370.11,0.0,Website,Cash on Delivery,Delivered
ORD-002941,CUST-00407,PRD-00141,17-Nov-2023,22/11/2023,3,265.4,0.2,Marketplace,Wallet,Delivered
ORD-004963,CUST-00673,PRD-00012,29-Jan-2024,,9,9488.69,0.05,Marketplace,Installment,Delivered
ORD-005051,CUST-00686,PRD-00028,2023-11-27,2023-12-04,5,6404.22,,Marketplace,Cash on Delivery,Cancelled
ORD-002902,CUST-00400,PRD-00177,12/31/2023,01/03/2024,4,5234.78,0.2,Website,Cash on Delivery,Cancelled
ORD-002937,CUST-00406,PRD-00180,03/20/2024,03/21/2024,5,6579.05,0.1,Marketplace,Credit Card,Delivered
ORD-004053,CUST-00568,PRD-00104,07-May-2024,11/05/2024,1,698.62,0.0,Marketplace,Wallet,Delivered
ORD-004233,CUST-00591,PRD-00026,2024-03-14,03/16/2024,1,13374.87,0.0,Website,Wallet,Pending
  ORD-000425  ,CUST-00057,PRD-00161,23/12/2023,25/12/2023,3,1342.19,0.0,MOBILE APP,Cash on Delivery,Cancelled
ORD-004271,CUST-00598,PRD-00083,09/11/2023,11-Nov-2023,5,1673.7,0.0,Mobile App,Wallet,Delivered
ORD-000439,CUST-00059,PRD-00051,24/12/2024,2024-12-30,3,4568.48,0.0,Mobile App,Installment,Delivered
ORD-000432,CUST-00058,PRD-00043,2025-01-31,03-Feb-2025,7,670.88,0.2,Marketplace,Cash on Delivery,Delivered
ORD-000819,CUST-00110,PRD-00109,16-May-2025,2025-05-17,1,252.4,0.25,Marketplace,Cash on Delivery,Returned
ORD-003069,CUST-00427,PRD-00153,14/11/2024,2024-11-18,3,321.69,0.1,Marketplace,Wallet,Cancelled
ORD-001311,CUST-00176,PRD-00025,2025-04-11,2025-04-14,4,15750.99,0.2,Website,Installment,Delivered
ORD-001652,CUST-00223,PRD-00122,12/22/2024,12/26/2024,5,692.52,0.05,Marketplace,Wallet,Delivered
ORD-005085,CUST-00692,PRD-00173,11-May-2025,18-May-2025,1,1584.06,0.05,Website,Wallet,Delivered
ORD-000107,CUST-00015,PRD-00046,23/10/2024,26/10/2024,2,1161.95,0.0,Marketplace,Wallet,Delivered
ORD-005392,CUST-00732,PRD-00103,07/07/2025,2025-07-14,5,275.52,0.05,MARKETPLACE,Cash on Delivery,Delivered
ORD-003786,CUST-00526,PRD-00017,31/07/2024,08/01/2024,5,4224.65,0.05,Mobile App,Wallet,Delivered
ORD-001799,CUST-00245,PRD-00112,10/11/2025,2025-10-17,5,EGP 422.18,0.25,Website,Installment,Delivered
ORD-005471,CUST-00747,PRD-00010,07-May-2023,14/05/2023,5,2297.75,0.0,Website,wallet,Delivered
ORD-003874,CUST-00542,PRD-00167,2023-04-24,2023-04-30,1,EGP 741.81,0.0,Website,Wallet,Delivered
ORD-005165,CUST-00702,PRD-00050,2024-05-21,25-May-2024,3,6188.03,0.0,Marketplace,Installment,Delivered
ORD-002764,CUST-00375,PRD-00168,02/12/2024,09/12/2024,5,3279.73,0.1,Website,Cash on Delivery,Returned
ORD-002151,CUST-00301,PRD-00079,22/10/2025,28/10/2025,3,646.3,0.1,Website,Credit Card,Delivered
ORD-004779,CUST-00654,PRD-00177,2024-07-17,07/19/2024,5,5234.78,0.0,Marketplace,Wallet,Returned
ORD-005056,CUST-00686,PRD-00049,16-Sep-2023,19-Sep-2023,7,3627.21,0.2,MOBILE APP,Wallet,Pending
ORD-002490,CUST-00343,PRD-00080,2023-01-26,01/29/2023,3,1092.22,0.1,Marketplace,Credit Card,Delivered
ORD-001607,CUST-00215,PRD-00173,2024-07-25,30/07/2024,9,1584.06,0.25,Website,Credit Card,Pending
ORD-004956,CUST-00673,PRD-00060,23/09/2023,09/24/2023,7,2586.89,0.0,Marketplace,Wallet,Cancelled
ORD-002467,CUST-00341,PRD-00014,21-Apr-2025,04/25/2025,10,3474.75,0.25,Marketplace,Credit Card,Delivered
ORD-001350,CUST-00181,PRD-00070,06-Oct-2024,10/10/2024,5,1062.89,0.1,Marketplace,Cash on Delivery,Cancelled
ORD-003453,CUST-00477,PRD-00116,02/27/2025,03/03/2025,5,466.13,0.0,Marketplace,Cash on Delivery,Delivered
ORD-003417,CUST-00471,PRD-00159,03/13/2024,14/03/2024,2,195.16,0.1,Marketplace,Installment,Delivered
ORD-004318,CUST-00601,PRD-00081,08-Jul-2023,2023-07-13,5,2904.61,0.0,Website,Credit Card,Delivered
ORD-004662,CUST-00638,PRD-00112,23/05/2025,26/05/2025,3,422.18,,Mobile App,Credit Card,Delivered
ORD-004651,CUST-00637,PRD-00085,2024-11-19,2024-11-22,9,265.37,0.05,Marketplace,Installment,Returned
ORD-003265,CUST-00453,PRD-00143,2023-04-25,2023-04-28,2,174.65,0.0,Website,credit card,Pending
ORD-004995,CUST-00677,PRD-00155,12/08/2023,12/13/2023,9,228.62,0.0,Website,Credit Card,Pending
ORD-003645,CUST-00501,PRD-00156,03/30/2023,,1,250.31,0.25,Website,Wallet,Pending
ORD-000543,CUST-00073,PRD-00082,28/12/2023,2024-01-04,1,1269.02,0.0,Website,Installment,Returned
ORD-001539,CUST-00207,PRD-00183,19-Mar-2024,03/26/2024,9,6588.34,,Mobile App,Wallet,Pending
ORD-001161,CUST-00159,PRD-00161,08/05/2023,2023-05-10,1,1342.19,0.05,Mobile App,Credit Card,Delivered
ORD-000265,CUST-00033,PRD-00152,11/18/2025,20-Nov-2025,3,EGP 23.7,0.0,Mobile App,Cash on Delivery,Pending
ORD-002655,CUST-00366,PRD-00020,05/14/2023,21-May-2023,7,9661.76,0.1,Website,Credit Card,Cancelled
ORD-003490,CUST-00481,PRD-00099,03/14/2023,2023-03-18,3,152.23,0.15,Website,Installment,Pending
ORD-001588,CUST-00212,PRD-00055,10/06/2024,14/06/2024,2,2089.61,0.25,Website,Wallet,Delivered
ORD-002172,CUST-00305,PRD-00020,18-Jun-2024,2024-06-19,4,9661.76,0.1,Mobile App,Credit Card,Delivered
ORD-001454,CUST-00199,PRD-00062,10/03/2025,09/30/2025,10,271.83,0.0,Mobile App,Credit Card,Delivered
ORD-000990,CUST-00134,PRD-00034,07-Feb-2024,02/12/2024,7,EGP 4894.09,0.0,Marketplace,credit card,Pending
ORD-003537,CUST-00487,PRD-00017,21/11/2025,11/24/2025,4,4224.65,0.0,Mobile App,Installment,Pending
ORD-005271,CUST-00719,PRD-00030,25-Aug-2024,08/27/2024,7,6643.61,0.25,Website,Credit Card,Pending
ORD-003011,CUST-00418,PRD-00131,08/23/2025,08/30/2025,3,361.41,0.25,WEBSITE,Cash on Delivery,Pending
ORD-004380,CUST-00605,PRD-00032,2024-05-13,2024-05-19,1,1547.2,0.0,Website,Wallet,Pending
ORD-005090,CUST-00693,PRD-00012,2024-06-29,30-Jun-2024,8,9488.69,0.1,Mobile App,Installment,Cancelled
ORD-000621,CUST-00084,PRD-00083,09/28/2025,02-Oct-2025,1,1673.7,,WEBSITE,Wallet,Cancelled
ORD-002067,CUST-00292,PRD-00173,03/03/2024,09-Mar-2024,4,1584.06,0.0,Mobile App,Installment,Delivered
ORD-001841,CUST-00256,PRD-00139,19-Jun-2024,26-Jun-2024,1,195.93,0.2,Mobile App,Credit Card,Delivered
ORD-004536,CUST-00624,PRD-00001,07-Dec-2025,11-Dec-2025,3,3019.28,0.0,Mobile App,Wallet,Delivered
ORD-004710,CUST-00644,PRD-00027,01/05/2025,12/01/2025,3,6528.78,,Website,Installment,Delivered
ORD-005460,CUST-00744,PRD-00151,04/14/2024,2024-04-19,3,125.16,0.2,Mobile App,Cash on Delivery,Pending
ORD-003872,CUST-00542,PRD-00007,06/12/2023,12/12/2023,4,5375.75,0.0,Marketplace,Cash on Delivery,Delivered
ORD-003832,CUST-00534,PRD-00055,03/23/2025,24-Mar-2025,4,2089.61,0.2,MOBILE APP,Credit Card,Delivered
ORD-003410,CUST-00469,PRD-00051,29/12/2025,02-Jan-2026,1,4568.48,0.05,Mobile App,Wallet,Delivered
ORD-002532,CUST-00349,PRD-00028,25/07/2023,2023-07-27,5,6404.22,0.0,Marketplace,Installment,Delivered
ORD-005276,CUST-00719,PRD-00178,02-Dec-2023,12/04/2023,4,583.55,0.15,Marketplace,Credit Card,Cancelled
ORD-001716,CUST-00235,PRD-00050,2023-03-30,,3,6188.03,0.15,Mobile App,Wallet,Returned
ORD-001415,CUST-00191,PRD-00183,2025-06-24,,5,6588.34,0.2,Marketplace,Cash on Delivery,Cancelled
ORD-005554,CUST-00761,PRD-00052,11/30/2024,2024-12-03,6,4557.53,0.0,Marketplace,cash on delivery,Delivered
ORD-002576,CUST-00355,PRD-00020,2024-08-07,12/08/2024,6,9661.76,0.0,Mobile App,Cash on Delivery,Delivered
ORD-002469,CUST-00341,PRD-00129,2023-02-15,2023-02-19,7,23.89,0.0,Mobile App,Credit Card,Delivered
ORD-004340,CUST-00603,PRD-00066,29-May-2024,03-Jun-2024,4,531.75,0.0,Mobile App,Cash on Delivery,Cancelled
ORD-002527,CUST-00348,PRD-00070,2023-05-11,13/05/2023,4,1062.89,0.25,Marketplace,Credit Card,Delivered
ORD-001296,CUST-00175,PRD-00006,22/05/2024,2024-05-29,5,4094.1,0.0,Website,cash on delivery,Returned
ORD-002012,CUST-00286,PRD-00153,2023-03-15,17-Mar-2023,7,321.69,0.0,Marketplace,Cash on Delivery,Returned
ORD-004952,CUST-00673,PRD-00153,25/10/2025,2025-11-01,8,321.69,0.0,Marketplace,Installment,Delivered
ORD-002748,CUST-00374,PRD-00177,14-Jul-2024,2024-07-18,3,5234.78,0.05,Website,Installment,Delivered
ORD-000328,CUST-00041,PRD-00087,12/26/2025,27/12/2025,3,937.05,0.05,Website,Cash on Delivery,Returned
ORD-000443,CUST-00059,PRD-00185,02-Aug-2023,09-Aug-2023,8,2013.53,0.0,Mobile App,Cash on Delivery,Cancelled
ORD-005653,CUST-00774,PRD-00153,20-Jul-2024,21-Jul-2024,8,321.69,0.0,Mobile App,Installment,Delivered
ORD-005251,CUST-00715,PRD-00047,19-Nov-2025,21-Nov-2025,8,3368.82,0.25,Marketplace,Wallet,Delivered
ORD-004008,CUST-00563,PRD-00011,2023-03-05,,4,2785.74,0.0,Marketplace,Credit Card,Returned
ORD-002415,CUST-00336,PRD-00099,08-Feb-2023,11-Feb-2023,6,152.23,0.2,Mobile App,Installment,Delivered
ORD-004713,CUST-00644,PRD-00142,06/28/2023,07/03/2023,6,29.02,0.0,Website,Cash on Delivery,Delivered
ORD-004422,CUST-00610,PRD-00110,19/11/2023,22-Nov-2023,1,443.5,0.25,Website,Installment,Delivered
ORD-003174,CUST-00439,PRD-00054,2024-06-22,28-Jun-2024,5,1277.14,0.15,Mobile App,Credit Card,Returned
ORD-000070,CUST-00008,PRD-00159,27/09/2023,,1,195.16,0.0,Mobile App,Cash on Delivery,Returned
ORD-002996,CUST-00416,PRD-00058,12/09/2024,2024-12-12,4,3308.87,0.0,Mobile App,Wallet,Delivered
ORD-003063,CUST-00426,PRD-00106,04-May-2024,11-May-2024,4,1124.04,0.0,Marketplace,Installment,Delivered
ORD-003669,CUST-00505,PRD-00120,16-Jan-2024,2024-01-21,3,538.56,0.2,Mobile App,cash on delivery,Delivered
ORD-000352,CUST-00043,PRD-00094,20-May-2024,05/27/2024,7,EGP 286.11,0.1,Website,Credit Card,Delivered
ORD-004683,CUST-00641,PRD-00075,14/04/2024,04/17/2024,4,576.69,0.0,Mobile App,Wallet,Returned
ORD-003724,CUST-00516,PRD-00144,22/12/2024,12/27/2024,1,212.23,0.0,Mobile App,Cash on Delivery,Delivered
ORD-005515,CUST-00754,PRD-00069,26/03/2025,03/31/2025,10,1039.35,0.15,Mobile App,Wallet,Cancelled
ORD-004041,CUST-00567,PRD-00030,2023-12-18,12/23/2023,1,6643.61,0.0,Mobile App,Installment,Delivered
ORD-004999,CUST-00677,PRD-00176,01/22/2024,26/01/2024,3,3014.74,0.1,MOBILE APP,Credit Card,Pending
ORD-003980,CUST-00559,PRD-00099,23-Nov-2025,11/27/2025,2,152.23,0.15,Mobile App,Credit Card,Returned
ORD-004025,CUST-00565,PRD-00116,05/04/2025,06/05/2025,4,466.13,0.0,Mobile App,Credit Card,Delivered
ORD-001168,CUST-00160,PRD-00118,20-Jan-2025,2025-01-23,2,EGP 341.03,0.05,Website,Installment,Returned
ORD-002006,CUST-00286,PRD-00147,2024-11-04,2024-11-10,6,222.8,0.0,Website,Cash on Delivery,Delivered
ORD-005009,CUST-00678,PRD-00105,11/22/2025,27/11/2025,3,840.93,0.0,Mobile App,Installment,Delivered
ORD-000552,CUST-00073,PRD-00138,20/01/2025,27/01/2025,2,293.11,0.1,Website,Installment,Returned
ORD-005098,CUST-00694,PRD-00019,2025-04-23,04/24/2025,1,5919.72,0.15,Marketplace,Credit Card,Delivered
ORD-005402,CUST-00734,PRD-00149,14/01/2025,15/01/2025,10,93.5,0.25,Marketplace,installment,Returned
ORD-000341,CUST-00042,PRD-00108,21-Sep-2023,09/25/2023,5,EGP 230.98,0.25,Mobile App,Credit Card,Delivered
ORD-002449,CUST-00340,PRD-00070,04/28/2023,29-Apr-2023,5,1062.89,0.15,Marketplace,Credit Card,Delivered
ORD-005425,CUST-00738,PRD-00016,28/10/2025,29-Oct-2025,2,6150.02,,Mobile App,Wallet,Cancelled
ORD-000373,CUST-00047,PRD-00058,03/15/2024,21-Mar-2024,4,3308.87,0.1,Marketplace,Wallet,Delivered
ORD-001198,CUST-00165,PRD-00045,07/29/2025,2025-08-05,5,4956.18,0.0,Website,Credit Card,Cancelled
ORD-000062,CUST-00007,PRD-00065,2023-06-18,21/06/2023,10,EGP 1220.64,0.0,Website,Wallet,Delivered
ORD-001166,CUST-00160,PRD-00052,07/03/2024,03/14/2024,4,4557.53,0.0,Mobile App,Cash on Delivery,Delivered
ORD-002510,CUST-00346,PRD-00027,11-Mar-2023,2023-03-13,9,6528.78,0.2,Website,Credit Card,Delivered
ORD-001342,CUST-00180,PRD-00090,24-Mar-2023,25-Mar-2023,5,1391.99,,Website,Wallet,Cancelled
ORD-001213,CUST-00165,PRD-00067,27/09/2023,01/10/2023,5,1590.28,0.0,MARKETPLACE,Wallet,Delivered
ORD-004943,CUST-00671,PRD-00141,18/07/2023,16/07/2023,4,265.4,0.0,Marketplace,Wallet,Delivered
ORD-003361,CUST-00461,PRD-00162,07/12/2023,,3,1009.35,0.25,Mobile App,Installment,Delivered
ORD-005830,CUST-00799,PRD-00163,2024-03-01,02-Mar-2024,6,5049.75,0.0,Marketplace,Installment,Delivered
ORD-005670,CUST-00776,PRD-00007,24/06/2024,2024-06-30,7,5375.75,0.15,Mobile App,Credit Card,Cancelled
ORD-000006,CUST-00001,PRD-00174,09/09/2024,09/16/2024,3,2379.8,0.0,Marketplace,Wallet,Pending
ORD-005017,CUST-00681,PRD-00111,18/11/2024,11/24/2024,4,291.55,0.0,Mobile App,Cash on Delivery,Delivered
ORD-004517,CUST-00622,PRD-00141,2023-09-15,09/19/2023,4,265.4,0.25,Mobile App,Wallet,Delivered
ORD-000735,CUST-00099,PRD-00064,29-Jul-2024,08/03/2024,4,1338.56,0.25,Marketplace,Installment,Delivered
ORD-001911,CUST-00267,PRD-00078,2023-09-11,15-Sep-2023,4,803.87,0.0,Mobile App,Wallet,Cancelled
ORD-001618,CUST-00217,PRD-00024,01/01/2025,2025-01-06,9,8840.39,,Website,Installment,Delivered
ORD-003909,CUST-00548,PRD-00046,25-Apr-2025,01/05/2025,2,1161.95,0.0,Marketplace,Credit Card,Pending
ORD-000547,CUST-00073,PRD-00117,2025-12-17,12/19/2025,3,440.45,0.05,Website,Installment,Delivered
ORD-005148,CUST-00700,PRD-00087,13-Sep-2023,18/09/2023,4,937.05,0.0,Mobile App,Credit Card,Delivered
ORD-003742,CUST-00517,PRD-00005,2025-03-15,,1,5870.09,0.0,Website,Cash on Delivery,Delivered
ORD-004491,CUST-00618,PRD-00001,2023-03-14,2023-03-18,3,3019.28,0.0,Website,Installment,Cancelled
ORD-005505,CUST-00753,PRD-00098,07/12/2023,2023-12-14,2,718.7,0.05,Website,Cash on Delivery,Delivered
ORD-001041,CUST-00144,PRD-00112,06/03/2023,06/09/2023,9,422.18,0.0,Website,cash on delivery,Delivered
ORD-000723,CUST-00099,PRD-00003,05/05/2024,08/05/2024,5,1534.69,0.25,Mobile App,Credit Card,Returned
ORD-001026,CUST-00141,PRD-00070,01/07/2024,,4,1062.89,0.15,Marketplace,Cash on Delivery,Cancelled
ORD-002739,CUST-00373,PRD-00121,2025-09-24,09/26/2025,5,307.1,0.0,Marketplace,Wallet,Delivered
ORD-003999,CUST-00562,PRD-00172,10/11/2024,2024-11-15,9,EGP 4391.94,0.2,Website,Installment,Delivered
ORD-004293,CUST-00600,PRD-00026,17-May-2023,05/22/2023,6,13374.87,0.2,Website,Wallet,Delivered
ORD-000398,CUST-00051,PRD-00086,13/03/2024,20/03/2024,7,1754.49,0.1,MARKETPLACE,Credit Card,Delivered
ORD-003380,CUST-00463,PRD-00079,18-Jan-2025,01/25/2025,3,646.3,0.0,Marketplace,Cash on Delivery,Delivered
ORD-004508,CUST-00621,PRD-00021,12/10/2023,10/14/2023,1,7707.69,0.0,Marketplace,Wallet,Delivered
ORD-003348,CUST-00460,PRD-00142,01/09/2025,09/08/2025,5,29.02,0.05,Mobile App,Wallet,Pending
ORD-000186,CUST-00024,PRD-00024,16/04/2025,,9,EGP 8840.39,0.2,Mobile App,Cash on Delivery,Cancelled
ORD-001372,CUST-00185,PRD-00006,09-Mar-2025,03/15/2025,1,4094.1,0.2,Marketplace,Cash on Delivery,Delivered
ORD-002837,CUST-00385,PRD-00138,03/05/2024,03/08/2024,4,293.11,0.05,Website,Wallet,Delivered
ORD-002683,CUST-00370,PRD-00150,2024-03-03,03/08/2024,2,84.86,0.25,Marketplace,Installment,Delivered
ORD-002084,CUST-00294,PRD-00175,22/11/2025,2025-11-28,3,3144.98,0.0,Website,Installment,Pending
ORD-004822,CUST-00658,PRD-00083,08/02/2025,08-Aug-2025,1,1673.7,,Marketplace,Cash on Delivery,Delivered
ORD-001300,CUST-00175,PRD-00185,2023-10-14,15-Oct-2023,2,2013.53,0.0,Mobile App,Credit Card,Delivered
ORD-004166,CUST-00587,PRD-00124,2024-04-24,04/29/2024,7,152.17,,Mobile App,Cash on Delivery,Delivered
ORD-005136,CUST-00699,PRD-00146,05/07/2025,2025-05-14,4,194.39,0.0,Website,Credit Card,Delivered
ORD-004562,CUST-00627,PRD-00168,22/11/2023,2023-11-27,3,3279.73,0.0,Mobile App,Credit Card,Delivered
ORD-002156,CUST-00302,PRD-00046,30-Jan-2024,02/03/2024,5,1161.95,,Mobile App,Credit Card,Delivered
ORD-000537,CUST-99999,PRD-00058,11/06/2023,06/12/2023,4,3308.87,0.0,Mobile App,Cash on Delivery,Delivered
ORD-001757,CUST-00240,PRD-00020,2025-06-27,07/03/2025,3,9661.76,0.0,Website,Installment,Cancelled
ORD-005274,CUST-00719,PRD-00147,22-Jun-2025,2025-06-23,10,EGP 222.8,0.2,Marketplace,Cash on Delivery,Delivered
ORD-002981,CUST-00414,PRD-00064,02/12/2024,08-Dec-2024,5,1338.56,0.0,Marketplace,Credit Card,Returned
ORD-002637,CUST-00362,PRD-00003,11/05/2024,11/10/2024,4,1534.69,0.15,Website,wallet,Returned
ORD-001515,CUST-00206,PRD-00080,17/05/2025,2025-05-22,5,1092.22,0.05,Website,Credit Card,Delivered
ORD-000324,CUST-00041,PRD-00005,08/03/2024,2024-03-12,4,5870.09,0.0,Marketplace,Credit Card,Delivered
ORD-005248,CUST-00714,PRD-00064,2024-04-27,02-May-2024,3,1338.56,0.0,Mobile App,Cash on Delivery,Delivered
ORD-004344,CUST-00603,PRD-00010,05-Jun-2024,06/12/2024,7,2297.75,0.2,Mobile App,Installment,Delivered
ORD-000522,CUST-00071,PRD-00047,14-Sep-2023,2023-09-15,4,3368.82,0.0,Marketplace,Cash on Delivery,Delivered
ORD-003687,CUST-00507,PRD-00031,2025-10-06,13/10/2025,2,376.78,0.0,Mobile App,Credit Card,Delivered
ORD-000766,CUST-00101,PRD-00087,2023-12-28,,4,937.05,0.15,Mobile App,wallet,Delivered
ORD-001836,CUST-00255,PRD-00181,11/15/2023,20/11/2023,4,7757.56,,Mobile App,credit card,Delivered
ORD-004711,CUST-00644,PRD-00006,2025-12-24,2025-12-28,3,4094.1,0.25,MARKETPLACE,Installment,Delivered
ORD-005082,CUST-00691,PRD-00142,04/11/2023,11/07/2023,3,29.02,0.1,Mobile App,Cash on Delivery,Cancelled
ORD-000188,CUST-00025,PRD-00122,11/07/2023,2023-07-17,5,692.52,0.0,Website,installment,Delivered
ORD-002892,CUST-00398,PRD-00115,2025-01-24,01/31/2025,4,290.78,0.05,Mobile App,Installment,Delivered
ORD-004880,CUST-00666,PRD-00005,2025-03-18,20/03/2025,2,EGP 5870.09,,Mobile App,Installment,Delivered
ORD-001800,CUST-00246,PRD-00043,2024-11-10,11-Nov-2024,2,670.88,0.2,Mobile App,Credit Card,Delivered
ORD-001456,CUST-00201,PRD-00150,2025-02-01,04/02/2025,7,84.86,0.0,Marketplace,Credit Card,Delivered
ORD-000624,CUST-00084,PRD-00113,07/19/2025,2025-07-21,5,719.15,0.0,Mobile App,Wallet,Delivered
ORD-005594,CUST-00765,PRD-00026,23-Dec-2023,12/28/2023,1,13374.87,0.0,Mobile App,Cash on Delivery,Delivered
ORD-002313,CUST-00322,PRD-00178,2025-03-11,13-Mar-2025,2,583.55,0.1,Website,Credit Card,Delivered
ORD-004697,CUST-00642,PRD-00078,11/03/2023,11/07/2023,10,803.87,0.0,Website,Wallet,Delivered
  ORD-000196  ,CUST-00026,PRD-00072,28/09/2024,2024-10-05,1,2087.47,,Marketplace,Wallet,Delivered
ORD-004709,CUST-00644,PRD-00061,22/09/2023,09/24/2023,10,EGP 1707.55,0.15,Website,Cash on Delivery,Delivered
ORD-001178,CUST-00162,PRD-00081,30/07/2024,06-Aug-2024,5,2904.61,0.05,Marketplace,Credit Card,Pending
ORD-004452,CUST-00614,PRD-00002,14-Dec-2025,19-Dec-2025,10,9414.07,0.0,Website,Cash on Delivery,Delivered
ORD-002210,CUST-00311,PRD-00158,2024-07-16,2024-07-18,3,308.65,0.15,Marketplace,Installment,Delivered
ORD-003210,CUST-00441,PRD-00053,12/11/2024,13/11/2024,1,933.2,0.0,Website,Credit Card,Delivered
ORD-004872,CUST-00665,PRD-00029,19-Aug-2025,20/08/2025,5,EGP 1141.21,0.2,Mobile App,Cash on Delivery,Delivered
ORD-005222,CUST-00709,PRD-00155,16/09/2023,21-Sep-2023,4,228.62,0.15,Website,Cash on Delivery,Delivered
ORD-003045,CUST-00425,PRD-00182,2025-01-02,01/08/2025,3,4312.02,0.0,Website,Credit Card,Delivered
ORD-005175,CUST-00703,PRD-00030,2023-03-07,2023-03-10,1,6643.61,0.15,Website,Cash on Delivery,Delivered
ORD-001108,CUST-00152,PRD-00051,18/08/2024,22/08/2024,4,4568.48,,Website,Wallet,Delivered
ORD-003134,CUST-00434,PRD-00146,15/11/2024,16/11/2024,4,194.39,0.0,Mobile App,Credit Card,Delivered
ORD-001273,CUST-00172,PRD-00169,23-Nov-2025,11/28/2025,2,3779.35,0.15,Marketplace,Wallet,Delivered
ORD-005800,CUST-00794,PRD-00163,01/03/2024,09/01/2024,7,5049.75,0.0,Marketplace,Cash on Delivery,Delivered
ORD-005812,CUST-00795,PRD-00184,30-Oct-2025,11/04/2025,5,2621.44,0.25,Mobile App,Installment,Returned
ORD-002948,CUST-00408,PRD-00005,2023-04-02,03-Apr-2023,4,5870.09,0.2,Website,Wallet,Delivered
ORD-001932,CUST-00272,PRD-00135,2023-04-18,25/04/2023,5,EGP 55.83,0.05,Marketplace,Installment,Delivered
ORD-004501,CUST-00620,PRD-00159,2024-02-20,22-Feb-2024,6,195.16,0.05,Website,Credit Card,Cancelled
ORD-000500,CUST-00067,PRD-00069,07-Nov-2023,11/11/2023,4,EGP 1039.35,0.25,Marketplace,Credit Card,Cancelled
ORD-005491,CUST-00751,PRD-00109,2025-03-09,2025-03-13,7,EGP 252.4,0.0,Marketplace,Wallet,Delivered
ORD-004230,CUST-00591,PRD-00119,09-Oct-2025,2025-10-14,5,898.59,,Mobile App,Wallet,Delivered
ORD-003135,CUST-00435,PRD-00024,05/12/2024,2024-05-09,3,8840.39,0.05,Website,Wallet,Returned
ORD-003728,CUST-00516,PRD-00021,03/08/2025,10-Mar-2025,2,7707.69,0.0,Mobile App,Cash on Delivery,Delivered
ORD-001476,CUST-00203,PRD-00046,02/09/2023,2023-02-10,4,1161.95,0.15,Website,cash on delivery,Delivered
ORD-001218,CUST-00167,PRD-00148,22/06/2023,,2,63.15,0.2,Marketplace,Credit Card,Delivered
ORD-002588,CUST-00356,PRD-00021,25-Jun-2024,01/07/2024,5,7707.69,0.05,Website,Installment,Cancelled
ORD-000840,CUST-00111,PRD-00100,02/13/2025,18-Feb-2025,4,555.91,0.25,Mobile App,installment,Delivered
ORD-000816,CUST-00110,PRD-00175,01/31/2025,07-Feb-2025,2,3144.98,0.0,Marketplace,Installment,Delivered
ORD-002925,CUST-00402,PRD-00158,17/10/2024,23/10/2024,6,308.65,0.15,Mobile App,Wallet,Cancelled
ORD-000436,CUST-00059,PRD-00059,07/30/2024,2024-08-02,4,1565.88,0.15,Website,Credit Card,Cancelled
ORD-002885,CUST-00395,PRD-00174,2025-03-18,19/03/2025,4,2379.8,0.0,Website,Wallet,Returned
ORD-000826,CUST-00110,PRD-00154,2023-11-07,04/11/2023,1,175.83,0.0,Marketplace,Cash on Delivery,Delivered
ORD-000418,CUST-00057,PRD-00063,25-Dec-2024,2024-12-29,4,3118.2,0.1,Mobile App,Cash on Delivery,Delivered
ORD-002218,CUST-00312,PRD-00014,03-Oct-2025,04-Oct-2025,3,EGP 3474.75,0.25,MOBILE APP,Wallet,Delivered
ORD-005753,CUST-00789,PRD-00156,10/24/2023,26/10/2023,5,250.31,0.0,Marketplace,Credit Card,Delivered
ORD-003593,CUST-00493,PRD-00100,08/12/2024,14-Dec-2024,4,555.91,0.0,Website,Cash on Delivery,Delivered
ORD-002662,CUST-00368,PRD-00002,03/17/2023,23-Mar-2023,4,9414.07,0.05,Marketplace,Wallet,Returned
ORD-002073,CUST-00292,PRD-00168,05/11/2025,14-May-2025,3,EGP 3279.73,0.0,Website,Wallet,Delivered
ORD-000882,CUST-00123,PRD-00100,02/02/2025,08/02/2025,2,555.91,0.1,Mobile App,Installment,Delivered
ORD-001774,CUST-00243,PRD-00030,19-Sep-2023,09/22/2023,2,6643.61,0.05,Website,Cash on Delivery,Pending
ORD-002543,CUST-00351,PRD-00148,04/11/2024,,4,63.15,0.15,Website,Installment,Cancelled
ORD-001948,CUST-00278,PRD-00100,23-Feb-2023,2023-02-24,10,555.91,0.0,Marketplace,Installment,Pending
ORD-003733,CUST-00516,PRD-00173,2024-10-06,11-Oct-2024,1,1584.06,0.0,Marketplace,Credit Card,Delivered
ORD-004871,CUST-00665,PRD-00062,03/20/2024,24/03/2024,2,271.83,0.0,Website,Credit Card,Delivered
ORD-000920,CUST-00128,PRD-00062,10/11/2025,12-Nov-2025,4,271.83,0.0,Mobile App,Credit Card,Returned
ORD-005305,CUST-00723,PRD-00057,2023-08-16,17/08/2023,7,5493.06,0.0,Mobile App,Wallet,Cancelled
ORD-005508,CUST-00753,PRD-00170,02-Sep-2024,06-Sep-2024,3,7690.28,0.05,Marketplace,Wallet,Pending
ORD-001271,CUST-00172,PRD-00129,09/19/2023,21-Sep-2023,1,23.89,0.1,Marketplace,Installment,Delivered
ORD-002251,CUST-00315,PRD-00187,2025-11-05,2025-11-07,6,5533.15,0.0,Mobile App,Credit Card,Cancelled
ORD-004555,CUST-00626,PRD-00037,01-Nov-2023,11/07/2023,1,2145.36,0.0,Mobile App,Installment,Returned
ORD-004825,CUST-00658,PRD-00079,28/01/2023,29-Jan-2023,4,646.3,0.0,Marketplace,credit card,Cancelled
ORD-002332,CUST-00326,PRD-00187,09/12/2024,12/12/2024,3,EGP 5533.15,0.0,Mobile App,Cash on Delivery,Returned
ORD-003768,CUST-00521,PRD-00060,2023-05-03,07/05/2023,5,2586.89,,Website,Cash on Delivery,Delivered
ORD-004707,CUST-00644,PRD-00012,21-Sep-2025,28-Sep-2025,9,9488.69,,Marketplace,Credit Card,Delivered
ORD-000245,CUST-00032,PRD-00031,17/11/2025,21/11/2025,5,376.78,0.1,Marketplace,Credit Card,Delivered
ORD-003615,CUST-00497,PRD-00020,21-Apr-2025,27/04/2025,8,9661.76,0.15,Website,Cash on Delivery,Delivered
ORD-002048,CUST-00290,PRD-00110,11/17/2024,18-Nov-2024,10,443.5,0.0,Website,Wallet,Delivered
ORD-002663,CUST-00368,PRD-00077,10/07/2023,10/14/2023,2,3228.9,0.25,Mobile App,Credit Card,Delivered
ORD-004791,CUST-00656,PRD-00163,09-May-2024,15/05/2024,4,5049.75,0.0,Marketplace,Cash on Delivery,Delivered
ORD-004548,CUST-00625,PRD-00031,03/06/2023,06/06/2023,4,376.78,0.0,Mobile App,Installment,Returned
ORD-005345,CUST-00729,PRD-00031,30/11/2025,2025-12-04,2,376.78,0.0,Marketplace,Cash on Delivery,Delivered
ORD-002278,CUST-00318,PRD-00033,2023-05-29,2023-06-01,4,EGP 1947.05,0.0,Mobile App,Cash on Delivery,Cancelled
ORD-002553,CUST-00353,PRD-00159,04-Sep-2024,09/07/2024,4,195.16,0.25,Marketplace,Wallet,Returned
ORD-000702,CUST-00096,PRD-00114,2024-05-11,18-May-2024,1,864.91,0.0,Mobile App,Credit Card,Delivered
ORD-001692,CUST-00230,PRD-00059,25/12/2023,2023-12-28,2,1565.88,0.0,Mobile App,Credit Card,Delivered
ORD-001810,CUST-00250,PRD-00148,12/11/2025,17/11/2025,7,63.15,0.1,Mobile App,Cash on Delivery,Cancelled
ORD-002314,CUST-00322,PRD-00013,07/16/2023,17/07/2023,2,5695.33,0.1,Marketplace,Credit Card,Delivered
ORD-001822,CUST-00252,PRD-00126,23-Mar-2023,03/25/2023,4,340.64,,Website,Cash on Delivery,Delivered
ORD-000239,CUST-00032,PRD-00110,15-Jan-2025,17/01/2025,1,443.5,0.05,Mobile App,Cash on Delivery,Delivered
ORD-001633,CUST-00221,PRD-00101,25/04/2025,04/27/2025,4,658.37,0.2,Mobile App,Cash on Delivery,Delivered
ORD-000136,CUST-00019,PRD-00188,06/19/2025,2025-06-24,5,235.83,0.0,Website,Credit Card,Delivered
ORD-002895,CUST-00398,PRD-00179,04-Jan-2023,2023-01-09,5,EGP 2311.13,0.2,Website,Cash on Delivery,Delivered
ORD-005116,CUST-00696,PRD-00129,28-Aug-2024,04/09/2024,7,23.89,0.1,Website,wallet,Delivered
ORD-002041,CUST-00289,PRD-00075,04/25/2023,01-May-2023,1,576.69,0.0,Website,Installment,Delivered
ORD-000751,CUST-00100,PRD-00103,06/20/2024,23-Jun-2024,7,275.52,0.0,Website,Wallet,Delivered
ORD-001715,CUST-00234,PRD-00146,12/12/2023,12/13/2023,2,194.39,,Website,Credit Card,Returned
ORD-004157,CUST-00587,PRD-00143,28-Jan-2023,02/01/2023,5,174.65,0.0,Mobile App,Cash on Delivery,Delivered
ORD-001809,CUST-00250,PRD-00079,17-Nov-2023,2023-11-21,3,646.3,0.05,Mobile App,Wallet,Returned
ORD-002450,CUST-00340,PRD-00052,09/17/2023,2023-09-24,1,4557.53,0.1,Website,Credit Card,Pending
ORD-002046,CUST-00290,PRD-00114,2025-03-30,03/31/2025,10,864.91,0.0,Website,Installment,Delivered
ORD-002482,CUST-00343,PRD-00142,12/19/2024,22/12/2024,7,29.02,0.05,Mobile App,cash on delivery,Delivered
ORD-005160,CUST-00702,PRD-00161,08/05/2024,14/05/2024,4,1342.19,0.0,Mobile App,Installment,Delivered
ORD-002462,CUST-00340,PRD-00020,08/05/2025,09/08/2025,4,9661.76,,Marketplace,Installment,Pending
ORD-004784,CUST-00654,PRD-00060,01/10/2024,2024-10-05,3,2586.89,0.25,Mobile App,Wallet,Delivered
ORD-005472,CUST-00747,PRD-00112,2025-07-17,20-Jul-2025,2,422.18,0.25,Mobile App,Installment,Delivered
ORD-000329,CUST-00041,PRD-00018,2024-01-03,06-Jan-2024,1,8604.46,0.0,Mobile App,Installment,Delivered
ORD-005125,CUST-00698,PRD-00112,01/01/2025,2025-01-04,4,422.18,0.0,Website,Credit Card,Returned
ORD-005301,CUST-00723,PRD-00047,06/27/2024,07/01/2024,9,3368.82,0.15,MARKETPLACE,wallet,Delivered
ORD-000335,CUST-00042,PRD-00121,2024-11-15,16/11/2024,5,307.1,0.1,Mobile App,Credit Card,Returned
ORD-001600,CUST-00214,PRD-00015,2025-07-21,27-Jul-2025,6,5715.8,0.0,Mobile App,Credit Card,Delivered
ORD-004833,CUST-00659,PRD-00179,05-Apr-2024,2024-04-06,5,2311.13,0.05,Mobile App,Wallet,Pending
ORD-001157,CUST-00158,PRD-00101,06/07/2024,06/09/2024,1,EGP 658.37,0.1,Website,Credit Card,Delivered
ORD-005438,CUST-00741,PRD-00140,10-Jun-2023,17-Jun-2023,10,168.61,0.15,Mobile App,Wallet,Delivered
ORD-002740,CUST-00373,PRD-00018,28/06/2025,07/05/2025,5,8604.46,0.0,Marketplace,Cash on Delivery,Returned
ORD-000591,CUST-00080,PRD-00138,28/10/2025,,3,293.11,0.0,Marketplace,Installment,Delivered
ORD-004490,CUST-00618,PRD-00066,02/10/2025,2025-10-04,3,531.75,0.0,Marketplace,Cash on Delivery,Delivered
ORD-002243,CUST-00313,PRD-00141,12/14/2023,2023-12-18,5,265.4,0.2,Website,Wallet,Cancelled
ORD-002441,CUST-00339,PRD-00023,2024-12-27,,4,11190.64,0.0,Mobile App,Credit Card,Delivered
ORD-005024,CUST-00682,PRD-00049,19/12/2023,21-Dec-2023,10,3627.21,0.05,Mobile App,Installment,Delivered
ORD-002508,CUST-00346,PRD-00027,2023-01-17,21/01/2023,6,6528.78,0.0,Website,Wallet,Delivered
ORD-001934,CUST-00274,PRD-00011,05-Nov-2024,12/11/2024,4,2785.74,0.05,Marketplace,Wallet,Delivered
ORD-000881,CUST-00123,PRD-00163,2025-12-12,15/12/2025,2,5049.75,0.05,Website,Cash on Delivery,Delivered
ORD-002896,CUST-00398,PRD-00183,09-Feb-2024,2024-02-11,4,6588.34,0.05,Website,Cash on Delivery,Cancelled
ORD-001189,CUST-00164,PRD-00010,29-Dec-2023,01/01/2024,10,2297.75,0.0,Mobile App,Credit Card,Delivered
ORD-002752,CUST-00374,PRD-00160,01/12/2025,18/01/2025,3,214.1,0.0,Mobile App,Cash on Delivery,Delivered
ORD-000964,CUST-00132,PRD-00171,11/06/2023,07-Nov-2023,7,1117.84,0.15,Website,Installment,Delivered
ORD-002924,CUST-00401,PRD-00159,2024-11-27,,6,195.16,0.0,Website,Credit Card,Delivered
ORD-004044,CUST-00567,PRD-00005,13-Aug-2025,19-Aug-2025,1,5870.09,,Mobile App,installment,Returned
ORD-005575,CUST-00764,PRD-00187,03/30/2024,,4,5533.15,0.0,Website,Cash on Delivery,Delivered
ORD-004400,CUST-00607,PRD-00062,10-May-2023,15/05/2023,5,271.83,0.0,Marketplace,Wallet,Delivered
ORD-003481,CUST-00479,PRD-00181,09/26/2023,2023-10-01,9,7757.56,0.0,Website,Cash on Delivery,Delivered
ORD-004916,CUST-00668,PRD-00117,12/27/2025,28/12/2025,2,440.45,0.0,Mobile App,Wallet,Returned
ORD-004359,CUST-00604,PRD-00022,03/27/2025,28-Mar-2025,1,14193.82,0.25,Website,Cash on Delivery,Delivered
ORD-002031,CUST-00288,PRD-00169,07/08/2023,10-Jul-2023,1,3779.35,0.0,Website,Cash on Delivery,Delivered
ORD-002250,CUST-00314,PRD-00041,21-May-2023,27-May-2023,1,1168.7,0.0,Marketplace,credit card,Delivered
ORD-001493,CUST-00205,PRD-00095,18/03/2024,2024-03-23,4,493.89,0.05,Marketplace,Installment,Cancelled
ORD-003658,CUST-00503,PRD-00038,2024-03-24,2024-03-29,5,EGP 2707.61,0.2,Marketplace,Cash on Delivery,Pending
ORD-002324,CUST-00324,PRD-00153,31-May-2025,01-Jun-2025,4,321.69,0.1,Mobile App,Credit Card,Delivered
ORD-002162,CUST-00303,PRD-00178,05-Apr-2023,09-Apr-2023,4,583.55,0.05,Marketplace,Installment,Delivered
ORD-003925,CUST-00552,PRD-00075,12/26/2025,2025-12-29,4,576.69,0.1,Marketplace,Credit Card,Delivered
  ORD-004550  ,CUST-00625,PRD-00180,2024-07-21,25-Jul-2024,3,6579.05,0.25,MOBILE APP,Wallet,Cancelled
ORD-004584,CUST-00629,PRD-00014,08/25/2025,2025-09-01,2,3474.75,,Marketplace,Installment,Delivered
ORD-001297,CUST-00175,PRD-00135,11/08/2024,12/11/2024,5,55.83,0.1,Website,Credit Card,Delivered
ORD-004714,CUST-00644,PRD-00022,17-Dec-2023,12/21/2023,8,14193.82,0.05,Website,Wallet,Delivered
ORD-001718,CUST-00235,PRD-00120,04-Sep-2025,09/11/2025,3,538.56,,Website,Cash on Delivery,Delivered
ORD-003585,CUST-00492,PRD-00084,27-Mar-2025,03/30/2025,7,600.09,0.0,Mobile App,Cash on Delivery,Delivered
ORD-003764,CUST-00521,PRD-00123,18-May-2024,25-May-2024,10,83.93,0.0,Website,Cash on Delivery,Delivered
ORD-003231,CUST-00446,PRD-00091,07-Dec-2024,09-Dec-2024,5,1667.87,0.0,Website,Credit Card,Delivered
ORD-002730,CUST-00373,PRD-00188,01-Jun-2025,06/07/2025,1,EGP 235.83,0.0,Mobile App,Cash on Delivery,Delivered
ORD-004124,CUST-00583,PRD-00079,05/10/2025,,3,646.3,0.0,Website,Cash on Delivery,Delivered
ORD-001572,CUST-00210,PRD-00019,13-Jul-2023,15-Jul-2023,5,5919.72,0.1,Mobile App,credit card,Delivered
ORD-002727,CUST-00373,PRD-00007,12/01/2024,02/12/2024,5,5375.75,0.2,Mobile App,Cash on Delivery,Returned
ORD-000838,CUST-00111,PRD-00061,06/25/2024,27-Jun-2024,3,1707.55,0.0,Marketplace,Installment,Returned
ORD-002914,CUST-00401,PRD-00149,27/11/2024,01-Dec-2024,5,93.5,0.0,Marketplace,Credit Card,Cancelled
ORD-000561,CUST-00075,PRD-00008,12-May-2024,05/13/2024,1,13998.23,0.15,Website,Cash on Delivery,Returned
ORD-002032,CUST-00288,PRD-00134,12/12/2023,15-Dec-2023,5,165.0,0.0,Marketplace,credit card,Delivered
ORD-005304,CUST-00723,PRD-00019,10/06/2023,16/06/2023,3,EGP 5919.72,0.1,Marketplace,Cash on Delivery,Delivered
ORD-005077,CUST-00690,PRD-00086,2025-12-18,2025-12-25,3,1754.49,0.1,Website,cash on delivery,Delivered
ORD-000088,CUST-00011,PRD-00027,30/06/2023,,4,EGP 6528.78,0.1,Marketplace,Credit Card,Delivered
ORD-001484,CUST-00203,PRD-00027,08-May-2025,15-May-2025,1,6528.78,0.25,Mobile App,Wallet,Delivered
ORD-001731,CUST-00237,PRD-00037,2025-07-03,07/08/2025,2,2145.36,0.0,Website,Credit Card,Delivered
ORD-004188,CUST-00588,PRD-00134,25/11/2024,11/28/2024,3,165.0,0.2,Website,Installment,Delivered
ORD-003247,CUST-00450,PRD-00050,09/09/2023,11/09/2023,1,6188.03,0.0,WEBSITE,Credit Card,Delivered
ORD-003342,CUST-00460,PRD-00058,2025-12-30,31/12/2025,4,3308.87,0.0,Marketplace,Credit Card,Delivered
ORD-003203,CUST-00441,PRD-00121,12/09/2025,07/12/2025,2,307.1,0.15,Website,Wallet,Delivered
ORD-002875,CUST-00393,PRD-00002,10-Mar-2024,12/03/2024,6,9414.07,0.05,Website,Wallet,Cancelled
ORD-001463,CUST-00202,PRD-00135,25/04/2025,2025-04-28,1,55.83,0.2,Website,Cash on Delivery,Pending
ORD-001119,CUST-00153,PRD-00100,04/19/2025,23/04/2025,8,555.91,0.15,WEBSITE,Wallet,Delivered
ORD-003218,CUST-00443,PRD-00060,04/06/2024,06/06/2024,4,2586.89,0.05,Website,Wallet,Delivered
ORD-003323,CUST-00459,PRD-00089,05/05/2024,05/11/2024,4,370.11,0.15,Marketplace,Wallet,Delivered
ORD-002667,CUST-00369,PRD-00161,04-Apr-2025,07/04/2025,1,1342.19,0.25,Marketplace,Wallet,Cancelled
ORD-001068,CUST-00146,PRD-00017,03/30/2023,03-Apr-2023,6,EGP 4224.65,0.15,Mobile App,Credit Card,Delivered
ORD-002793,CUST-00379,PRD-00026,10/10/2023,12/10/2023,3,13374.87,0.1,Mobile App,Cash on Delivery,Delivered
ORD-005404,CUST-00734,PRD-00013,04/16/2025,2025-04-20,7,EGP 5695.33,0.1,Website,Credit Card,Delivered
ORD-005805,CUST-00795,PRD-00127,18/04/2023,2023-04-25,3,EGP 252.66,0.0,Marketplace,Cash on Delivery,Pending
ORD-005585,CUST-00765,PRD-00093,11-Nov-2025,2025-11-12,4,327.87,0.25,Website,Cash on Delivery,Delivered
ORD-001648,CUST-00223,PRD-00043,04-Apr-2025,06/04/2025,3,670.88,0.2,Website,Wallet,Delivered
ORD-004643,CUST-00635,PRD-00098,2024-06-05,2024-06-06,5,718.7,0.0,MARKETPLACE,Cash on Delivery,Delivered
ORD-005754,CUST-00789,PRD-00048,10/03/2025,14-Mar-2025,7,616.54,0.0,WEBSITE,Cash on Delivery,Returned
ORD-002114,CUST-00296,PRD-00047,21-Nov-2023,,7,3368.82,0.0,Marketplace,Cash on Delivery,Delivered
ORD-005141,CUST-00699,PRD-00140,2024-02-10,13/02/2024,9,168.61,0.15,Marketplace,wallet,Delivered
ORD-005792,CUST-00793,PRD-00142,01/10/2024,02/10/2024,3,29.02,0.05,Website,Credit Card,Delivered
ORD-000320,CUST-00041,PRD-00105,2024-05-18,2024-05-25,3,840.93,0.2,Website,Cash on Delivery,Cancelled
ORD-005479,CUST-00749,PRD-00045,2025-12-07,2025-12-04,1,4956.18,0.15,Mobile App,Cash on Delivery,Delivered
ORD-003391,CUST-00466,PRD-00095,08-Mar-2025,10-Mar-2025,1,493.89,0.0,Marketplace,Installment,Pending
ORD-001847,CUST-00258,PRD-00096,02/18/2024,02/20/2024,3,1013.61,,Marketplace,Installment,Delivered
ORD-001020,CUST-00139,PRD-00029,08/07/2025,08/12/2025,2,1141.21,0.1,Mobile App,Credit Card,Delivered
ORD-004175,CUST-00588,PRD-00063,01-Jul-2024,2024-07-08,1,EGP 3118.2,0.0,Mobile App,Wallet,Delivered
ORD-005337,CUST-00727,PRD-00136,01-Mar-2025,06-Mar-2025,10,310.7,0.25,Marketplace,Credit Card,Cancelled
ORD-002690,CUST-00371,PRD-00001,28-Jan-2025,04/02/2025,2,3019.28,0.0,Mobile App,Credit Card,Delivered
ORD-000298,CUST-00038,PRD-00161,12/20/2025,2025-12-22,7,1342.19,0.0,Mobile App,Wallet,Returned
ORD-000217,CUST-00029,PRD-00180,04/24/2023,,4,6579.05,0.25,Mobile App,Cash on Delivery,Returned
ORD-001056,CUST-00145,PRD-00145,21/04/2023,23-Apr-2023,5,116.01,0.0,Marketplace,Credit Card,Delivered
ORD-003364,CUST-00461,PRD-00139,03/09/2024,07/09/2024,2,195.93,0.0,Marketplace,Cash on Delivery,Cancelled
ORD-001937,CUST-00275,PRD-00107,22-Jul-2024,25/07/2024,5,803.85,0.05,Marketplace,Cash on Delivery,Delivered
ORD-002261,CUST-00316,PRD-00057,01-Nov-2024,02-Nov-2024,5,5493.06,0.15,Mobile App,Installment,Cancelled
ORD-001199,CUST-00165,PRD-00049,2024-03-04,2024-03-09,3,3627.21,0.2,Marketplace,Installment,Delivered
ORD-005427,CUST-00739,PRD-00150,11-Dec-2025,2025-12-12,2,84.86,0.05,Website,Wallet,Delivered
ORD-003692,CUST-00510,PRD-00149,06-Oct-2024,11/10/2024,1,93.5,0.0,Website,Wallet,Delivered
ORD-003383,CUST-00464,PRD-00142,28/12/2024,30/12/2024,3,29.02,0.2,Marketplace,Installment,Cancelled
ORD-001445,CUST-00196,PRD-00024,02-Jun-2023,2023-06-03,10,8840.39,0.0,Marketplace,Wallet,Pending
ORD-003675,CUST-00506,PRD-00151,2024-04-01,02/04/2024,5,125.16,0.0,Mobile App,Cash on Delivery,Delivered
ORD-000302,CUST-00039,PRD-00166,09/09/2024,09/16/2024,3,1361.3,0.0,Mobile App,Installment,Delivered
ORD-004765,CUST-00652,PRD-00082,10/19/2023,21/10/2023,8,1269.02,0.05,Website,Wallet,Cancelled
ORD-001367,CUST-00182,PRD-00006,16-Sep-2024,2024-09-17,9,4094.1,0.0,Website,Installment,Delivered
ORD-005593,CUST-00765,PRD-00074,08/28/2024,01-Sep-2024,1,396.44,0.0,Website,Installment,Delivered
ORD-002972,CUST-00412,PRD-00121,2023-05-25,30-May-2023,5,307.1,0.0,Website,Wallet,Delivered
ORD-001439,CUST-00195,PRD-00050,2024-06-29,06-Jul-2024,2,6188.03,0.0,Marketplace,Credit Card,Delivered
ORD-003976,CUST-00558,PRD-00001,11/12/2025,11/17/2025,1,EGP 3019.28,0.25,Website,Cash on Delivery,Cancelled
ORD-000141,CUST-00019,PRD-00072,23/07/2024,07/26/2024,4,2087.47,0.0,Mobile App,Cash on Delivery,Cancelled
ORD-004756,CUST-00651,PRD-00169,27/12/2023,01/02/2024,2,3779.35,0.2,Mobile App,Installment,Delivered
ORD-004493,CUST-00618,PRD-00014,01/14/2025,20-Jan-2025,3,3474.75,0.0,Mobile App,Cash on Delivery,Delivered
ORD-005466,CUST-00745,PRD-00156,2025-01-24,2025-01-29,5,250.31,0.0,Website,Wallet,Delivered
ORD-003482,CUST-00480,PRD-00164,08/03/2024,03/09/2024,8,6039.64,0.2,Website,Cash on Delivery,Delivered
ORD-001605,CUST-00215,PRD-00151,28-Apr-2025,05/01/2025,6,125.16,0.1,Marketplace,Wallet,Delivered
ORD-004873,CUST-00665,PRD-00037,2023-07-24,07/30/2023,5,2145.36,0.0,Mobile App,Wallet,Delivered
ORD-004792,CUST-00656,PRD-00006,10/25/2025,30-Oct-2025,1,4094.1,0.0,Mobile App,Wallet,Delivered
ORD-002761,CUST-00375,PRD-00057,14/05/2023,05/15/2023,4,5493.06,0.2,Website,Installment,Delivered
ORD-004356,CUST-00604,PRD-00120,11/10/2025,15/11/2025,3,538.56,0.0,Marketplace,Installment,Delivered
ORD-005117,CUST-00696,PRD-00153,15-Mar-2025,2025-03-17,8,321.69,0.1,Mobile App,Credit Card,Delivered
ORD-002396,CUST-00334,PRD-00120,24/12/2024,26-Dec-2024,2,538.56,0.05,Marketplace,Wallet,Delivered
ORD-004754,CUST-00651,PRD-00003,05/07/2024,12/05/2024,2,1534.69,0.0,Website,Credit Card,Delivered
ORD-003368,CUST-00462,PRD-00164,08-Nov-2023,14-Nov-2023,3,6039.64,0.0,Marketplace,Cash on Delivery,Delivered
ORD-002641,CUST-00363,PRD-00124,2024-01-01,05-Jan-2024,7,152.17,0.0,Website,Credit Card,Delivered
ORD-001563,CUST-00210,PRD-00020,03-Jun-2025,2025-06-01,5,9661.76,0.0,Website,Cash on Delivery,Cancelled
ORD-004306,CUST-00600,PRD-00150,29-Nov-2025,12/02/2025,6,84.86,0.0,Marketplace,Cash on Delivery,Returned
ORD-002301,CUST-00320,PRD-00111,22-May-2023,26/05/2023,5,291.55,0.1,Marketplace,Installment,Delivered
ORD-003946,CUST-00556,PRD-00043,22/01/2024,2024-01-25,6,670.88,0.0,Website,Credit Card,Delivered
ORD-005363,CUST-00730,PRD-00039,2024-10-02,,6,2748.05,0.0,Website,Wallet,Delivered
ORD-004890,CUST-00666,PRD-00091,2024-01-10,09-Jan-2024,4,1667.87,0.1,Marketplace,Credit Card,Delivered
ORD-004523,CUST-00623,PRD-00001,2024-09-06,2024-09-13,1,3019.28,0.0,Mobile App,Installment,Delivered
ORD-001044,CUST-00144,PRD-00132,10-May-2023,2023-05-16,6,436.68,0.05,Mobile App,Installment,Cancelled
ORD-005545,CUST-00759,PRD-00123,2024-08-20,2024-08-21,4,83.93,0.1,Marketplace,Installment,Pending
ORD-000477,CUST-00065,PRD-00016,16/03/2025,,6,6150.02,0.0,Marketplace,Installment,Delivered
ORD-003853,CUST-00540,PRD-00138,07/10/2023,2023-10-10,4,293.11,0.15,Website,Cash on Delivery,Delivered
ORD-000123,CUST-00017,PRD-00149,03-Aug-2024,06-Aug-2024,2,93.5,0.0,Mobile App,Credit Card,Cancelled
ORD-000542,CUST-00073,PRD-00098,20-Nov-2025,23/11/2025,2,718.7,0.0,Website,credit card,Pending
ORD-000918,CUST-00127,PRD-00020,04/02/2025,2025-04-09,3,9661.76,0.0,Marketplace,Wallet,Delivered
ORD-003599,CUST-00494,PRD-00020,2024-06-15,17-Jun-2024,9,9661.76,0.0,Mobile App,Installment,Delivered
ORD-003858,CUST-00540,PRD-00036,14/09/2024,16/09/2024,1,2503.62,0.0,Website,Installment,Delivered
ORD-004348,CUST-00603,PRD-00106,2025-10-18,22/10/2025,7,1124.04,0.05,Marketplace,Wallet,Delivered
ORD-005268,CUST-00719,PRD-00040,2025-06-09,15-Jun-2025,3,1977.22,0.05,Marketplace,Installment,Delivered
ORD-001744,CUST-00238,PRD-00002,2024-07-21,,10,9414.07,0.25,Website,cash on delivery,Delivered
ORD-003749,CUST-00520,PRD-00026,2023-12-07,11/12/2023,5,13374.87,0.05,Mobile App,Installment,Returned
ORD-000104,CUST-00014,PRD-00159,30-Mar-2024,04/05/2024,3,195.16,0.0,Marketplace,Installment,Delivered
ORD-003221,CUST-00444,PRD-00107,2025-09-04,07/09/2025,3,803.85,0.25,Mobile App,Wallet,Delivered
ORD-001406,CUST-00191,PRD-00005,26-Aug-2025,29/08/2025,9,5870.09,0.15,Website,Wallet,Pending
ORD-003681,CUST-00506,PRD-00112,12/08/2025,2025-08-19,2,422.18,0.0,Website,Credit Card,Returned
ORD-001759,CUST-00240,PRD-00099,2024-03-29,03/31/2024,5,152.23,0.0,Website,Wallet,Pending
ORD-003136,CUST-00435,PRD-00100,2023-05-23,05/29/2023,3,555.91,0.0,Marketplace,Installment,Delivered
  ORD-002197  ,CUST-00309,PRD-00003,27-Nov-2024,2024-12-01,9,1534.69,0.0,Website,Credit Card,Cancelled
ORD-002944,CUST-00408,PRD-00063,2023-07-21,07/24/2023,9,3118.2,0.0,Website,Cash on Delivery,Delivered
ORD-002597,CUST-00357,PRD-00156,22-Nov-2025,,5,250.31,,Marketplace,Wallet,Returned
ORD-005630,CUST-00771,PRD-00068,24-Jan-2025,28-Jan-2025,9,1186.92,0.0,Marketplace,Installment,Pending
ORD-001582,CUST-00212,PRD-00041,12/07/2024,14/12/2024,4,1168.7,0.1,Website,Wallet,Delivered
ORD-004199,CUST-00589,PRD-00060,08-Dec-2023,14/12/2023,1,2586.89,0.25,Mobile App,Cash on Delivery,Delivered
ORD-002813,CUST-00381,PRD-00185,2023-01-22,25/01/2023,7,2013.53,0.0,Marketplace,Wallet,Delivered
ORD-003568,CUST-00491,PRD-00038,26/12/2025,2025-12-29,10,2707.61,0.0,Mobile App,Credit Card,Delivered
ORD-000463,CUST-00061,PRD-00003,08/21/2023,2023-08-22,1,1534.69,0.1,Marketplace,Cash on Delivery,Delivered
ORD-000401,CUST-00052,PRD-00124,2023-05-27,2023-05-28,2,152.17,0.0,WEBSITE,Installment,Delivered
ORD-004564,CUST-00627,PRD-00188,07/06/2025,07/10/2025,1,235.83,0.15,MARKETPLACE,Credit Card,Delivered
ORD-000902,CUST-00125,PRD-00113,07/22/2025,07/28/2025,4,719.15,,Website,Installment,Returned
ORD-000956,CUST-00132,PRD-00152,06-Oct-2025,08/10/2025,10,23.7,0.15,Mobile App,Credit Card,Delivered
ORD-001115,CUST-00152,PRD-00177,04-Jan-2023,05-Jan-2023,5,5234.78,0.0,Mobile App,Cash on Delivery,Delivered
ORD-005390,CUST-00731,PRD-00145,20/12/2025,24/12/2025,4,116.01,0.2,Mobile App,Cash on Delivery,Delivered
ORD-003621,CUST-00498,PRD-00107,23/03/2025,29/03/2025,5,803.85,0.05,Marketplace,Wallet,Delivered
ORD-001489,CUST-00205,PRD-00181,18-Jun-2023,06/19/2023,3,7757.56,0.0,Marketplace,Wallet,Delivered
ORD-005674,CUST-00776,PRD-00172,16-Dec-2025,2025-12-17,5,4391.94,0.0,Mobile App,Cash on Delivery,Delivered
ORD-005747,CUST-00788,PRD-00027,08-Nov-2024,2024-11-13,5,6528.78,0.0,Website,Cash on Delivery,Delivered
ORD-004538,CUST-00624,PRD-00066,04/04/2025,2025-04-10,3,531.75,0.0,Marketplace,Wallet,Delivered
ORD-005366,CUST-00730,PRD-00076,10-Aug-2023,13-Aug-2023,5,2045.06,0.0,Mobile App,Wallet,Delivered
ORD-004528,CUST-00623,PRD-00117,05/06/2023,13-May-2023,2,440.45,0.0,Mobile App,Installment,Delivered
ORD-003664,CUST-00505,PRD-00074,04/30/2024,03/05/2024,1,396.44,0.2,Marketplace,cash on delivery,Pending
ORD-003778,CUST-00523,PRD-00080,12/17/2023,15-Dec-2023,7,EGP 1092.22,0.05,Website,Credit Card,Delivered
ORD-002530,CUST-00349,PRD-00178,05/15/2023,2023-05-17,3,583.55,0.0,Website,Credit Card,Pending
ORD-005724,CUST-00784,PRD-00157,01-Jan-2023,,3,186.52,0.0,Mobile App,Cash on Delivery,Delivered
ORD-001668,CUST-00224,PRD-00096,02/16/2024,2024-02-22,3,1013.61,0.1,Website,Installment,Pending
ORD-003297,CUST-00457,PRD-00009,15-May-2024,2024-05-20,3,1433.71,0.0,Website,Cash on Delivery,Delivered
ORD-001961,CUST-99999,PRD-00004,2024-09-16,22/09/2024,4,3744.22,0.0,Website,Wallet,Delivered
ORD-002378,CUST-00333,PRD-00158,09-Nov-2025,13-Nov-2025,4,308.65,0.05,Mobile App,Installment,Delivered
ORD-001638,CUST-00222,PRD-00177,04/01/2025,2025-01-06,1,5234.78,0.0,Mobile App,Cash on Delivery,Pending
ORD-004437,CUST-00611,PRD-00129,31/03/2025,04/04/2025,7,23.89,0.0,Mobile App,Wallet,Delivered
ORD-004531,CUST-00623,PRD-00080,2023-03-19,26/03/2023,3,1092.22,0.05,Marketplace,Wallet,Delivered
ORD-004863,CUST-00665,PRD-00180,26/12/2024,27-Dec-2024,4,6579.05,,Marketplace,Credit Card,Delivered
ORD-004006,CUST-00563,PRD-00076,06/09/2024,15-Jun-2024,4,2045.06,0.0,Website,Wallet,Delivered
ORD-005757,CUST-00789,PRD-00124,04-Aug-2025,2025-08-09,4,152.17,0.0,Mobile App,Wallet,Delivered
ORD-000281,CUST-00037,PRD-00159,01/06/2024,04-Jun-2024,5,195.16,0.15,Website,Installment,Delivered
ORD-000494,CUST-00067,PRD-00169,04-Apr-2023,05/04/2023,5,3779.35,0.0,Marketplace,Cash on Delivery,Delivered
ORD-000978,CUST-00133,PRD-00164,27/04/2023,05/04/2023,5,6039.64,0.2,Marketplace,Wallet,Delivered
ORD-001837,CUST-00255,PRD-00080,12/11/2025,15/11/2025,3,1092.22,0.0,Mobile App,Cash on Delivery,Cancelled
ORD-004896,CUST-00666,PRD-00161,2024-03-07,2024-03-14,5,1342.19,0.25,Mobile App,cash on delivery,Returned
ORD-004022,CUST-00564,PRD-00021,2025-06-29,,4,7707.69,0.05,WEBSITE,Wallet,Delivered
ORD-003541,CUST-00487,PRD-00095,08-May-2025,05/15/2025,1,493.89,0.05,Mobile App,Credit Card,Delivered
ORD-003707,CUST-00512,PRD-00009,02/28/2025,03-Mar-2025,3,1433.71,0.2,Marketplace,Wallet,Delivered
ORD-004498,CUST-00619,PRD-00108,06-Nov-2025,12/11/2025,2,230.98,0.2,Mobile App,Wallet,Delivered
ORD-004721,CUST-00645,PRD-00094,2023-10-22,26-Oct-2023,6,286.11,0.05,Website,Installment,Delivered
  ORD-002612  ,CUST-00357,PRD-00084,12/22/2023,2023-12-24,4,600.09,0.2,Mobile App,Installment,Returned
ORD-000189,CUST-00025,PRD-00162,12/08/2024,12/15/2024,7,1009.35,0.05,Mobile App,Installment,Delivered
ORD-002109,CUST-00296,PRD-00168,2023-03-21,03/24/2023,6,3279.73,0.0,Marketplace,Installment,Cancelled
ORD-001235,CUST-00169,PRD-00090,09/13/2025,18-Sep-2025,1,1391.99,0.2,Marketplace,Wallet,Delivered
ORD-001596,CUST-00214,PRD-00003,02/07/2023,13/02/2023,5,1534.69,0.0,Mobile App,Wallet,Delivered
ORD-003053,CUST-00425,PRD-00006,28/05/2023,,3,4094.1,0.25,Website,Wallet,Delivered
ORD-002404,CUST-00335,PRD-00102,03/06/2024,09/06/2024,1,833.67,0.05,Mobile App,Credit Card,Cancelled
ORD-001498,CUST-00206,PRD-00187,14-Sep-2024,2024-09-16,2,5533.15,0.15,Website,Cash on Delivery,Delivered
ORD-005600,CUST-00765,PRD-00127,2025-01-04,07-Jan-2025,5,252.66,0.15,Mobile App,Wallet,Pending
ORD-000502,CUST-00067,PRD-00131,14-Apr-2024,19/04/2024,4,361.41,0.0,Marketplace,cash on delivery,Delivered
ORD-000219,CUST-00030,PRD-00124,08/30/2024,09/03/2024,5,152.17,,Marketplace,Wallet,Pending
ORD-000399,CUST-00051,PRD-00138,05-Jun-2024,06/08/2024,9,293.11,0.15,Website,Installment,Delivered
ORD-002656,CUST-00366,PRD-00033,16-Mar-2023,21-Mar-2023,4,1947.05,0.0,Mobile App,Credit Card,Cancelled
ORD-003902,CUST-00547,PRD-00008,09-Jun-2024,2024-06-11,4,13998.23,0.0,Website,Wallet,Delivered
ORD-002877,CUST-00393,PRD-00184,01-Mar-2024,02-Mar-2024,7,2621.44,0.0,Marketplace,Cash on Delivery,Pending
ORD-005213,CUST-00708,PRD-00101,2024-04-29,2024-05-05,4,658.37,0.0,Website,Cash on Delivery,Delivered
ORD-001555,CUST-00209,PRD-00024,10/20/2025,2025-10-27,1,8840.39,0.2,Mobile App,Cash on Delivery,Delivered
ORD-002413,CUST-00336,PRD-00097,2025-09-21,22-Sep-2025,7,550.73,0.0,Mobile App,Cash on Delivery,Delivered
ORD-005309,CUST-00724,PRD-00019,16/12/2024,23/12/2024,3,5919.72,0.05,Marketplace,Installment,Delivered
ORD-004165,CUST-00587,PRD-00065,18/03/2024,19-Mar-2024,8,1220.64,0.1,Marketplace,Installment,Delivered
ORD-001270,CUST-00172,PRD-00004,2024-04-28,30/04/2024,3,3744.22,,Website,Cash on Delivery,Returned
ORD-000368,CUST-00045,PRD-00067,17/03/2025,,1,1590.28,0.2,Marketplace,Wallet,Delivered
ORD-005072,CUST-00690,PRD-00020,16/03/2025,03/18/2025,3,9661.76,0.0,Website,Installment,Delivered
ORD-000623,CUST-00084,PRD-00011,06/05/2025,2025-05-07,1,2785.74,0.1,Marketplace,Credit Card,Delivered
ORD-002072,CUST-00292,PRD-00046,2024-04-26,28-Apr-2024,1,1161.95,0.0,Marketplace,Cash on Delivery,Delivered
ORD-000566,CUST-00076,PRD-00163,13-Feb-2025,2025-02-20,4,5049.75,0.2,Mobile App,Installment,Cancelled
ORD-004984,CUST-00675,PRD-00144,01/19/2025,2025-01-26,4,212.23,0.0,Marketplace,Wallet,Delivered
ORD-003633,CUST-00498,PRD-00143,02-Sep-2023,08-Sep-2023,2,174.65,0.2,Website,Wallet,Returned
ORD-001412,CUST-00191,PRD-00008,02/01/2025,03/02/2025,4,13998.23,0.1,Mobile App,Credit Card,Delivered
ORD-003515,CUST-00484,PRD-00164,25-Dec-2024,,5,6039.64,0.0,Marketplace,Cash on Delivery,Cancelled
ORD-004851,CUST-00663,PRD-00099,2023-07-20,2023-07-25,9,152.23,0.1,Marketplace,Wallet,Delivered
ORD-002410,CUST-00335,PRD-00066,02/07/2024,08-Jul-2024,2,531.75,0.15,Website,wallet,Delivered
ORD-004594,CUST-00629,PRD-00103,2023-09-10,2023-09-12,1,275.52,0.25,Marketplace,Cash on Delivery,Delivered
ORD-003187,CUST-00440,PRD-00023,11/05/2024,16-May-2024,3,11190.64,0.0,Marketplace,Cash on Delivery,Delivered
ORD-001261,CUST-00171,PRD-00129,12-Feb-2024,18-Feb-2024,6,EGP 23.89,0.0,MARKETPLACE,Credit Card,Cancelled
ORD-004828,CUST-00658,PRD-00146,07/12/2025,2025-12-14,5,194.39,0.0,Mobile App,Cash on Delivery,Delivered
ORD-003987,CUST-00560,PRD-00025,19-Nov-2024,24/11/2024,5,15750.99,0.0,MARKETPLACE,Installment,Returned
ORD-004055,CUST-00569,PRD-00095,29/11/2024,04/12/2024,2,493.89,0.1,Mobile App,Wallet,Delivered
ORD-003544,CUST-00487,PRD-00069,13/06/2023,19/06/2023,2,1039.35,0.1,Mobile App,Installment,Delivered
ORD-003072,CUST-00427,PRD-00071,2023-03-16,23/03/2023,10,657.42,0.0,Marketplace,Cash on Delivery,Delivered
ORD-004103,CUST-00578,PRD-00035,23/12/2024,30/12/2024,1,4561.67,0.1,Marketplace,Credit Card,Cancelled
ORD-003843,CUST-00539,PRD-00037,01/15/2023,22-Jan-2023,3,2145.36,0.0,Marketplace,Cash on Delivery,Pending
ORD-003623,CUST-00498,PRD-00170,2024-03-13,18/03/2024,2,7690.28,0.05,Website,Installment,Cancelled
ORD-000958,CUST-00132,PRD-00169,2024-08-02,,4,3779.35,0.0,Website,Installment,Delivered
ORD-003924,CUST-00551,PRD-00185,16-Jun-2024,23-Jun-2024,5,2013.53,0.0,Marketplace,Cash on Delivery,Pending
ORD-000059,CUST-00007,PRD-00002,10/23/2025,29/10/2025,7,9414.07,0.1,Website,Credit Card,Delivered
ORD-003276,CUST-00455,PRD-00042,05/06/2023,10-Jun-2023,5,1460.4,0.0,Marketplace,Installment,Delivered
ORD-000226,CUST-00030,PRD-00055,02/12/2023,02/15/2023,3,2089.61,0.15,Mobile App,Credit Card,Delivered
ORD-000616,CUST-00082,PRD-00129,15-Oct-2024,10/17/2024,7,23.89,0.0,Website,Credit Card,Pending
ORD-004221,CUST-00590,PRD-00038,25/01/2025,01/26/2025,7,2707.61,0.0,Mobile App,Cash on Delivery,Returned
ORD-001762,CUST-00240,PRD-00164,01/10/2025,07-Oct-2025,3,6039.64,0.25,Website,Installment,Pending
ORD-000822,CUST-00110,PRD-00099,27-Mar-2025,03/29/2025,3,152.23,0.05,Website,Installment,Pending
ORD-001130,CUST-00153,PRD-00124,02/02/2025,02/04/2025,3,152.17,0.15,Marketplace,Cash on Delivery,Cancelled
ORD-002866,CUST-00388,PRD-00016,19-Dec-2024,25-Dec-2024,5,6150.02,0.2,Website,Cash on Delivery,Cancelled
ORD-005543,CUST-00758,PRD-00107,05-Feb-2023,04/02/2023,7,803.85,0.0,Marketplace,Wallet,Cancelled
ORD-002049,CUST-00290,PRD-00049,2024-02-14,21/02/2024,6,3627.21,0.25,Mobile App,Wallet,Returned
ORD-001851,CUST-00258,PRD-00188,11-May-2024,18/05/2024,4,235.83,0.0,Mobile App,Wallet,Returned
ORD-002019,CUST-00286,PRD-00113,05/01/2025,01/06/2025,7,719.15,0.0,MARKETPLACE,cash on delivery,Delivered
ORD-004298,CUST-00600,PRD-00129,16/02/2023,17/02/2023,8,23.89,,Mobile App,Wallet,Pending
ORD-000620,CUST-00083,PRD-00110,03-Apr-2024,2024-04-07,1,443.5,0.05,Website,Cash on Delivery,Returned
ORD-004698,CUST-00642,PRD-00061,07-Feb-2025,10-Feb-2025,7,1707.55,0.2,Website,Cash on Delivery,Delivered
ORD-003813,CUST-00529,PRD-00179,29/03/2023,04/04/2023,4,2311.13,0.1,Website,Cash on Delivery,Cancelled
ORD-003605,CUST-00495,PRD-00143,05-Mar-2023,12-Mar-2023,4,174.65,0.0,Marketplace,Cash on Delivery,Returned
ORD-004947,CUST-00671,PRD-00029,12/11/2025,16/12/2025,6,1141.21,0.0,MARKETPLACE,Wallet,Delivered
ORD-005752,CUST-00788,PRD-00078,11/27/2023,03/12/2023,3,EGP 803.87,0.0,Mobile App,Credit Card,Cancelled
ORD-005436,CUST-00740,PRD-00149,29-Sep-2023,2023-10-05,7,93.5,0.05,Mobile App,Wallet,Returned
ORD-003138,CUST-00435,PRD-00085,05/10/2025,06/10/2025,1,265.37,0.25,MARKETPLACE,Cash on Delivery,Cancelled
ORD-004573,CUST-00629,PRD-00093,16-May-2024,05/17/2024,1,327.87,0.1,Marketplace,Wallet,Returned
ORD-001512,CUST-00206,PRD-00016,10/25/2023,26-Oct-2023,4,6150.02,0.0,Website,Installment,Delivered
ORD-003821,CUST-00532,PRD-00007,29-Dec-2025,01/04/2026,3,5375.75,0.05,Website,Credit Card,Returned
ORD-001299,CUST-00175,PRD-00098,17-Jun-2023,22/06/2023,2,718.7,0.25,Mobile App,Wallet,Returned
ORD-004427,CUST-00611,PRD-00036,06/09/2023,,3,2503.62,0.0,Mobile App,Installment,Delivered
ORD-004746,CUST-00650,PRD-00065,2023-07-27,,4,1220.64,0.0,Mobile App,Installment,Returned
ORD-001793,CUST-00245,PRD-00046,2024-10-16,23-Oct-2024,4,1161.95,0.25,Marketplace,wallet,Delivered
ORD-000169,CUST-00022,PRD-00015,21-Oct-2025,22/10/2025,4,EGP 5715.8,0.15,Website,Wallet,Delivered
ORD-001113,CUST-00152,PRD-00138,16-Nov-2023,21-Nov-2023,3,293.11,0.25,Marketplace,Cash on Delivery,Delivered
ORD-001397,CUST-00189,PRD-00114,09/22/2024,09/26/2024,2,864.91,0.0,Mobile App,Cash on Delivery,Delivered
ORD-005395,CUST-00733,PRD-00014,08/26/2023,27/08/2023,1,EGP 3474.75,0.1,Mobile App,Wallet,Delivered
ORD-004097,CUST-00577,PRD-00048,19-Feb-2025,25-Feb-2025,3,616.54,0.2,Marketplace,Credit Card,Delivered
ORD-005239,CUST-00713,PRD-00029,2024-03-14,2024-03-18,2,1141.21,0.15,Mobile App,Credit Card,Delivered
ORD-003977,CUST-00558,PRD-00041,12/12/2025,12/17/2025,2,EGP 1168.7,0.1,WEBSITE,Wallet,Delivered
ORD-005033,CUST-00683,PRD-00173,31-May-2023,,3,1584.06,0.0,Website,Cash on Delivery,Delivered
ORD-004724,CUST-00645,PRD-00170,01/18/2023,01/19/2023,7,7690.28,0.0,Website,Installment,Delivered
ORD-003519,CUST-00484,PRD-00003,11-Mar-2025,17/03/2025,4,1534.69,0.0,Marketplace,Credit Card,Delivered
ORD-005034,CUST-00683,PRD-00105,2025-07-18,19/07/2025,4,840.93,0.0,Mobile App,Credit Card,Delivered
ORD-004811,CUST-00656,PRD-00144,2024-03-14,21/03/2024,1,212.23,0.25,Website,Wallet,Pending
ORD-003172,CUST-00438,PRD-00092,2024-07-09,2024-07-14,1,727.52,0.25,Marketplace,Installment,Cancelled
ORD-004406,CUST-00607,PRD-00168,06/17/2025,06/22/2025,4,3279.73,0.15,Mobile App,Credit Card,Delivered
ORD-000999,CUST-00136,PRD-00154,01/08/2025,15-Jan-2025,5,175.83,0.0,Mobile App,wallet,Delivered
ORD-002804,CUST-00381,PRD-00005,11-Nov-2023,,4,5870.09,0.0,Website,Credit Card,Pending
ORD-004372,CUST-00605,PRD-00088,2025-04-19,23/04/2025,2,2384.43,0.25,Mobile App,Installment,Delivered
ORD-003271,CUST-00455,PRD-00180,11/02/2024,09-Nov-2024,4,6579.05,0.0,Marketplace,Wallet,Delivered
ORD-001592,CUST-00213,PRD-00184,19-Nov-2023,26-Nov-2023,1,2621.44,0.0,Marketplace,Wallet,Delivered
ORD-002017,CUST-00286,PRD-00019,2024-01-24,29-Jan-2024,5,EGP 5919.72,0.25,Mobile App,Wallet,Delivered
ORD-002603,CUST-00357,PRD-00152,04/02/2023,02/09/2023,4,23.7,0.25,Mobile App,Credit Card,Delivered
ORD-003594,CUST-00493,PRD-00027,2023-02-23,25-Feb-2023,5,6528.78,0.05,Website,Wallet,Delivered
ORD-003602,CUST-00495,PRD-00166,03/30/2025,31/03/2025,4,1361.3,0.05,Marketplace,Wallet,Delivered
ORD-000216,CUST-00029,PRD-00078,26/11/2023,12/03/2023,5,803.87,0.05,Marketplace,Installment,Delivered
ORD-004029,CUST-00565,PRD-00149,04/04/2024,04/09/2024,4,93.5,0.0,Mobile App,Cash on Delivery,Delivered
ORD-003274,CUST-00455,PRD-00069,2025-05-16,2025-05-22,3,1039.35,0.0,Mobile App,Credit Card,Delivered
ORD-003216,CUST-00443,PRD-00149,18-Jul-2025,07/20/2025,5,93.5,0.0,Marketplace,Wallet,Cancelled
ORD-001643,CUST-00222,PRD-00019,05/13/2024,16-May-2024,3,5919.72,0.05,Marketplace,Credit Card,Returned
ORD-001789,CUST-00245,PRD-00087,13-Oct-2025,2025-10-17,5,937.05,0.05,Website,Installment,Cancelled
ORD-002726,CUST-00373,PRD-00098,06/30/2025,2025-07-02,2,718.7,0.1,Website,Cash on Delivery,Delivered
ORD-001526,CUST-00207,PRD-00156,24-Nov-2023,11/25/2023,5,250.31,0.0,WEBSITE,Credit Card,Delivered
ORD-004942,CUST-00671,PRD-00103,2023-07-03,08-Jul-2023,5,275.52,0.0,Website,Cash on Delivery,Pending
ORD-002596,CUST-00357,PRD-00147,21/11/2025,2025-11-27,5,222.8,0.15,MARKETPLACE,Installment,Pending
ORD-003043,CUST-00424,PRD-00038,18/06/2025,21-Jun-2025,3,2707.61,0.1,Mobile App,Wallet,Delivered
ORD-004967,CUST-00673,PRD-00147,02/08/2024,08/07/2024,3,222.8,0.1,Mobile App,Wallet,Delivered
ORD-004444,CUST-00613,PRD-00151,11/05/2024,05/17/2024,6,125.16,0.0,Marketplace,Wallet,Delivered
ORD-005342,CUST-00727,PRD-00132,03-Feb-2025,2025-02-10,8,436.68,0.2,Marketplace,cash on delivery,Delivered
ORD-004530,CUST-00623,PRD-00165,03/31/2024,07/04/2024,1,EGP 1559.9,0.2,Mobile App,Installment,Delivered
ORD-004056,CUST-00570,PRD-00166,27-Jan-2025,2025-01-30,5,1361.3,0.15,Website,Installment,Cancelled
ORD-000470,CUST-00063,PRD-00139,04/04/2025,05-Apr-2025,5,195.93,0.15,Mobile App,Installment,Returned
ORD-004071,CUST-00572,PRD-00148,14/05/2023,18/05/2023,1,EGP 63.15,0.0,Marketplace,Installment,Delivered
ORD-003527,CUST-00485,PRD-00176,2025-03-03,03/06/2025,3,3014.74,0.0,Marketplace,Cash on Delivery,Cancelled
ORD-003910,CUST-00548,PRD-00108,01/12/2024,01/14/2024,5,230.98,0.0,Marketplace,Installment,Delivered
ORD-001243,CUST-00169,PRD-00134,22-Oct-2024,24/10/2024,1,165.0,0.25,Marketplace,Credit Card,Delivered
ORD-001628,CUST-00219,PRD-00078,2024-05-31,06/03/2024,3,803.87,0.0,Marketplace,Credit Card,Pending
ORD-002066,CUST-00292,PRD-00004,20/09/2024,2024-09-26,4,3744.22,0.0,Mobile App,Installment,Delivered
ORD-004350,CUST-00603,PRD-00114,03/10/2025,16/03/2025,7,864.91,0.0,Website,Wallet,Delivered
ORD-001087,CUST-00148,PRD-00031,04/08/2024,13-Apr-2024,4,376.78,0.15,Marketplace,Cash on Delivery,Pending
ORD-005796,CUST-00793,PRD-00105,2024-12-28,2025-01-01,4,840.93,0.0,Marketplace,Cash on Delivery,Pending
ORD-004171,CUST-00588,PRD-00050,27/06/2024,2024-07-03,5,6188.03,0.0,Marketplace,Cash on Delivery,Cancelled
ORD-004939,CUST-00671,PRD-00038,14/12/2025,2025-12-18,4,2707.61,0.2,Marketplace,Cash on Delivery,Cancelled
ORD-003183,CUST-00440,PRD-00124,06/22/2024,,2,152.17,0.0,Mobile App,Cash on Delivery,Delivered
ORD-002962,CUST-00410,PRD-00024,15/07/2023,22/07/2023,2,8840.39,0.0,Mobile App,Cash on Delivery,Delivered
  ORD-003394  ,CUST-00467,PRD-00033,18-Nov-2025,20/11/2025,7,1947.05,0.0,Marketplace,Installment,Cancelled
ORD-002894,CUST-00398,PRD-00045,08-Dec-2024,2024-12-09,2,4956.18,0.0,Mobile App,Wallet,Delivered
ORD-004364,CUST-00604,PRD-00004,2025-09-25,09/30/2025,2,3744.22,,Mobile App,Credit Card,Delivered
ORD-005688,CUST-00778,PRD-00100,02/14/2025,02/18/2025,3,555.91,0.25,Mobile App,Cash on Delivery,Returned
ORD-000588,CUST-00079,PRD-00003,11/24/2024,2024-11-27,4,1534.69,0.0,Mobile App,installment,Cancelled
  ORD-003125  ,CUST-00434,PRD-00104,04/09/2024,06/09/2024,3,698.62,0.0,Website,Installment,Delivered
ORD-000953,CUST-00131,PRD-00185,2024-04-29,02-May-2024,1,2013.53,0.0,Marketplace,Wallet,Pending
ORD-005272,CUST-00719,PRD-00003,03/15/2025,17/03/2025,3,1534.69,0.0,Mobile App,Credit Card,Cancelled
ORD-004701,CUST-00643,PRD-00087,05-Jan-2024,01/10/2024,5,937.05,0.0,Mobile App,Wallet,Returned
ORD-002926,CUST-00402,PRD-00005,04-Sep-2024,06/09/2024,4,5870.09,0.25,Marketplace,Cash on Delivery,Delivered
ORD-005115,CUST-00696,PRD-00067,2023-12-11,2023-12-17,5,1590.28,0.0,Marketplace,Wallet,Pending
ORD-002628,CUST-00361,PRD-00024,28/06/2023,2023-06-30,7,8840.39,0.1,Mobile App,Credit Card,Delivered
ORD-002388,CUST-00334,PRD-00163,24-Jan-2025,,2,5049.75,0.05,Mobile App,Wallet,Pending
ORD-005179,CUST-00704,PRD-00184,02-Aug-2024,06/08/2024,4,2621.44,0.05,Website,Installment,Delivered
ORD-004259,CUST-00597,PRD-00008,09/10/2023,16/10/2023,3,13998.23,0.15,Mobile App,Cash on Delivery,Delivered
ORD-001430,CUST-00194,PRD-00181,25-Mar-2023,03/29/2023,4,EGP 7757.56,0.0,Website,Installment,Delivered
ORD-005528,CUST-00756,PRD-00025,01-Nov-2025,2025-11-03,1,15750.99,0.2,Mobile App,Wallet,Delivered
ORD-003503,CUST-00483,PRD-00017,28-Jan-2025,01/31/2025,2,4224.65,0.0,Website,Wallet,Cancelled
ORD-003159,CUST-00437,PRD-00155,01/05/2024,2024-01-08,4,228.62,0.05,Marketplace,Installment,Returned
ORD-002584,CUST-00355,PRD-00140,02/01/2024,05/02/2024,4,168.61,0.0,Website,Cash on Delivery,Delivered
ORD-000038,CUST-00005,PRD-00036,21/03/2025,2025-03-23,5,EGP 2503.62,0.25,Marketplace,Cash on Delivery,Delivered
ORD-003369,CUST-00462,PRD-00111,2024-11-10,11/11/2024,2,291.55,0.1,Website,Installment,Cancelled
ORD-005532,CUST-00757,PRD-00023,27/04/2025,04-May-2025,5,11190.64,0.2,Mobile App,Installment,Cancelled
ORD-000375,CUST-00047,PRD-00183,13-Jan-2023,15/01/2023,4,EGP 6588.34,0.0,Website,Installment,Delivered
ORD-001702,CUST-00232,PRD-00183,30-Apr-2023,2023-05-01,1,6588.34,0.0,Mobile App,Installment,Cancelled
ORD-000255,CUST-00033,PRD-00117,02/01/2024,02/08/2024,6,440.45,0.0,Website,Cash on Delivery,Delivered
ORD-003785,CUST-00526,PRD-00015,04-Jan-2023,2023-01-11,5,5715.8,,Mobile App,Cash on Delivery,Delivered
ORD-003868,CUST-00542,PRD-00097,11/14/2024,2024-11-20,1,550.73,0.0,Marketplace,cash on delivery,Pending
ORD-000611,CUST-00082,PRD-00005,07/04/2023,13-Apr-2023,3,5870.09,0.0,Website,installment,Delivered
ORD-000558,CUST-00075,PRD-00155,2024-05-25,2024-05-27,2,228.62,0.0,Website,Cash on Delivery,Delivered
ORD-003616,CUST-00497,PRD-00113,22-Jul-2024,07/29/2024,10,719.15,0.1,Website,Installment,Delivered
ORD-004074,CUST-00573,PRD-00184,31-Mar-2025,2025-04-07,6,2621.44,0.0,Marketplace,Wallet,Delivered
ORD-000580,CUST-00078,PRD-00036,24-Mar-2025,03/28/2025,8,2503.62,0.25,Marketplace,Wallet,Delivered
ORD-004572,CUST-00628,PRD-00133,05-Feb-2024,10/02/2024,5,174.99,0.0,Website,Credit Card,Delivered
ORD-000424,CUST-00057,PRD-00001,2023-01-18,23-Jan-2023,10,3019.28,0.15,Marketplace,Cash on Delivery,Pending
ORD-003526,CUST-00485,PRD-00119,12-Mar-2025,2025-03-14,3,898.59,0.0,Marketplace,Credit Card,Delivered
ORD-003839,CUST-00538,PRD-00086,2025-05-27,02/06/2025,3,EGP 1754.49,0.05,Mobile App,Wallet,Delivered
ORD-000394,CUST-00050,PRD-00086,05-Dec-2023,09-Dec-2023,3,1754.49,0.2,Marketplace,Cash on Delivery,Cancelled
ORD-000416,CUST-00057,PRD-00073,08/12/2023,2023-08-14,8,2603.44,0.0,Website,Credit Card,Delivered
ORD-004296,CUST-00600,PRD-00008,2025-02-15,22-Feb-2025,6,13998.23,0.2,Website,Wallet,Delivered
ORD-002915,CUST-00401,PRD-00001,02/07/2024,11/02/2024,6,3019.28,0.1,Mobile App,Installment,Delivered
ORD-002816,CUST-00381,PRD-00080,04/09/2024,2024-09-06,3,1092.22,0.0,Marketplace,Credit Card,Delivered
ORD-000909,CUST-00125,PRD-00049,04/20/2024,2024-04-22,3,3627.21,,Marketplace,Credit Card,Delivered
ORD-005562,CUST-00762,PRD-00185,02/02/2025,09/02/2025,6,2013.53,0.0,Website,Cash on Delivery,Delivered
ORD-002357,CUST-00330,PRD-00096,2025-12-06,12/10/2025,8,1013.61,0.15,Mobile App,Cash on Delivery,Delivered
ORD-000030,CUST-00005,PRD-00110,2025-11-10,2025-11-08,10,443.5,0.0,Website,Installment,Delivered
ORD-001503,CUST-00206,PRD-00019,18/08/2024,22-Aug-2024,4,5919.72,0.0,Mobile App,Installment,Delivered
ORD-002853,CUST-00388,PRD-00131,03/17/2025,20/03/2025,1,361.41,0.15,Mobile App,Installment,Pending
ORD-001548,CUST-00209,PRD-00139,2023-04-28,30-Apr-2023,1,195.93,0.0,Website,Credit Card,Delivered
ORD-004541,CUST-00624,PRD-00122,11/19/2025,11/21/2025,2,692.52,0.2,Mobile App,Wallet,Delivered
ORD-003900,CUST-00547,PRD-00170,08-Dec-2025,12/10/2025,9,7690.28,0.0,Marketplace,Credit Card,Pending
ORD-001852,CUST-00258,PRD-00066,2023-04-13,2023-04-19,3,EGP 531.75,0.15,Mobile App,Cash on Delivery,Returned
ORD-003435,CUST-00473,PRD-00020,15/12/2023,17/12/2023,2,9661.76,0.05,Mobile App,Wallet,Delivered
ORD-005827,CUST-00799,PRD-99999,12/12/2024,12/16/2024,6,340.64,0.1,Website,credit card,Pending
ORD-005326,CUST-00726,PRD-00113,2025-02-28,07-Mar-2025,8,719.15,0.1,Marketplace,Cash on Delivery,Returned
ORD-001661,CUST-00224,PRD-00022,2025-02-09,2025-02-10,3,14193.82,0.25,Marketplace,Credit Card,Returned
ORD-002734,CUST-00373,PRD-00005,2023-12-01,12/07/2023,2,5870.09,0.0,Website,Credit Card,Delivered
ORD-003932,CUST-00553,PRD-00128,03/01/2025,2025-03-04,7,812.88,0.2,Marketplace,Installment,Delivered
ORD-002974,CUST-00413,PRD-00188,16-Jul-2023,19/07/2023,5,235.83,0.2,Website,Credit Card,Delivered
ORD-001858,CUST-00259,PRD-00187,13/02/2024,02/19/2024,3,EGP 5533.15,0.15,Mobile App,credit card,Delivered
ORD-002137,CUST-00300,PRD-00021,03-Feb-2023,07/02/2023,3,7707.69,0.05,Mobile App,Cash on Delivery,Delivered
ORD-004462,CUST-00614,PRD-00187,11/21/2023,2023-11-28,7,5533.15,0.25,Website,Cash on Delivery,Delivered
ORD-004195,CUST-00589,PRD-00012,2025-06-23,06/26/2025,4,9488.69,0.0,Marketplace,Cash on Delivery,Delivered
ORD-005572,CUST-00764,PRD-00124,05/03/2024,2024-03-08,1,152.17,0.15,WEBSITE,Wallet,Delivered
ORD-004067,CUST-00571,PRD-00083,03/03/2023,2023-03-09,2,1673.7,0.0,Marketplace,Wallet,Delivered
ORD-002128,CUST-00299,PRD-00161,05-Sep-2023,09/12/2023,6,1342.19,0.25,Website,Cash on Delivery,Delivered
ORD-001007,CUST-00137,PRD-00136,15/11/2023,18/11/2023,3,310.7,0.0,Marketplace,Wallet,Delivered
ORD-004793,CUST-00656,PRD-00085,2024-12-27,12/31/2024,3,265.37,0.0,Website,Installment,Delivered
ORD-000159,CUST-00022,PRD-00098,30/12/2023,31/12/2023,10,718.7,0.05,Website,Installment,Delivered
ORD-004546,CUST-00625,PRD-00153,12/12/2024,12/13/2024,8,321.69,0.0,Mobile App,Credit Card,Delivered
ORD-003694,CUST-00510,PRD-00087,17/03/2024,22/03/2024,1,EGP 937.05,0.05,Website,Cash on Delivery,Delivered
ORD-000836,CUST-00111,PRD-00058,19-Sep-2023,2023-09-20,3,3308.87,0.15,Website,Cash on Delivery,Cancelled
ORD-000980,CUST-00133,PRD-00162,2024-10-27,10/31/2024,5,1009.35,0.2,Mobile App,Installment,Delivered
ORD-002676,CUST-00370,PRD-00086,25/02/2025,04-Mar-2025,5,1754.49,0.15,Mobile App,Installment,Delivered
ORD-000822,CUST-00110,PRD-00099,27/03/2025,29-Mar-2025,3,152.23,0.05,Website,Installment,Pending
ORD-004456,CUST-00614,PRD-00025,04-Aug-2023,2023-08-08,4,15750.99,0.0,Mobile App,Credit Card,Delivered
ORD-005151,CUST-00701,PRD-00013,08/22/2024,08/29/2024,5,EGP 5695.33,0.05,Mobile App,Wallet,Cancelled
ORD-003233,CUST-00448,PRD-00185,2024-12-17,22-Dec-2024,1,2013.53,0.0,Mobile App,Wallet,Delivered
ORD-002045,CUST-00290,PRD-00166,12/20/2023,25/12/2023,3,1361.3,0.05,Mobile App,Credit Card,Returned
ORD-001713,CUST-00234,PRD-00145,2024-01-23,24-Jan-2024,5,116.01,0.25,Website,Cash on Delivery,Delivered
ORD-004856,CUST-00664,PRD-00159,02-Dec-2024,08-Dec-2024,2,195.16,0.0,Website,Cash on Delivery,Delivered
ORD-003253,CUST-00452,PRD-00175,11-Dec-2023,12/18/2023,4,3144.98,0.15,Website,Wallet,Delivered
ORD-002361,CUST-00330,PRD-00123,09-Oct-2025,10/15/2025,9,83.93,0.0,Marketplace,Installment,Delivered
ORD-001527,CUST-00207,PRD-00042,13/06/2025,19/06/2025,10,1460.4,0.1,Website,installment,Delivered
ORD-005406,CUST-00735,PRD-00152,2024-03-10,03/17/2024,5,23.7,0.15,Website,Wallet,Delivered
ORD-001014,CUST-00139,PRD-00116,2024-09-09,13/09/2024,2,466.13,0.2,Marketplace,Credit Card,Pending
ORD-004371,CUST-00605,PRD-00168,20-Jul-2025,07/26/2025,5,3279.73,0.25,Marketplace,Wallet,Delivered
ORD-005661,CUST-00776,PRD-00038,09-Dec-2023,11/12/2023,8,EGP 2707.61,0.0,Marketplace,Installment,Delivered
ORD-003245,CUST-00450,PRD-00082,11/02/2025,11/07/2025,4,1269.02,0.25,MARKETPLACE,Credit Card,Delivered
ORD-002496,CUST-00343,PRD-00007,18/11/2025,11/21/2025,6,5375.75,0.0,Website,Installment,Delivered
ORD-002828,CUST-00383,PRD-00043,2024-04-29,03-May-2024,3,670.88,0.0,WEBSITE,Cash on Delivery,Delivered
ORD-005413,CUST-00736,PRD-00009,05/01/2025,2025-01-09,4,EGP 1433.71,0.0,Marketplace,Installment,Returned
ORD-005695,CUST-00780,PRD-00103,2023-12-14,2023-12-16,1,275.52,0.05,Marketplace,Wallet,Delivered
ORD-000182,CUST-00024,PRD-00021,2025-05-14,2025-05-16,6,7707.69,0.05,Website,Credit Card,Delivered
ORD-002188,CUST-00308,PRD-00143,2025-09-17,2025-09-20,1,174.65,0.0,Marketplace,Credit Card,Delivered
ORD-001576,CUST-00211,PRD-00101,2024-04-27,,4,658.37,0.15,Marketplace,Wallet,Delivered
ORD-004547,CUST-00625,PRD-00035,2024-12-18,22-Dec-2024,3,4561.67,0.0,Mobile App,Installment,Delivered
ORD-002544,CUST-00351,PRD-00106,07/02/2024,08/02/2024,3,EGP 1124.04,0.0,Website,Installment,Cancelled
ORD-001923,CUST-00270,PRD-00088,28-Apr-2023,05/05/2023,8,2384.43,0.0,Marketplace,Wallet,Delivered
ORD-000415,CUST-00057,PRD-00135,29-Dec-2023,02-Jan-2024,7,55.83,0.2,Website,Credit Card,Delivered
ORD-003132,CUST-00434,PRD-00130,2023-04-03,04/04/2023,3,93.92,0.0,Mobile App,Wallet,Returned
ORD-005776,CUST-00791,PRD-00168,11/09/2023,16-Nov-2023,7,EGP 3279.73,0.05,Mobile App,credit card,Delivered
ORD-001632,CUST-00221,PRD-00061,17-Oct-2023,10/19/2023,1,1707.55,0.0,Website,Wallet,Delivered
ORD-000485,CUST-00065,PRD-00059,05/04/2024,2024-04-11,8,1565.88,0.25,Mobile App,Cash on Delivery,Delivered
ORD-001681,CUST-00226,PRD-00044,2025-06-15,06/22/2025,9,3309.62,0.2,Website,Wallet,Returned
ORD-003152,CUST-00437,PRD-00100,01/04/2025,08/04/2025,4,555.91,0.0,Marketplace,Cash on Delivery,Delivered
ORD-000025,CUST-00005,PRD-00165,2025-11-11,11/18/2025,4,1559.9,0.0,Marketplace,Credit Card,Delivered
ORD-000810,CUST-00109,PRD-00152,05-Apr-2025,10-Apr-2025,1,23.7,0.15,Mobile App,Credit Card,Delivered
ORD-005343,CUST-00727,PRD-00066,2024-09-09,2024-09-13,6,531.75,0.0,Website,Wallet,Pending
ORD-001141,CUST-00155,PRD-00025,10/25/2023,10/26/2023,4,15750.99,0.25,Website,Cash on Delivery,Delivered
  ORD-004992  ,CUST-00677,PRD-00039,04/15/2023,2023-04-16,5,2748.05,0.0,Mobile App,Installment,Delivered
ORD-000423,CUST-00057,PRD-00185,01/03/2025,07/03/2025,5,2013.53,0.1,Website,Wallet,Returned
ORD-004869,CUST-00665,PRD-00126,04/02/2024,05-Apr-2024,5,340.64,0.2,Mobile App,Wallet,Delivered
ORD-002178,CUST-00305,PRD-00047,2024-12-15,21/12/2024,4,3368.82,0.0,Mobile App,Credit Card,Delivered
ORD-000028,CUST-00005,PRD-00044,07-May-2025,05/12/2025,10,3309.62,0.0,Marketplace,Credit Card,Cancelled
ORD-005447,CUST-00742,PRD-00176,2025-05-22,,1,3014.74,0.05,Website,Credit Card,Delivered
ORD-005233,CUST-00712,PRD-00174,2023-01-30,02/04/2023,5,2379.8,,MARKETPLACE,Cash on Delivery,Delivered
ORD-000242,CUST-00032,PRD-00024,11-Sep-2024,16/09/2024,1,8840.39,0.25,Marketplace,Wallet,Returned
ORD-001038,CUST-00143,PRD-00155,05/30/2025,01-Jun-2025,5,228.62,0.25,Marketplace,Installment,Delivered
ORD-000480,CUST-00065,PRD-00127,08/06/2025,2025-06-15,10,252.66,0.0,Marketplace,credit card,Delivered
ORD-000449,CUST-00059,PRD-00003,11/08/2025,2025-11-11,3,1534.69,0.0,Mobile App,Installment,Delivered
ORD-002574,CUST-00355,PRD-00165,01/14/2023,2023-01-15,10,1559.9,0.0,Marketplace,wallet,Delivered
ORD-003111,CUST-00431,PRD-00020,2023-04-05,10-Apr-2023,5,9661.76,0.0,Marketplace,Credit Card,Cancelled
ORD-005559,CUST-00762,PRD-00028,2025-10-21,10/23/2025,5,6404.22,0.25,Website,installment,Delivered
ORD-005382,CUST-00731,PRD-00140,10/11/2025,10/12/2025,2,168.61,0.0,Marketplace,Cash on Delivery,Delivered
ORD-001083,CUST-00147,PRD-00027,2023-12-16,2023-12-22,4,6528.78,0.25,WEBSITE,Installment,Delivered
ORD-005028,CUST-00683,PRD-00183,26/11/2025,29-Nov-2025,2,EGP 6588.34,0.1,Mobile App,Wallet,Pending
ORD-001487,CUST-00203,PRD-00095,29-May-2025,2025-06-02,4,493.89,,Mobile App,Credit Card,Delivered
ORD-001257,CUST-00170,PRD-00079,2025-03-26,29/03/2025,2,646.3,0.15,Marketplace,Installment,Delivered
ORD-002154,CUST-00301,PRD-00006,10/11/2025,15/11/2025,3,4094.1,0.0,Website,Installment,Returned
ORD-005503,CUST-00753,PRD-00055,2023-07-06,12/07/2023,3,2089.61,0.0,Mobile App,Cash on Delivery,Delivered
ORD-005283,CUST-00720,PRD-00180,08/09/2024,2024-09-09,3,6579.05,0.1,Website,Credit Card,Delivered
ORD-000762,CUST-00101,PRD-00046,10/04/2025,05-Oct-2025,2,1161.95,0.0,Mobile App,Installment,Returned
ORD-000797,CUST-00107,PRD-00074,02/06/2025,06/03/2025,5,396.44,0.0,Website,Cash on Delivery,Returned
ORD-001719,CUST-00235,PRD-00187,2025-05-22,23/05/2025,2,5533.15,0.1,Website,Cash on Delivery,Delivered
ORD-001128,CUST-00153,PRD-00183,2025-12-23,12/28/2025,10,6588.34,0.0,Mobile App,Wallet,Delivered
ORD-004220,CUST-00590,PRD-00051,08/30/2024,31-Aug-2024,6,4568.48,0.15,Marketplace,Credit Card,Cancelled
ORD-005216,CUST-00709,PRD-00174,21/07/2023,28/07/2023,1,2379.8,0.1,Mobile App,Wallet,Delivered
ORD-004904,CUST-00667,PRD-00033,2024-06-03,05/06/2024,1,1947.05,0.2,MARKETPLACE,Cash on Delivery,Returned
ORD-001863,CUST-00260,PRD-00057,17/12/2025,2025-12-19,10,5493.06,0.0,Mobile App,Wallet,Delivered
ORD-001990,CUST-00284,PRD-00118,2024-06-26,29/06/2024,4,341.03,0.0,Website,Installment,Pending
ORD-000559,CUST-00075,PRD-00138,15/05/2024,05/19/2024,1,293.11,0.15,Mobile App,Credit Card,Delivered
ORD-001172,CUST-00161,PRD-00152,20/03/2024,03/21/2024,2,23.7,0.0,Marketplace,Cash on Delivery,Delivered
ORD-002958,CUST-00410,PRD-00055,12/11/2023,16/11/2023,3,2089.61,0.2,Website,Credit Card,Pending
ORD-001502,CUST-00206,PRD-00174,09-Dec-2023,2023-12-12,1,2379.8,0.0,Marketplace,Wallet,Delivered
ORD-000784,CUST-00103,PRD-00114,01/05/2024,08-May-2024,5,864.91,0.0,Mobile App,Installment,Delivered
ORD-000442,CUST-00059,PRD-00085,06/08/2024,08/11/2024,7,265.37,0.15,Marketplace,Credit Card,Delivered
ORD-001112,CUST-00152,PRD-00175,09/16/2025,23-Sep-2025,5,3144.98,0.0,Website,Wallet,Pending
ORD-003073,CUST-00427,PRD-00062,06-May-2024,05/08/2024,9,271.83,,Marketplace,Installment,Delivered
ORD-004114,CUST-00580,PRD-00103,23-Sep-2024,09/25/2024,2,275.52,0.1,Mobile App,Cash on Delivery,Pending
ORD-000745,CUST-00100,PRD-00069,14-Dec-2023,20/12/2023,5,1039.35,0.25,Website,Cash on Delivery,Delivered
ORD-003619,CUST-00497,PRD-00008,13-Oct-2023,14/10/2023,3,13998.23,0.2,MARKETPLACE,installment,Returned
ORD-005091,CUST-00693,PRD-00018,29/12/2024,05-Jan-2025,3,8604.46,0.15,Marketplace,credit card,Delivered
ORD-000959,CUST-00132,PRD-00168,06/12/2024,11-Dec-2024,9,3279.73,0.05,Website,Installment,Pending
ORD-003516,CUST-00484,PRD-00182,18/11/2024,,2,4312.02,0.2,Marketplace,Installment,Pending
ORD-005070,CUST-00688,PRD-00055,2024-11-23,2024-11-27,3,2089.61,0.2,Website,Installment,Returned
ORD-004679,CUST-00640,PRD-00055,16-Mar-2024,03/17/2024,3,2089.61,0.05,Website,Credit Card,Delivered
ORD-004619,CUST-00633,PRD-00052,04/25/2023,26/04/2023,2,4557.53,0.15,Website,Installment,Returned
ORD-003217,CUST-00443,PRD-00033,03-Apr-2025,08-Apr-2025,2,1947.05,0.2,MARKETPLACE,Wallet,Returned
ORD-005773,CUST-00791,PRD-00164,2025-08-23,2025-08-27,9,6039.64,0.25,Marketplace,Wallet,Cancelled
ORD-004030,CUST-00565,PRD-00030,04-Oct-2025,08/10/2025,2,6643.61,0.1,Marketplace,Wallet,Delivered
ORD-005640,CUST-00773,PRD-00080,05/21/2023,05/22/2023,3,1092.22,0.2,WEBSITE,Cash on Delivery,Returned
ORD-002100,CUST-00295,PRD-00037,2024-07-15,07/20/2024,6,2145.36,0.0,MOBILE APP,Installment,Cancelled
ORD-002328,CUST-00325,PRD-00174,2025-06-03,2025-06-07,5,2379.8,0.1,Mobile App,Installment,Delivered
ORD-005434,CUST-00740,PRD-00186,11/11/2024,17/11/2024,9,4878.71,0.05,Marketplace,Credit Card,Delivered
ORD-000435,CUST-00058,PRD-00033,23/12/2025,,7,1947.05,0.25,Website,Cash on Delivery,Delivered
ORD-002581,CUST-00355,PRD-00026,14-Mar-2023,03/19/2023,7,13374.87,0.0,Mobile App,Installment,Delivered
ORD-000195,CUST-00025,PRD-00110,2023-04-04,,9,443.5,0.1,Website,Wallet,Delivered
ORD-003264,CUST-00453,PRD-00034,2023-07-01,2023-07-04,1,4894.09,0.1,Website,Credit Card,Delivered
ORD-003351,CUST-00461,PRD-00109,14-Sep-2023,17/09/2023,1,EGP 252.4,0.25,Marketplace,Wallet,Delivered
ORD-001850,CUST-00258,PRD-00108,11/26/2023,03/12/2023,5,230.98,,Marketplace,Credit Card,Delivered
ORD-005004,CUST-00677,PRD-00006,08/29/2023,2023-09-03,3,4094.1,0.2,Mobile App,Credit Card,Delivered
ORD-003763,CUST-00521,PRD-00002,03/24/2025,03/29/2025,5,9414.07,0.0,Mobile App,installment,Delivered
ORD-002781,CUST-00378,PRD-00168,2025-02-21,24-Feb-2025,3,3279.73,0.15,Website,Installment,Delivered
ORD-005625,CUST-00771,PRD-00164,23/12/2025,2025-12-26,9,6039.64,0.0,Marketplace,Cash on Delivery,Cancelled
ORD-002488,CUST-00343,PRD-00147,25-Jul-2025,2025-07-27,5,222.8,0.15,Marketplace,Cash on Delivery,Delivered
ORD-005331,CUST-00727,PRD-00028,2025-10-01,02-Oct-2025,4,6404.22,0.0,Website,Cash on Delivery,Delivered
ORD-001922,CUST-00269,PRD-00024,18/03/2024,20/03/2024,2,8840.39,0.0,Marketplace,installment,Delivered
ORD-005375,CUST-00731,PRD-00050,03-Dec-2025,12/04/2025,4,6188.03,0.15,Mobile App,Credit Card,Delivered
ORD-001238,CUST-00169,PRD-00073,06/19/2025,23-Jun-2025,3,EGP 2603.44,0.0,Mobile App,Installment,Cancelled
ORD-005064,CUST-00687,PRD-00167,2023-11-28,02-Dec-2023,5,741.81,0.0,Mobile App,Installment,Delivered
ORD-001645,CUST-00223,PRD-00078,09/30/2023,10/06/2023,2,803.87,0.0,Marketplace,credit card,Pending
ORD-001373,CUST-00185,PRD-00169,05-Aug-2025,10-Aug-2025,4,3779.35,,Marketplace,Wallet,Returned
ORD-001322,CUST-00177,PRD-00160,03/09/2023,16-Mar-2023,3,214.1,0.15,WEBSITE,Installment,Pending
ORD-004917,CUST-00668,PRD-00006,14/07/2025,17-Jul-2025,1,4094.1,0.1,MARKETPLACE,Wallet,Delivered
ORD-001707,CUST-00233,PRD-00096,30-Jan-2024,05-Feb-2024,8,1013.61,0.2,Marketplace,Credit Card,Delivered
ORD-003496,CUST-00482,PRD-00004,23-Jun-2023,06/26/2023,1,EGP 3744.22,0.0,Website,Wallet,Cancelled
ORD-004671,CUST-00639,PRD-00041,10/11/2023,14-Nov-2023,6,1168.7,0.25,Website,Credit Card,Delivered
ORD-005774,CUST-00791,PRD-00127,17/03/2025,2025-03-23,5,252.66,0.0,Marketplace,Installment,Delivered
ORD-004355,CUST-00604,PRD-00110,08/11/2023,15-Aug-2023,1,443.5,0.15,Mobile App,credit card,Delivered
ORD-000933,CUST-00129,PRD-00184,14-Aug-2023,21-Aug-2023,6,2621.44,0.0,Website,Cash on Delivery,Delivered
ORD-003732,CUST-00516,PRD-00180,30-Mar-2024,31/03/2024,2,EGP 6579.05,0.0,Marketplace,Installment,Returned
ORD-000370,CUST-00046,PRD-00056,07/06/2024,2024-07-08,2,1260.88,0.0,WEBSITE,Credit Card,Delivered
ORD-000323,CUST-00041,PRD-00181,28-Feb-2023,2023-03-04,4,7757.56,0.2,Marketplace,Installment,Delivered
ORD-004770,CUST-00653,PRD-00026,27-Jul-2024,,3,13374.87,0.2,Website,Installment,Delivered
ORD-000206,CUST-00027,PRD-00062,12/31/2023,01-Jan-2024,2,271.83,0.05,Marketplace,Wallet,Delivered
ORD-001951,CUST-00278,PRD-00138,2024-11-20,2024-11-22,6,293.11,0.15,Mobile App,Installment,Returned
ORD-000648,CUST-00086,PRD-00177,14/12/2025,12/19/2025,4,5234.78,0.25,Mobile App,Credit Card,Delivered
ORD-004461,CUST-00614,PRD-00151,2025-01-19,01/25/2025,7,125.16,0.05,Marketplace,Installment,Pending
ORD-005133,CUST-00699,PRD-00153,2025-04-30,03-May-2025,4,321.69,0.0,Marketplace,Wallet,Delivered
ORD-005717,CUST-00783,PRD-00059,04/14/2023,04/15/2023,2,1565.88,0.15,Mobile App,Installment,Delivered
ORD-003167,CUST-00437,PRD-00104,2025-08-17,2025-08-20,1,698.62,0.0,Website,Credit Card,Pending
ORD-000391,CUST-00050,PRD-00066,14-Apr-2024,21/04/2024,7,531.75,0.0,Website,Credit Card,Delivered
ORD-003758,CUST-00520,PRD-00066,12-Nov-2025,16/11/2025,1,531.75,0.15,Mobile App,Wallet,Returned
ORD-000464,CUST-00061,PRD-00165,07/09/2024,2024-07-16,3,1559.9,0.15,Marketplace,Credit Card,Delivered
ORD-003557,CUST-00488,PRD-00083,02/22/2023,28-Feb-2023,3,1673.7,0.0,Marketplace,Wallet,Delivered
ORD-004499,CUST-00619,PRD-00079,24/12/2023,12/26/2023,2,646.3,0.0,Marketplace,Wallet,Delivered
ORD-005298,CUST-00723,PRD-00184,2023-08-08,08/13/2023,7,2621.44,0.05,Website,Wallet,Returned
ORD-002971,CUST-00411,PRD-00050,06/07/2023,2023-06-12,9,6188.03,0.2,Mobile App,Installment,Returned
ORD-003721,CUST-00515,PRD-00004,05/02/2025,08/02/2025,9,3744.22,0.0,Marketplace,Credit Card,Cancelled
ORD-003966,CUST-00558,PRD-00008,05/15/2025,16/05/2025,5,13998.23,,Marketplace,Wallet,Delivered
ORD-003741,CUST-00517,PRD-00036,10/13/2025,19-Oct-2025,3,EGP 2503.62,0.0,Marketplace,Installment,Cancelled
ORD-004012,CUST-00564,PRD-00122,2025-12-25,27/12/2025,5,692.52,0.0,Marketplace,Wallet,Delivered
ORD-005731,CUST-00785,PRD-00014,23/11/2025,2025-11-29,4,3474.75,0.0,Marketplace,Installment,Delivered
ORD-003729,CUST-00516,PRD-00007,06/28/2025,06/30/2025,4,EGP 5375.75,0.0,Marketplace,Credit Card,Delivered
ORD-001126,CUST-00153,PRD-00005,09-May-2025,14/05/2025,3,5870.09,0.25,Mobile App,Credit Card,Pending
ORD-000586,CUST-00079,PRD-00180,22/05/2023,29-May-2023,4,6579.05,0.0,Mobile App,Installment,Returned
ORD-000066,CUST-00007,PRD-00129,2024-10-10,11/10/2024,3,23.89,0.2,Marketplace,Credit Card,Delivered
ORD-000602,CUST-00080,PRD-00122,04/22/2025,26-Apr-2025,4,692.52,0.0,Mobile App,Cash on Delivery,Pending
ORD-001687,CUST-00228,PRD-00128,12/09/2023,2023-09-15,1,812.88,0.25,MOBILE APP,Cash on Delivery,Delivered
ORD-004471,CUST-00617,PRD-00052,12/05/2023,2023-05-14,1,4557.53,0.2,Marketplace,Wallet,Cancelled
ORD-002911,CUST-00401,PRD-00070,26-May-2025,06/02/2025,10,1062.89,0.15,Marketplace,Installment,Delivered
ORD-000605,CUST-00080,PRD-00120,23/01/2023,25-Jan-2023,5,538.56,0.15,Website,Installment,Delivered
ORD-003783,CUST-00525,PRD-00106,2024-09-01,09/04/2024,2,1124.04,0.25,Mobile App,Wallet,Delivered
ORD-003017,CUST-00419,PRD-00157,16-Jan-2023,18-Jan-2023,3,186.52,0.1,Website,Wallet,Returned
ORD-001610,CUST-00216,PRD-00038,03/08/2025,11-Mar-2025,3,2707.61,0.0,Website,Cash on Delivery,Delivered
ORD-005475,CUST-00748,PRD-00156,16/10/2023,10/17/2023,2,250.31,0.0,Marketplace,Cash on Delivery,Pending
ORD-000166,CUST-00022,PRD-00074,05/08/2023,2023-08-12,6,396.44,0.1,Mobile App,Wallet,Pending
ORD-004275,CUST-00598,PRD-00023,01/22/2025,28/01/2025,4,11190.64,0.0,Marketplace,Installment,Pending
ORD-001209,CUST-00165,PRD-00116,2023-03-11,03/17/2023,3,466.13,0.0,Website,Cash on Delivery,Delivered
ORD-003137,CUST-00435,PRD-00018,2024-03-07,11-Mar-2024,1,8604.46,0.0,Mobile App,Installment,Delivered
ORD-001272,CUST-00172,PRD-00007,25/02/2025,02/27/2025,1,5375.75,0.05,Marketplace,Installment,Delivered
ORD-003226,CUST-00444,PRD-00035,12/26/2024,2025-01-01,1,4561.67,0.15,WEBSITE,Cash on Delivery,Delivered
ORD-001028,CUST-00142,PRD-00017,24-Mar-2024,26-Mar-2024,2,4224.65,0.0,Marketplace,Cash on Delivery,Delivered
ORD-004010,CUST-00563,PRD-00031,25-Dec-2024,26-Dec-2024,3,376.78,0.0,Website,Credit Card,Cancelled
ORD-004898,CUST-00667,PRD-00091,01/02/2024,02/08/2024,4,EGP 1667.87,0.15,Mobile App,Wallet,Pending
ORD-000057,CUST-00007,PRD-00056,2023-12-01,,3,1260.88,0.0,Marketplace,Wallet,Pending
ORD-004884,CUST-00666,PRD-00174,12-Jul-2025,2025-07-19,4,2379.8,0.05,Marketplace,Installment,Pending
ORD-004985,CUST-00676,PRD-00177,14/07/2025,2025-07-15,2,5234.78,0.2,MARKETPLACE,credit card,Delivered
ORD-001505,CUST-00206,PRD-00028,05/12/2025,,4,6404.22,0.2,Marketplace,cash on delivery,Delivered
ORD-004219,CUST-00590,PRD-00019,07/10/2023,12-Oct-2023,10,5919.72,0.1,Website,Installment,Pending
ORD-005415,CUST-00737,PRD-00093,2024-08-14,,4,327.87,0.0,Website,Cash on Delivery,Delivered
ORD-000154,CUST-00022,PRD-00188,29/03/2024,03/31/2024,10,235.83,0.2,Mobile App,Credit Card,Cancelled
ORD-001773,CUST-00242,PRD-00040,31-Mar-2023,06/04/2023,2,1977.22,0.25,Mobile App,Cash on Delivery,Pending
ORD-002362,CUST-00330,PRD-00122,05/10/2024,10/12/2024,10,692.52,0.0,Mobile App,Credit Card,Pending
ORD-000942,CUST-00130,PRD-00178,06-Sep-2024,08/09/2024,4,583.55,0.0,Mobile App,Credit Card,Delivered
ORD-003386,CUST-00466,PRD-00117,04/04/2025,,5,440.45,0.0,Website,Installment,Delivered
ORD-001660,CUST-00224,PRD-00096,28/11/2025,2025-12-02,9,EGP 1013.61,0.0,Marketplace,Installment,Delivered
ORD-001976,CUST-00283,PRD-00052,10/12/2023,2023-12-16,2,4557.53,0.0,Mobile App,Credit Card,Delivered
ORD-002560,CUST-00354,PRD-00007,05/13/2025,05/19/2025,1,5375.75,0.2,Website,Installment,Returned
ORD-001419,CUST-00191,PRD-00069,01/01/2025,03-Jan-2025,5,1039.35,0.0,Marketplace,Wallet,Delivered
ORD-001885,CUST-00263,PRD-00047,2023-07-26,28/07/2023,4,3368.82,0.0,Website,Cash on Delivery,Delivered
ORD-004914,CUST-00668,PRD-00184,11/01/2025,03/11/2025,3,EGP 2621.44,0.0,Mobile App,Cash on Delivery,Delivered
ORD-005533,CUST-00757,PRD-00021,17-Nov-2024,24-Nov-2024,2,7707.69,0.1,Mobile App,Wallet,Cancelled
ORD-002842,CUST-00387,PRD-00065,30-Nov-2025,2025-12-05,1,1220.64,,Marketplace,Wallet,Delivered
ORD-004058,CUST-00570,PRD-00042,24-Mar-2024,03/27/2024,1,1460.4,0.25,WEBSITE,Wallet,Delivered
  ORD-002247  ,CUST-00313,PRD-00174,05/09/2025,08-Sep-2025,1,2379.8,0.0,Mobile App,cash on delivery,Delivered
ORD-001334,CUST-00180,PRD-00174,10/05/2024,10/10/2024,1,2379.8,0.2,MARKETPLACE,Installment,Cancelled
ORD-000506,CUST-00068,PRD-00160,2023-12-15,16/12/2023,3,214.1,0.0,Marketplace,Installment,Delivered
ORD-005577,CUST-00764,PRD-99999,03/19/2023,03/23/2023,2,125.16,0.15,Marketplace,Wallet,Delivered
ORD-004744,CUST-00650,PRD-00182,2024-01-25,01/30/2024,2,4312.02,0.0,Mobile App,Installment,Returned
ORD-003023,CUST-00420,PRD-00124,2023-01-03,01/04/2023,5,152.17,0.15,WEBSITE,Wallet,Cancelled
ORD-003890,CUST-00545,PRD-00156,2023-04-05,2023-04-07,10,250.31,0.0,Website,Cash on Delivery,Returned
ORD-004676,CUST-00640,PRD-00185,2024-08-20,24-Aug-2024,8,2013.53,0.0,MOBILE APP,Installment,Delivered
ORD-001801,CUST-00247,PRD-00050,10/23/2023,2023-10-29,6,6188.03,0.0,Mobile App,Installment,Delivered
ORD-002691,CUST-00371,PRD-00150,2023-08-28,09/04/2023,2,84.86,0.2,Marketplace,Cash on Delivery,Delivered
ORD-004128,CUST-00584,PRD-00010,25-Jun-2025,26-Jun-2025,8,2297.75,0.0,Mobile App,Installment,Delivered
ORD-004631,CUST-00635,PRD-00006,10/10/2023,11-Oct-2023,1,4094.1,0.15,Mobile App,Credit Card,Pending
ORD-004607,CUST-00631,PRD-00144,28/11/2024,11/29/2024,5,212.23,0.2,Marketplace,installment,Delivered
ORD-000526,CUST-00072,PRD-00044,06/28/2023,2023-07-05,5,3309.62,0.1,Mobile App,Installment,Delivered
ORD-001363,CUST-00182,PRD-00139,31/03/2023,04/05/2023,4,195.93,0.05,Website,Installment,Pending
ORD-001328,CUST-00178,PRD-00185,2025-11-07,2025-11-11,6,2013.53,0.0,Marketplace,Cash on Delivery,Delivered
ORD-005743,CUST-00788,PRD-00018,25-Nov-2023,12/01/2023,3,8604.46,0.0,Website,Installment,Cancelled
ORD-001097,CUST-00149,PRD-00168,17-Aug-2025,2025-08-22,3,3279.73,0.0,Marketplace,Credit Card,Delivered
ORD-004178,CUST-00588,PRD-00064,07/03/2023,12-Mar-2023,5,EGP 1338.56,0.25,Mobile App,Cash on Delivery,Delivered
ORD-005655,CUST-00774,PRD-00162,2024-02-09,02/16/2024,8,1009.35,0.0,Marketplace,Installment,Delivered
ORD-004795,CUST-00656,PRD-00112,10/04/2023,14-Apr-2023,3,422.18,0.05,Mobile App,Credit Card,Delivered
ORD-000571,CUST-00078,PRD-00060,21/11/2025,11/22/2025,5,2586.89,0.0,Marketplace,Installment,Returned
ORD-000987,CUST-00134,PRD-00182,2023-07-02,07/06/2023,9,4312.02,0.15,Marketplace,Installment,Delivered
ORD-003449,CUST-00475,PRD-00005,03/22/2024,29-Mar-2024,4,5870.09,,Website,Installment,Pending
ORD-005038,CUST-00683,PRD-00124,11/12/2025,17/11/2025,5,152.17,0.0,Mobile App,Installment,Delivered
ORD-005468,CUST-00746,PRD-00173,04/09/2025,10-Sep-2025,6,1584.06,,Mobile App,Cash on Delivery,Delivered
ORD-002760,CUST-00375,PRD-00011,15/11/2024,11/18/2024,5,2785.74,,Marketplace,Credit Card,Delivered
ORD-000576,CUST-00078,PRD-00176,09/28/2023,29-Sep-2023,3,3014.74,0.0,Mobile App,Credit Card,Returned
ORD-005220,CUST-00709,PRD-00074,12/01/2024,12/05/2024,5,396.44,0.25,Mobile App,Credit Card,Cancelled
ORD-001835,CUST-00255,PRD-00057,2024-10-19,2024-10-25,5,EGP 5493.06,0.0,Website,Wallet,Pending
ORD-000253,CUST-00032,PRD-00064,28-Mar-2023,,2,1338.56,0.2,Marketplace,Cash on Delivery,Delivered
ORD-002501,CUST-00344,PRD-00178,15-Jul-2023,21-Jul-2023,3,583.55,0.1,Mobile App,Wallet,Delivered
ORD-002699,CUST-00371,PRD-00048,20-Aug-2023,2023-08-25,2,616.54,0.0,Website,Installment,Delivered
ORD-003867,CUST-00542,PRD-00150,04/01/2024,09/01/2024,4,84.86,0.0,Marketplace,Credit Card,Pending
ORD-003031,CUST-00423,PRD-00162,26-Aug-2024,02/09/2024,1,1009.35,0.2,Marketplace,Wallet,Delivered
ORD-003952,CUST-00557,PRD-00001,18/04/2023,2023-04-22,9,3019.28,0.2,Marketplace,Wallet,Delivered
ORD-001230,CUST-00169,PRD-00014,2025-07-06,07/07/2025,3,3474.75,0.0,Mobile App,Credit Card,Delivered
ORD-000074,CUST-00009,PRD-00152,02/06/2024,02/10/2024,7,23.7,0.0,Marketplace,Wallet,Delivered
ORD-002470,CUST-00341,PRD-00123,04/16/2025,20/04/2025,10,83.93,0.0,Mobile App,Wallet,Returned
ORD-001792,CUST-00245,PRD-00141,31-Aug-2025,09/07/2025,5,265.4,0.25,Mobile App,Credit Card,Cancelled
ORD-004101,CUST-00577,PRD-00157,21/09/2025,09/24/2025,9,186.52,0.05,Mobile App,Cash on Delivery,Delivered
ORD-005303,CUST-00723,PRD-00132,28/12/2024,,10,436.68,0.15,Mobile App,Wallet,Delivered
ORD-004420,CUST-00610,PRD-00053,21-Feb-2025,2025-02-28,2,933.2,0.15,Website,Cash on Delivery,Delivered
ORD-000414,CUST-00057,PRD-00039,08/08/2024,08/10/2024,3,2748.05,0.25,Website,Installment,Delivered
ORD-001553,CUST-00209,PRD-00185,2023-12-03,04/12/2023,4,2013.53,0.05,Mobile App,Cash on Delivery,Delivered
ORD-000384,CUST-00049,PRD-00160,2025-04-17,2025-04-19,1,214.1,0.2,Marketplace,Credit Card,Delivered
ORD-005542,CUST-00758,PRD-00163,13-Apr-2025,04/17/2025,8,5049.75,0.0,Marketplace,Installment,Cancelled
ORD-000513,CUST-00069,PRD-00022,02-Sep-2024,04-Sep-2024,3,EGP 14193.82,0.1,Mobile App,Credit Card,Cancelled
ORD-001317,CUST-00177,PRD-00106,2025-01-07,01/09/2025,3,1124.04,0.0,Marketplace,Wallet,Delivered
ORD-004412,CUST-00608,PRD-00056,09/05/2024,07/09/2024,8,1260.88,0.2,Marketplace,Cash on Delivery,Delivered
ORD-000638,CUST-00085,PRD-00149,2023-07-24,,4,93.5,0.0,Website,Wallet,Delivered
ORD-000814,CUST-00109,PRD-00003,30-Aug-2023,2023-09-01,1,1534.69,0.0,Mobile App,Credit Card,Delivered
ORD-005066,CUST-00687,PRD-00076,05/02/2025,2025-02-11,5,2045.06,0.2,Website,Credit Card,Delivered
ORD-004535,CUST-00624,PRD-00068,2023-12-28,2024-01-04,1,1186.92,0.0,Website,Installment,Returned
ORD-004654,CUST-00637,PRD-00028,2024-08-07,08/12/2024,5,6404.22,0.25,Mobile App,Credit Card,Delivered
ORD-002230,CUST-00313,PRD-00021,29-Sep-2024,06-Oct-2024,5,7707.69,0.0,Marketplace,Wallet,Delivered
ORD-005622,CUST-00771,PRD-00059,08/28/2025,2025-09-01,9,1565.88,0.1,Marketplace,Wallet,Delivered
ORD-003096,CUST-00430,PRD-00181,30-Mar-2024,2024-03-31,4,7757.56,0.0,Mobile App,Wallet,Delivered
ORD-005255,CUST-00716,PRD-00180,04/08/2024,,3,6579.05,0.1,Website,Wallet,Delivered
ORD-003291,CUST-00456,PRD-00056,23/03/2025,24/03/2025,7,1260.88,0.2,Website,Credit Card,Delivered
ORD-004294,CUST-00600,PRD-00163,03/10/2025,10/07/2025,7,5049.75,0.05,Marketplace,Cash on Delivery,Pending
ORD-000291,CUST-00038,PRD-00181,14-Oct-2024,2024-10-16,9,7757.56,0.25,Website,Credit Card,Delivered
ORD-004625,CUST-00635,PRD-00152,04/17/2025,21/04/2025,3,23.7,0.0,WEBSITE,Credit Card,Delivered
ORD-002042,CUST-00289,PRD-00026,2024-12-12,17-Dec-2024,3,13374.87,0.05,Marketplace,Credit Card,Cancelled
ORD-001499,CUST-00206,PRD-00054,12/30/2024,2024-12-31,3,1277.14,,Website,Credit Card,Delivered
ORD-000943,CUST-00130,PRD-00170,10-Sep-2024,09/12/2024,8,7690.28,0.05,Mobile App,Installment,Pending
ORD-002920,CUST-00401,PRD-00003,15/10/2024,10/22/2024,4,1534.69,0.0,Website,Wallet,Cancelled
ORD-005811,CUST-00795,PRD-00059,2025-02-19,,2,1565.88,0.0,Mobile App,Credit Card,Delivered
ORD-000630,CUST-00084,PRD-00004,2025-01-20,2025-01-27,4,3744.22,0.05,Mobile App,Wallet,Delivered
ORD-002438,CUST-00339,PRD-00062,18/01/2025,2025-01-19,5,271.83,0.1,Website,Cash on Delivery,Delivered
ORD-004494,CUST-00618,PRD-00059,03/07/2025,03/13/2025,3,1565.88,0.0,Website,Installment,Delivered
ORD-001246,CUST-00169,PRD-00187,08/30/2025,03-Sep-2025,2,5533.15,0.05,Mobile App,Installment,Delivered
ORD-004260,CUST-00597,PRD-00088,28/09/2024,03-Oct-2024,7,EGP 2384.43,0.15,Website,Cash on Delivery,Pending
ORD-004585,CUST-00629,PRD-00031,18/08/2023,21-Aug-2023,3,376.78,0.25,Website,Cash on Delivery,Cancelled
ORD-002282,CUST-00319,PRD-00187,19/05/2024,05/21/2024,5,5533.15,0.05,Marketplace,Credit Card,Delivered
ORD-001919,CUST-00269,PRD-00022,15-Jan-2025,22/01/2025,4,14193.82,0.0,WEBSITE,Credit Card,Returned
ORD-003826,CUST-00534,PRD-00047,07-Feb-2023,10-Feb-2023,5,3368.82,0.0,Website,Wallet,Pending
  ORD-005329  ,CUST-00727,PRD-00077,2024-12-05,12/07/2024,8,3228.9,0.15,Website,Cash on Delivery,Returned
ORD-002281,CUST-00319,PRD-00096,12/31/2024,01/02/2025,9,1013.61,0.1,Marketplace,Wallet,Delivered
ORD-003347,CUST-00460,PRD-00001,31-Oct-2023,,4,3019.28,0.05,Website,Installment,Delivered
ORD-000115,CUST-00016,PRD-00121,2023-11-19,2023-11-23,8,307.1,0.25,Marketplace,Credit Card,Delivered
ORD-005815,CUST-00795,PRD-00024,03-Apr-2025,2025-04-09,5,8840.39,0.0,Website,Credit Card,Delivered
ORD-004405,CUST-00607,PRD-00032,09/11/2024,09/14/2024,2,1547.2,0.15,Mobile App,Installment,Delivered
ORD-002305,CUST-00320,PRD-00183,17/05/2024,05/21/2024,1,6588.34,0.0,Website,Credit Card,Returned
ORD-002213,CUST-00312,PRD-00004,22-Feb-2024,02/27/2024,4,3744.22,0.2,Mobile App,Wallet,Pending
ORD-000305,CUST-00039,PRD-00135,16/07/2024,23-Jul-2024,3,55.83,0.25,Website,Cash on Delivery,Delivered
ORD-000402,CUST-00053,PRD-00065,2023-11-14,18/11/2023,3,1220.64,0.1,Marketplace,Credit Card,Delivered
ORD-000686,CUST-00091,PRD-00125,11-Mar-2025,,3,151.72,0.25,Mobile App,Credit Card,Delivered
ORD-001393,CUST-00189,PRD-00146,07-Apr-2024,10-Apr-2024,2,194.39,0.25,Mobile App,Installment,Cancelled
ORD-004325,CUST-00602,PRD-00049,15/02/2024,2024-02-21,4,3627.21,0.0,Marketplace,Credit Card,Delivered
ORD-000098,CUST-00013,PRD-00086,11/17/2023,23/11/2023,3,1754.49,0.15,MOBILE APP,Installment,Cancelled
ORD-001812,CUST-00251,PRD-00188,22-Aug-2025,27/08/2025,3,235.83,0.0,Marketplace,Cash on Delivery,Cancelled
ORD-000905,CUST-00125,PRD-00155,2023-12-07,14/12/2023,2,228.62,0.0,Marketplace,wallet,Delivered
ORD-001862,CUST-00260,PRD-00045,07/05/2023,12/07/2023,8,4956.18,0.1,Website,Cash on Delivery,Delivered
ORD-000625,CUST-00084,PRD-00034,2025-01-09,01/14/2025,3,4894.09,0.0,Marketplace,installment,Cancelled
ORD-000371,CUST-00046,PRD-00055,19-Mar-2023,24/03/2023,3,2089.61,0.05,Marketplace,Cash on Delivery,Delivered
ORD-002475,CUST-00342,PRD-00020,11/25/2024,11/27/2024,7,9661.76,0.05,Marketplace,Cash on Delivery,Pending
ORD-003542,CUST-00487,PRD-00010,22/09/2025,23/09/2025,2,2297.75,0.0,Website,Wallet,Delivered
ORD-003356,CUST-00461,PRD-00093,09/13/2025,15-Sep-2025,1,327.87,0.2,Marketplace,Credit Card,Delivered
ORD-002823,CUST-00382,PRD-00104,2024-12-04,08-Dec-2024,7,698.62,0.0,Mobile App,Installment,Delivered
ORD-001532,CUST-00207,PRD-00073,2025-01-21,28-Jan-2025,4,2603.44,0.0,Website,Cash on Delivery,Delivered
ORD-001074,CUST-00146,PRD-00149,03/03/2025,08/03/2025,4,93.5,0.15,Website,Wallet,Delivered
ORD-004227,CUST-00591,PRD-00079,01-Dec-2024,12/05/2024,3,646.3,0.05,Website,Credit Card,Pending
ORD-002461,CUST-00340,PRD-00143,03-Jan-2024,2024-01-04,1,174.65,0.0,Mobile App,Cash on Delivery,Delivered
ORD-002878,CUST-00393,PRD-00129,05/17/2024,05/20/2024,4,23.89,0.15,Mobile App,Installment,Delivered
ORD-001965,CUST-00282,PRD-00136,2025-12-27,2025-12-29,5,EGP 310.7,0.0,Mobile App,Installment,Delivered
ORD-001813,CUST-00251,PRD-00006,2025-07-21,22/07/2025,4,4094.1,0.2,Website,cash on delivery,Returned
ORD-005633,CUST-00771,PRD-00029,07-Dec-2025,12/14/2025,10,1141.21,0.0,Marketplace,Installment,Delivered
ORD-003817,CUST-00529,PRD-00082,02/22/2024,23/02/2024,2,1269.02,0.2,Mobile App,Cash on Delivery,Delivered
ORD-005745,CUST-00788,PRD-00094,23-Jul-2024,2024-07-27,2,286.11,0.0,Mobile App,Credit Card,Delivered
ORD-000268,CUST-00033,PRD-00109,07/03/2023,08/07/2023,7,252.4,0.25,Mobile App,Installment,Delivered
ORD-005127,CUST-00698,PRD-00084,25-Dec-2023,,5,600.09,,Website,Credit Card,Cancelled
ORD-003532,CUST-00487,PRD-00167,09/18/2025,20-Sep-2025,1,EGP 741.81,0.0,Marketplace,Installment,Delivered
ORD-001447,CUST-00196,PRD-00041,27-Jun-2023,,3,1168.7,0.0,Mobile App,Wallet,Pending
ORD-002035,CUST-00288,PRD-00097,12/14/2023,2023-12-18,3,550.73,0.0,Website,Cash on Delivery,Delivered
ORD-000051,CUST-00006,PRD-00158,09/13/2023,09/20/2023,4,308.65,0.0,Marketplace,Credit Card,Delivered
ORD-000095,CUST-00011,PRD-00173,01/08/2024,2024-08-06,10,1584.06,0.0,Website,Wallet,Delivered
ORD-003224,CUST-00444,PRD-00155,2024-04-29,2024-05-04,3,228.62,0.15,Mobile App,Credit Card,Delivered
ORD-005581,CUST-00765,PRD-00120,18-Dec-2023,21/12/2023,4,538.56,0.0,Mobile App,cash on delivery,Delivered
ORD-000531,CUST-00072,PRD-00006,02/14/2025,19/02/2025,2,EGP 4094.1,0.0,Marketplace,Installment,Pending
ORD-001285,CUST-00173,PRD-00024,06/30/2024,02-Jul-2024,8,EGP 8840.39,0.05,Marketplace,Installment,Delivered
ORD-002033,CUST-00288,PRD-00181,11/19/2024,11/23/2024,4,7757.56,0.0,MARKETPLACE,Installment,Delivered
ORD-005293,CUST-00722,PRD-00165,26-Aug-2023,31/08/2023,1,1559.9,0.0,WEBSITE,Installment,Delivered
ORD-002298,CUST-00320,PRD-00054,2023-03-29,31/03/2023,5,1277.14,0.25,Mobile App,Cash on Delivery,Delivered
ORD-001177,CUST-00162,PRD-00057,10/02/2025,15-Feb-2025,8,5493.06,0.0,Website,Cash on Delivery,Delivered
ORD-003392,CUST-00466,PRD-00021,11/15/2024,2024-11-16,5,EGP 7707.69,0.25,Marketplace,Cash on Delivery,Pending
ORD-002563,CUST-00354,PRD-00063,26-Dec-2024,12/29/2024,5,EGP 3118.2,,Website,Installment,Delivered
ORD-004950,CUST-00672,PRD-00033,22/09/2024,28/09/2024,3,1947.05,0.1,Website,Credit Card,Delivered
ORD-003598,CUST-00494,PRD-00034,11/07/2025,12-Nov-2025,6,4894.09,0.0,Website,Wallet,Delivered
ORD-004332,CUST-00603,PRD-00139,07/27/2025,2025-08-03,10,195.93,0.1,Marketplace,Credit Card,Delivered
ORD-004132,CUST-00584,PRD-00042,14-Sep-2024,2024-09-18,9,1460.4,0.1,Website,Installment,Pending
ORD-004258,CUST-00597,PRD-00170,18-Oct-2023,2023-10-24,9,7690.28,0.15,Website,Wallet,Pending
ORD-000573,CUST-00078,PRD-00134,27-Mar-2024,02-Apr-2024,6,165.0,,Marketplace,Cash on Delivery,Delivered
ORD-004581,CUST-00629,PRD-00081,11/08/2024,18/08/2024,3,2904.61,0.25,Website,Wallet,Pending
ORD-004659,CUST-00638,PRD-00126,24-May-2024,27/05/2024,1,340.64,0.0,Marketplace,Installment,Returned
ORD-003776,CUST-00522,PRD-00150,07/19/2025,07/21/2025,4,84.86,0.0,Mobile App,Cash on Delivery,Pending
ORD-004429,CUST-00611,PRD-00149,19/03/2023,23-Mar-2023,8,93.5,0.05,Mobile App,Cash on Delivery,Pending
ORD-005700,CUST-00780,PRD-00183,05/04/2025,05/06/2025,3,6588.34,0.2,Marketplace,Wallet,Delivered
ORD-004532,CUST-00623,PRD-00179,2023-06-02,,3,2311.13,0.1,Marketplace,Installment,Delivered
ORD-002787,CUST-00378,PRD-00115,2023-08-16,2023-08-19,2,290.78,0.25,Website,Wallet,Delivered
ORD-004135,CUST-00585,PRD-00044,22/04/2023,26-Apr-2023,10,3309.62,0.2,MOBILE APP,Cash on Delivery,Returned
ORD-003367,CUST-00461,PRD-00131,15/09/2024,09/17/2024,1,361.41,0.25,Website,Installment,Delivered
ORD-002747,CUST-00374,PRD-00166,05/26/2023,05/27/2023,10,1361.3,0.0,Website,Wallet,Pending
ORD-005334,CUST-00727,PRD-00017,2023-05-30,06/03/2023,9,4224.65,0.0,Website,Installment,Delivered
ORD-002110,CUST-00296,PRD-00034,11/06/2023,11/11/2023,7,4894.09,0.25,Marketplace,Installment,Delivered
ORD-002087,CUST-00294,PRD-00100,31/05/2025,2025-06-04,1,555.91,0.0,Mobile App,Cash on Delivery,Delivered
ORD-003787,CUST-00526,PRD-00085,13-Jul-2025,,7,265.37,0.0,Marketplace,Credit Card,Delivered
ORD-001791,CUST-00245,PRD-00182,2024-12-19,24-Dec-2024,5,4312.02,0.05,Mobile App,Wallet,Delivered
ORD-003530,CUST-00486,PRD-00057,2025-09-10,17/09/2025,1,5493.06,0.0,Marketplace,Cash on Delivery,Delivered
ORD-000331,CUST-00041,PRD-00057,11/09/2024,2024-11-16,4,5493.06,0.2,WEBSITE,Wallet,Delivered
ORD-003229,CUST-00445,PRD-00106,17-Jun-2023,20/06/2023,5,1124.04,0.25,Mobile App,Installment,Delivered
ORD-001848,CUST-00258,PRD-00049,2024-06-17,06/23/2024,5,3627.21,0.2,Website,Installment,Cancelled
ORD-003770,CUST-00522,PRD-00045,03/23/2025,25/03/2025,4,4956.18,0.0,Marketplace,cash on delivery,Delivered
ORD-004875,CUST-00665,PRD-00011,03/11/2023,11/09/2023,5,2785.74,0.0,Website,Cash on Delivery,Cancelled
ORD-003390,CUST-00466,PRD-00020,2025-10-26,01/11/2025,2,9661.76,0.0,Marketplace,Cash on Delivery,Cancelled
ORD-001977,CUST-00283,PRD-00142,11-May-2025,17-May-2025,500,29.02,0.15,Mobile App,Installment,Delivered
ORD-003891,CUST-00545,PRD-00109,24-Dec-2023,29-Dec-2023,6,252.4,0.15,Mobile App,Installment,Returned
ORD-004017,CUST-00564,PRD-00071,18-May-2023,05/24/2023,1,657.42,0.0,Mobile App,Credit Card,Cancelled
ORD-001162,CUST-00159,PRD-00119,2025-05-02,04-May-2025,2,EGP 898.59,0.2,Marketplace,Cash on Delivery,Delivered
ORD-001962,CUST-00280,PRD-00004,02-Nov-2023,05-Nov-2023,1,3744.22,,Mobile App,Wallet,Pending
ORD-005697,CUST-00780,PRD-00025,06/09/2024,09/07/2024,5,15750.99,0.25,Website,Credit Card,Delivered
ORD-002735,CUST-00373,PRD-00166,30-Dec-2025,02-Jan-2026,2,1361.3,0.15,Website,Credit Card,Returned
ORD-004839,CUST-00660,PRD-00109,05-Dec-2023,11/12/2023,10,252.4,0.0,Marketplace,Wallet,Delivered
ORD-000007,CUST-00002,PRD-00065,22-Apr-2025,24/04/2025,5,1220.64,0.0,Website,Cash on Delivery,Pending
ORD-000124,CUST-00017,PRD-00096,2025-11-15,2025-11-18,3,1013.61,0.0,Mobile App,Credit Card,Returned
ORD-004776,CUST-00653,PRD-00011,10-Apr-2025,16-Apr-2025,3,2785.74,,Marketplace,Wallet,Cancelled
ORD-002150,CUST-00301,PRD-00110,01/10/2023,2023-01-16,5,EGP 443.5,0.0,Website,Wallet,Delivered
ORD-000895,CUST-00124,PRD-00047,2023-09-30,03/10/2023,5,3368.82,0.2,Website,Wallet,Delivered
ORD-001608,CUST-00215,PRD-00121,02/25/2025,01/03/2025,7,307.1,0.0,Marketplace,cash on delivery,Returned
ORD-003731,CUST-00516,PRD-00020,25/10/2025,10/29/2025,4,9661.76,0.0,Website,Credit Card,Delivered
ORD-001052,CUST-00145,PRD-00162,2024-03-18,24-Mar-2024,2,1009.35,0.0,Marketplace,Credit Card,Delivered
  ORD-000655  ,CUST-00088,PRD-00022,2024-11-22,25-Nov-2024,2,14193.82,0.25,Marketplace,Cash on Delivery,Delivered
ORD-004809,CUST-00656,PRD-00003,2023-11-02,03-Nov-2023,4,1534.69,0.0,Marketplace,Cash on Delivery,Delivered
ORD-002939,CUST-00407,PRD-00011,12/17/2023,2023-12-22,3,2785.74,0.0,Marketplace,Credit Card,Delivered
ORD-004865,CUST-00665,PRD-00024,13-Jul-2023,18/07/2023,5,8840.39,,Marketplace,Wallet,Delivered
ORD-004237,CUST-00592,PRD-00013,11/15/2023,19-Nov-2023,2,5695.33,0.0,Website,Installment,Delivered
ORD-005137,CUST-00699,PRD-00003,2025-05-09,2025-05-12,9,1534.69,0.05,Mobile App,Cash on Delivery,Delivered
ORD-001914,CUST-00268,PRD-00046,24/06/2024,06/25/2024,2,1161.95,0.15,Website,Credit Card,Pending
ORD-001304,CUST-00176,PRD-00072,03/11/2023,,4,2087.47,0.0,Mobile App,Credit Card,Delivered
ORD-005449,CUST-00742,PRD-00110,22/04/2025,2025-04-24,5,443.5,0.0,Website,Wallet,Pending
ORD-005524,CUST-00755,PRD-00147,05/09/2025,13-May-2025,1,EGP 222.8,0.0,Mobile App,Cash on Delivery,Delivered
ORD-004282,CUST-00598,PRD-00092,04-Nov-2023,11/06/2023,2,727.52,0.0,Mobile App,Installment,Delivered
ORD-005344,CUST-00728,PRD-00185,14/11/2023,,1,2013.53,0.0,Marketplace,Wallet,Delivered
ORD-000304,CUST-00039,PRD-00078,07/25/2023,07/27/2023,4,803.87,0.0,MOBILE APP,Installment,Delivered
ORD-000664,CUST-00090,PRD-00032,2025-11-09,16/11/2025,3,1547.2,0.0,Mobile App,Credit Card,Delivered
ORD-005288,CUST-00722,PRD-00152,05-Sep-2023,11/09/2023,3,23.7,0.05,Mobile App,Wallet,Returned
ORD-000994,CUST-00136,PRD-00010,20/08/2025,23/08/2025,1,2297.75,0.1,Marketplace,Cash on Delivery,Pending
ORD-002901,CUST-00400,PRD-00126,2023-02-03,07/02/2023,10,340.64,0.05,Marketplace,Installment,Pending
ORD-002160,CUST-00303,PRD-00013,2024-09-20,23/09/2024,3,5695.33,0.0,Website,Wallet,Returned
ORD-004328,CUST-00602,PRD-00029,09/25/2023,29/09/2023,4,1141.21,0.2,Mobile App,Credit Card,Cancelled
ORD-003205,CUST-00441,PRD-00079,17/10/2024,10/21/2024,3,646.3,,Marketplace,wallet,Delivered
ORD-003190,CUST-00440,PRD-00118,2024-03-15,2024-03-21,1,341.03,0.0,Mobile App,Installment,Pending
ORD-005139,CUST-00699,PRD-00101,13/03/2024,03/19/2024,5,658.37,0.2,Mobile App,credit card,Delivered
ORD-003326,CUST-00459,PRD-00038,27/09/2023,02-Oct-2023,1,2707.61,0.25,Marketplace,Wallet,Pending
ORD-001324,CUST-00178,PRD-00123,09/06/2025,06/15/2025,10,83.93,,Marketplace,Wallet,Delivered
ORD-005574,CUST-00764,PRD-00092,10/10/2024,,4,EGP 727.52,0.1,Website,Wallet,Delivered
ORD-002604,CUST-00357,PRD-00094,06-Sep-2025,12-Sep-2025,3,286.11,0.15,Mobile App,Cash on Delivery,Returned
ORD-000312,CUST-00040,PRD-00181,24-Feb-2025,02/22/2025,5,7757.56,0.0,Marketplace,Wallet,Cancelled
ORD-004936,CUST-00671,PRD-00172,2024-01-26,28-Jan-2024,9,4391.94,0.0,Mobile App,Credit Card,Pending
ORD-005495,CUST-00751,PRD-00136,17-Feb-2023,02/22/2023,6,310.7,0.0,Mobile App,Credit Card,Delivered
ORD-005022,CUST-00682,PRD-00033,20-Jun-2024,27/06/2024,7,EGP 1947.05,0.05,Mobile App,Cash on Delivery,Delivered
ORD-000419,CUST-00057,PRD-00154,03/09/2023,09/07/2023,4,175.83,,Website,Credit Card,Delivered
ORD-005583,CUST-00765,PRD-00091,24-Dec-2025,2025-12-31,4,1667.87,0.2,Marketplace,Installment,Delivered
ORD-002093,CUST-00295,PRD-00084,17-Nov-2025,11/24/2025,7,600.09,0.0,Website,Installment,Delivered
ORD-001159,CUST-00159,PRD-00108,24-Oct-2024,2024-10-26,2,230.98,0.05,MARKETPLACE,Wallet,Delivered
ORD-005593,CUST-00765,PRD-00074,2024-08-28,01-Sep-2024,1,396.44,0.0,Website,Installment,Delivered
ORD-003508,CUST-00483,PRD-00091,06-Apr-2025,2025-04-10,1,1667.87,0.05,Website,Cash on Delivery,Pending
ORD-002300,CUST-00320,PRD-00038,02-Jun-2024,08/06/2024,4,EGP 2707.61,0.15,Website,Cash on Delivery,Delivered
ORD-002181,CUST-00307,PRD-00054,08-Oct-2023,10-Oct-2023,3,1277.14,0.0,Mobile App,Cash on Delivery,Delivered
ORD-002975,CUST-00414,PRD-00141,03/17/2025,20/03/2025,4,265.4,0.15,Marketplace,Credit Card,Delivered
ORD-001751,CUST-00239,PRD-00177,19/04/2023,23-Apr-2023,8,5234.78,,Mobile App,Installment,Delivered
ORD-005205,CUST-00705,PRD-00178,15-Jun-2024,2024-06-16,2,583.55,0.0,Mobile App,Credit Card,Delivered
ORD-000225,CUST-00030,PRD-00165,09/10/2024,17-Sep-2024,3,1559.9,0.1,Marketplace,Credit Card,Delivered
ORD-003814,CUST-00529,PRD-00031,21/03/2024,,1,376.78,0.0,Marketplace,Wallet,Delivered
ORD-000447,CUST-00059,PRD-00002,12/04/2025,2025-04-18,5,9414.07,0.0,Mobile App,Installment,Returned
ORD-003630,CUST-00498,PRD-00070,03/09/2023,12-Mar-2023,2,1062.89,0.2,MARKETPLACE,Credit Card,Delivered
ORD-000211,CUST-00029,PRD-00112,05/16/2023,22/05/2023,4,422.18,0.0,Marketplace,Installment,Delivered
ORD-003984,CUST-00560,PRD-00178,20/07/2024,2024-07-27,4,583.55,0.0,Mobile App,Credit Card,Delivered
ORD-001753,CUST-00239,PRD-00188,06/29/2023,02-Jul-2023,6,235.83,0.2,Mobile App,Wallet,Delivered
ORD-001225,CUST-00168,PRD-00063,21-Nov-2024,25/11/2024,7,3118.2,0.25,Mobile App,Credit Card,Delivered
ORD-004268,CUST-00598,PRD-00172,2023-03-22,24-Mar-2023,3,4391.94,0.0,Website,Installment,Delivered
  ORD-004830  ,CUST-00658,PRD-00046,2025-06-28,07/04/2025,3,1161.95,0.0,Marketplace,Installment,Returned
ORD-002844,CUST-00387,PRD-00124,12/30/2025,2026-01-06,3,152.17,0.1,Mobile App,Credit Card,Cancelled
ORD-003445,CUST-00473,PRD-00124,2025-06-05,06/06/2025,5,152.17,0.05,Marketplace,Wallet,Delivered
ORD-002295,CUST-00319,PRD-00098,11/07/2025,10-Nov-2025,5,718.7,0.15,Mobile App,Wallet,Delivered
ORD-000172,CUST-00022,PRD-00029,2023-11-11,,6,1141.21,0.0,Website,Cash on Delivery,Pending
ORD-002712,CUST-00372,PRD-00110,01/23/2024,01/29/2024,4,443.5,0.05,Website,Installment,Pending
ORD-000241,CUST-00032,PRD-00155,17-Sep-2023,2023-09-20,1,228.62,0.15,Marketplace,Cash on Delivery,Delivered
ORD-005145,CUST-00700,PRD-00159,16-Mar-2023,,1,195.16,,Website,Cash on Delivery,Delivered
ORD-005150,CUST-00700,PRD-00057,04/04/2023,06-Apr-2023,2,5493.06,,Website,Installment,Delivered
ORD-002297,CUST-00320,PRD-00111,28-Jan-2025,2025-02-01,3,291.55,0.15,Mobile App,Wallet,Delivered
ORD-003288,CUST-00456,PRD-00137,2024-12-18,19-Dec-2024,8,328.81,0.0,Mobile App,Wallet,Delivered
ORD-003676,CUST-00506,PRD-00048,06/08/2023,06/10/2023,5,EGP 616.54,0.0,Mobile App,Credit Card,Delivered
ORD-003835,CUST-00537,PRD-00071,2023-03-22,03/25/2023,2,657.42,0.0,Website,Cash on Delivery,Delivered
ORD-003093,CUST-00430,PRD-00153,11/12/2025,12/14/2025,5,EGP 321.69,0.15,Marketplace,Wallet,Returned
ORD-002737,CUST-00373,PRD-00146,08/27/2024,31-Aug-2024,3,194.39,0.0,Website,Wallet,Delivered
ORD-002194,CUST-00308,PRD-00078,18-Apr-2024,,1,803.87,0.1,Marketplace,Installment,Returned
ORD-003285,CUST-00455,PRD-00108,09/14/2024,17-Sep-2024,5,EGP 230.98,0.2,Website,Installment,Returned
ORD-003158,CUST-00437,PRD-00160,2024-03-26,31-Mar-2024,5,214.1,,Marketplace,Cash on Delivery,Delivered
ORD-005010,CUST-00678,PRD-00175,13/07/2024,20/07/2024,8,3144.98,0.15,Mobile App,Wallet,Delivered
ORD-002817,CUST-00381,PRD-00127,17-Oct-2025,10/23/2025,3,252.66,,Website,Wallet,Returned
ORD-001830,CUST-00254,PRD-00150,05-Aug-2025,06-Aug-2025,5,84.86,0.0,Marketplace,Credit Card,Delivered
ORD-003577,CUST-00492,PRD-00084,05/08/2023,2023-05-15,6,600.09,0.25,Mobile App,Cash on Delivery,Delivered
ORD-001986,CUST-00284,PRD-00025,27-Sep-2025,30/09/2025,2,15750.99,0.25,Mobile App,Credit Card,Delivered
ORD-000712,CUST-00097,PRD-00115,14-Nov-2024,2024-11-21,2,290.78,0.2,MARKETPLACE,Wallet,Delivered
ORD-001407,CUST-00191,PRD-00056,2023-03-14,03/19/2023,10,1260.88,0.05,Mobile App,Cash on Delivery,Delivered
ORD-004378,CUST-00605,PRD-00006,28/11/2024,2024-12-02,3,4094.1,0.2,Marketplace,Credit Card,Delivered
ORD-005487,CUST-00751,PRD-00015,29-Nov-2025,2025-12-05,8,5715.8,0.2,MARKETPLACE,Installment,Cancelled
ORD-005624,CUST-00771,PRD-00013,2025-03-11,2025-03-15,7,EGP 5695.33,0.25,Mobile App,Credit Card,Pending
ORD-001895,CUST-00264,PRD-00029,06-Mar-2025,11/03/2025,2,1141.21,0.2,Marketplace,Credit Card,Delivered
ORD-000299,CUST-00038,PRD-00107,11/03/2025,03/16/2025,8,803.85,0.2,Website,wallet,Cancelled
ORD-000528,CUST-00072,PRD-00183,13-Jun-2023,15-Jun-2023,3,6588.34,0.0,Marketplace,Credit Card,Delivered
  ORD-000650  ,CUST-00086,PRD-00004,28/09/2024,01/10/2024,2,3744.22,0.15,Mobile App,Installment,Delivered
ORD-005455,CUST-00743,PRD-00157,2024-11-18,2024-11-22,2,EGP 186.52,0.0,Website,Wallet,Delivered
ORD-000707,CUST-00096,PRD-00069,11/02/2025,2025-11-06,4,1039.35,0.25,Website,Credit Card,Returned
ORD-005511,CUST-00753,PRD-00083,2025-02-15,2025-02-16,2,1673.7,0.0,Mobile App,Credit Card,Delivered
ORD-004464,CUST-00614,PRD-00004,25-Apr-2024,2024-04-27,4,3744.22,0.25,MARKETPLACE,Credit Card,Cancelled
ORD-002108,CUST-00296,PRD-00101,21-Mar-2025,24-Mar-2025,3,658.37,0.1,Marketplace,Cash on Delivery,Delivered
ORD-002986,CUST-00415,PRD-00088,13/11/2023,11/16/2023,5,2384.43,0.1,Mobile App,cash on delivery,Returned
ORD-005628,CUST-00771,PRD-00034,2024-07-18,22/07/2024,3,4894.09,0.0,Mobile App,Wallet,Returned
ORD-005355,CUST-00730,PRD-00120,13-Dec-2023,19-Dec-2023,10,538.56,0.1,Mobile App,Cash on Delivery,Delivered
ORD-001319,CUST-00177,PRD-00090,2024-09-28,03-Oct-2024,4,1391.99,0.0,Marketplace,Credit Card,Delivered
ORD-003889,CUST-00545,PRD-00178,06/25/2024,26-Jun-2024,4,583.55,0.0,Website,Installment,Cancelled
ORD-002303,CUST-00320,PRD-00043,26-Dec-2025,31/12/2025,5,670.88,0.25,Marketplace,Credit Card,Cancelled
ORD-004151,CUST-00587,PRD-00019,22/11/2025,29-Nov-2025,10,5919.72,0.0,Marketplace,Wallet,Delivered
ORD-003048,CUST-00425,PRD-00124,2023-12-09,12/15/2023,2,152.17,0.0,Mobile App,Wallet,Delivered
ORD-000405,CUST-00055,PRD-00053,18-Jun-2024,23/06/2024,6,933.2,0.25,Mobile App,Installment,Returned
ORD-004445,CUST-00613,PRD-00078,2024-12-25,28/12/2024,9,803.87,0.25,Website,Wallet,Delivered
ORD-003113,CUST-00431,PRD-00063,14-Sep-2023,19/09/2023,2,3118.2,0.0,MARKETPLACE,Cash on Delivery,Delivered
ORD-000168,CUST-00022,PRD-00035,27-Nov-2025,01/12/2025,7,4561.67,0.2,Marketplace,Wallet,Delivered
ORD-002802,CUST-00381,PRD-00082,12/26/2023,31-Dec-2023,4,1269.02,0.2,Website,Credit Card,Delivered
ORD-002791,CUST-00378,PRD-00159,19-Jun-2025,20/06/2025,1,195.16,0.1,Marketplace,Installment,Cancelled
ORD-002923,CUST-00401,PRD-00040,2024-07-04,07/09/2024,7,1977.22,0.15,Marketplace,Credit Card,Pending
ORD-003379,CUST-00463,PRD-00070,2024-02-13,17/02/2024,2,1062.89,0.2,Mobile App,Wallet,Delivered
ORD-000663,CUST-00089,PRD-00068,2024-12-02,2024-12-06,4,1186.92,0.1,Mobile App,Credit Card,Delivered
  ORD-005478  ,CUST-00748,PRD-00151,2023-06-27,28-Jun-2023,4,125.16,0.15,Marketplace,Credit Card,Delivered
ORD-003035,CUST-00423,PRD-00182,03-Aug-2024,09/08/2024,3,4312.02,0.0,Marketplace,Installment,Delivered
ORD-003222,CUST-00444,PRD-00140,03-Feb-2025,10-Feb-2025,1,168.61,0.1,MOBILE APP,Credit Card,Delivered
ORD-002702,CUST-00371,PRD-00179,22/11/2024,11/28/2024,5,2311.13,0.0,Marketplace,Credit Card,Returned
ORD-001155,CUST-00157,PRD-00129,08-Dec-2024,09/12/2024,6,23.89,0.05,Mobile App,Installment,Pending
ORD-003885,CUST-00545,PRD-00181,12/02/2024,2024-12-08,8,7757.56,0.0,Mobile App,Credit Card,Delivered
ORD-001032,CUST-00143,PRD-00073,2023-02-07,09-Feb-2023,4,2603.44,0.1,Mobile App,Cash on Delivery,Delivered
ORD-004338,CUST-00603,PRD-00188,02/03/2024,02/08/2024,10,EGP 235.83,0.0,Mobile App,Cash on Delivery,Pending
ORD-005834,CUST-00800,PRD-00053,02/06/2025,09/06/2025,8,933.2,0.0,Mobile App,Cash on Delivery,Delivered
ORD-001541,CUST-00208,PRD-00091,29-Sep-2023,10/04/2023,5,1667.87,0.0,Mobile App,credit card,Delivered
ORD-000082,CUST-00010,PRD-00010,09/05/2024,14/05/2024,3,EGP 2297.75,0.25,Mobile App,Credit Card,Delivered
ORD-003001,CUST-00417,PRD-00014,16-Feb-2025,02/18/2025,8,3474.75,0.15,Website,Installment,Returned
ORD-000739,CUST-00099,PRD-00054,08/19/2024,08/21/2024,5,1277.14,0.0,Marketplace,Cash on Delivery,Cancelled
ORD-002882,CUST-00395,PRD-00187,24/01/2023,01/28/2023,2,5533.15,0.0,Website,Installment,Delivered
ORD-000309,CUST-00040,PRD-00042,04/10/2024,,4,1460.4,0.15,Mobile App,Installment,Pending
ORD-003097,CUST-00430,PRD-00143,05/12/2024,2024-12-10,3,174.65,0.0,Marketplace,Wallet,Delivered
ORD-000018,CUST-00005,PRD-00022,11/07/2025,17-Jul-2025,9,14193.82,0.2,Marketplace,Credit Card,Delivered
ORD-004653,CUST-00637,PRD-00172,29-Jan-2024,2024-01-30,4,4391.94,0.05,Website,cash on delivery,Delivered
ORD-004556,CUST-00626,PRD-00065,09/27/2024,30/09/2024,1,1220.64,0.25,Website,Cash on Delivery,Delivered
ORD-002263,CUST-00317,PRD-00178,2025-12-30,2025-12-31,1,583.55,0.0,Marketplace,Installment,Cancelled
ORD-002719,CUST-00372,PRD-00092,29-May-2023,06/04/2023,5,EGP 727.52,0.2,Marketplace,Cash on Delivery,Delivered
ORD-003726,CUST-00516,PRD-00180,04/10/2025,09/10/2025,1,6579.05,0.0,Marketplace,Cash on Delivery,Delivered
ORD-003534,CUST-00487,PRD-00027,2025-02-13,18/02/2025,1,6528.78,,Website,Cash on Delivery,Cancelled
ORD-004443,CUST-00613,PRD-00153,21-Aug-2024,26/08/2024,7,321.69,0.0,Mobile App,Wallet,Delivered
ORD-002141,CUST-00300,PRD-00078,02/22/2024,26-Feb-2024,10,803.87,0.15,Mobile App,Cash on Delivery,Cancelled
ORD-001179,CUST-00162,PRD-00031,06/15/2024,2024-06-19,5,376.78,0.0,Website,Installment,Delivered
ORD-001574,CUST-00210,PRD-00096,22-Nov-2024,26/11/2024,5,1013.61,0.0,WEBSITE,Wallet,Returned
ORD-005381,CUST-00731,PRD-00078,26-Aug-2024,09/02/2024,3,803.87,0.25,Website,Installment,Delivered
ORD-000498,CUST-00067,PRD-00048,12/23/2023,2023-12-30,1,616.54,0.0,Website,Cash on Delivery,Delivered
ORD-000080,CUST-00010,PRD-00103,07/26/2023,07/29/2023,1,275.52,0.0,Marketplace,Credit Card,Delivered
ORD-002360,CUST-00330,PRD-00178,2024-01-22,23-Jan-2024,5,583.55,0.1,Website,Credit Card,Pending
ORD-001620,CUST-00217,PRD-00126,12/10/2025,2025-10-14,4,340.64,0.05,Mobile App,Installment,Delivered
ORD-004647,CUST-00636,PRD-00039,19-Jun-2024,24/06/2024,1,2748.05,0.1,Mobile App,credit card,Returned
ORD-002111,CUST-00296,PRD-00131,2023-01-20,26/01/2023,8,361.41,,Marketplace,Cash on Delivery,Delivered
ORD-001584,CUST-00212,PRD-00066,2023-11-25,27-Nov-2023,1,531.75,0.0,Mobile App,Wallet,Delivered
ORD-002805,CUST-00381,PRD-00024,08/04/2025,14/04/2025,8,8840.39,0.0,WEBSITE,Cash on Delivery,Delivered
ORD-001219,CUST-00167,PRD-00007,04/09/2025,2025-04-12,1,5375.75,0.0,WEBSITE,Wallet,Cancelled
ORD-003396,CUST-00467,PRD-00040,05/12/2025,05/19/2025,5,1977.22,0.2,Marketplace,Installment,Cancelled
ORD-001176,CUST-00162,PRD-00073,18-Mar-2023,23-Mar-2023,4,2603.44,0.0,Website,Wallet,Delivered
ORD-005191,CUST-00705,PRD-00154,25/11/2024,26-Nov-2024,3,175.83,0.25,Mobile App,Credit Card,Delivered
ORD-005409,CUST-00735,PRD-00119,02/02/2023,02/05/2023,1,898.59,0.2,Website,Wallet,Delivered
ORD-003465,CUST-00477,PRD-00053,15-May-2023,2023-05-20,2,933.2,0.25,Marketplace,Installment,Delivered
ORD-004153,CUST-00587,PRD-00082,17/04/2025,22-Apr-2025,10,1269.02,0.0,Mobile App,Cash on Delivery,Delivered
ORD-005767,CUST-00791,PRD-00080,09/23/2024,29/09/2024,6,1092.22,0.0,Mobile App,Wallet,Delivered
ORD-001562,CUST-00210,PRD-00088,12-Dec-2024,2024-12-14,8,EGP 2384.43,0.2,Website,Installment,Cancelled
ORD-005100,CUST-00694,PRD-00112,2025-10-26,10/29/2025,2,422.18,0.05,Marketplace,Installment,Delivered
ORD-005123,CUST-00697,PRD-00003,12/15/2025,2025-12-17,2,1534.69,0.0,Marketplace,Credit Card,Delivered
ORD-001422,CUST-00191,PRD-00033,12/12/2024,,10,EGP 1947.05,0.0,Website,Wallet,Returned
ORD-002355,CUST-00329,PRD-00114,08/26/2025,31/08/2025,8,864.91,0.1,Mobile App,Wallet,Delivered
ORD-001455,CUST-00200,PRD-00169,18/08/2024,08/19/2024,5,3779.35,0.0,Mobile App,Credit Card,Cancelled
ORD-004563,CUST-00627,PRD-00182,10-Jul-2025,07/12/2025,4,4312.02,0.25,Marketplace,Credit Card,Delivered
ORD-000450,CUST-00059,PRD-00009,18/11/2025,11/25/2025,3,1433.71,0.0,Website,Cash on Delivery,Pending
ORD-004235,CUST-00592,PRD-00074,01/22/2023,25/01/2023,2,396.44,0.0,Mobile App,Cash on Delivery,Delivered
ORD-003237,CUST-00449,PRD-00019,2025-04-28,30/04/2025,2,5919.72,0.0,Website,Cash on Delivery,Delivered
ORD-000703,CUST-00096,PRD-00032,25-Mar-2023,29-Mar-2023,5,1547.2,0.0,Marketplace,Installment,Delivered
ORD-001033,CUST-00143,PRD-00092,10/14/2023,2023-10-17,5,727.52,0.25,Marketplace,Credit Card,Delivered
ORD-003897,CUST-00547,PRD-00003,2023-08-11,18-Aug-2023,7,1534.69,0.15,Website,wallet,Returned
ORD-002694,CUST-00371,PRD-00169,12/31/2023,06-Jan-2024,4,3779.35,0.0,Mobile App,Cash on Delivery,Delivered
ORD-000954,CUST-00131,PRD-00021,10/08/2024,2024-10-13,4,7707.69,0.0,Marketplace,Installment,Delivered
ORD-003179,CUST-00439,PRD-00104,11/02/2023,15-Feb-2023,6,EGP 698.62,0.0,Website,Cash on Delivery,Cancelled
ORD-005778,CUST-00791,PRD-00087,2024-09-06,13-Sep-2024,6,937.05,0.15,Website,Credit Card,Delivered
ORD-005765,CUST-00791,PRD-00028,17-Jun-2025,23/06/2025,3,6404.22,0.0,Marketplace,Cash on Delivery,Delivered
ORD-004415,CUST-00609,PRD-00166,13-Apr-2025,04/16/2025,4,1361.3,0.0,Website,Cash on Delivery,Cancelled
ORD-001364,CUST-00182,PRD-00077,03/24/2023,25/03/2023,6,3228.9,0.0,Website,Installment,Delivered
ORD-003563,CUST-00489,PRD-00138,04/20/2023,24-Apr-2023,2,293.11,0.05,Mobile App,installment,Delivered
ORD-003051,CUST-00425,PRD-00111,13/12/2025,15-Dec-2025,5,291.55,0.0,Mobile App,Credit Card,Returned
ORD-001602,CUST-00214,PRD-00013,21/03/2025,,6,5695.33,0.05,Marketplace,Credit Card,Delivered
ORD-000855,CUST-00115,PRD-00085,01/16/2023,2023-01-19,9,265.37,0.0,Marketplace,Credit Card,Returned
ORD-003039,CUST-00424,PRD-00086,09-Jun-2025,06/08/2025,10,1754.49,0.15,Marketplace,Credit Card,Cancelled
ORD-000332,CUST-00041,PRD-00087,10/07/2024,11-Oct-2024,2,937.05,0.15,Mobile App,Credit Card,Returned
ORD-002015,CUST-00286,PRD-00146,09-Apr-2024,2024-04-13,8,194.39,0.0,Marketplace,Installment,Delivered
ORD-003080,CUST-00429,PRD-00101,01/11/2023,13-Jan-2023,8,658.37,0.2,WEBSITE,Wallet,Delivered
ORD-002139,CUST-00300,PRD-00045,2024-10-30,02-Nov-2024,10,4956.18,0.0,Marketplace,Cash on Delivery,Delivered
ORD-005174,CUST-00703,PRD-00024,04/16/2025,04/17/2025,1,8840.39,0.0,Website,Installment,Returned
ORD-002487,CUST-00343,PRD-00022,23/12/2024,12/30/2024,10,14193.82,0.2,Mobile App,Installment,Delivered
ORD-001152,CUST-00157,PRD-00072,2024-09-12,13-Sep-2024,7,2087.47,0.0,Website,wallet,Delivered
ORD-000248,CUST-00032,PRD-00117,07/12/2025,2025-07-15,3,440.45,0.0,Marketplace,Cash on Delivery,Returned
ORD-000019,CUST-00005,PRD-00053,18/04/2024,2024-04-20,5,933.2,0.1,Website,Installment,Delivered
ORD-004606,CUST-00631,PRD-00065,28-Sep-2023,04/10/2023,5,EGP 1220.64,0.0,Mobile App,cash on delivery,Pending
ORD-005599,CUST-00765,PRD-99999,15/08/2025,20/08/2025,1,55.83,0.0,Marketplace,Installment,Delivered
ORD-005262,CUST-00719,PRD-00170,25/10/2025,10/26/2025,10,7690.28,0.0,Website,Wallet,Cancelled
ORD-002617,CUST-00358,PRD-00140,07-Aug-2023,13/08/2023,4,EGP 168.61,,Mobile App,Cash on Delivery,Cancelled
ORD-002906,CUST-00401,PRD-00143,07/20/2024,25/07/2024,4,174.65,0.2,Marketplace,Credit Card,Delivered
ORD-005319,CUST-00725,PRD-00172,18-Mar-2025,25-Mar-2025,5,4391.94,0.0,Mobile App,Wallet,Delivered
ORD-003332,CUST-00459,PRD-00001,2024-04-25,01-May-2024,4,3019.28,0.0,Website,Wallet,Delivered
ORD-002347,CUST-00328,PRD-00081,2024-05-29,31-May-2024,8,2904.61,0.2,Website,Cash on Delivery,Pending
ORD-000400,CUST-00052,PRD-00175,2023-09-19,25/09/2023,3,3144.98,0.0,Website,Credit Card,Pending
ORD-003949,CUST-00556,PRD-00093,2024-10-10,15/10/2024,8,EGP 327.87,0.2,Marketplace,Installment,Delivered
ORD-000068,CUST-00007,PRD-00183,23-Jun-2025,26-Jun-2025,7,6588.34,0.0,Mobile App,Wallet,Pending
ORD-004798,CUST-00656,PRD-00006,04/12/2023,01/12/2023,5,4094.1,0.0,Marketplace,Wallet,Returned
ORD-001478,CUST-00203,PRD-00088,2023-06-08,10/06/2023,2,2384.43,0.25,Marketplace,wallet,Delivered
ORD-003957,CUST-00557,PRD-00130,20/02/2025,02/27/2025,9,93.92,0.15,Mobile App,Credit Card,Delivered
ORD-003765,CUST-00521,PRD-00169,01/09/2024,09/07/2024,8,3779.35,0.0,Mobile App,Installment,Pending
ORD-001420,CUST-00191,PRD-00024,11/24/2025,25/11/2025,4,8840.39,0.25,Website,Installment,Delivered
ORD-004948,CUST-00671,PRD-00103,14/06/2023,06/20/2023,6,275.52,0.0,Marketplace,Installment,Delivered
ORD-003661,CUST-00504,PRD-00167,28-Nov-2023,12/03/2023,2,741.81,0.0,Website,Credit Card,Delivered
ORD-002549,CUST-00352,PRD-00075,28/10/2023,2023-11-01,6,576.69,0.0,Mobile App,Cash on Delivery,Delivered
ORD-000525,CUST-00072,PRD-00185,02/10/2025,04/10/2025,5,2013.53,0.0,Website,Cash on Delivery,Delivered
ORD-005093,CUST-00693,PRD-00033,09-Jan-2025,2025-01-16,6,1947.05,0.0,Mobile App,Cash on Delivery,Delivered
ORD-004253,CUST-00596,PRD-00004,12/27/2025,29-Dec-2025,3,3744.22,0.0,WEBSITE,Cash on Delivery,Returned
ORD-004302,CUST-00600,PRD-00184,2023-03-11,14/03/2023,6,2621.44,0.2,Website,Wallet,Cancelled
ORD-003714,CUST-00515,PRD-00053,21/11/2025,11/25/2025,7,933.2,0.25,Website,Installment,Delivered
ORD-001980,CUST-00283,PRD-00114,23/07/2023,30-Jul-2023,3,864.91,0.0,Mobile App,Credit Card,Delivered
ORD-001776,CUST-00244,PRD-00076,07/14/2024,21-Jul-2024,6,2045.06,0.0,Marketplace,Cash on Delivery,Pending
ORD-004852,CUST-00663,PRD-00019,01/08/2025,01/10/2025,10,5919.72,0.15,Mobile App,Wallet,Delivered
ORD-001394,CUST-00189,PRD-00115,15-Nov-2024,22/11/2024,5,290.78,0.05,Website,Cash on Delivery,Delivered
ORD-002059,CUST-00291,PRD-00017,13/09/2024,09/16/2024,8,4224.65,0.0,Marketplace,Installment,Pending
  ORD-000701  ,CUST-00096,PRD-00011,2024-09-12,09/16/2024,3,2785.74,0.0,Mobile App,Credit Card,Delivered
ORD-003528,CUST-00485,PRD-00115,06/09/2024,2024-06-15,5,290.78,0.0,Mobile App,Credit Card,Delivered
ORD-002370,CUST-00333,PRD-00154,07-Aug-2023,09-Aug-2023,5,175.83,0.1,Website,Cash on Delivery,Delivered
ORD-002429,CUST-00336,PRD-00042,02/12/2025,15/02/2025,8,1460.4,0.0,Marketplace,Wallet,Delivered
ORD-003388,CUST-00466,PRD-00012,2023-04-17,2023-04-24,5,9488.69,0.0,Marketplace,Credit Card,Delivered
ORD-005734,CUST-00786,PRD-00086,12/05/2024,,9,1754.49,0.25,Website,Cash on Delivery,Pending
ORD-000175,CUST-00023,PRD-00170,2025-10-14,16-Oct-2025,5,7690.28,0.0,Website,Cash on Delivery,Delivered
ORD-001982,CUST-00283,PRD-00175,11-Nov-2024,15/11/2024,3,3144.98,0.0,Mobile App,Cash on Delivery,Delivered
ORD-004434,CUST-00611,PRD-00033,26-Dec-2025,01/02/2026,10,1947.05,0.25,Marketplace,Installment,Delivered
ORD-002143,CUST-00301,PRD-00008,2025-05-08,05/09/2025,4,13998.23,0.15,Website,Installment,Delivered
ORD-000197,CUST-00027,PRD-00087,08/19/2025,2025-08-22,2,937.05,0.0,Website,Cash on Delivery,Pending
ORD-000998,CUST-00136,PRD-00016,07/07/2024,14-Jul-2024,5,6150.02,0.0,Marketplace,Credit Card,Delivered
ORD-003967,CUST-00558,PRD-00119,08/26/2024,,-3,898.59,0.0,Marketplace,Credit Card,Pending
ORD-001381,CUST-00186,PRD-00137,26-Oct-2024,10/29/2024,5,328.81,0.15,Mobile App,Credit Card,Pending
ORD-004281,CUST-00598,PRD-00068,2023-12-18,12/17/2023,1,1186.92,0.0,Mobile App,cash on delivery,Returned
ORD-003257,CUST-00452,PRD-00093,21-Apr-2025,23/04/2025,4,327.87,0.0,Marketplace,installment,Cancelled
ORD-002184,CUST-00307,PRD-00124,2024-03-24,30-Mar-2024,5,152.17,0.0,WEBSITE,cash on delivery,Returned
ORD-003955,CUST-00557,PRD-00109,05/30/2024,06-Jun-2024,3,252.4,0.2,Website,Credit Card,Delivered
ORD-005246,CUST-00714,PRD-00023,31-Aug-2025,2025-09-02,5,EGP 11190.64,0.05,Website,Cash on Delivery,Returned
ORD-002573,CUST-00355,PRD-00142,21-Dec-2024,2024-12-26,10,29.02,0.0,Mobile App,Installment,Delivered
ORD-000089,CUST-00011,PRD-00053,2025-07-16,07/21/2025,9,933.2,0.0,Marketplace,Cash on Delivery,Pending
ORD-004194,CUST-00589,PRD-00006,12/18/2024,22/12/2024,1,4094.1,0.0,Mobile App,Cash on Delivery,Delivered
ORD-000462,CUST-00061,PRD-00153,19-Sep-2025,25/09/2025,5,321.69,0.15,Website,Cash on Delivery,Delivered
ORD-004301,CUST-00600,PRD-00069,26-May-2025,06/01/2025,7,1039.35,0.2,Mobile App,Cash on Delivery,Delivered
ORD-004850,CUST-00663,PRD-00026,02-May-2025,09/05/2025,5,13374.87,0.0,Marketplace,Credit Card,Cancelled
ORD-004413,CUST-00609,PRD-00166,31/03/2025,06/04/2025,1,1361.3,0.1,Marketplace,Wallet,Delivered
ORD-004190,CUST-00589,PRD-00122,12/09/2025,12/14/2025,1,692.52,0.05,Marketplace,Installment,Cancelled
ORD-004940,CUST-00671,PRD-00102,01-Aug-2023,04-Aug-2023,8,833.67,0.25,Marketplace,installment,Returned
ORD-004297,CUST-00600,PRD-00047,2023-03-19,2023-03-26,8,3368.82,0.1,Mobile App,credit card,Returned
ORD-002140,CUST-00300,PRD-00025,07/29/2023,,7,15750.99,0.15,Marketplace,Credit Card,Delivered
ORD-000445,CUST-00059,PRD-00181,21/01/2023,01/24/2023,9,7757.56,0.0,Website,Wallet,Delivered
ORD-004702,CUST-00643,PRD-00119,09/07/2024,2024-07-14,5,898.59,0.05,Marketplace,Cash on Delivery,Cancelled
ORD-004483,CUST-00617,PRD-00131,21-Dec-2024,26/12/2024,4,361.41,0.0,Mobile App,Credit Card,Delivered
ORD-001550,CUST-00209,PRD-00030,17/12/2024,18/12/2024,5,6643.61,0.25,Marketplace,Installment,Cancelled
ORD-002343,CUST-00327,PRD-00038,01/28/2024,30-Jan-2024,6,2707.61,0.0,Marketplace,Cash on Delivery,Delivered
ORD-002424,CUST-00336,PRD-00178,24-May-2025,27/05/2025,6,583.55,0.1,Website,Cash on Delivery,Pending
ORD-004655,CUST-00637,PRD-00012,15/04/2023,21/04/2023,8,9488.69,0.0,Mobile App,Cash on Delivery,Pending
  ORD-004657  ,CUST-00638,PRD-00050,2025-09-13,15/09/2025,5,6188.03,0.0,Marketplace,Credit Card,Delivered
ORD-002382,CUST-00333,PRD-00181,2024-12-11,12/18/2024,9,7757.56,0.0,Website,Credit Card,Delivered
ORD-000306,CUST-00039,PRD-00152,13-Apr-2023,15/04/2023,7,23.7,0.2,MARKETPLACE,Installment,Delivered
ORD-005509,CUST-00753,PRD-00017,2023-03-15,2023-03-22,4,EGP 4224.65,0.0,Marketplace,Cash on Delivery,Delivered
ORD-003780,CUST-00524,PRD-00178,19-Aug-2023,2023-08-25,7,583.55,0.0,MARKETPLACE,Wallet,Cancelled
ORD-005256,CUST-00716,PRD-00088,22-Oct-2023,28-Oct-2023,5,2384.43,0.25,Marketplace,Wallet,Pending
ORD-005081,CUST-00691,PRD-00069,2023-01-13,16/01/2023,5,1039.35,0.0,Website,Credit Card,Delivered
ORD-003506,CUST-00483,PRD-00076,11/02/2024,2024-02-18,2,2045.06,0.0,Website,Wallet,Delivered
ORD-001930,CUST-00271,PRD-00157,09/23/2024,09/27/2024,5,186.52,0.2,Marketplace,Wallet,Delivered
ORD-002535,CUST-00350,PRD-00188,20/02/2023,02/27/2023,1,235.83,0.25,Marketplace,Wallet,Delivered
ORD-001154,CUST-00157,PRD-00165,2024-07-22,2024-07-25,4,1559.9,0.05,Website,Installment,Pending
ORD-005144,CUST-00699,PRD-00002,06/04/2024,10-Apr-2024,4,9414.07,0.0,Marketplace,Wallet,Returned
ORD-005517,CUST-00754,PRD-00157,03/17/2025,24/03/2025,10,186.52,0.2,Mobile App,Wallet,Delivered
ORD-005665,CUST-00776,PRD-00005,01/13/2024,01/19/2024,4,5870.09,0.0,Website,Installment,Delivered
ORD-003823,CUST-00533,PRD-00168,01/14/2024,01/18/2024,4,3279.73,0.0,Marketplace,Cash on Delivery,Delivered
ORD-001009,CUST-00138,PRD-00087,12/27/2023,03/01/2024,4,937.05,0.15,Mobile App,Cash on Delivery,Returned
ORD-000428,CUST-00058,PRD-00127,09-Jul-2023,07/10/2023,6,252.66,0.0,Marketplace,Installment,Pending
  ORD-004186  ,CUST-00588,PRD-00175,2023-02-06,2023-02-07,4,3144.98,0.0,Marketplace,Cash on Delivery,Delivered
ORD-000833,CUST-00110,PRD-00101,08/31/2024,09/04/2024,3,658.37,0.05,Marketplace,Installment,Cancelled
ORD-002899,CUST-00399,PRD-00027,08-Nov-2025,2025-11-09,1,6528.78,0.0,Marketplace,Installment,Delivered
ORD-003604,CUST-00495,PRD-00072,27/12/2023,,5,2087.47,0.0,MOBILE APP,Wallet,Delivered
ORD-005534,CUST-00757,PRD-00078,02/09/2024,02/15/2024,2,803.87,0.0,Mobile App,Cash on Delivery,Pending
ORD-001206,CUST-00165,PRD-00103,02-Jan-2025,01/05/2025,2,275.52,0.1,Marketplace,Installment,Delivered
ORD-004633,CUST-00635,PRD-00049,11/14/2025,15/11/2025,5,EGP 3627.21,0.0,Mobile App,Installment,Returned
ORD-004032,CUST-00566,PRD-00150,27/06/2024,07/02/2024,1,84.86,,Marketplace,Installment,Cancelled
ORD-001817,CUST-00252,PRD-00181,06-Jun-2023,07/06/2023,3,7757.56,0.05,Marketplace,Credit Card,Delivered
ORD-004719,CUST-00645,PRD-00183,2024-08-12,17/08/2024,4,6588.34,0.25,Website,Wallet,Delivered
ORD-004826,CUST-00658,PRD-00125,2024-12-31,01/01/2025,3,151.72,0.15,MOBILE APP,Credit Card,Delivered
ORD-001025,CUST-00141,PRD-00085,05/11/2023,11/08/2023,2,265.37,0.1,MARKETPLACE,Credit Card,Cancelled
  ORD-003533  ,CUST-00487,PRD-00132,07/19/2025,26-Jul-2025,4,436.68,0.1,Marketplace,Wallet,Delivered
ORD-001561,CUST-00210,PRD-00035,11/05/2025,2025-11-09,10,4561.67,0.0,Mobile App,credit card,Delivered
ORD-002157,CUST-00302,PRD-00097,15/01/2023,18/01/2023,8,550.73,0.0,Website,Wallet,Delivered
ORD-000587,CUST-00079,PRD-00106,2024-04-13,2024-04-20,1,1124.04,0.15,Mobile App,Wallet,Delivered
ORD-000601,CUST-00080,PRD-00122,2025-07-27,2025-08-01,4,692.52,0.0,Website,installment,Delivered
ORD-005261,CUST-00719,PRD-00028,22-Jul-2023,07/21/2023,3,6404.22,0.15,Marketplace,Wallet,Delivered
  ORD-004615  ,CUST-00633,PRD-00168,12/24/2024,2024-12-25,1,3279.73,0.0,Website,Installment,Delivered
ORD-001953,CUST-00279,PRD-00109,07/23/2023,07/29/2023,7,252.4,0.0,Website,Cash on Delivery,Cancelled
ORD-001845,CUST-00256,PRD-00068,31-Aug-2024,2024-09-01,5,EGP 1186.92,0.0,Marketplace,Credit Card,Delivered
ORD-001183,CUST-00163,PRD-00059,06/16/2024,06/18/2024,1,1565.88,0.0,WEBSITE,Wallet,Delivered
ORD-000049,CUST-00006,PRD-00177,10/21/2024,28/10/2024,1,EGP 5234.78,0.0,Mobile App,Installment,Cancelled
ORD-003434,CUST-00473,PRD-00149,2024-05-07,05/13/2024,3,93.5,0.25,Marketplace,Credit Card,Delivered
ORD-000144,CUST-00020,PRD-00110,2024-06-29,04-Jul-2024,4,443.5,0.15,Website,Cash on Delivery,Delivered
ORD-004652,CUST-00637,PRD-00057,21-Jul-2024,26/07/2024,8,5493.06,0.15,Website,Wallet,Delivered
ORD-005269,CUST-00719,PRD-00185,08/08/2023,11/08/2023,8,2013.53,0.15,MARKETPLACE,Wallet,Delivered
ORD-003006,CUST-00417,PRD-00015,03/19/2025,22-Mar-2025,8,5715.8,0.0,Mobile App,Credit Card,Returned
ORD-000129,CUST-00018,PRD-00008,05-Jan-2023,06/01/2023,4,13998.23,0.2,Website,Wallet,Delivered
ORD-002245,CUST-00313,PRD-00005,2024-05-26,24-May-2024,3,5870.09,0.05,Mobile App,Installment,Pending
ORD-004743,CUST-00650,PRD-00175,07/09/2023,10/07/2023,4,3144.98,0.1,Website,Credit Card,Delivered
ORD-001824,CUST-00253,PRD-00127,24/03/2024,03/28/2024,6,EGP 252.66,0.0,Mobile App,Installment,Delivered
ORD-000609,CUST-00082,PRD-00185,03/28/2025,31/03/2025,5,2013.53,0.0,Marketplace,Cash on Delivery,Delivered
ORD-001339,CUST-00180,PRD-00161,2025-11-17,11/22/2025,1,1342.19,0.25,Mobile App,Credit Card,Delivered
ORD-001387,CUST-00188,PRD-00104,04/15/2024,04/16/2024,5,698.62,0.2,Mobile App,installment,Delivered
ORD-004386,CUST-00605,PRD-00054,03-Jan-2025,01/05/2025,1,1277.14,0.25,Marketplace,Cash on Delivery,Delivered
ORD-002832,CUST-00385,PRD-00045,28/07/2024,08/02/2024,2,4956.18,0.0,Mobile App,Cash on Delivery,Cancelled
ORD-003378,CUST-00463,PRD-00088,05/12/2023,09/12/2023,3,2384.43,0.0,Mobile App,Wallet,Delivered
ORD-002513,CUST-00347,PRD-00101,21-Mar-2025,03/25/2025,8,658.37,0.1,MOBILE APP,Installment,Returned
ORD-005816,CUST-00795,PRD-00049,08-Sep-2025,11-Sep-2025,1,3627.21,0.0,Website,Wallet,Delivered
ORD-001910,CUST-00267,PRD-00186,29-Oct-2024,,1,4878.71,0.0,Mobile App,Cash on Delivery,Delivered
ORD-001145,CUST-00156,PRD-00063,2023-11-07,2023-11-10,7,3118.2,0.15,Mobile App,Installment,Delivered
ORD-004808,CUST-00656,PRD-00088,2025-03-18,03/25/2025,3,2384.43,0.0,Mobile App,Cash on Delivery,Pending
ORD-003374,CUST-00462,PRD-00046,10/16/2024,2024-10-22,5,1161.95,0.0,Mobile App,Installment,Delivered
ORD-001335,CUST-00180,PRD-00070,2023-05-08,13-May-2023,2,1062.89,0.25,Mobile App,wallet,Delivered
ORD-000390,CUST-00050,PRD-00015,06/12/2024,14-Jun-2024,7,5715.8,0.0,Mobile App,Credit Card,Delivered
ORD-004100,CUST-00577,PRD-00106,2025-01-30,05-Feb-2025,9,1124.04,0.0,Website,Installment,Delivered
ORD-001711,CUST-00234,PRD-00080,29-May-2024,2024-06-03,1,1092.22,0.15,Marketplace,Cash on Delivery,Delivered
ORD-005057,CUST-00686,PRD-00141,2024-12-21,26-Dec-2024,3,265.4,0.0,Marketplace,Installment,Cancelled
ORD-003163,CUST-00437,PRD-00117,09-Jul-2023,15/07/2023,1,440.45,0.0,Marketplace,Cash on Delivery,Delivered
ORD-002136,CUST-00300,PRD-00096,17/03/2025,20/03/2025,5,1013.61,0.15,Website,Cash on Delivery,Delivered
ORD-000469,CUST-00063,PRD-00143,07/30/2023,08/05/2023,1,174.65,0.0,Mobile App,installment,Delivered
ORD-004613,CUST-00632,PRD-00069,05/02/2024,2024-02-09,8,1039.35,0.25,Marketplace,Credit Card,Delivered
ORD-000503,CUST-00067,PRD-00027,09/12/2025,07-Dec-2025,5,6528.78,0.1,Website,Installment,Returned
ORD-004510,CUST-00621,PRD-00100,03/24/2023,03/26/2023,5,555.91,0.0,Website,Credit Card,Delivered
ORD-003939,CUST-00555,PRD-00152,12/02/2024,2024-12-06,1,23.7,0.15,Marketplace,Installment,Delivered
ORD-005157,CUST-00702,PRD-00144,30-Nov-2025,06-Dec-2025,1,212.23,0.25,Marketplace,Credit Card,Delivered
ORD-000545,CUST-00073,PRD-00181,18-Sep-2025,09/23/2025,1,7757.56,0.0,Website,Credit Card,Pending
ORD-004448,CUST-00614,PRD-00010,11/08/2024,2024-11-10,9,2297.75,0.15,Mobile App,Wallet,Returned
ORD-002127,CUST-00299,PRD-00187,03/31/2024,07-Apr-2024,3,EGP 5533.15,0.05,MOBILE APP,Wallet,Delivered
ORD-002599,CUST-00357,PRD-00157,03/16/2024,03/17/2024,1,186.52,0.0,Website,Wallet,Returned
ORD-004630,CUST-00635,PRD-00147,05/07/2024,05/13/2024,2,EGP 222.8,0.0,Website,Credit Card,Delivered
ORD-002254,CUST-00316,PRD-00068,2025-03-27,2025-03-31,1,1186.92,0.2,Website,Wallet,Delivered
ORD-001578,CUST-00211,PRD-00012,27/12/2024,28/12/2024,5,9488.69,0.2,Website,Credit Card,Delivered
ORD-000660,CUST-00088,PRD-00183,02/11/2025,02/15/2025,3,6588.34,0.0,Marketplace,Credit Card,Delivered
ORD-001886,CUST-00263,PRD-00101,11-May-2024,05/13/2024,3,658.37,0.0,Website,Installment,Delivered
ORD-005580,CUST-00765,PRD-00176,03/20/2025,24-Mar-2025,5,3014.74,0.2,Mobile App,Cash on Delivery,Delivered
ORD-005386,CUST-00731,PRD-00166,2025-01-05,2025-01-11,3,EGP 1361.3,0.0,Website,Cash on Delivery,Delivered
ORD-005357,CUST-00730,PRD-00100,15/05/2023,17-May-2023,8,555.91,0.0,Marketplace,Cash on Delivery,Pending
ORD-002755,CUST-00375,PRD-00061,16-Dec-2024,,5,1707.55,0.0,Website,Wallet,Pending
ORD-000667,CUST-00090,PRD-00185,2024-10-09,10/14/2024,2,2013.53,0.0,Marketplace,Wallet,Delivered
ORD-001043,CUST-00144,PRD-00109,25-Oct-2025,2025-10-27,7,EGP 252.4,0.25,Website,Installment,Delivered
ORD-004906,CUST-00667,PRD-00008,25-Apr-2025,05/02/2025,3,13998.23,0.1,Marketplace,Cash on Delivery,Delivered
ORD-002025,CUST-00287,PRD-00020,09/25/2025,26/09/2025,2,9661.76,0.1,Mobile App,Wallet,Cancelled
ORD-003774,CUST-00522,PRD-00004,16/10/2025,20/10/2025,4,3744.22,0.0,Website,Wallet,Delivered
ORD-004373,CUST-00605,PRD-00052,2025-09-19,24-Sep-2025,1,4557.53,0.0,Mobile App,Credit Card,Returned
ORD-005742,CUST-00787,PRD-00172,2023-06-10,2023-06-11,1,4391.94,0.0,Website,Installment,Returned
ORD-000722,CUST-00098,PRD-00146,26/11/2025,03/12/2025,7,194.39,0.0,WEBSITE,Wallet,Delivered
ORD-004736,CUST-00648,PRD-00117,31/08/2024,09/04/2024,4,440.45,0.05,Marketplace,Installment,Pending
ORD-000408,CUST-00055,PRD-00039,23/10/2024,,4,2748.05,0.15,Marketplace,credit card,Delivered
ORD-000277,CUST-00037,PRD-00180,05/12/2024,12/09/2024,1,EGP 6579.05,0.15,Mobile App,Cash on Delivery,Delivered
ORD-000438,CUST-00059,PRD-00084,12/04/2024,2024-04-18,3,600.09,0.15,Mobile App,Cash on Delivery,Delivered
ORD-004708,CUST-00644,PRD-00016,19-Oct-2025,26-Oct-2025,5,6150.02,0.1,Marketplace,Credit Card,Cancelled
ORD-000092,CUST-00011,PRD-00020,20-Jul-2024,,8,9661.76,0.25,Website,Installment,Delivered
ORD-003196,CUST-00441,PRD-00062,06/25/2024,06/27/2024,2,271.83,0.0,Marketplace,Wallet,Cancelled
ORD-001139,CUST-00154,PRD-00026,2024-07-08,07/10/2024,8,13374.87,0.0,Mobile App,Cash on Delivery,Delivered
ORD-004860,CUST-00664,PRD-00069,29/05/2025,02/06/2025,2,1039.35,0.0,Marketplace,Wallet,Delivered
  ORD-003489  ,CUST-00481,PRD-00097,06-Jan-2024,09/01/2024,1,550.73,0.0,Website,Cash on Delivery,Delivered
ORD-000037,CUST-00005,PRD-00075,29-Feb-2024,03/04/2024,6,576.69,0.0,Mobile App,Wallet,Delivered
ORD-001570,CUST-00210,PRD-00023,06-Nov-2024,09-Nov-2024,8,11190.64,0.05,Website,Credit Card,Pending
ORD-005492,CUST-00751,PRD-00009,28/11/2025,2025-11-29,7,1433.71,0.0,Marketplace,Installment,Pending
ORD-003748,CUST-00520,PRD-00113,05/08/2024,10/05/2024,5,EGP 719.15,0.05,Mobile App,Installment,Returned
ORD-005162,CUST-00702,PRD-00109,07/24/2024,25/07/2024,2,252.4,0.2,Website,wallet,Delivered
ORD-003695,CUST-00510,PRD-00175,13-Mar-2025,2025-03-19,2,3144.98,0.0,MOBILE APP,Installment,Pending
ORD-003592,CUST-00493,PRD-00019,12/15/2023,17-Dec-2023,4,5919.72,0.0,Mobile App,Credit Card,Returned
ORD-001345,CUST-00180,PRD-00107,09/05/2024,12/05/2024,2,803.85,0.15,Mobile App,Credit Card,Cancelled
ORD-001656,CUST-00223,PRD-00148,23-Apr-2024,04/28/2024,1,63.15,0.1,Website,Installment,Delivered
ORD-003054,CUST-00425,PRD-00072,2025-10-17,21-Oct-2025,4,2087.47,0.15,Marketplace,Installment,Pending
ORD-005801,CUST-00794,PRD-00103,31/01/2024,07-Feb-2024,10,275.52,0.2,Website,Wallet,Delivered
ORD-000786,CUST-00104,PRD-00032,19/11/2024,23/11/2024,2,EGP 1547.2,0.0,Website,Credit Card,Delivered
ORD-000345,CUST-00043,PRD-00103,2023-12-19,12/25/2023,4,275.52,0.05,WEBSITE,Installment,Delivered
ORD-002322,CUST-00324,PRD-00044,07/18/2023,20-Jul-2023,3,3309.62,0.0,Mobile App,Cash on Delivery,Delivered
ORD-004425,CUST-00611,PRD-00108,01/24/2025,2025-01-28,8,230.98,,Mobile App,Wallet,Returned
  ORD-002766  ,CUST-00375,PRD-00156,18-Jan-2023,01/25/2023,1,250.31,0.0,Mobile App,Wallet,Delivered
ORD-000185,CUST-00024,PRD-00093,02/07/2025,05-Jul-2025,8,327.87,0.1,Mobile App,Installment,Pending
ORD-004130,CUST-00584,PRD-00059,06/19/2024,2024-06-23,6,1565.88,,Mobile App,Credit Card,Pending
ORD-001382,CUST-00186,PRD-00185,02/20/2024,,3,2013.53,0.0,Mobile App,Wallet,Pending
ORD-004169,CUST-00587,PRD-00022,01-Mar-2025,03/02/2025,9,14193.82,0.0,Website,wallet,Delivered
ORD-004327,CUST-00602,PRD-00164,04/21/2023,24-Apr-2023,8,6039.64,0.0,Mobile App,Cash on Delivery,Delivered
ORD-003304,CUST-00457,PRD-00167,14/04/2024,2024-04-15,2,EGP 741.81,0.15,Website,Installment,Delivered
ORD-000581,CUST-00078,PRD-00014,10-May-2023,,10,3474.75,0.05,Marketplace,Credit Card,Delivered
ORD-005453,CUST-00743,PRD-00085,2024-03-01,,4,265.37,0.05,Website,Installment,Cancelled
ORD-004059,CUST-00570,PRD-00176,04-Nov-2024,11/11/2024,5,3014.74,0.0,Website,Cash on Delivery,Pending
ORD-001612,CUST-00216,PRD-00140,30/11/2025,03-Dec-2025,1,168.61,0.2,Marketplace,Wallet,Delivered
ORD-004391,CUST-00606,PRD-00155,12/03/2024,2024-03-13,2,228.62,0.2,Mobile App,Cash on Delivery,Delivered
ORD-001011,CUST-00138,PRD-00075,22-Feb-2023,23-Feb-2023,1,576.69,0.0,WEBSITE,Installment,Delivered
ORD-000837,CUST-99999,PRD-00067,10/21/2023,10/25/2023,1,1590.28,0.1,Marketplace,Credit Card,Cancelled
ORD-001547,CUST-00209,PRD-00139,27/02/2023,04/03/2023,2,195.93,0.0,Marketplace,Credit Card,Pending
  ORD-005741  ,CUST-00787,PRD-00076,02/17/2025,2025-02-20,5,EGP 2045.06,0.0,Website,Cash on Delivery,Pending
ORD-004140,CUST-00586,PRD-00119,03/06/2023,2023-06-05,10,898.59,0.0,Website,Cash on Delivery,Delivered
ORD-003723,CUST-00516,PRD-00022,12/11/2025,14-Dec-2025,3,14193.82,0.0,Marketplace,Cash on Delivery,Delivered
ORD-003953,CUST-00557,PRD-00143,20/04/2024,04/27/2024,5,174.65,0.0,Mobile App,Wallet,Delivered
  ORD-002115  ,CUST-00296,PRD-00097,03/02/2025,2025-03-08,6,550.73,0.2,Marketplace,wallet,Cancelled
ORD-003243,CUST-00450,PRD-00143,11-May-2024,13/05/2024,1,174.65,0.0,Mobile App,Wallet,Pending
ORD-004598,CUST-00630,PRD-00051,19/12/2025,12/25/2025,4,4568.48,0.0,WEBSITE,Cash on Delivery,Cancelled
ORD-001564,CUST-00210,PRD-00151,06/08/2024,08/10/2024,5,EGP 125.16,0.15,Website,Wallet,Delivered
ORD-003926,CUST-00553,PRD-00138,2024-04-01,03-Apr-2024,7,293.11,0.1,Website,Wallet,Delivered
ORD-002203,CUST-00310,PRD-00026,05/03/2024,12-Mar-2024,6,13374.87,0.0,Marketplace,Installment,Pending
ORD-001924,CUST-00270,PRD-00030,02/16/2023,02/19/2023,5,6643.61,0.0,Mobile App,Installment,Delivered
ORD-001045,CUST-00144,PRD-00045,04-Mar-2023,10/03/2023,10,4956.18,0.0,MOBILE APP,Credit Card,Delivered
ORD-003866,CUST-00542,PRD-00185,04-Oct-2024,06/10/2024,1,2013.53,0.0,Marketplace,Credit Card,Cancelled
ORD-001669,CUST-00225,PRD-00131,2023-02-09,10-Feb-2023,2,361.41,0.2,Marketplace,Cash on Delivery,Delivered
ORD-005128,CUST-00698,PRD-00053,04/25/2025,27/04/2025,3,933.2,0.2,Mobile App,Cash on Delivery,Delivered
ORD-000316,CUST-00041,PRD-00136,2025-02-11,17-Feb-2025,1,310.7,0.1,Mobile App,Wallet,Delivered
ORD-001444,CUST-00195,PRD-00158,2025-02-26,02-Mar-2025,4,308.65,0.0,Website,Credit Card,Delivered
ORD-004313,CUST-00601,PRD-00113,26/11/2024,27-Nov-2024,5,719.15,,Marketplace,installment,Pending
ORD-005173,CUST-00703,PRD-00069,02/01/2023,04/01/2023,4,1039.35,0.05,Marketplace,Wallet,Delivered
ORD-001815,CUST-00251,PRD-00183,10/02/2024,2024-02-16,8,6588.34,0.25,Mobile App,Cash on Delivery,Delivered
ORD-005154,CUST-00701,PRD-00112,01/13/2023,16/01/2023,3,422.18,0.0,Website,Installment,Delivered
ORD-000928,CUST-00129,PRD-00051,20/06/2023,27/06/2023,7,4568.48,0.1,Website,Credit Card,Delivered
ORD-004453,CUST-00614,PRD-00031,20-May-2025,26-May-2025,10,376.78,0.1,Website,Installment,Delivered
ORD-003098,CUST-00431,PRD-00007,28-Aug-2025,2025-08-29,2,5375.75,0.2,Marketplace,installment,Delivered
ORD-003013,CUST-00418,PRD-00128,28/12/2024,2024-12-31,10,812.88,0.25,Marketplace,Installment,Delivered
ORD-003659,CUST-00503,PRD-00045,01/14/2023,2023-01-15,1,4956.18,0.15,Mobile App,Cash on Delivery,Delivered
ORD-002321,CUST-00323,PRD-00154,05/20/2024,25-May-2024,1,175.83,0.0,MARKETPLACE,Credit Card,Delivered
ORD-005756,CUST-00789,PRD-00069,06-Sep-2023,09/09/2023,6,EGP 1039.35,0.25,Mobile App,Credit Card,Cancelled
ORD-004646,CUST-00636,PRD-00141,2023-12-15,21-Dec-2023,1,265.4,0.0,Mobile App,credit card,Returned
ORD-001806,CUST-00248,PRD-00182,06/17/2023,06/20/2023,4,4312.02,0.25,Mobile App,Wallet,Delivered
ORD-003178,CUST-00439,PRD-00131,11/17/2024,19-Nov-2024,7,361.41,0.1,Website,Cash on Delivery,Delivered
ORD-000050,CUST-00006,PRD-00147,04/06/2025,04/10/2025,2,222.8,0.15,Mobile App,Credit Card,Pending
  ORD-000974  ,CUST-00133,PRD-00010,05/13/2025,15-May-2025,1,2297.75,0.2,Mobile App,Installment,Pending
ORD-001724,CUST-00236,PRD-00014,06/04/2025,2025-04-08,2,3474.75,0.0,Website,Cash on Delivery,Delivered
ORD-000824,CUST-00110,PRD-00168,07/13/2023,2023-07-16,3,3279.73,0.1,Mobile App,Installment,Delivered
ORD-005316,CUST-00724,PRD-00176,12/01/2024,07-Dec-2024,3,EGP 3014.74,,Website,Credit Card,Delivered
ORD-002862,CUST-00388,PRD-00095,14-May-2025,05/17/2025,5,EGP 493.89,0.1,Mobile App,Cash on Delivery,Delivered
ORD-000519,CUST-00069,PRD-00120,2023-08-04,08/08/2023,3,538.56,,Mobile App,Credit Card,Delivered
ORD-002538,CUST-00350,PRD-00165,2024-10-08,10/13/2024,4,1559.9,0.1,Mobile App,Installment,Delivered
ORD-004307,CUST-00600,PRD-00100,06-Aug-2025,08/13/2025,6,555.91,0.05,Marketplace,Credit Card,Delivered
ORD-001062,CUST-00146,PRD-00025,22-Nov-2023,26/11/2023,9,15750.99,0.0,Website,Wallet,Cancelled
ORD-002561,CUST-00354,PRD-00038,2023-05-19,05/20/2023,4,2707.61,0.0,Marketplace,Cash on Delivery,Cancelled
ORD-004567,CUST-00627,PRD-00159,2024-12-14,15/12/2024,5,195.16,0.0,Mobile App,Wallet,Pending
ORD-004582,CUST-00629,PRD-00010,2024-10-19,10/20/2024,4,2297.75,0.25,Website,Installment,Delivered
ORD-004007,CUST-00563,PRD-00138,12/09/2025,12/12/2025,5,293.11,0.0,Mobile App,Installment,Returned
ORD-002163,CUST-00303,PRD-00052,2024-04-09,04/10/2024,5,4557.53,,Website,Wallet,Returned
ORD-004751,CUST-00651,PRD-00076,08-Jun-2024,11/06/2024,5,2045.06,0.0,Marketplace,Credit Card,Delivered
ORD-005299,CUST-00723,PRD-00041,19/05/2023,26-May-2023,10,1168.7,0.15,WEBSITE,Installment,Pending
ORD-002751,CUST-00374,PRD-00023,03/30/2024,04/05/2024,6,11190.64,0.0,Mobile App,wallet,Delivered
ORD-001696,CUST-00230,PRD-00017,06/09/2024,13/06/2024,2,4224.65,0.0,Website,Installment,Returned
ORD-001901,CUST-00266,PRD-00017,21/06/2023,2023-06-25,2,4224.65,0.05,Marketplace,Installment,Returned
ORD-004085,CUST-00577,PRD-00086,05/11/2023,15-May-2023,8,1754.49,0.0,Marketplace,Wallet,Pending
ORD-001780,CUST-00245,PRD-00034,09/19/2024,09/25/2024,1,4894.09,0.15,Marketplace,Wallet,Delivered
ORD-002171,CUST-00305,PRD-00170,06/07/2023,08/07/2023,2,7690.28,0.05,Mobile App,Credit Card,Pending
ORD-005172,CUST-00703,PRD-00153,11-Apr-2024,17-Apr-2024,1,321.69,0.1,Marketplace,Wallet,Delivered
ORD-005282,CUST-00720,PRD-00044,28-Apr-2025,03/05/2025,2,3309.62,0.0,Website,Credit Card,Returned
ORD-005314,CUST-00724,PRD-00168,28/06/2023,2023-07-01,5,3279.73,0.1,WEBSITE,Cash on Delivery,Pending
ORD-003114,CUST-00431,PRD-00128,2024-01-24,2024-01-30,2,812.88,0.0,Mobile App,Cash on Delivery,Delivered
ORD-002860,CUST-00388,PRD-00095,16/04/2023,04/20/2023,4,493.89,0.25,Marketplace,Installment,Returned
ORD-002806,CUST-00381,PRD-00157,24-Mar-2023,31/03/2023,3,186.52,,MARKETPLACE,Cash on Delivery,Returned
ORD-003112,CUST-00431,PRD-00170,2025-01-16,23/01/2025,3,7690.28,0.0,Website,Credit Card,Delivered
ORD-003643,CUST-00501,PRD-00144,22-Jul-2023,27-Jul-2023,4,212.23,0.15,Website,Credit Card,Delivered
ORD-001637,CUST-00222,PRD-00065,27/08/2023,31-Aug-2023,3,1220.64,0.15,Marketplace,Credit Card,Delivered
ORD-000460,CUST-00061,PRD-00182,03/02/2025,06/03/2025,1,4312.02,0.0,Marketplace,Installment,Delivered
ORD-004933,CUST-00671,PRD-00168,05/22/2025,2025-05-25,6,3279.73,0.0,Marketplace,Wallet,Cancelled
ORD-003653,CUST-00502,PRD-00053,31-Jul-2023,04-Aug-2023,4,933.2,0.15,Mobile App,Installment,Cancelled
ORD-000260,CUST-00033,PRD-00167,28-May-2025,01/06/2025,5,741.81,0.15,Website,Credit Card,Delivered
ORD-004548,CUST-00625,PRD-00031,03-Jun-2023,2023-06-06,4,376.78,0.0,Mobile App,Installment,Returned
ORD-002149,CUST-00301,PRD-00036,10/23/2025,10/30/2025,4,2503.62,0.1,Mobile App,Wallet,Delivered
ORD-002618,CUST-00358,PRD-00048,06-Jul-2024,07/12/2024,1,616.54,0.25,Marketplace,Installment,Returned
ORD-003277,CUST-00455,PRD-00009,11-Nov-2025,11/15/2025,4,1433.71,0.2,Mobile App,Installment,Cancelled
ORD-001671,CUST-00225,PRD-00168,27/02/2024,03/03/2024,1,3279.73,0.0,MOBILE APP,Credit Card,Returned
ORD-002402,CUST-00335,PRD-00046,06/22/2023,28/06/2023,1,1161.95,0.2,Website,Cash on Delivery,Delivered
ORD-003590,CUST-00493,PRD-00012,25-Oct-2025,,3,9488.69,0.0,Marketplace,Installment,Delivered
ORD-003401,CUST-00469,PRD-00035,26/06/2025,07/02/2025,5,4561.67,0.0,Website,Cash on Delivery,Delivered
  ORD-002076  ,CUST-00292,PRD-00139,07-Mar-2025,03/10/2025,2,195.93,0.25,Marketplace,Wallet,Delivered
ORD-002529,CUST-00348,PRD-00025,2024-05-08,11-May-2024,1,15750.99,0.0,Website,Wallet,Cancelled
ORD-002484,CUST-00343,PRD-00141,2023-09-09,15/09/2023,7,EGP 265.4,0.25,Website,Wallet,Pending
ORD-003511,CUST-00483,PRD-00111,2023-05-07,14/05/2023,1,EGP 291.55,0.0,Website,Cash on Delivery,Delivered
ORD-004150,CUST-00587,PRD-00128,2024-05-12,05/19/2024,10,EGP 812.88,0.0,Mobile App,Wallet,Pending
ORD-005738,CUST-00787,PRD-00002,2024-09-14,2024-09-16,4,EGP 9414.07,0.0,Website,Cash on Delivery,Delivered
ORD-004673,CUST-00639,PRD-00088,22/09/2023,28-Sep-2023,-1,2384.43,0.15,Website,Credit Card,Delivered
ORD-004310,CUST-00601,PRD-00014,2024-08-02,08/05/2024,2,3474.75,0.0,Mobile App,Cash on Delivery,Cancelled
ORD-000823,CUST-00110,PRD-00094,2023-09-05,2023-09-09,5,286.11,0.2,Marketplace,Installment,Cancelled
ORD-001825,CUST-00254,PRD-00113,11/03/2025,2025-03-17,2,719.15,0.2,Marketplace,Credit Card,Delivered
ORD-002657,CUST-00366,PRD-00153,31/12/2025,01/06/2026,4,321.69,0.0,Website,Cash on Delivery,Delivered
ORD-000910,CUST-00125,PRD-00014,11/14/2024,2024-11-18,4,3474.75,0.2,Website,Credit Card,Pending
ORD-002338,CUST-00327,PRD-00001,30/10/2024,05-Nov-2024,3,3019.28,0.0,Mobile App,Wallet,Delivered
ORD-001915,CUST-00268,PRD-00032,12/10/2024,2024-10-16,3,1547.2,0.1,Website,installment,Delivered
ORD-002097,CUST-00295,PRD-00019,01/15/2023,2023-01-18,10,5919.72,0.0,Website,Credit Card,Delivered
ORD-001883,CUST-00263,PRD-00027,2023-10-26,29-Oct-2023,3,6528.78,0.05,Marketplace,Installment,Delivered
ORD-001665,CUST-00224,PRD-00007,19-Nov-2025,25/11/2025,5,5375.75,0.0,Marketplace,Installment,Delivered
ORD-001546,CUST-00209,PRD-00099,13-Apr-2024,15/04/2024,1,152.23,0.25,Mobile App,Credit Card,Cancelled
ORD-000138,CUST-00019,PRD-00096,10/06/2023,13-Jun-2023,4,1013.61,0.2,Marketplace,Cash on Delivery,Delivered
ORD-005387,CUST-00731,PRD-00118,29-Oct-2024,01/11/2024,3,341.03,0.2,Mobile App,Cash on Delivery,Delivered
ORD-001536,CUST-00207,PRD-00064,27-May-2023,03/06/2023,4,1338.56,0.15,Website,Credit Card,Delivered
ORD-005480,CUST-00749,PRD-00003,26/04/2025,2025-04-27,3,1534.69,0.15,Marketplace,Wallet,Delivered
ORD-002308,CUST-00321,PRD-00004,23-Jul-2024,2024-07-26,4,3744.22,0.0,Marketplace,Wallet,Returned
ORD-003514,CUST-00484,PRD-00156,28-Sep-2024,2024-10-05,2,250.31,0.25,Mobile App,Cash on Delivery,Delivered
ORD-005048,CUST-00685,PRD-00024,2025-09-15,16/09/2025,3,8840.39,0.0,Mobile App,Installment,Pending
ORD-001819,CUST-00252,PRD-00080,08/30/2024,,5,1092.22,0.05,Website,installment,Delivered
ORD-000213,CUST-00029,PRD-00022,2024-10-13,17-Oct-2024,1,14193.82,0.15,Mobile App,Credit Card,Delivered
ORD-003691,CUST-99999,PRD-00024,09/09/2023,09/10/2023,4,8840.39,0.0,WEBSITE,Credit Card,Cancelled
ORD-005372,CUST-00731,PRD-00100,01-Oct-2024,06/10/2024,5,555.91,0.0,Mobile App,Cash on Delivery,Delivered
ORD-005607,CUST-00767,PRD-00084,2025-08-08,14-Aug-2025,4,600.09,,Mobile App,Installment,Pending
ORD-003523,CUST-00485,PRD-00151,28-Mar-2024,29-Mar-2024,5,125.16,0.05,Marketplace,Wallet,Delivered
ORD-001260,CUST-00171,PRD-00131,04/05/2023,10/05/2023,4,361.41,0.15,Website,Cash on Delivery,Delivered
ORD-001670,CUST-00225,PRD-00006,15/11/2025,11/18/2025,4,4094.1,0.0,Website,Installment,Delivered
ORD-003309,CUST-00457,PRD-00069,13/06/2023,06/15/2023,2,1039.35,0.0,Marketplace,Installment,Cancelled
ORD-001560,CUST-00210,PRD-00020,2024-12-30,2025-01-03,3,9661.76,0.25,Website,Installment,Pending
ORD-002326,CUST-00324,PRD-00148,10/10/2025,10/14/2025,3,63.15,0.0,Marketplace,Credit Card,Delivered
ORD-000844,CUST-00112,PRD-00030,04/03/2023,09-Mar-2023,1,6643.61,0.1,Marketplace,Credit Card,Pending
ORD-000022,CUST-00005,PRD-00025,08-Mar-2024,12/03/2024,8,15750.99,0.0,Website,Installment,Cancelled
ORD-002217,CUST-00312,PRD-00078,05/03/2025,06-Mar-2025,5,803.87,0.15,Website,Cash on Delivery,Delivered
ORD-004927,CUST-00670,PRD-00111,07-Mar-2024,03/09/2024,1,291.55,0.05,Website,Credit Card,Delivered
ORD-003366,CUST-00461,PRD-00152,05-May-2025,2025-05-11,4,23.7,0.15,Marketplace,Credit Card,Delivered
ORD-001941,CUST-00276,PRD-00126,19-Jan-2025,23-Jan-2025,3,EGP 340.64,0.0,Mobile App,Cash on Delivery,Delivered
ORD-005229,CUST-00712,PRD-00048,01/18/2023,19-Jan-2023,2,616.54,0.1,Marketplace,installment,Delivered
ORD-001298,CUST-00175,PRD-00149,2023-11-21,25/11/2023,1,93.5,0.25,Marketplace,Wallet,Delivered
ORD-004913,CUST-00668,PRD-00082,12/09/2024,2024-09-14,1,1269.02,0.1,Marketplace,Credit Card,Delivered
ORD-004365,CUST-00604,PRD-00050,09-Sep-2024,14/09/2024,3,6188.03,0.0,Website,Cash on Delivery,Delivered
ORD-004331,CUST-00603,PRD-00144,11/10/2023,,10,212.23,0.0,MOBILE APP,Wallet,Returned
  ORD-002778  ,CUST-00376,PRD-00157,02-May-2024,,3,186.52,,Website,Cash on Delivery,Cancelled
ORD-004228,CUST-00591,PRD-00186,28-Sep-2023,01-Oct-2023,3,4878.71,0.05,Mobile App,Credit Card,Delivered
ORD-002506,CUST-00345,PRD-00185,24-Oct-2025,31/10/2025,2,2013.53,0.15,Mobile App,Credit Card,Delivered
  ORD-002159  ,CUST-00303,PRD-00106,03/03/2024,2024-03-05,5,1124.04,0.1,Mobile App,Installment,Delivered
ORD-001912,CUST-00268,PRD-00002,17-Jul-2024,22/07/2024,2,9414.07,,Marketplace,Credit Card,Delivered
ORD-001049,CUST-00145,PRD-00067,12-Jun-2024,06/14/2024,1,1590.28,0.0,Mobile App,Credit Card,Delivered
ORD-005002,CUST-00677,PRD-00152,18/05/2024,22/05/2024,7,23.7,0.05,Website,wallet,Delivered
ORD-001823,CUST-00252,PRD-00072,2025-11-01,05-Nov-2025,1,2087.47,0.25,Mobile App,cash on delivery,Pending
ORD-003195,CUST-00441,PRD-00057,02/27/2025,2025-03-05,5,5493.06,0.0,Marketplace,Cash on Delivery,Delivered
ORD-001647,CUST-00223,PRD-00134,31-May-2025,06/06/2025,5,EGP 165.0,0.15,Mobile App,Cash on Delivery,Delivered
ORD-000744,CUST-00100,PRD-00012,14/06/2023,2023-06-18,9,9488.69,0.2,Marketplace,Installment,Delivered
ORD-002167,CUST-00304,PRD-00101,2023-01-08,10/01/2023,5,658.37,0.15,Mobile App,Wallet,Delivered
ORD-003335,CUST-00460,PRD-00079,21-Jun-2024,06/28/2024,1,646.3,0.0,Website,credit card,Delivered
ORD-000848,CUST-00112,PRD-00033,2024-12-18,2024-12-21,3,1947.05,0.15,Mobile App,Credit Card,Delivered
ORD-001465,CUST-00202,PRD-00002,2023-11-11,18/11/2023,3,9414.07,0.1,Marketplace,Wallet,Returned
ORD-002929,CUST-00403,PRD-00048,03-May-2024,,4,616.54,0.15,Mobile App,Installment,Delivered
ORD-000802,CUST-00107,PRD-00169,27/02/2025,03/05/2025,1,EGP 3779.35,0.25,Mobile App,Wallet,Delivered
ORD-005664,CUST-00776,PRD-00055,2025-08-27,30-Aug-2025,10,2089.61,0.0,Website,Credit Card,Delivered
ORD-000615,CUST-00082,PRD-00093,03/02/2023,02/05/2023,3,327.87,0.0,Mobile App,Wallet,Returned
ORD-005040,CUST-00683,PRD-00083,27/04/2023,04-May-2023,1,1673.7,0.0,Mobile App,Installment,Returned
ORD-002170,CUST-00304,PRD-00127,06/16/2023,23-Jun-2023,3,252.66,0.0,Website,Cash on Delivery,Delivered
ORD-000582,CUST-00079,PRD-00134,2025-06-22,06/25/2025,4,EGP 165.0,0.2,Marketplace,Installment,Delivered
ORD-005520,CUST-00755,PRD-00093,10/03/2025,14/03/2025,4,327.87,0.15,Mobile App,Installment,Delivered
ORD-001952,CUST-00279,PRD-00061,29/04/2023,05-May-2023,8,1707.55,0.1,Mobile App,Credit Card,Delivered
ORD-000486,CUST-00065,PRD-00063,06/13/2023,06/15/2023,3,3118.2,0.0,Website,Wallet,Delivered
ORD-001362,CUST-00182,PRD-00128,2025-09-30,07/10/2025,4,812.88,0.2,Marketplace,Installment,Cancelled
ORD-001926,CUST-00270,PRD-00116,23/11/2025,27/11/2025,6,466.13,0.05,Mobile App,Cash on Delivery,Delivered
ORD-005529,CUST-00756,PRD-00143,12/12/2023,14/12/2023,3,174.65,0.0,Marketplace,Wallet,Delivered
ORD-002291,CUST-00319,PRD-00010,16/07/2023,2023-07-18,9,2297.75,0.05,Mobile App,Installment,Cancelled
ORD-001737,CUST-00238,PRD-00012,11/01/2023,11/02/2023,10,9488.69,0.15,Mobile App,Installment,Delivered
ORD-001556,CUST-00209,PRD-00110,08/05/2025,08/08/2025,5,443.5,0.15,Mobile App,Credit Card,Delivered
ORD-004426,CUST-00611,PRD-00132,01/08/2024,2024-01-14,8,436.68,0.25,Website,Credit Card,Delivered
ORD-004358,CUST-00604,PRD-00058,10/15/2024,10/20/2024,1,3308.87,,Marketplace,Cash on Delivery,Delivered
  ORD-000772  ,CUST-00101,PRD-00084,12/04/2023,2023-04-15,4,600.09,0.0,Marketplace,Cash on Delivery,Delivered
ORD-002558,CUST-00353,PRD-00099,2023-10-18,20-Oct-2023,5,152.23,0.2,Mobile App,Wallet,Returned
ORD-000590,CUST-00079,PRD-00115,11/05/2023,09-Nov-2023,4,290.78,,Marketplace,Cash on Delivery,Cancelled
ORD-001135,CUST-00153,PRD-00151,08/10/2025,,9,125.16,0.25,Website,Cash on Delivery,Delivered
ORD-002978,CUST-00414,PRD-00064,2023-07-31,2023-08-07,2,EGP 1338.56,0.0,MARKETPLACE,Installment,Pending
ORD-004109,CUST-00579,PRD-00027,08/21/2025,2025-08-25,3,6528.78,0.0,Marketplace,Cash on Delivery,Delivered
ORD-005522,CUST-00755,PRD-00177,2024-12-07,10/12/2024,3,5234.78,0.25,Marketplace,Installment,Delivered
ORD-003806,CUST-00528,PRD-00016,26-Mar-2025,29/03/2025,1,6150.02,0.0,Website,Credit Card,Delivered
ORD-005054,CUST-00686,PRD-00112,04/01/2025,02-Jan-2025,6,422.18,0.2,Mobile App,Wallet,Delivered
ORD-000578,CUST-00078,PRD-00097,2025-04-13,04/15/2025,10,550.73,0.05,Mobile App,Wallet,Returned
ORD-004014,CUST-00564,PRD-00157,29/11/2024,2024-11-30,2,EGP 186.52,0.1,Mobile App,Cash on Delivery,Delivered
ORD-004955,CUST-00673,PRD-00119,2025-03-21,03/23/2025,7,898.59,0.0,Website,Installment,Cancelled
ORD-005237,CUST-00713,PRD-00156,2024-12-12,13/12/2024,2,250.31,0.15,Mobile App,Wallet,Cancelled
ORD-001733,CUST-00238,PRD-00021,25/12/2025,2025-12-28,6,7707.69,0.0,Website,Cash on Delivery,Delivered
ORD-003446,CUST-00474,PRD-00188,22/03/2024,25/03/2024,5,235.83,0.1,Marketplace,Cash on Delivery,Delivered
ORD-002385,CUST-00333,PRD-00058,19/10/2023,25/10/2023,9,3308.87,0.0,Mobile App,Cash on Delivery,Delivered
ORD-001678,CUST-00226,PRD-00186,16-Sep-2023,,5,4878.71,0.0,MOBILE APP,Credit Card,Delivered
ORD-004864,CUST-00665,PRD-00059,03/21/2023,24/03/2023,2,1565.88,0.0,Marketplace,Cash on Delivery,Cancelled
ORD-005493,CUST-00751,PRD-00106,04/02/2024,07-Feb-2024,9,1124.04,0.0,Website,Credit Card,Delivered
ORD-002762,CUST-00375,PRD-00115,08-May-2024,2024-05-12,5,290.78,0.2,Website,Wallet,Delivered
ORD-005336,CUST-00727,PRD-00140,2024-11-18,11/19/2024,7,168.61,0.05,Marketplace,Wallet,Delivered
ORD-000875,CUST-00120,PRD-00121,02/20/2024,2024-02-26,3,307.1,0.05,Marketplace,Credit Card,Delivered
ORD-002830,CUST-00384,PRD-00037,05-Apr-2023,2023-04-09,10,2145.36,0.0,Marketplace,Wallet,Delivered
ORD-001460,CUST-00201,PRD-00164,19-Oct-2023,21-Oct-2023,7,6039.64,0.2,Mobile App,Credit Card,Delivered
ORD-003896,CUST-00547,PRD-00162,2023-03-27,2023-04-02,3,1009.35,0.1,Marketplace,Credit Card,Delivered
ORD-004119,CUST-00581,PRD-00144,09/28/2023,,1,212.23,0.0,MARKETPLACE,Wallet,Delivered
ORD-001619,CUST-00217,PRD-00108,11/01/2023,15-Jan-2023,5,230.98,0.0,Marketplace,Cash on Delivery,Returned
ORD-000677,CUST-00091,PRD-00184,09-Nov-2025,2025-11-10,4,2621.44,0.0,Website,Credit Card,Delivered
ORD-000484,CUST-00065,PRD-00129,2025-02-12,2025-02-14,7,23.89,0.0,Marketplace,Wallet,Pending
ORD-004072,CUST-00573,PRD-00024,12/11/2023,11/19/2023,7,8840.39,0.2,Mobile App,Cash on Delivery,Delivered
ORD-004885,CUST-00666,PRD-00013,08/10/2024,08/13/2024,5,5695.33,0.2,Website,Cash on Delivery,Delivered
ORD-000666,CUST-00090,PRD-00161,08/03/2025,,3,1342.19,0.0,Mobile App,Wallet,Pending
ORD-002399,CUST-00335,PRD-00077,07/22/2025,,3,3228.9,0.0,Website,Cash on Delivery,Delivered
ORD-004799,CUST-00656,PRD-00187,21-Jun-2023,06/26/2023,1,5533.15,0.0,Marketplace,Credit Card,Returned
ORD-003151,CUST-00437,PRD-00112,11/24/2024,11/28/2024,5,422.18,0.05,Marketplace,Wallet,Delivered
ORD-000052,CUST-00006,PRD-00069,13-Aug-2025,17-Aug-2025,4,EGP 1039.35,0.1,Mobile App,Credit Card,Delivered
ORD-001263,CUST-00172,PRD-00015,15/12/2025,12/17/2025,1,5715.8,0.0,Marketplace,Installment,Pending
ORD-000078,CUST-00009,PRD-00035,10/31/2024,2024-11-01,7,EGP 4561.67,0.0,Marketplace,Credit Card,Delivered
ORD-003663,CUST-00505,PRD-00045,2023-11-23,2023-11-25,4,4956.18,0.2,Mobile App,Wallet,Returned
ORD-000940,CUST-00129,PRD-00158,2023-10-20,25/10/2023,7,308.65,0.25,MOBILE APP,Credit Card,Delivered
ORD-001798,CUST-00245,PRD-00185,2024-05-19,2024-05-21,1,EGP 2013.53,0.25,Marketplace,Cash on Delivery,Delivered
ORD-003504,CUST-00483,PRD-00071,06/18/2023,06/20/2023,3,657.42,0.0,Marketplace,Wallet,Delivered
ORD-005435,CUST-00740,PRD-00124,2024-09-11,12-Sep-2024,9,152.17,0.05,Marketplace,Wallet,Delivered
ORD-001639,CUST-00222,PRD-00065,14-Mar-2024,19/03/2024,4,1220.64,0.15,Website,Cash on Delivery,Delivered
ORD-004225,CUST-00591,PRD-00187,11/06/2025,08/11/2025,2,5533.15,0.0,Marketplace,Installment,Delivered
ORD-002393,CUST-00334,PRD-00042,09/09/2024,16/09/2024,3,1460.4,0.0,Website,Installment,Delivered
ORD-004263,CUST-00597,PRD-00008,25-Apr-2025,2025-04-26,9,13998.23,0.05,Marketplace,Wallet,Delivered
ORD-002410,CUST-00335,PRD-00066,02/07/2024,07/08/2024,2,531.75,0.15,Website,wallet,Delivered
ORD-000508,CUST-00069,PRD-00067,01/09/2023,13/01/2023,10,1590.28,0.0,Website,Wallet,Cancelled
ORD-001651,CUST-00223,PRD-00045,2024-01-28,31-Jan-2024,4,4956.18,0.15,MARKETPLACE,Wallet,Returned
  ORD-001611  ,CUST-00216,PRD-00065,04-Apr-2025,08/04/2025,2,1220.64,0.15,Mobile App,Wallet,Delivered
ORD-005791,CUST-00793,PRD-00068,22/11/2024,28/11/2024,3,1186.92,0.0,Marketplace,Cash on Delivery,Delivered
ORD-002081,CUST-00292,PRD-00037,2025-05-16,20-May-2025,3,2145.36,0.0,Mobile App,Credit Card,Delivered
ORD-003269,CUST-00454,PRD-00160,2025-10-04,09/10/2025,2,214.1,0.05,Marketplace,Cash on Delivery,Returned
ORD-001717,CUST-00235,PRD-00069,29/08/2023,2023-09-05,2,1039.35,0.0,Website,Credit Card,Delivered
ORD-003236,CUST-00449,PRD-00084,03/01/2025,02-Mar-2025,4,600.09,0.0,Marketplace,installment,Delivered
ORD-000192,CUST-00025,PRD-00009,12-Aug-2024,16-Aug-2024,4,1433.71,0.1,Marketplace,Installment,Cancelled
ORD-001085,CUST-00148,PRD-00137,29/10/2024,2024-10-31,1,328.81,0.25,Website,Cash on Delivery,Delivered
ORD-001262,CUST-00171,PRD-00007,24/08/2024,08/28/2024,5,5375.75,0.0,Marketplace,Credit Card,Delivered
ORD-003007,CUST-00417,PRD-00063,2023-11-29,03/12/2023,10,3118.2,0.0,Marketplace,Credit Card,Delivered
ORD-004486,CUST-00617,PRD-00146,30/09/2023,2023-10-07,4,194.39,0.0,Marketplace,Installment,Delivered
ORD-005049,CUST-00686,PRD-00176,28/07/2023,01/08/2023,9,3014.74,0.1,Mobile App,Credit Card,Delivered
ORD-001030,CUST-00142,PRD-00058,2024-06-07,06/08/2024,5,3308.87,0.2,Mobile App,Installment,Delivered
ORD-005504,CUST-00753,PRD-00058,2024-12-17,,3,3308.87,0.05,Marketplace,Cash on Delivery,Cancelled
ORD-000770,CUST-00101,PRD-00065,03-May-2025,09/05/2025,1,1220.64,0.25,Website,Wallet,Pending
ORD-001942,CUST-00276,PRD-00085,27/12/2024,12/28/2024,3,265.37,0.0,WEBSITE,Credit Card,Delivered
ORD-002947,CUST-00408,PRD-00083,23-Apr-2023,04/30/2023,7,1673.7,0.25,Mobile App,Cash on Delivery,Delivered
ORD-004362,CUST-00604,PRD-00163,25-Nov-2024,01/12/2024,4,5049.75,0.1,Marketplace,Credit Card,Delivered
ORD-004339,CUST-00603,PRD-00170,13/04/2024,17/04/2024,9,7690.28,0.2,Mobile App,Installment,Cancelled
ORD-004450,CUST-00614,PRD-00125,26-May-2024,2024-05-31,9,151.72,0.15,Website,installment,Pending
ORD-000280,CUST-00037,PRD-00034,25/11/2024,12/02/2024,3,4894.09,0.25,Website,Installment,Returned
ORD-003819,CUST-00530,PRD-00165,21-Dec-2023,22-Dec-2023,4,1559.9,0.0,Website,Wallet,Cancelled
ORD-001211,CUST-00165,PRD-00086,2023-07-02,2023-07-09,4,1754.49,0.0,Mobile App,Wallet,Pending
ORD-000012,CUST-00003,PRD-00077,03/07/2023,06/07/2023,4,3228.9,0.2,Mobile App,Credit Card,Delivered
ORD-005586,CUST-00765,PRD-00188,04/02/2023,03/04/2023,1,235.83,0.0,MOBILE APP,Credit Card,Delivered
ORD-001854,CUST-00258,PRD-00030,05/02/2023,,2,6643.61,0.25,Website,Installment,Returned
ORD-002199,CUST-00310,PRD-00006,2024-02-18,2024-02-21,10,4094.1,0.15,Mobile App,Credit Card,Delivered
ORD-003284,CUST-00455,PRD-00106,2024-10-02,10/04/2024,1,EGP 1124.04,0.2,Website,Credit Card,Delivered
ORD-000533,CUST-00073,PRD-00147,09/12/2023,12/12/2023,1,222.8,0.0,Mobile App,Cash on Delivery,Delivered
ORD-004853,CUST-00663,PRD-00081,01/06/2023,2023-01-11,10,2904.61,0.0,Marketplace,Credit Card,Delivered
ORD-005613,CUST-00769,PRD-00109,27-Feb-2024,01/03/2024,5,EGP 252.4,0.0,Mobile App,credit card,Delivered
ORD-001987,CUST-00284,PRD-00128,12/09/2024,2024-09-16,5,812.88,0.25,Website,Credit Card,Delivered
ORD-002169,CUST-00304,PRD-00039,2024-06-07,2024-06-10,2,2748.05,0.2,Mobile App,Cash on Delivery,Delivered
  ORD-004398  ,CUST-00607,PRD-00048,17-Nov-2024,2024-11-18,3,EGP 616.54,0.05,MARKETPLACE,Wallet,Delivered
ORD-002252,CUST-00315,PRD-00084,22/02/2025,23/02/2025,8,600.09,0.05,Marketplace,Cash on Delivery,Cancelled
  ORD-002593  ,CUST-00357,PRD-00113,04/01/2024,09/01/2024,1,719.15,0.2,Mobile App,Wallet,Delivered
ORD-002854,CUST-00388,PRD-00166,09-Jun-2024,2024-06-13,4,1361.3,0.0,Marketplace,Credit Card,Delivered
ORD-000827,CUST-00110,PRD-00141,19-Sep-2023,2023-09-24,2,265.4,0.0,Marketplace,Wallet,Delivered
ORD-002016,CUST-00286,PRD-00102,07/29/2025,04/08/2025,3,833.67,0.15,Website,Installment,Delivered
ORD-001443,CUST-00195,PRD-00037,23-Sep-2025,29-Sep-2025,2,2145.36,0.0,Website,Cash on Delivery,Delivered
ORD-004758,CUST-00651,PRD-00088,2023-02-18,25/02/2023,5,2384.43,0.05,Website,Credit Card,Delivered
ORD-004566,CUST-00627,PRD-00070,18-Oct-2025,25/10/2025,5,1062.89,0.05,Website,Credit Card,Cancelled
ORD-002891,CUST-00398,PRD-00090,05/08/2023,10/08/2023,2,1391.99,0.0,Website,Cash on Delivery,Delivered
ORD-000349,CUST-00043,PRD-00140,11/11/2024,11/15/2024,10,168.61,0.15,Marketplace,Credit Card,Delivered
ORD-004841,CUST-00660,PRD-00160,2024-11-27,2024-12-01,9,214.1,0.05,Marketplace,Installment,Pending
ORD-002153,CUST-00301,PRD-00177,03/17/2023,2023-03-19,3,5234.78,0.05,Mobile App,Installment,Cancelled
ORD-000614,CUST-00082,PRD-00032,04-Jul-2024,07/06/2024,9,1547.2,0.15,Mobile App,Installment,Delivered
ORD-001204,CUST-00165,PRD-00016,05/22/2025,2025-05-23,3,6150.02,0.1,Website,Wallet,Delivered
ORD-001513,CUST-00206,PRD-00043,2025-08-03,08/07/2025,2,EGP 670.88,0.0,MARKETPLACE,Wallet,Delivered
ORD-005728,CUST-00785,PRD-00047,18-Apr-2025,22/04/2025,4,3368.82,0.0,Mobile App,Installment,Delivered
ORD-004208,CUST-00590,PRD-00067,23/05/2025,28-May-2025,3,1590.28,0.0,MOBILE APP,Installment,Delivered
ORD-002955,CUST-00410,PRD-00020,02/23/2024,02/24/2024,4,9661.76,0.15,WEBSITE,Credit Card,Cancelled
ORD-002051,CUST-00290,PRD-00036,12/10/2024,12/14/2024,3,2503.62,0.05,Marketplace,Installment,Delivered
ORD-004781,CUST-00654,PRD-00065,12/14/2024,2024-12-19,5,1220.64,0.25,Mobile App,Wallet,Pending
ORD-004050,CUST-00568,PRD-00154,14/04/2025,17-Apr-2025,1,175.83,0.15,MOBILE APP,Wallet,Delivered
ORD-000871,CUST-00119,PRD-00184,08-Apr-2023,04/09/2023,3,EGP 2621.44,0.15,Marketplace,Credit Card,Delivered
ORD-001080,CUST-00147,PRD-00052,2024-03-25,03/30/2024,2,4557.53,0.2,Mobile App,Credit Card,Delivered
ORD-002274,CUST-00318,PRD-00122,09/26/2025,,10,692.52,0.1,WEBSITE,Credit Card,Delivered
ORD-000150,CUST-00021,PRD-00008,14-Oct-2023,20/10/2023,4,13998.23,0.1,Mobile App,Cash on Delivery,Delivered
ORD-000501,CUST-00067,PRD-00007,16/01/2023,23/01/2023,1,5375.75,0.15,Marketplace,Wallet,Delivered
ORD-004182,CUST-00588,PRD-00113,25-Nov-2025,2025-11-28,4,719.15,0.15,Website,Wallet,Returned
ORD-005181,CUST-00704,PRD-00064,2024-04-13,04/14/2024,1,1338.56,0.0,Website,Credit Card,Delivered
ORD-002486,CUST-00343,PRD-00142,2023-09-20,2023-09-24,9,29.02,0.05,Marketplace,Wallet,Delivered
ORD-002279,CUST-00318,PRD-00054,2024-04-21,23/04/2024,4,1277.14,0.0,Mobile App,Credit Card,Pending
ORD-004930,CUST-00671,PRD-00008,04/19/2024,20-Apr-2024,5,13998.23,0.0,Marketplace,Cash on Delivery,Delivered
ORD-003079,CUST-00429,PRD-00050,24/11/2023,30-Nov-2023,10,6188.03,0.0,WEBSITE,cash on delivery,Returned
ORD-004882,CUST-00666,PRD-00153,19/03/2023,2023-03-22,4,321.69,0.1,Marketplace,wallet,Delivered
ORD-002195,CUST-00308,PRD-00179,29-Jun-2023,07/06/2023,4,2311.13,0.0,Marketplace,Cash on Delivery,Delivered
ORD-004716,CUST-00645,PRD-00046,2024-05-16,17/05/2024,3,1161.95,0.15,Website,Credit Card,Cancelled
ORD-002092,CUST-00295,PRD-00012,07-Dec-2024,09/12/2024,9,9488.69,0.05,Marketplace,Credit Card,Pending
ORD-005152,CUST-00701,PRD-00074,21-Mar-2025,25-Mar-2025,4,EGP 396.44,0.05,Mobile App,Installment,Delivered
ORD-002030,CUST-00288,PRD-00154,2023-06-11,06/13/2023,3,175.83,0.2,Website,Installment,Delivered
ORD-002551,CUST-00353,PRD-00038,26/04/2025,28/04/2025,5,2707.61,,MOBILE APP,installment,Delivered
ORD-005194,CUST-00705,PRD-00035,29-Sep-2025,01-Oct-2025,3,4561.67,0.0,MARKETPLACE,Installment,Delivered
ORD-005500,CUST-00751,PRD-00017,13-Oct-2025,18-Oct-2025,6,4224.65,0.0,Marketplace,Credit Card,Cancelled
ORD-003974,CUST-00558,PRD-00091,01/19/2024,01/22/2024,3,1667.87,0.15,MOBILE APP,Installment,Delivered
ORD-002651,CUST-00365,PRD-00114,2025-04-10,16/04/2025,3,864.91,0.1,Website,Credit Card,Delivered
ORD-000109,CUST-00015,PRD-00098,2024-07-18,07/20/2024,5,718.7,0.0,Mobile App,Wallet,Delivered
ORD-001042,CUST-00144,PRD-00098,22-Nov-2025,25/11/2025,10,718.7,0.0,Marketplace,Installment,Delivered
ORD-003746,CUST-00520,PRD-00022,08-May-2023,05/09/2023,3,14193.82,0.0,Website,Wallet,Delivered
ORD-002190,CUST-00308,PRD-00038,06/24/2023,27/06/2023,4,2707.61,0.2,Marketplace,Installment,Delivered
ORD-003032,CUST-00423,PRD-00161,2025-10-14,17-Oct-2025,1,1342.19,0.0,Mobile App,Wallet,Returned
ORD-003922,CUST-00551,PRD-00120,29/08/2024,02-Sep-2024,2,538.56,0.0,Marketplace,Wallet,Delivered
ORD-002523,CUST-00348,PRD-00076,19-Apr-2025,04/24/2025,4,2045.06,0.25,Marketplace,Credit Card,Delivered
ORD-004121,CUST-00582,PRD-00100,2025-05-06,12-May-2025,1,555.91,0.1,Marketplace,Credit Card,Delivered
ORD-001093,CUST-00149,PRD-00040,20-Nov-2023,2023-11-27,5,1977.22,0.05,Mobile App,cash on delivery,Delivered
  ORD-005101  ,CUST-00695,PRD-00140,03/27/2023,30-Mar-2023,5,168.61,0.25,Marketplace,Credit Card,Delivered
ORD-003173,CUST-00439,PRD-00125,12/21/2024,24-Dec-2024,5,151.72,0.15,Mobile App,Wallet,Pending
ORD-000161,CUST-00022,PRD-00061,2024-08-01,2024-08-08,4,1707.55,0.15,Marketplace,Wallet,Pending
ORD-005014,CUST-00679,PRD-00186,05/01/2023,12-Jan-2023,3,4878.71,0.25,Website,Cash on Delivery,Delivered
ORD-005111,CUST-00695,PRD-00012,06-Sep-2023,11/09/2023,5,9488.69,0.15,MARKETPLACE,Wallet,Pending
ORD-000619,CUST-00083,PRD-00092,28-Oct-2023,01-Nov-2023,5,727.52,0.15,Website,Wallet,Delivered
ORD-004778,CUST-00654,PRD-00172,14/04/2024,15-Apr-2024,5,4391.94,0.25,Marketplace,Wallet,Returned
ORD-005354,CUST-00730,PRD-00098,04-Jan-2023,08/01/2023,7,718.7,0.0,Website,Cash on Delivery,Delivered
ORD-001496,CUST-00205,PRD-00103,05/05/2025,08/05/2025,5,275.52,0.0,Marketplace,Installment,Delivered
ORD-004976,CUST-00674,PRD-00037,28-Nov-2024,29/11/2024,3,2145.36,0.0,Marketplace,Installment,Delivered
ORD-003030,CUST-00423,PRD-00031,03/11/2025,14/03/2025,1,EGP 376.78,0.0,Website,Credit Card,Delivered
ORD-003559,CUST-00488,PRD-00139,07/31/2025,06/08/2025,2,195.93,0.0,Website,Credit Card,Returned
ORD-002922,CUST-00401,PRD-00134,2025-09-30,10/02/2025,4,165.0,0.0,Website,Credit Card,Pending
ORD-003060,CUST-00426,PRD-00069,21/04/2023,2023-04-27,2,1039.35,0.0,Website,Installment,Delivered
ORD-005320,CUST-00725,PRD-00169,05/03/2023,2023-03-07,1,3779.35,0.0,Marketplace,Wallet,Delivered
ORD-000374,CUST-00047,PRD-00038,2024-04-07,08/04/2024,4,2707.61,0.0,Mobile App,Cash on Delivery,Delivered
ORD-005400,CUST-00734,PRD-00115,18-Sep-2024,09/24/2024,7,290.78,0.0,Marketplace,Credit Card,Delivered
ORD-005702,CUST-00781,PRD-00118,2025-03-06,2025-03-07,7,341.03,,Mobile App,Credit Card,Pending
ORD-001640,CUST-00222,PRD-00073,16-Dec-2023,12/17/2023,4,2603.44,0.2,Website,Credit Card,Delivered
ORD-000915,CUST-00126,PRD-00046,06/30/2025,2025-07-01,5,1161.95,,WEBSITE,Credit Card,Delivered
ORD-003850,CUST-00540,PRD-00054,04-Apr-2025,10-Apr-2025,2,1277.14,0.15,Mobile App,Installment,Delivered
ORD-002105,CUST-00295,PRD-00003,08-Feb-2025,11/02/2025,7,1534.69,0.0,Marketplace,Installment,Cancelled
ORD-002064,CUST-00291,PRD-00058,30-Aug-2023,04/09/2023,7,3308.87,0.0,Marketplace,Credit Card,Pending
ORD-001034,CUST-00143,PRD-00066,11/22/2024,23/11/2024,1,531.75,0.0,Mobile App,Credit Card,Delivered
ORD-002198,CUST-00310,PRD-00177,27-Mar-2024,31/03/2024,8,EGP 5234.78,0.1,Mobile App,Installment,Delivered
ORD-001466,CUST-00202,PRD-00118,12/07/2024,07/14/2024,1,EGP 341.03,0.0,Website,Credit Card,Cancelled
ORD-000514,CUST-00069,PRD-99999,23/04/2023,27-Apr-2023,4,7690.28,0.15,Website,Cash on Delivery,Pending
ORD-004480,CUST-00617,PRD-00162,26/04/2024,,3,EGP 1009.35,0.0,Mobile App,Credit Card,Delivered
ORD-003756,CUST-00520,PRD-00020,22-Apr-2023,2023-04-27,1,9661.76,0.1,Website,Cash on Delivery,Delivered
ORD-003581,CUST-00492,PRD-00004,08/22/2024,25-Aug-2024,7,3744.22,0.0,Website,Cash on Delivery,Delivered
ORD-004696,CUST-00642,PRD-00038,27/12/2024,29/12/2024,3,2707.61,0.15,Mobile App,Credit Card,Delivered
ORD-000048,CUST-00006,PRD-00015,04/05/2023,,1,5715.8,0.0,Marketplace,Installment,Delivered
ORD-000489,CUST-00066,PRD-00169,12/18/2023,24-Dec-2023,2,3779.35,0.1,Marketplace,cash on delivery,Cancelled
ORD-000471,CUST-00064,PRD-00086,18-May-2025,19/05/2025,5,1754.49,0.1,Marketplace,Credit Card,Delivered
ORD-005627,CUST-00771,PRD-00163,11-Dec-2025,2025-12-17,6,EGP 5049.75,0.0,Marketplace,Cash on Delivery,Delivered
ORD-003825,CUST-00534,PRD-00090,03/06/2025,,4,1391.99,0.1,Mobile App,Installment,Delivered
ORD-003121,CUST-00433,PRD-00065,2023-06-05,2023-06-06,1,1220.64,,Marketplace,Installment,Delivered
ORD-000711,CUST-00097,PRD-00013,08/24/2023,08/28/2023,1,5695.33,,Website,Wallet,Pending
ORD-001994,CUST-00284,PRD-00153,04-Aug-2025,2025-08-09,2,321.69,,Mobile App,Cash on Delivery,Delivered
ORD-001170,CUST-00160,PRD-00172,06-Mar-2024,10-Mar-2024,1,4391.94,0.2,Mobile App,Installment,Cancelled
ORD-002876,CUST-00393,PRD-00089,2024-07-16,23/07/2024,4,370.11,0.0,Mobile App,Credit Card,Delivered
ORD-005617,CUST-00771,PRD-00099,07/06/2023,14-Jun-2023,7,152.23,0.25,Marketplace,Credit Card,Delivered
ORD-001057,CUST-00145,PRD-00113,13-Jul-2024,20/07/2024,2,719.15,0.0,Mobile App,Wallet,Cancelled
ORD-001338,CUST-00180,PRD-00116,2025-08-21,08/26/2025,1,466.13,0.0,Website,Wallet,Returned
ORD-000828,CUST-00110,PRD-00148,28/09/2025,05/10/2025,2,63.15,0.1,Mobile App,Installment,Delivered
ORD-001522,CUST-00207,PRD-00067,2023-09-25,26-Sep-2023,8,1590.28,0.25,Mobile App,Installment,Delivered
ORD-002306,CUST-00320,PRD-00091,04-Dec-2024,12/06/2024,4,1667.87,0.0,Mobile App,Cash on Delivery,Delivered
ORD-003649,CUST-00502,PRD-00035,2023-09-25,09/27/2023,2,4561.67,0.0,Mobile App,Wallet,Pending
ORD-001461,CUST-00201,PRD-00002,25-Aug-2024,,4,9414.07,0.25,Website,Credit Card,Delivered
ORD-001974,CUST-00282,PRD-00081,05/03/2025,2025-05-09,4,2904.61,0.0,Mobile App,credit card,Delivered
ORD-001405,CUST-00191,PRD-00045,2024-06-14,11/06/2024,5,4956.18,0.0,Marketplace,Wallet,Cancelled
ORD-000886,CUST-00123,PRD-00090,14/04/2024,16-Apr-2024,1,1391.99,0.05,Marketplace,Wallet,Delivered
ORD-003734,CUST-00516,PRD-00181,2024-06-15,2024-06-22,1,7757.56,0.2,Mobile App,Wallet,Delivered
ORD-000546,CUST-00073,PRD-00125,20/03/2023,2023-03-27,4,151.72,0.0,Website,Cash on Delivery,Delivered
ORD-005719,CUST-00783,PRD-00011,2025-01-29,02/04/2025,2,2785.74,0.05,Marketplace,Wallet,Delivered
ORD-003996,CUST-00562,PRD-00097,2024-08-15,08/20/2024,9,550.73,0.0,Marketplace,Wallet,Delivered
ORD-005132,CUST-00699,PRD-00162,29-Oct-2025,2025-11-04,5,1009.35,0.0,Website,Credit Card,Returned
ORD-003944,CUST-00556,PRD-00013,2024-01-14,01/16/2024,3,5695.33,0.0,Website,Installment,Delivered
ORD-001065,CUST-00146,PRD-00105,03/10/2025,2025-03-11,10,840.93,0.15,Website,Wallet,Pending
ORD-002969,CUST-00411,PRD-00018,15/03/2023,19-Mar-2023,4,8604.46,0.05,Website,Cash on Delivery,Delivered
ORD-004921,CUST-00669,PRD-00077,22-Dec-2024,2024-12-24,5,3228.9,0.2,Mobile App,Installment,Pending
ORD-000631,CUST-00084,PRD-00048,02/04/2023,06-Apr-2023,5,616.54,0.0,Mobile App,Wallet,Returned
  ORD-000679  ,CUST-00091,PRD-00017,2023-09-12,16-Sep-2023,4,4224.65,0.0,Website,Wallet,Cancelled
ORD-005820,CUST-00797,PRD-00008,06/09/2023,09/12/2023,4,13998.23,,Marketplace,Credit Card,Returned
ORD-003306,CUST-00457,PRD-00179,13/08/2023,15-Aug-2023,3,2311.13,0.25,Mobile App,Credit Card,Delivered
ORD-005286,CUST-00721,PRD-00140,26-Nov-2025,30-Nov-2025,4,168.61,0.1,Website,Wallet,Pending
ORD-004899,CUST-00667,PRD-00178,19/08/2024,2024-08-22,2,583.55,0.0,Marketplace,Installment,Delivered
ORD-002855,CUST-00388,PRD-00037,10/29/2025,04-Nov-2025,4,2145.36,0.0,Website,Credit Card,Delivered
ORD-002633,CUST-00362,PRD-00049,31-Jan-2024,02/05/2024,5,3627.21,0.1,Website,Credit Card,Delivered
ORD-001509,CUST-00206,PRD-00153,09/01/2025,2025-01-14,3,321.69,0.0,MOBILE APP,Wallet,Delivered
ORD-004126,CUST-00584,PRD-00001,10/09/2025,11-Oct-2025,6,3019.28,0.2,Mobile App,Cash on Delivery,Pending
ORD-000278,CUST-00037,PRD-00154,11/12/2025,12/12/2025,1,175.83,0.0,WEBSITE,Installment,Cancelled
ORD-004326,CUST-00602,PRD-00164,09/06/2024,16-Jun-2024,9,6039.64,0.1,Website,Wallet,Delivered
ORD-000250,CUST-00032,PRD-00071,10/22/2025,26-Oct-2025,3,657.42,0.15,Website,Wallet,Delivered
ORD-001226,CUST-00168,PRD-00119,22-Mar-2025,2025-03-27,4,898.59,0.2,Mobile App,Installment,Delivered
ORD-001388,CUST-00188,PRD-99999,30/10/2023,2023-11-05,4,EGP 174.99,0.2,Marketplace,Installment,Cancelled
ORD-002989,CUST-00415,PRD-00052,11-Mar-2024,,2,4557.53,0.1,Marketplace,Credit Card,Delivered
ORD-001237,CUST-00169,PRD-00134,2025-05-28,29/05/2025,2,165.0,0.0,Mobile App,Cash on Delivery,Pending
ORD-003852,CUST-00540,PRD-00114,25-Feb-2025,01/03/2025,2,864.91,0.0,Website,Wallet,Delivered
  ORD-002774  ,CUST-00376,PRD-00106,2023-05-22,25/05/2023,5,1124.04,0.1,Mobile App,Credit Card,Delivered
ORD-002700,CUST-00371,PRD-00041,18/04/2024,23-Apr-2024,3,1168.7,0.15,Mobile App,wallet,Delivered
ORD-001902,CUST-00266,PRD-00100,05/04/2025,09-May-2025,1,555.91,0.0,Marketplace,Credit Card,Delivered
ORD-001287,CUST-00174,PRD-00166,10/17/2025,20/10/2025,8,1361.3,0.2,Website,Cash on Delivery,Returned
ORD-000293,CUST-00038,PRD-00089,04/22/2023,04/26/2023,10,370.11,0.0,Mobile App,Cash on Delivery,Delivered
ORD-000981,CUST-00133,PRD-00139,08/07/2025,2025-07-09,5,195.93,0.2,Marketplace,Credit Card,Delivered
ORD-005690,CUST-00779,PRD-00051,28/07/2023,04-Aug-2023,5,4568.48,0.05,Website,Credit Card,Delivered
ORD-004118,CUST-00581,PRD-00110,14-Oct-2025,10/20/2025,3,443.5,0.1,Website,Installment,Delivered
ORD-001614,CUST-00216,PRD-00099,11/24/2024,25/11/2024,1,152.23,0.0,Marketplace,Credit Card,Cancelled
ORD-004468,CUST-00617,PRD-00095,29/11/2025,12/02/2025,5,493.89,0.2,Mobile App,Installment,Delivered
ORD-001599,CUST-00214,PRD-00180,11/15/2023,18/11/2023,3,6579.05,0.2,Mobile App,Credit Card,Returned
ORD-003468,CUST-00477,PRD-00006,16/02/2025,2025-02-21,2,4094.1,0.15,Marketplace,Cash on Delivery,Delivered
ORD-003055,CUST-00425,PRD-00176,2023-04-30,05/03/2023,3,3014.74,0.05,MOBILE APP,Wallet,Returned
ORD-005257,CUST-00717,PRD-00168,24/12/2024,31/12/2024,3,3279.73,0.2,Marketplace,Cash on Delivery,Pending
ORD-005496,CUST-00751,PRD-00042,31-Jul-2024,2024-08-05,4,1460.4,0.25,Mobile App,Cash on Delivery,Delivered
ORD-005092,CUST-00693,PRD-00024,07/07/2024,14-Jul-2024,3,8840.39,0.0,Mobile App,Wallet,Cancelled
ORD-003582,CUST-00492,PRD-00128,2024-02-15,02/18/2024,6,812.88,0.1,Marketplace,Credit Card,Delivered
ORD-004901,CUST-00667,PRD-00097,10/02/2024,2024-10-04,4,550.73,0.0,Mobile App,Wallet,Returned
ORD-003790,CUST-00527,PRD-00028,18-May-2023,2023-05-22,1,6404.22,0.05,Mobile App,Credit Card,Delivered
ORD-000629,CUST-00084,PRD-00086,04/11/2024,12/04/2024,5,1754.49,0.25,Website,Wallet,Delivered
ORD-001203,CUST-00165,PRD-00182,2023-07-18,19-Jul-2023,3,4312.02,0.0,Mobile App,Installment,Cancelled
ORD-004915,CUST-00668,PRD-00177,05/27/2025,05/30/2025,1,5234.78,0.05,Marketplace,wallet,Pending
ORD-001519,CUST-00207,PRD-00022,28/11/2025,2025-12-02,5,14193.82,0.0,Website,Cash on Delivery,Delivered
ORD-000698,CUST-00094,PRD-00133,12/10/2024,,4,174.99,0.15,Website,Credit Card,Delivered
ORD-000431,CUST-00058,PRD-00055,2024-04-13,19/04/2024,10,2089.61,0.05,Website,Cash on Delivery,Delivered
ORD-003387,CUST-00466,PRD-00177,16/01/2024,21/01/2024,5,5234.78,0.1,MARKETPLACE,Credit Card,Delivered
  ORD-004866  ,CUST-00665,PRD-00048,2025-06-04,10-Jun-2025,2,616.54,0.0,Website,Installment,Pending
ORD-000097,CUST-00012,PRD-00018,16/11/2025,11/17/2025,3,8604.46,0.25,Mobile App,Credit Card,Delivered
ORD-000944,CUST-00130,PRD-00134,06/12/2023,13-Dec-2023,5,165.0,0.15,Marketplace,Cash on Delivery,Delivered
ORD-004113,CUST-00580,PRD-00083,06/26/2023,03-Jul-2023,4,1673.7,0.0,Mobile App,Installment,Delivered
ORD-003745,CUST-00519,PRD-00158,12-Feb-2023,19-Feb-2023,9,308.65,0.0,Marketplace,Credit Card,Delivered
ORD-000644,CUST-00086,PRD-00123,17-Sep-2024,23/09/2024,5,83.93,0.2,Mobile App,Wallet,Delivered
ORD-003403,CUST-00469,PRD-00002,21-Aug-2025,23-Aug-2025,4,9414.07,0.0,Website,Installment,Pending
ORD-004211,CUST-00590,PRD-00108,27/03/2025,01/04/2025,10,230.98,0.25,Website,Wallet,Returned
ORD-003273,CUST-00455,PRD-00037,01/30/2024,2024-02-01,4,2145.36,0.0,Mobile App,Wallet,Delivered
ORD-002214,CUST-00312,PRD-00051,29/01/2025,03-Feb-2025,3,4568.48,0.0,Marketplace,wallet,Delivered
ORD-000487,CUST-00066,PRD-00163,13/07/2024,18-Jul-2024,3,5049.75,0.05,Mobile App,Cash on Delivery,Cancelled
ORD-003336,CUST-00460,PRD-00174,08-Oct-2023,2023-10-09,4,2379.8,0.25,Website,Wallet,Delivered
ORD-002079,CUST-00292,PRD-00126,2025-01-03,08/01/2025,1,340.64,0.0,Mobile App,Wallet,Delivered
ORD-004908,CUST-00668,PRD-00023,2025-03-17,03/18/2025,2,11190.64,0.0,Website,Installment,Delivered
ORD-001091,CUST-00149,PRD-00023,27-Oct-2025,10/28/2025,5,11190.64,0.1,Marketplace,Cash on Delivery,Cancelled
ORD-003377,CUST-00463,PRD-00011,2024-09-19,22-Sep-2024,5,2785.74,0.0,Mobile App,Credit Card,Delivered
ORD-002069,CUST-00292,PRD-00104,2024-03-03,10-Mar-2024,5,698.62,0.0,Marketplace,Cash on Delivery,Returned
ORD-003215,CUST-00443,PRD-00124,11-May-2025,18/05/2025,2,152.17,0.0,MARKETPLACE,Installment,Pending
ORD-005809,CUST-00795,PRD-00111,08-Apr-2025,11/04/2025,4,291.55,0.25,Mobile App,Cash on Delivery,Delivered
ORD-002106,CUST-00295,PRD-00020,12/07/2024,2024-07-18,4,9661.76,0.05,Marketplace,Cash on Delivery,Delivered
ORD-001856,CUST-00259,PRD-00052,27/01/2025,03-Feb-2025,3,EGP 4557.53,0.05,Website,Installment,Delivered
  ORD-004384  ,CUST-00605,PRD-00099,02/10/2023,10/08/2023,4,152.23,0.0,Mobile App,Cash on Delivery,Delivered
  ORD-005486  ,CUST-00751,PRD-00104,01/06/2025,09-Jan-2025,6,698.62,0.0,Marketplace,Installment,Delivered
ORD-001371,CUST-00185,PRD-00158,15-Jul-2024,07/21/2024,4,EGP 308.65,0.25,Website,Cash on Delivery,Delivered
ORD-000725,CUST-00099,PRD-00165,01-Apr-2024,2024-04-08,5,1559.9,0.0,Website,Credit Card,Delivered
ORD-005273,CUST-00719,PRD-00186,2025-12-26,29-Dec-2025,7,4878.71,,WEBSITE,Wallet,Delivered
ORD-003685,CUST-00506,PRD-00034,2023-01-07,10/01/2023,4,4894.09,0.0,Website,Installment,Cancelled
ORD-003588,CUST-00493,PRD-00042,08/22/2024,2024-08-29,5,1460.4,0.1,Marketplace,Wallet,Cancelled
ORD-001689,CUST-00229,PRD-00091,2025-02-23,03/01/2025,3,1667.87,0.15,Website,Wallet,Delivered
ORD-000834,CUST-00110,PRD-00172,2024-12-01,2024-12-05,5,4391.94,0.0,Website,Cash on Delivery,Delivered
ORD-005751,CUST-00788,PRD-00103,25/07/2025,29/07/2025,1,275.52,0.0,Marketplace,Credit Card,Delivered
ORD-004902,CUST-00667,PRD-00101,04/12/2024,12/10/2024,5,658.37,0.05,Mobile App,Wallet,Pending
ORD-001448,CUST-00196,PRD-00025,2023-09-08,15/09/2023,7,15750.99,0.0,Website,Credit Card,Delivered
ORD-003169,CUST-00437,PRD-00029,25-Mar-2024,2024-03-27,5,1141.21,0.15,MOBILE APP,Cash on Delivery,Pending
ORD-004191,CUST-00589,PRD-00020,09/03/2025,11/03/2025,5,9661.76,0.0,Mobile App,Cash on Delivery,Cancelled
ORD-004991,CUST-00677,PRD-00023,02-Feb-2024,02/09/2024,6,11190.64,0.0,Marketplace,Credit Card,Delivered
ORD-000577,CUST-00078,PRD-00011,05/11/2025,05/13/2025,7,2785.74,0.0,Website,Wallet,Delivered
ORD-001174,CUST-00161,PRD-00005,10/27/2025,03-Nov-2025,4,5870.09,0.05,Website,Cash on Delivery,Cancelled
ORD-002507,CUST-00345,PRD-00062,19/04/2023,04/24/2023,3,271.83,0.25,Website,Installment,Cancelled
ORD-002976,CUST-00414,PRD-00075,21/06/2023,06/22/2023,4,576.69,0.05,Mobile App,Credit Card,Delivered
ORD-004610,CUST-00631,PRD-00183,15-May-2023,21/05/2023,2,6588.34,0.0,Website,Cash on Delivery,Cancelled
ORD-004047,CUST-00568,PRD-00027,19-Sep-2024,22/09/2024,4,6528.78,0.1,Mobile App,Wallet,Returned
ORD-003029,CUST-00423,PRD-00184,10-Jun-2025,14-Jun-2025,5,2621.44,0.15,Mobile App,Cash on Delivery,Delivered
ORD-002610,CUST-00357,PRD-00115,07/01/2025,09/01/2025,1,290.78,,WEBSITE,Credit Card,Delivered
ORD-004599,CUST-00630,PRD-00181,12/09/2024,10/12/2024,3,7757.56,0.15,Marketplace,Wallet,Cancelled
ORD-003405,CUST-00469,PRD-00149,07/08/2025,,5,93.5,0.0,Website,Wallet,Delivered
ORD-004478,CUST-00617,PRD-00109,15-Aug-2025,2025-08-19,5,252.4,0.15,Website,Installment,Cancelled
ORD-005603,CUST-00766,PRD-00117,31-Jul-2024,02-Aug-2024,2,EGP 440.45,0.0,Marketplace,Credit Card,Delivered
ORD-005295,CUST-00722,PRD-00057,04/01/2024,,1,5493.06,0.2,Marketplace,Installment,Delivered
ORD-000202,CUST-00027,PRD-00106,10/23/2024,25/10/2024,1,EGP 1124.04,0.15,Marketplace,Credit Card,Delivered
ORD-003360,CUST-00461,PRD-00137,06/07/2025,2025-07-13,1,328.81,0.05,Marketplace,Credit Card,Delivered
ORD-002767,CUST-00375,PRD-00057,2023-12-27,02/01/2024,2,5493.06,0.0,Marketplace,Installment,Delivered
ORD-001879,CUST-00263,PRD-00016,25-Sep-2023,27/09/2023,2,6150.02,0.1,Marketplace,credit card,Delivered
ORD-002158,CUST-00303,PRD-00056,2023-01-06,11/01/2023,1,1260.88,0.1,Website,Cash on Delivery,Delivered
ORD-001964,CUST-00281,PRD-00001,05/17/2024,24-May-2024,4,EGP 3019.28,0.05,Mobile App,Installment,Delivered
ORD-000433,CUST-00058,PRD-00159,19/11/2023,20/11/2023,8,195.16,0.15,Mobile App,Cash on Delivery,Returned
ORD-005289,CUST-00722,PRD-00161,01/25/2024,2024-01-29,3,1342.19,0.0,Mobile App,Credit Card,Pending
ORD-002630,CUST-00361,PRD-00011,20/12/2025,12/25/2025,6,2785.74,0.2,Mobile App,Installment,Cancelled
ORD-002887,CUST-00396,PRD-00010,2025-11-30,28/11/2025,10,2297.75,0.15,Marketplace,Cash on Delivery,Delivered
ORD-001700,CUST-00231,PRD-00094,2025-08-14,,5,286.11,0.1,Website,Cash on Delivery,Delivered
ORD-003782,CUST-00525,PRD-00169,23/12/2023,2023-12-29,4,3779.35,0.05,Website,Installment,Delivered
ORD-003495,CUST-00482,PRD-00164,03/24/2024,2024-03-30,1,6039.64,,Website,Wallet,Pending
ORD-002525,CUST-00348,PRD-00053,24/07/2025,25/07/2025,2,EGP 933.2,0.0,Mobile App,Credit Card,Delivered
ORD-005318,CUST-00725,PRD-00067,2024-10-25,2024-10-30,4,1590.28,0.05,Website,Credit Card,Delivered
ORD-001545,CUST-00208,PRD-00165,2025-02-16,23/02/2025,4,1559.9,0.0,Mobile App,Installment,Delivered
ORD-001705,CUST-00233,PRD-00030,01/29/2025,03-Feb-2025,9,6643.61,0.05,Marketplace,Installment,Delivered
ORD-000658,CUST-00088,PRD-00091,25-Mar-2024,26/03/2024,3,1667.87,0.25,Marketplace,Credit Card,Delivered
ORD-000947,CUST-00130,PRD-00103,2023-12-23,12/24/2023,5,275.52,0.0,Marketplace,Cash on Delivery,Pending
ORD-005339,CUST-00727,PRD-00130,2023-02-15,2023-02-16,5,93.92,0.25,Mobile App,Cash on Delivery,Delivered
ORD-003131,CUST-00434,PRD-00041,11-Sep-2025,2025-09-16,4,1168.7,0.0,Mobile App,Cash on Delivery,Delivered
ORD-004105,CUST-00579,PRD-00159,2024-09-24,30-Sep-2024,6,EGP 195.16,0.15,Mobile App,Cash on Delivery,Returned
ORD-004459,CUST-00614,PRD-00164,04-Nov-2023,10-Nov-2023,10,6039.64,0.2,Website,Cash on Delivery,Delivered
ORD-005597,CUST-00765,PRD-00043,22/02/2024,23-Feb-2024,2,670.88,0.25,Mobile App,Credit Card,Delivered
ORD-004715,CUST-00645,PRD-00028,2025-10-02,10/09/2025,8,6404.22,0.15,Website,Wallet,Delivered
ORD-005605,CUST-00766,PRD-00034,04/10/2024,2024-04-12,2,4894.09,0.1,Website,Installment,Cancelled
ORD-002985,CUST-00415,PRD-00125,08/02/2025,10-Feb-2025,5,151.72,0.25,Mobile App,Credit Card,Returned
ORD-004460,CUST-00614,PRD-00002,10/03/2024,10/08/2024,6,9414.07,0.05,Marketplace,credit card,Pending
ORD-003846,CUST-00539,PRD-00042,05/22/2025,05/28/2025,3,1460.4,0.0,Marketplace,Installment,Delivered
ORD-004079,CUST-00573,PRD-00018,14/07/2025,2025-07-17,10,8604.46,0.0,Website,Wallet,Delivered
ORD-005618,CUST-00771,PRD-00187,2024-08-05,11-Aug-2024,4,5533.15,0.05,Mobile App,Installment,Cancelled
ORD-001473,CUST-00203,PRD-00097,14-May-2023,17-May-2023,2,550.73,0.0,Mobile App,Credit Card,Delivered
ORD-000179,CUST-00023,PRD-00090,09/04/2024,12/04/2024,5,1391.99,0.0,Marketplace,Wallet,Delivered
ORD-001552,CUST-00209,PRD-00108,18-Apr-2024,2024-04-23,3,230.98,0.1,Marketplace,cash on delivery,Delivered
ORD-000491,CUST-00067,PRD-00004,20/06/2023,2023-06-22,5,3744.22,0.05,Marketplace,Installment,Delivered
ORD-004489,CUST-00617,PRD-00167,2023-08-09,08/11/2023,1,741.81,0.15,Mobile App,Wallet,Cancelled
ORD-000223,CUST-00030,PRD-00179,26-Apr-2025,30/04/2025,4,2311.13,0.25,Website,Credit Card,Cancelled
ORD-003441,CUST-00473,PRD-00051,11/27/2024,12/01/2024,5,4568.48,0.0,Mobile App,Installment,Returned
ORD-000641,CUST-00085,PRD-00049,10/11/2025,13-Oct-2025,5,EGP 3627.21,0.25,MARKETPLACE,Wallet,Delivered
ORD-005146,CUST-99999,PRD-00143,2025-11-25,27-Nov-2025,2,174.65,0.0,Marketplace,credit card,Delivered
ORD-003711,CUST-00514,PRD-00080,01-Apr-2024,2024-04-07,6,1092.22,0.0,Website,Wallet,Delivered
ORD-004732,CUST-00648,PRD-00098,04/01/2025,06-Apr-2025,4,718.7,0.2,Mobile App,Wallet,Returned
ORD-002771,CUST-00375,PRD-00134,2024-12-17,2024-12-20,4,165.0,0.0,Mobile App,Wallet,Delivered
ORD-003433,CUST-00472,PRD-00004,2025-03-23,29/03/2025,5,3744.22,0.0,Website,Cash on Delivery,Delivered
ORD-000730,CUST-00099,PRD-00011,19-Jun-2023,2023-06-24,3,2785.74,0.1,Mobile App,Wallet,Returned
ORD-003331,CUST-00459,PRD-00062,09/22/2024,26-Sep-2024,2,271.83,0.2,Website,Credit Card,Delivered
ORD-002133,CUST-00300,PRD-00091,2024-05-11,2024-05-12,5,1667.87,0.0,Marketplace,Credit Card,Delivered
ORD-002654,CUST-00366,PRD-00112,01-Mar-2025,03/04/2025,7,422.18,0.0,Marketplace,Cash on Delivery,Delivered
ORD-000967,CUST-00133,PRD-00073,23/01/2025,26/01/2025,4,2603.44,0.1,Mobile App,Installment,Delivered
ORD-005713,CUST-00782,PRD-00133,12/06/2023,12/08/2023,2,174.99,0.0,Website,Wallet,Delivered
ORD-003046,CUST-00425,PRD-00054,2024-11-14,15/11/2024,5,EGP 1277.14,0.0,Website,Installment,Delivered
ORD-002534,CUST-00350,PRD-00016,2023-07-08,07/09/2023,4,6150.02,0.0,Mobile App,Cash on Delivery,Delivered
ORD-000303,CUST-00039,PRD-00164,09/05/2023,14/05/2023,6,EGP 6039.64,0.2,Mobile App,wallet,Delivered
ORD-004349,CUST-00603,PRD-00049,07/09/2023,2023-09-13,10,3627.21,0.15,Marketplace,Installment,Delivered
ORD-004726,CUST-00646,PRD-00188,2025-09-11,13-Sep-2025,5,235.83,0.0,Website,Wallet,Delivered
ORD-001017,CUST-00139,PRD-00046,05/08/2024,2024-08-10,1,1161.95,0.0,Website,Cash on Delivery,Delivered
ORD-003854,CUST-00540,PRD-00156,2023-06-21,2023-06-18,4,250.31,0.05,Marketplace,Installment,Returned
ORD-001053,CUST-00145,PRD-00003,12-Dec-2023,13/12/2023,4,1534.69,0.0,Website,Credit Card,Delivered
  ORD-000904  ,CUST-00125,PRD-00056,02/22/2025,2025-02-25,1,1260.88,0.2,Website,Credit Card,Delivered
ORD-002325,CUST-00324,PRD-00068,08-Dec-2023,12/10/2023,5,EGP 1186.92,0.0,Marketplace,Wallet,Delivered
ORD-000024,CUST-00005,PRD-00186,2024-06-24,2024-06-28,5,4878.71,0.2,Website,Cash on Delivery,Delivered
ORD-002212,CUST-00312,PRD-00180,23-Jan-2023,2023-01-30,1,6579.05,0.2,Website,Wallet,Delivered
ORD-001887,CUST-00263,PRD-00006,18/03/2025,2025-03-20,5,EGP 4094.1,0.05,Website,Cash on Delivery,Delivered
ORD-000180,CUST-00024,PRD-00150,2025-10-11,10/17/2025,4,84.86,0.2,Website,cash on delivery,Pending
ORD-003120,CUST-00433,PRD-00013,11/16/2024,23/11/2024,2,5695.33,0.0,Mobile App,Credit Card,Delivered
ORD-003402,CUST-00469,PRD-00181,19-May-2025,2025-05-25,2,7757.56,0.05,Mobile App,Installment,Delivered
ORD-005015,CUST-00680,PRD-00029,2025-07-16,21/07/2025,4,1141.21,0.1,Mobile App,Wallet,Delivered
ORD-003293,CUST-00457,PRD-00137,2025-04-10,2025-04-11,5,328.81,0.0,Marketplace,Installment,Pending
ORD-002497,CUST-00343,PRD-00075,2025-07-16,23/07/2025,6,576.69,0.2,Marketplace,Wallet,Delivered
ORD-000274,CUST-00037,PRD-00034,23-Dec-2023,12/30/2023,3,4894.09,0.0,Website,credit card,Returned
ORD-003575,CUST-00491,PRD-00097,01/27/2025,28/01/2025,3,550.73,0.0,Website,Installment,Delivered
ORD-003725,CUST-00516,PRD-00032,2025-12-21,12/28/2025,2,1547.2,0.0,Mobile App,Installment,Delivered
ORD-004269,CUST-00598,PRD-00001,13/11/2024,11/20/2024,5,3019.28,0.0,Mobile App,Credit Card,Delivered
ORD-000659,CUST-00088,PRD-00143,01/02/2023,08/01/2023,2,174.65,0.1,Mobile App,Credit Card,Delivered
ORD-001193,CUST-00164,PRD-00175,10-Feb-2025,2025-02-17,10,3144.98,0.15,Marketplace,Credit Card,Pending
ORD-001590,CUST-00213,PRD-00121,05/23/2024,30-May-2024,4,307.1,0.05,Marketplace,Credit Card,Cancelled
ORD-001905,CUST-00266,PRD-00158,09/27/2024,2024-10-03,5,308.65,0.0,Mobile App,Credit Card,Pending
ORD-002029,CUST-00287,PRD-00106,2024-06-18,06/25/2024,3,1124.04,0.1,Website,Installment,Delivered
ORD-000230,CUST-00031,PRD-00082,10/05/2024,07-Oct-2024,7,1269.02,0.1,Mobile App,Cash on Delivery,Returned
ORD-000254,CUST-00033,PRD-00171,06/10/2023,13-Oct-2023,7,1117.84,0.0,Website,Installment,Delivered
  ORD-004539  ,CUST-00624,PRD-00093,14/07/2023,07/21/2023,1,327.87,0.0,Website,Installment,Delivered
ORD-005666,CUST-00776,PRD-00077,2025-06-23,06/25/2025,4,3228.9,0.05,Mobile App,Cash on Delivery,Delivered
ORD-002024,CUST-00286,PRD-00091,29-Aug-2023,09/02/2023,3,EGP 1667.87,0.15,Mobile App,Installment,Delivered
ORD-004280,CUST-00598,PRD-00041,22/11/2023,,3,1168.7,0.15,Website,Installment,Delivered
ORD-000205,CUST-00027,PRD-00067,08/07/2023,15-Jul-2023,1,1590.28,0.0,Marketplace,Cash on Delivery,Delivered
ORD-005659,CUST-00776,PRD-00025,2023-01-18,01/24/2023,5,15750.99,0.0,Website,Wallet,Delivered
ORD-002790,CUST-00378,PRD-00063,23-Nov-2023,25/11/2023,5,3118.2,0.0,Website,Credit Card,Delivered
ORD-004164,CUST-00587,PRD-00137,02/10/2024,2024-10-05,3,328.81,0.05,Website,Cash on Delivery,Delivered
ORD-001433,CUST-00194,PRD-00038,25-May-2023,26-May-2023,3,2707.61,0.0,Marketplace,Installment,Pending
ORD-001060,CUST-00146,PRD-00141,02-Dec-2023,2023-12-04,5,265.4,0.0,Marketplace,Wallet,Cancelled
ORD-003118,CUST-00431,PRD-00071,20/02/2024,21-Feb-2024,2,657.42,0.05,Mobile App,Wallet,Cancelled
ORD-004663,CUST-00638,PRD-00122,06/16/2023,2023-06-23,4,692.52,0.2,Website,Wallet,Delivered
ORD-002811,CUST-00381,PRD-00115,17-Nov-2025,2025-11-22,4,290.78,0.25,Marketplace,Cash on Delivery,Delivered
ORD-004641,CUST-00635,PRD-00132,03/11/2024,2024-03-13,5,436.68,0.0,Mobile App,Wallet,Delivered
ORD-002196,CUST-00308,PRD-00157,06/08/2023,08/08/2023,2,186.52,0.15,Website,Credit Card,Pending
ORD-000256,CUST-00033,PRD-00141,29-Nov-2024,02-Dec-2024,5,265.4,0.0,Mobile App,Installment,Delivered
ORD-003349,CUST-00460,PRD-00129,07-Jul-2023,2023-07-09,3,23.89,0.25,Mobile App,Installment,Delivered
ORD-004953,CUST-00673,PRD-00069,26/06/2023,30/06/2023,3,1039.35,0.0,Mobile App,Cash on Delivery,Delivered
ORD-000520,CUST-00069,PRD-00012,16-Feb-2025,19-Feb-2025,8,9488.69,0.15,Website,Wallet,Delivered
ORD-001891,CUST-00263,PRD-00115,2023-02-25,04/03/2023,3,290.78,0.25,Mobile App,credit card,Cancelled
ORD-002023,CUST-00286,PRD-00182,06/12/2024,09/12/2024,4,4312.02,,Marketplace,Credit Card,Delivered
ORD-003970,CUST-00558,PRD-00038,20-Jun-2025,06/21/2025,1,2707.61,0.0,Mobile App,Wallet,Delivered
ORD-000339,CUST-00042,PRD-00011,21/03/2023,03/23/2023,1,2785.74,0.0,Mobile App,installment,Delivered
ORD-001333,CUST-00180,PRD-00142,02/05/2025,05-May-2025,3,29.02,0.1,Website,Installment,Pending
  ORD-003225  ,CUST-00444,PRD-00162,03-May-2024,05/05/2024,4,1009.35,0.15,Mobile App,Installment,Delivered
ORD-005445,CUST-00742,PRD-00143,13/08/2023,20/08/2023,5,174.65,0.25,Website,Credit Card,Delivered
ORD-004878,CUST-00666,PRD-00161,07/11/2024,07/16/2024,1,EGP 1342.19,0.0,Website,Installment,Delivered
ORD-000850,CUST-00112,PRD-00144,06/13/2024,06/19/2024,1,212.23,0.1,Marketplace,Installment,Delivered
ORD-004772,CUST-00653,PRD-00109,06-Nov-2024,11/09/2024,2,252.4,0.25,Website,Wallet,Delivered
ORD-003083,CUST-00430,PRD-00093,13-Apr-2025,16/04/2025,3,327.87,0.25,Marketplace,Wallet,Cancelled
ORD-000326,CUST-00041,PRD-00012,04/28/2025,03-May-2025,3,9488.69,0.0,Marketplace,Cash on Delivery,Delivered
ORD-000108,CUST-00015,PRD-00016,18-Jan-2023,2023-01-23,2,6150.02,0.0,Marketplace,Wallet,Delivered
ORD-004206,CUST-00590,PRD-00041,12/03/2024,10/12/2024,4,EGP 1168.7,0.2,Mobile App,Credit Card,Delivered
ORD-003861,CUST-00540,PRD-00115,07/03/2025,09/03/2025,4,290.78,0.0,Mobile App,Cash on Delivery,Delivered
ORD-001423,CUST-00191,PRD-00044,2024-08-10,2024-08-16,8,3309.62,0.25,Marketplace,Wallet,Returned
ORD-005541,CUST-00758,PRD-00004,14/11/2023,18/11/2023,5,3744.22,0.2,Mobile App,Cash on Delivery,Delivered
ORD-000413,CUST-00056,PRD-00175,11/05/2024,15-May-2024,4,3144.98,0.0,Website,Cash on Delivery,Returned
ORD-005119,CUST-00697,PRD-00044,03/08/2023,04-Aug-2023,4,3309.62,0.15,Website,Credit Card,Delivered
ORD-001472,CUST-00203,PRD-00187,30/05/2024,2024-06-05,5,5533.15,0.05,Marketplace,Credit Card,Delivered
ORD-000093,CUST-00011,PRD-00118,11-Mar-2025,03/12/2025,4,341.03,0.15,MOBILE APP,Installment,Delivered
ORD-001468,CUST-00202,PRD-00176,11/21/2025,22/11/2025,2,EGP 3014.74,0.0,Marketplace,Credit Card,Delivered
ORD-002365,CUST-00331,PRD-00018,04/07/2025,10/04/2025,3,8604.46,0.2,Mobile App,Credit Card,Cancelled
ORD-000846,CUST-00112,PRD-00174,26/07/2024,29-Jul-2024,3,2379.8,0.2,Marketplace,Cash on Delivery,Pending
ORD-001050,CUST-00145,PRD-00168,28-Mar-2025,04/04/2025,1,3279.73,0.0,Website,credit card,Delivered
ORD-000596,CUST-00080,PRD-00050,10/03/2023,10-Oct-2023,5,6188.03,0.15,Marketplace,Wallet,Delivered
ORD-003320,CUST-00459,PRD-00058,16/07/2024,23-Jul-2024,5,3308.87,0.05,Website,cash on delivery,Cancelled
ORD-001931,CUST-00272,PRD-00002,2024-08-03,08/09/2024,2,9414.07,0.1,Website,Credit Card,Cancelled
ORD-005167,CUST-00702,PRD-00005,28-Apr-2025,29/04/2025,3,5870.09,0.0,Website,installment,Delivered
ORD-000071,CUST-00009,PRD-00167,13/05/2024,2024-05-18,8,741.81,0.1,Website,Cash on Delivery,Delivered
ORD-001438,CUST-00195,PRD-00010,09/08/2025,2025-09-10,4,2297.75,0.0,Marketplace,Wallet,Delivered
ORD-002104,CUST-00295,PRD-00184,12/27/2024,29/12/2024,4,2621.44,0.0,Website,Installment,Delivered
ORD-005720,CUST-00783,PRD-00089,30/09/2023,2023-10-07,5,370.11,0.0,Marketplace,Wallet,Cancelled
ORD-001302,CUST-00176,PRD-00085,20/09/2024,09/26/2024,3,265.37,0.25,Marketplace,Credit Card,Returned
ORD-003431,CUST-00471,PRD-00073,14-Aug-2024,2024-08-19,2,2603.44,0.0,Website,Wallet,Delivered
ORD-001222,CUST-00168,PRD-00169,09/06/2024,06/11/2024,5,3779.35,0.15,Website,Credit Card,Delivered
ORD-001186,CUST-00163,PRD-00137,29/06/2023,07/05/2023,3,EGP 328.81,,Website,Cash on Delivery,Delivered
ORD-005621,CUST-00771,PRD-00051,29-Oct-2025,11/01/2025,8,4568.48,0.1,Website,Installment,Delivered
ORD-004855,CUST-00664,PRD-00093,01/14/2023,01/17/2023,2,327.87,0.2,Marketplace,Cash on Delivery,Pending
ORD-002943,CUST-00408,PRD-00006,01-Feb-2025,2025-02-04,7,4094.1,0.0,Website,Cash on Delivery,Delivered
ORD-005361,CUST-00730,PRD-00180,2025-07-03,07/08/2025,10,6579.05,0.2,Website,Cash on Delivery,Delivered
ORD-004787,CUST-00655,PRD-00141,06/25/2025,06/30/2025,5,265.4,0.0,Website,Wallet,Delivered
ORD-001593,CUST-00213,PRD-00016,24-Aug-2023,30/08/2023,3,6150.02,0.0,Marketplace,Credit Card,Delivered
ORD-005646,CUST-00773,PRD-00032,2023-04-04,11/04/2023,5,1547.2,0.0,Marketplace,Wallet,Delivered
ORD-000258,CUST-00033,PRD-00092,01-Dec-2023,2023-12-02,6,727.52,0.0,Website,Wallet,Delivered
ORD-004354,CUST-00604,PRD-00088,12/03/2025,2025-03-15,2,2384.43,0.2,Mobile App,Installment,Pending
ORD-002814,CUST-00381,PRD-00171,2025-12-08,2025-12-15,7,1117.84,0.2,Marketplace,Installment,Delivered
ORD-003860,CUST-00540,PRD-00177,2025-12-02,12/09/2025,4,5234.78,0.0,Mobile App,Credit Card,Pending
ORD-002164,CUST-00303,PRD-00128,08-Apr-2023,12/04/2023,4,812.88,0.25,Website,Wallet,Returned
ORD-003261,CUST-00452,PRD-00124,2023-01-20,26/01/2023,4,EGP 152.17,0.05,Website,Cash on Delivery,Delivered
ORD-000692,CUST-00092,PRD-00132,10/04/2024,15-Apr-2024,7,EGP 436.68,0.0,Website,Credit Card,Returned
ORD-004515,CUST-00622,PRD-00024,28/06/2023,2023-07-02,3,EGP 8840.39,0.2,Marketplace,Cash on Delivery,Returned
ORD-000338,CUST-00042,PRD-00009,11/30/2024,12/07/2024,1,1433.71,0.0,Mobile App,Installment,Delivered
ORD-004048,CUST-00568,PRD-00068,07/25/2023,01-Aug-2023,4,1186.92,0.15,Mobile App,Installment,Pending
ORD-003425,CUST-00471,PRD-00014,2023-12-14,17-Dec-2023,3,3474.75,0.25,Website,Installment,Delivered
ORD-003963,CUST-00557,PRD-00095,25/01/2025,2025-01-23,8,493.89,0.0,Mobile App,Cash on Delivery,Delivered
ORD-003644,CUST-00501,PRD-00160,2024-06-03,10-Jun-2024,3,214.1,,Marketplace,Wallet,Delivered
ORD-001374,CUST-00185,PRD-00089,10-May-2024,2024-05-12,4,370.11,0.0,Marketplace,Cash on Delivery,Delivered
ORD-001016,CUST-00139,PRD-00109,28/12/2025,12/30/2025,3,252.4,,Website,Credit Card,Cancelled
ORD-001482,CUST-00203,PRD-00018,10/30/2025,2025-11-06,1,8604.46,0.0,Mobile App,installment,Delivered
ORD-004039,CUST-00566,PRD-00076,12/18/2024,19-Dec-2024,1,2045.06,0.25,Website,Wallet,Pending
ORD-005001,CUST-00677,PRD-00119,11/03/2023,03/17/2023,5,898.59,0.1,Website,Credit Card,Delivered
ORD-000509,CUST-00069,PRD-00023,05-Oct-2025,07/10/2025,4,11190.64,0.0,Mobile App,Credit Card,Delivered
ORD-002244,CUST-00313,PRD-00065,26-Sep-2024,2024-10-02,1,1220.64,0.2,Mobile App,Installment,Pending
ORD-003865,CUST-00541,PRD-00080,30-Jan-2023,06-Feb-2023,5,EGP 1092.22,0.0,Marketplace,Installment,Delivered
ORD-004937,CUST-00671,PRD-00021,04/05/2025,09/04/2025,3,7707.69,0.0,Mobile App,Cash on Delivery,Delivered
ORD-004794,CUST-00656,PRD-00070,12/10/2025,15-Dec-2025,2,1062.89,0.0,Mobile App,Installment,Delivered
ORD-002272,CUST-00318,PRD-00133,06/05/2024,09/05/2024,8,174.99,0.05,Mobile App,Credit Card,Delivered
ORD-002898,CUST-00398,PRD-00089,31-Mar-2024,2024-04-03,2,370.11,0.0,Marketplace,Credit Card,Delivered
ORD-005052,CUST-00686,PRD-00088,11-Jul-2024,14/07/2024,5,2384.43,0.0,MARKETPLACE,Installment,Returned
ORD-005037,CUST-00683,PRD-00021,24/07/2025,30/07/2025,3,7707.69,0.1,Mobile App,Credit Card,Pending
ORD-003639,CUST-00498,PRD-00076,14-Sep-2024,21-Sep-2024,4,2045.06,0.1,Marketplace,Cash on Delivery,Delivered
ORD-003315,CUST-00459,PRD-00157,18-Apr-2024,2024-04-23,2,186.52,0.0,Mobile App,Installment,Delivered
ORD-002235,CUST-00313,PRD-00125,2024-12-03,12/09/2024,4,151.72,0.05,Marketplace,Installment,Delivered
ORD-000726,CUST-00099,PRD-00017,02/19/2025,26-Feb-2025,4,4224.65,0.1,Website,Cash on Delivery,Delivered
ORD-003082,CUST-00430,PRD-00188,07/10/2024,10-Oct-2024,4,235.83,0.2,Website,Installment,Delivered
ORD-000900,CUST-00124,PRD-00013,10/26/2023,27-Oct-2023,4,5695.33,0.1,Marketplace,Cash on Delivery,Returned
ORD-005523,CUST-00755,PRD-00058,17/10/2025,18-Oct-2025,1,3308.87,0.05,Marketplace,Credit Card,Returned
ORD-000364,CUST-00044,PRD-00089,11/28/2023,2023-12-05,1,370.11,0.2,Marketplace,Credit Card,Delivered
ORD-005587,CUST-00765,PRD-00050,12/18/2023,2023-12-23,2,6188.03,0.0,Website,Wallet,Delivered
ORD-004739,CUST-00650,PRD-00169,01/13/2024,01/17/2024,2,3779.35,0.25,MOBILE APP,Wallet,Delivered
ORD-000939,CUST-00129,PRD-00176,05/31/2024,06/07/2024,8,3014.74,,MARKETPLACE,Installment,Returned
ORD-000734,CUST-00099,PRD-00143,2023-09-06,11-Sep-2023,5,174.65,0.25,Marketplace,Installment,Pending
ORD-001072,CUST-00146,PRD-00176,2025-05-15,05/22/2025,7,3014.74,0.25,MOBILE APP,Wallet,Delivered
  ORD-005657  ,CUST-00775,PRD-00187,07-Jun-2024,2024-06-08,3,5533.15,0.25,Marketplace,Installment,Delivered
ORD-001389,CUST-00188,PRD-00188,05/10/2023,15-May-2023,5,235.83,0.15,Marketplace,installment,Delivered
ORD-004402,CUST-00607,PRD-00044,12/06/2025,2025-12-11,4,3309.62,0.0,Mobile App,Cash on Delivery,Delivered
ORD-005358,CUST-00730,PRD-00169,03-Jan-2024,01/10/2024,4,3779.35,0.0,Mobile App,Installment,Delivered
ORD-003838,CUST-00538,PRD-00049,18/10/2024,,5,3627.21,0.0,MARKETPLACE,Wallet,Delivered
ORD-003904,CUST-00547,PRD-00019,24-Jun-2023,30-Jun-2023,3,5919.72,0.0,Mobile App,Wallet,Delivered
ORD-004410,CUST-00608,PRD-00036,2024-02-23,2024-02-29,4,2503.62,0.0,Website,Cash on Delivery,Delivered
ORD-002264,CUST-00317,PRD-00054,06-May-2025,10/05/2025,3,1277.14,0.0,Website,Installment,Returned
ORD-000597,CUST-00080,PRD-00158,04/09/2025,13-Apr-2025,3,308.65,0.0,Marketplace,Cash on Delivery,Pending
ORD-005011,CUST-00678,PRD-00081,29-Dec-2023,12/30/2023,8,EGP 2904.61,0.0,Mobile App,Installment,Delivered
ORD-004004,CUST-00563,PRD-00152,2025-12-28,29/12/2025,5,23.7,0.2,Marketplace,Cash on Delivery,Cancelled
ORD-004645,CUST-00636,PRD-00061,2024-10-07,09-Oct-2024,2,1707.55,0.1,Website,Wallet,Delivered
ORD-001286,CUST-00174,PRD-00074,01-Apr-2023,2023-04-02,5,EGP 396.44,,Website,Installment,Delivered
ORD-001736,CUST-00238,PRD-00130,2023-11-11,12-Nov-2023,10,93.92,0.0,Website,Cash on Delivery,Delivered
ORD-001434,CUST-00194,PRD-00136,02/28/2025,03/02/2025,4,310.7,,Website,Cash on Delivery,Delivered
ORD-004931,CUST-00671,PRD-00004,23/11/2023,25-Nov-2023,5,3744.22,0.2,Marketplace,Cash on Delivery,Pending
ORD-002965,CUST-00410,PRD-00110,28-Dec-2025,01/03/2026,1,443.5,0.05,Mobile App,Installment,Delivered
  ORD-003873  ,CUST-00542,PRD-00130,05-Feb-2024,12-Feb-2024,2,93.92,0.2,Mobile App,Cash on Delivery,Delivered
ORD-005120,CUST-00697,PRD-00148,03-Dec-2025,12/08/2025,2,63.15,0.0,Mobile App,Credit Card,Cancelled
ORD-002499,CUST-00344,PRD-00145,04/12/2025,14-Apr-2025,5,116.01,0.15,Marketplace,Installment,Delivered
ORD-005654,CUST-00774,PRD-00048,28-Jan-2023,04/02/2023,5,616.54,0.0,Mobile App,Wallet,Delivered
ORD-004321,CUST-00601,PRD-00126,21-Dec-2025,24-Dec-2025,1,340.64,0.0,WEBSITE,Credit Card,Delivered
ORD-003529,CUST-00485,PRD-00008,2024-09-02,06-Sep-2024,2,13998.23,0.0,Website,Wallet,Delivered
ORD-000215,CUST-00029,PRD-00040,02/18/2023,2023-02-21,2,1977.22,0.15,Website,Cash on Delivery,Cancelled
ORD-001944,CUST-00277,PRD-00159,2023-10-19,10/26/2023,1,195.16,0.0,Website,Installment,Delivered
ORD-000170,CUST-00022,PRD-00009,2024-12-01,02/12/2024,5,1433.71,0.2,Website,Cash on Delivery,Pending
ORD-005284,CUST-00720,PRD-00084,2023-04-23,04/30/2023,4,600.09,0.0,Marketplace,Installment,Delivered
ORD-000152,CUST-00021,PRD-00042,2024-12-14,2024-12-15,4,1460.4,0.2,Website,Installment,Delivered
ORD-004395,CUST-00606,PRD-00044,04/08/2023,14/04/2023,5,EGP 3309.62,0.15,Website,Installment,Delivered
ORD-004656,CUST-00637,PRD-00165,22-Nov-2024,,8,1559.9,0.0,Website,Cash on Delivery,Delivered
ORD-003625,CUST-00498,PRD-00084,25-Nov-2025,2025-11-30,3,600.09,0.2,Mobile App,Credit Card,Delivered
ORD-003824,CUST-00533,PRD-00167,2023-04-25,26-Apr-2023,2,741.81,0.2,MARKETPLACE,Credit Card,Delivered
ORD-001116,CUST-00153,PRD-00135,03/30/2025,04/03/2025,5,55.83,0.0,Marketplace,Wallet,Delivered
ORD-002481,CUST-00343,PRD-00116,22-Feb-2025,2025-02-26,10,466.13,0.05,Website,Installment,Pending
ORD-000087,CUST-00011,PRD-00057,2024-08-01,08-Aug-2024,5,5493.06,0.05,Mobile App,cash on delivery,Pending
ORD-005240,CUST-00713,PRD-00044,08/11/2024,12-Nov-2024,1,3309.62,0.15,Marketplace,Wallet,Delivered
ORD-001995,CUST-00284,PRD-00088,14/10/2024,16-Oct-2024,5,2384.43,0.0,Marketplace,Cash on Delivery,Delivered
ORD-002897,CUST-00398,PRD-00133,02/03/2023,03-Mar-2023,4,174.99,0.0,Website,Cash on Delivery,Cancelled
ORD-005527,CUST-00755,PRD-00008,12/22/2025,24-Dec-2025,4,13998.23,0.1,Website,Cash on Delivery,Delivered
ORD-000468,CUST-00062,PRD-00159,06/11/2024,2024-06-17,6,195.16,0.2,Mobile App,Installment,Delivered
ORD-003305,CUST-00457,PRD-00166,04/04/2025,04/08/2025,4,1361.3,0.2,Mobile App,Installment,Returned
ORD-000890,CUST-00124,PRD-00039,31-Jul-2024,08/03/2024,5,2748.05,0.2,Marketplace,Wallet,Delivered
ORD-005073,CUST-00690,PRD-00110,25-Sep-2023,09/27/2023,3,443.5,0.2,Website,Credit Card,Delivered
ORD-003411,CUST-00470,PRD-00005,02-Jul-2025,03/07/2025,5,5870.09,0.15,Mobile App,Wallet,Returned
ORD-004644,CUST-00636,PRD-00155,2023-03-25,26-Mar-2023,4,228.62,0.05,Website,Installment,Delivered
ORD-000777,CUST-00103,PRD-00105,20-Apr-2025,21/04/2025,7,840.93,0.2,Mobile App,Wallet,Cancelled
ORD-002447,CUST-00340,PRD-00037,15/10/2023,2023-10-18,4,2145.36,0.25,Mobile App,Wallet,Delivered
ORD-005761,CUST-00790,PRD-00064,10/31/2025,01/11/2025,3,1338.56,0.15,Website,Cash on Delivery,Delivered
ORD-002750,CUST-00374,PRD-00120,13/02/2024,17/02/2024,7,EGP 538.56,0.0,Marketplace,Credit Card,Cancelled
ORD-001860,CUST-00260,PRD-00062,2025-02-27,2025-03-04,9,271.83,0.0,Mobile App,Installment,Cancelled
ORD-002293,CUST-00319,PRD-00083,01/12/2024,2024-12-03,9,1673.7,0.2,Marketplace,Installment,Delivered
ORD-002077,CUST-00292,PRD-00070,2023-08-23,2023-08-30,1,1062.89,0.2,Marketplace,Credit Card,Cancelled
ORD-000116,CUST-00016,PRD-00151,07/01/2024,2024-07-08,9,125.16,0.05,Mobile App,Wallet,Delivered
ORD-003227,CUST-00444,PRD-00011,2025-01-28,29-Jan-2025,2,2785.74,0.15,Marketplace,wallet,Delivered
ORD-000156,CUST-00022,PRD-00129,03/09/2024,03/13/2024,3,23.89,0.0,Mobile App,Credit Card,Cancelled
ORD-003139,CUST-00435,PRD-00062,28-Nov-2024,12/05/2024,3,271.83,0.1,Mobile App,Wallet,Cancelled
ORD-004270,CUST-00598,PRD-00136,05/27/2025,06/01/2025,3,310.7,0.15,Marketplace,Installment,Delivered
ORD-005307,CUST-00723,PRD-00087,10/08/2023,2023-08-17,3,937.05,0.15,Website,Cash on Delivery,Pending
ORD-001947,CUST-00278,PRD-00163,05/30/2024,01-Jun-2024,10,5049.75,0.1,Website,Wallet,Pending
ORD-002185,CUST-00307,PRD-00078,2024-11-21,28-Nov-2024,5,803.87,0.0,Mobile App,Installment,Delivered
ORD-003330,CUST-00459,PRD-00068,03/26/2023,28-Mar-2023,4,1186.92,0.15,Mobile App,Credit Card,Delivered
ORD-005483,CUST-00750,PRD-00163,04-May-2023,08/05/2023,3,5049.75,0.15,Website,cash on delivery,Delivered
ORD-005588,CUST-00765,PRD-00055,2023-02-15,18/02/2023,2,2089.61,0.0,Website,Cash on Delivery,Delivered
ORD-004506,CUST-00620,PRD-00051,10/15/2024,10/19/2024,4,4568.48,0.1,Marketplace,Wallet,Delivered
ORD-005749,CUST-00788,PRD-00003,12/17/2025,2025-12-23,4,1534.69,0.15,Website,Cash on Delivery,Delivered
ORD-004368,CUST-00604,PRD-00111,25-Dec-2025,27/12/2025,5,291.55,0.25,Mobile App,Installment,Delivered
ORD-001040,CUST-00144,PRD-00160,11/30/2023,06-Dec-2023,8,214.1,0.1,Website,Wallet,Delivered
ORD-002964,CUST-00410,PRD-00178,25/12/2023,2023-12-27,4,583.55,0.2,Marketplace,Wallet,Delivered
ORD-004479,CUST-00617,PRD-00132,27/02/2025,2025-03-01,3,436.68,0.15,Mobile App,Installment,Delivered
ORD-004920,CUST-00669,PRD-00115,2024-10-18,2024-10-22,2,290.78,0.25,MOBILE APP,Credit Card,Pending
ORD-002951,CUST-00408,PRD-00184,2025-12-05,08/12/2025,8,2621.44,0.1,Website,Credit Card,Delivered
ORD-000841,CUST-00111,PRD-00152,13/06/2024,2024-06-14,2,23.7,0.15,Marketplace,installment,Delivered
ORD-001291,CUST-00174,PRD-00006,21-Oct-2024,26/10/2024,6,4094.1,0.0,Website,Credit Card,Pending
ORD-000257,CUST-00033,PRD-00012,2023-05-30,2023-06-01,4,9488.69,0.0,Marketplace,Installment,Returned
ORD-003412,CUST-00470,PRD-00084,04/09/2023,09/06/2023,1,600.09,0.0,Mobile App,Credit Card,Delivered
ORD-005789,CUST-00792,PRD-00060,11/17/2023,2023-11-23,7,2586.89,0.25,Website,Installment,Delivered
ORD-004272,CUST-00598,PRD-00176,01/22/2023,,2,3014.74,0.25,Website,Wallet,Returned
ORD-002061,CUST-00291,PRD-00143,30-Sep-2025,2025-10-06,6,174.65,0.2,Mobile App,Installment,Pending
ORD-004788,CUST-00655,PRD-00078,2024-12-07,08/12/2024,10,803.87,,Marketplace,Credit Card,Returned
ORD-003467,CUST-00477,PRD-00022,06/14/2024,,5,14193.82,0.2,Mobile App,Installment,Pending
ORD-003803,CUST-00528,PRD-00075,12/17/2025,2025-12-22,1,576.69,0.0,Mobile App,Installment,Delivered
ORD-003025,CUST-00421,PRD-00019,01/17/2023,22/01/2023,2,5919.72,0.0,Website,Wallet,Delivered
ORD-005667,CUST-00776,PRD-00114,25/12/2024,,10,EGP 864.91,0.05,Marketplace,Cash on Delivery,Cancelled
ORD-001603,CUST-00214,PRD-00068,04/21/2023,2023-04-22,7,1186.92,0.1,Website,Credit Card,Delivered
ORD-000002,CUST-00001,PRD-00162,2025-02-18,02/25/2025,-3,1009.35,0.0,Website,Cash on Delivery,Delivered
ORD-000308,CUST-00039,PRD-00061,30-Apr-2025,02/05/2025,10,1707.55,0.1,Mobile App,Cash on Delivery,Delivered
ORD-001991,CUST-00284,PRD-00003,15-Apr-2023,,4,1534.69,0.0,Website,Credit Card,Cancelled
ORD-000938,CUST-00129,PRD-00002,28-Dec-2025,01/04/2026,6,9414.07,0.0,Mobile App,Wallet,Delivered
ORD-003204,CUST-00441,PRD-00147,06/17/2024,18/06/2024,2,222.8,0.25,Marketplace,Wallet,Delivered
ORD-003931,CUST-00553,PRD-00145,13/11/2024,17-Nov-2024,9,116.01,0.0,Website,Installment,Delivered
ORD-005546,CUST-99999,PRD-00157,2023-08-14,2023-08-19,8,186.52,0.2,Mobile App,Credit Card,Returned
ORD-005106,CUST-00695,PRD-00086,2024-03-08,12/03/2024,4,1754.49,0.0,Marketplace,Wallet,Delivered
ORD-000441,CUST-00059,PRD-00066,2023-07-07,12/07/2023,6,531.75,0.15,Website,Installment,Delivered
ORD-002698,CUST-00371,PRD-00188,2025-02-23,02-Mar-2025,2,EGP 235.83,0.25,WEBSITE,Credit Card,Returned
ORD-004043,CUST-00567,PRD-00065,2024-01-02,01/03/2024,4,1220.64,0.15,Marketplace,Wallet,Cancelled
ORD-004290,CUST-00600,PRD-00025,05-Dec-2024,2024-12-12,7,15750.99,0.0,Marketplace,Credit Card,Delivered
ORD-003627,CUST-00498,PRD-00098,2024-03-12,17-Mar-2024,4,718.7,0.0,Marketplace,Installment,Pending
ORD-002445,CUST-00339,PRD-00158,20/05/2024,05/27/2024,5,308.65,0.0,Website,Wallet,Delivered
ORD-004752,CUST-00651,PRD-00071,13/02/2023,20/02/2023,1,657.42,0.1,Website,Installment,Delivered
ORD-005105,CUST-00695,PRD-00099,09/04/2024,15-Apr-2024,1,EGP 152.23,0.0,Marketplace,Credit Card,Cancelled
ORD-000945,CUST-00130,PRD-00075,2024-04-26,,3,576.69,0.0,Marketplace,Wallet,Pending
ORD-000261,CUST-00033,PRD-00144,02/08/2025,13-Feb-2025,10,212.23,0.0,Mobile App,Installment,Delivered
ORD-001071,CUST-00146,PRD-00012,2023-03-29,02/04/2023,6,9488.69,,Mobile App,cash on delivery,Delivered
ORD-000360,CUST-00043,PRD-00119,2024-10-26,31-Oct-2024,10,898.59,0.1,Website,Installment,Delivered
ORD-005678,CUST-00777,PRD-00083,12/12/2023,19/12/2023,5,1673.7,0.0,WEBSITE,Cash on Delivery,Cancelled
ORD-000983,CUST-00134,PRD-00042,13-Feb-2023,18-Feb-2023,9,1460.4,0.0,Marketplace,Wallet,Delivered
ORD-000930,CUST-00129,PRD-00004,20/09/2024,,8,3744.22,0.0,Website,Installment,Delivered
ORD-004066,CUST-00571,PRD-00094,16/05/2023,23-May-2023,1,EGP 286.11,0.25,Mobile App,Installment,Returned
  ORD-003016  ,CUST-00418,PRD-00119,10/09/2025,12-Oct-2025,8,898.59,0.0,Marketplace,Wallet,Returned
ORD-005297,CUST-00723,PRD-00154,2025-06-29,01-Jul-2025,4,EGP 175.83,0.0,Marketplace,Wallet,Delivered
ORD-005411,CUST-00735,PRD-00184,2023-07-22,2023-07-24,2,2621.44,0.25,Marketplace,Wallet,Delivered
ORD-004207,CUST-00590,PRD-00095,08/19/2025,08/21/2025,6,493.89,0.0,WEBSITE,Credit Card,Delivered
ORD-001355,CUST-00181,PRD-00185,2023-11-25,2023-11-28,5,2013.53,0.05,MARKETPLACE,Credit Card,Delivered
ORD-002146,CUST-00301,PRD-00024,27-Jan-2023,01/29/2023,1,8840.39,0.0,Mobile App,Cash on Delivery,Delivered
ORD-002202,CUST-00310,PRD-00006,26-Nov-2025,29-Nov-2025,7,4094.1,0.05,Website,Installment,Delivered
ORD-003142,CUST-00435,PRD-00110,11-Dec-2023,12/17/2023,3,443.5,0.05,Mobile App,wallet,Cancelled
ORD-002419,CUST-00336,PRD-00142,03/04/2025,2025-04-07,4,29.02,0.15,WEBSITE,Credit Card,Delivered
ORD-001514,CUST-00206,PRD-00031,2024-12-08,12/12/2024,4,376.78,0.0,Website,credit card,Delivered
ORD-002384,CUST-00333,PRD-00008,2024-04-20,21-Apr-2024,4,13998.23,0.15,Mobile App,Installment,Delivered
ORD-005784,CUST-00792,PRD-00122,04/04/2025,04/05/2025,8,692.52,0.2,Website,Credit Card,Delivered
ORD-002271,CUST-00318,PRD-00037,01/30/2024,01-Feb-2024,6,2145.36,0.0,Mobile App,Installment,Delivered
ORD-002215,CUST-00312,PRD-00055,28/11/2025,04-Dec-2025,3,2089.61,,Marketplace,Cash on Delivery,Delivered
ORD-003981,CUST-00559,PRD-00109,15/11/2025,11/22/2025,5,EGP 252.4,,Website,Wallet,Delivered
ORD-000888,CUST-00124,PRD-00028,12/07/2024,12-Dec-2024,4,6404.22,0.0,Marketplace,Installment,Delivered
ORD-005328,CUST-00727,PRD-00145,2025-03-17,2025-03-20,9,116.01,0.0,Mobile App,Installment,Delivered
ORD-004974,CUST-00674,PRD-00078,2023-02-16,17/02/2023,3,803.87,0.25,Website,Wallet,Delivered
ORD-004276,CUST-00598,PRD-00180,2025-12-08,2025-12-09,5,6579.05,0.25,Marketplace,Credit Card,Cancelled
ORD-001566,CUST-00210,PRD-00048,2023-01-24,25/01/2023,10,616.54,,Mobile App,Wallet,Delivered
  ORD-002053  ,CUST-00291,PRD-00044,22-Apr-2025,04/28/2025,9,3309.62,0.0,Mobile App,Installment,Cancelled
ORD-001869,CUST-00260,PRD-00101,09/23/2024,2024-09-27,5,658.37,0.1,Mobile App,Cash on Delivery,Delivered
ORD-001144,CUST-00156,PRD-00088,01/04/2024,2024-04-06,3,2384.43,0.15,Website,Credit Card,Delivered
ORD-001727,CUST-00237,PRD-00031,14/07/2024,07/16/2024,1,376.78,0.2,Mobile App,Wallet,Delivered
ORD-001989,CUST-00284,PRD-00006,05/12/2023,11/12/2023,4,4094.1,0.25,Website,Credit Card,Delivered
ORD-000893,CUST-00124,PRD-00003,02/19/2024,26/02/2024,4,1534.69,0.05,Website,Installment,Delivered
ORD-004396,CUST-00606,PRD-00135,06/02/2023,08-Jun-2023,5,55.83,0.0,Mobile App,Installment,Delivered
ORD-003816,CUST-00529,PRD-00147,01/21/2025,2025-01-23,4,222.8,0.1,Mobile App,Wallet,Delivered
ORD-004299,CUST-00600,PRD-00188,02/03/2024,04-Mar-2024,7,235.83,0.25,Marketplace,Credit Card,Delivered
ORD-002386,CUST-00333,PRD-00022,02-Sep-2025,09/06/2025,4,14193.82,0.25,Mobile App,Cash on Delivery,Delivered
ORD-004750,CUST-00651,PRD-00173,12/31/2024,2025-01-02,1,1584.06,0.25,Marketplace,Credit Card,Delivered
ORD-000177,CUST-00023,PRD-00095,21/06/2025,2025-06-27,8,493.89,,Website,Wallet,Returned
ORD-004609,CUST-00631,PRD-00063,07-Jan-2025,01/08/2025,5,3118.2,,Mobile App,installment,Delivered
ORD-003116,CUST-00431,PRD-00021,01/09/2024,09/03/2024,5,7707.69,0.0,MARKETPLACE,Credit Card,Pending
ORD-005810,CUST-00795,PRD-00063,25/10/2024,01/11/2024,5,3118.2,0.1,Mobile App,Installment,Pending
ORD-000781,CUST-00103,PRD-00171,2025-11-03,05-Nov-2025,4,EGP 1117.84,0.0,Marketplace,Cash on Delivery,Delivered
ORD-001275,CUST-00172,PRD-00082,29/08/2024,02-Sep-2024,2,1269.02,0.15,Marketplace,Credit Card,Delivered
ORD-001216,CUST-00166,PRD-00005,26-Mar-2025,2025-03-27,1,5870.09,0.0,Marketplace,Credit Card,Delivered
ORD-004516,CUST-00622,PRD-00177,02/27/2025,03/03/2025,10,5234.78,0.1,Website,Cash on Delivery,Cancelled
ORD-003498,CUST-00482,PRD-00004,2023-11-27,12/04/2023,2,3744.22,0.0,Website,Installment,Delivered
ORD-002803,CUST-00381,PRD-00004,29-Jul-2025,2025-08-03,9,3744.22,0.2,Marketplace,Installment,Delivered
ORD-005819,CUST-00797,PRD-00142,10/30/2024,11/04/2024,1,29.02,1.2,Website,Installment,Delivered
ORD-003531,CUST-00486,PRD-00178,2024-08-27,2024-08-28,2,583.55,0.25,WEBSITE,Installment,Delivered
ORD-003092,CUST-00430,PRD-00036,31/05/2024,,4,2503.62,0.2,Website,Installment,Delivered
ORD-005020,CUST-00682,PRD-00053,14-Aug-2025,2025-08-17,6,933.2,0.0,Marketplace,Installment,Delivered
ORD-005526,CUST-00755,PRD-00086,10/05/2024,09/10/2024,5,1754.49,0.15,Marketplace,wallet,Delivered
ORD-005558,CUST-00762,PRD-00088,31/12/2023,04-Jan-2024,5,2384.43,0.0,Marketplace,Wallet,Returned
ORD-004932,CUST-00671,PRD-00166,12-Dec-2024,2024-12-15,6,1361.3,0.1,Website,Installment,Delivered
ORD-005110,CUST-00695,PRD-00016,29-Mar-2024,27-Mar-2024,2,6150.02,0.2,Mobile App,Cash on Delivery,Delivered
ORD-002331,CUST-00326,PRD-00054,09/05/2023,09/10/2023,4,1277.14,0.0,Mobile App,credit card,Cancelled
ORD-000842,CUST-00111,PRD-00011,2024-01-05,11/01/2024,5,2785.74,0.05,Website,installment,Cancelled
ORD-004474,CUST-00617,PRD-00139,02-Apr-2025,,4,195.93,0.2,Marketplace,wallet,Delivered
ORD-004668,CUST-00639,PRD-00154,14/08/2024,2024-08-19,6,175.83,0.0,Marketplace,Installment,Cancelled
ORD-005632,CUST-00771,PRD-00113,2024-07-18,07/24/2024,10,719.15,0.05,Website,Installment,Delivered
ORD-001889,CUST-00263,PRD-00104,14-Nov-2025,2025-11-18,3,698.62,0.1,Website,Cash on Delivery,Delivered
ORD-002280,CUST-00319,PRD-00044,2023-05-10,05/12/2023,6,3309.62,0.0,Mobile App,Credit Card,Delivered
ORD-001778,CUST-00244,PRD-00035,06/21/2024,27-Jun-2024,9,4561.67,0.0,Mobile App,Installment,Delivered
ORD-005135,CUST-00699,PRD-00117,11/26/2024,11/28/2024,8,EGP 440.45,0.0,Website,Cash on Delivery,Delivered
ORD-005598,CUST-00765,PRD-00017,25/12/2025,28/12/2025,1,4224.65,0.1,Mobile App,Credit Card,Pending
ORD-001483,CUST-00203,PRD-00134,2023-03-01,03/05/2023,1,165.0,0.25,Marketplace,Wallet,Pending
ORD-005516,CUST-00754,PRD-00063,01-Jun-2024,06/05/2024,10,3118.2,0.0,Website,Cash on Delivery,Delivered
ORD-002743,CUST-00373,PRD-00076,03/13/2023,15/03/2023,2,2045.06,0.1,Mobile App,Credit Card,Delivered
ORD-002223,CUST-00312,PRD-00179,19/12/2025,26/12/2025,1,2311.13,0.15,Website,Cash on Delivery,Delivered
ORD-003292,CUST-00456,PRD-00074,17/07/2025,24/07/2025,9,396.44,0.25,Mobile App,Wallet,Returned
ORD-001903,CUST-00266,PRD-00118,07/25/2023,2023-08-01,1,341.03,0.0,Marketplace,Credit Card,Cancelled
ORD-002536,CUST-00350,PRD-00122,2023-12-14,15/12/2023,5,692.52,0.1,Website,Credit Card,Delivered
ORD-003857,CUST-00540,PRD-00106,03/13/2025,17-Mar-2025,5,1124.04,0.0,Website,Wallet,Delivered
ORD-000379,CUST-00048,PRD-00105,15/08/2023,2023-08-16,2,840.93,0.05,Website,Credit Card,Delivered
ORD-002773,CUST-00376,PRD-00115,2025-08-05,2025-08-09,3,290.78,0.2,Website,installment,Delivered
ORD-001279,CUST-00173,PRD-00076,27-Dec-2023,28/12/2023,10,2045.06,0.05,Marketplace,Cash on Delivery,Delivered
ORD-000183,CUST-00024,PRD-00056,2025-12-27,2026-01-02,4,1260.88,0.25,Mobile App,Cash on Delivery,Returned
ORD-000091,CUST-00011,PRD-00171,04-Aug-2024,08/09/2024,6,EGP 1117.84,0.0,Marketplace,Credit Card,Returned
ORD-003160,CUST-00437,PRD-00003,08/05/2025,05/11/2025,5,1534.69,0.25,Website,Credit Card,Pending
ORD-005636,CUST-00772,PRD-00017,2025-07-13,14/07/2025,5,4224.65,0.1,Mobile App,Wallet,Delivered
ORD-000252,CUST-00032,PRD-00077,14-Apr-2025,04/19/2025,1,3228.9,0.1,Mobile App,Wallet,Returned
ORD-001019,CUST-00139,PRD-00128,2023-11-10,2023-11-13,1,812.88,0.0,Marketplace,Credit Card,Cancelled
ORD-000086,CUST-00011,PRD-00081,16/05/2025,20/05/2025,10,2904.61,0.0,Website,Installment,Delivered
ORD-001673,CUST-00226,PRD-00051,08/02/2023,07/08/2023,8,EGP 4568.48,0.0,Website,Cash on Delivery,Delivered
ORD-000603,CUST-00080,PRD-00109,2025-07-29,01-Aug-2025,4,EGP 252.4,0.0,Website,installment,Delivered
ORD-003485,CUST-00480,PRD-00143,2023-11-10,13/11/2023,7,174.65,0.15,Marketplace,Cash on Delivery,Delivered
ORD-001089,CUST-00149,PRD-00053,11/07/2024,07/12/2024,5,933.2,0.05,Mobile App,Credit Card,Cancelled
ORD-003560,CUST-00488,PRD-00061,20/12/2024,12/23/2024,1,1707.55,0.05,Mobile App,Credit Card,Delivered
ORD-001146,CUST-00156,PRD-00048,13/12/2023,2023-12-16,10,EGP 616.54,0.25,Mobile App,Installment,Pending
ORD-005788,CUST-00792,PRD-00054,2024-09-21,22-Sep-2024,8,1277.14,0.0,Marketplace,Cash on Delivery,Delivered
ORD-001215,CUST-00166,PRD-00043,16/01/2024,2024-01-23,3,670.88,0.1,WEBSITE,Cash on Delivery,Returned
ORD-005285,CUST-00721,PRD-00066,11/17/2023,11/18/2023,4,531.75,0.2,WEBSITE,Cash on Delivery,Delivered
ORD-003973,CUST-00558,PRD-00177,03-Dec-2025,2025-12-09,3,5234.78,0.25,Mobile App,Wallet,Returned
  ORD-004343  ,CUST-00603,PRD-00012,16/04/2024,2024-04-23,9,9488.69,0.0,Marketplace,Installment,Returned
ORD-004273,CUST-00598,PRD-00085,05/24/2023,05/28/2023,5,265.37,0.0,Mobile App,Cash on Delivery,Delivered
ORD-002403,CUST-00335,PRD-00177,10-Jul-2024,12/07/2024,1,5234.78,0.05,Mobile App,Cash on Delivery,Delivered
ORD-005069,CUST-00688,PRD-00039,2025-10-21,24/10/2025,10,2748.05,0.0,Website,Wallet,Returned
ORD-005193,CUST-00705,PRD-00154,06/14/2023,06/18/2023,5,175.83,0.0,Website,Credit Card,Returned
ORD-000492,CUST-00067,PRD-00183,05/29/2023,03-Jun-2023,3,6588.34,0.25,Mobile App,Credit Card,Delivered
ORD-000075,CUST-00009,PRD-00026,11/11/2024,12-Nov-2024,6,13374.87,0.0,Mobile App,Credit Card,Returned
ORD-000575,CUST-00078,PRD-00023,10/05/2024,17/05/2024,9,11190.64,0.0,Website,Credit Card,Delivered
ORD-005247,CUST-00714,PRD-00013,02/23/2025,2025-02-27,3,5695.33,0.05,Mobile App,Installment,Cancelled
ORD-000917,CUST-00127,PRD-00167,2025-10-08,,5,741.81,0.0,Mobile App,Cash on Delivery,Delivered
ORD-004588,CUST-00629,PRD-00067,02/19/2025,26-Feb-2025,3,1590.28,0.2,Mobile App,Wallet,Cancelled
ORD-003019,CUST-00419,PRD-00045,12/28/2024,01/01/2025,3,4956.18,0.2,Mobile App,Installment,Delivered
ORD-001449,CUST-00197,PRD-00011,12/10/2024,17-Dec-2024,1,2785.74,0.1,Website,Cash on Delivery,Delivered
ORD-000069,CUST-00007,PRD-00185,26/09/2024,2024-09-27,4,2013.53,0.1,Mobile App,Installment,Delivered
ORD-001589,CUST-00213,PRD-00188,04/13/2024,2024-04-16,4,235.83,0.0,Marketplace,Credit Card,Delivered
ORD-001968,CUST-00282,PRD-00024,07-Dec-2024,11-Dec-2024,1,8840.39,0.0,Mobile App,Wallet,Cancelled
ORD-004116,CUST-00581,PRD-00056,02/27/2025,03/04/2025,5,1260.88,0.2,Website,Wallet,Delivered
ORD-005722,CUST-00784,PRD-00147,12-Jun-2023,13/06/2023,5,222.8,0.0,Marketplace,credit card,Delivered
ORD-005775,CUST-00791,PRD-00185,10-Mar-2024,2024-03-15,4,2013.53,0.25,Website,Installment,Cancelled
ORD-002040,CUST-00289,PRD-00104,2024-07-30,01-Aug-2024,3,698.62,0.15,Website,Installment,Cancelled
ORD-003907,CUST-00548,PRD-00024,10/17/2024,22/10/2024,5,8840.39,0.1,Website,cash on delivery,Delivered
ORD-004742,CUST-00650,PRD-00035,22-Mar-2023,03/28/2023,1,4561.67,0.25,Marketplace,Wallet,Pending
ORD-005518,CUST-00755,PRD-00001,06/09/2025,08/09/2025,3,3019.28,0.0,Marketplace,Cash on Delivery,Delivered
ORD-003994,CUST-00561,PRD-00114,2025-03-27,31-Mar-2025,5,864.91,0.15,Mobile App,credit card,Delivered
ORD-003447,CUST-00474,PRD-00059,2025-04-04,04/11/2025,9,1565.88,0.1,Website,Wallet,Cancelled
ORD-000407,CUST-00055,PRD-00080,29/07/2023,02/08/2023,5,1092.22,0.15,Website,Cash on Delivery,Cancelled
ORD-004990,CUST-00677,PRD-00023,01/09/2025,2025-09-03,7,11190.64,0.0,Marketplace,Cash on Delivery,Delivered
ORD-000456,CUST-00060,PRD-00066,11/19/2025,22/11/2025,4,531.75,0.2,Marketplace,Credit Card,Cancelled
ORD-005705,CUST-00781,PRD-00178,2025-02-23,,4,583.55,0.0,Website,Wallet,Cancelled
ORD-001357,CUST-00182,PRD-00180,05-Nov-2023,11-Nov-2023,7,6579.05,0.0,Mobile App,Credit Card,Delivered
ORD-004814,CUST-00657,PRD-00019,21/01/2023,,1,5919.72,0.2,Mobile App,Installment,Delivered
ORD-004148,CUST-00586,PRD-00064,29-Jan-2024,2024-02-04,7,1338.56,0.05,Mobile App,Credit Card,Returned
ORD-003941,CUST-00556,PRD-00167,2024-10-29,30/10/2024,5,741.81,0.1,Marketplace,Installment,Delivered
ORD-003024,CUST-00421,PRD-00118,01-Nov-2024,11/05/2024,3,341.03,0.2,MARKETPLACE,Wallet,Delivered
ORD-001378,CUST-00186,PRD-00022,28/01/2023,02/04/2023,2,14193.82,0.0,Website,Wallet,Delivered
ORD-004016,CUST-00564,PRD-00123,03/14/2025,03/16/2025,3,83.93,0.15,WEBSITE,Wallet,Cancelled
ORD-002992,CUST-00416,PRD-00122,2024-02-22,,8,692.52,,Website,Wallet,Returned
ORD-001758,CUST-00240,PRD-00022,08/10/2023,2023-08-13,5,14193.82,0.25,Website,Wallet,Delivered
ORD-004737,CUST-00649,PRD-00088,2024-12-21,23-Dec-2024,5,2384.43,0.0,Mobile App,Credit Card,Pending
ORD-003428,CUST-00471,PRD-99999,16-Sep-2023,19/09/2023,4,3019.28,0.25,Mobile App,Credit Card,Cancelled
ORD-002236,CUST-00313,PRD-00113,04/07/2024,04/08/2024,4,719.15,0.2,Mobile App,Installment,Pending
ORD-001909,CUST-00267,PRD-00102,24/02/2025,03/03/2025,5,833.67,0.05,Website,Credit Card,Delivered
ORD-002161,CUST-00303,PRD-00171,2024-08-11,17-Aug-2024,4,1117.84,0.0,Marketplace,credit card,Pending
ORD-003062,CUST-00426,PRD-00002,01/15/2025,17-Jan-2025,2,EGP 9414.07,0.2,Marketplace,Wallet,Delivered
ORD-001336,CUST-00180,PRD-00010,05/05/2025,10/05/2025,1,2297.75,0.25,Mobile App,Cash on Delivery,Delivered
ORD-001242,CUST-00169,PRD-00161,2024-12-02,29-Nov-2024,3,1342.19,0.1,Mobile App,Credit Card,Delivered
ORD-001565,CUST-00210,PRD-00161,09-Oct-2024,16/10/2024,8,1342.19,0.0,Website,Installment,Delivered
ORD-005029,CUST-00683,PRD-00019,16/04/2023,04/18/2023,5,5919.72,0.1,MOBILE APP,Credit Card,Delivered
ORD-002120,CUST-00298,PRD-00087,2023-09-06,2023-09-13,2,EGP 937.05,0.0,Mobile App,Credit Card,Delivered
ORD-003239,CUST-00449,PRD-00032,07-Aug-2025,2025-08-11,4,1547.2,0.1,Marketplace,Wallet,Cancelled
ORD-002824,CUST-00383,PRD-00168,2024-06-14,2024-06-16,3,3279.73,0.25,Marketplace,Wallet,Returned
ORD-001188,CUST-00163,PRD-00158,09/15/2023,09/17/2023,4,EGP 308.65,,Website,Cash on Delivery,Delivered
ORD-004831,CUST-00659,PRD-00165,26/05/2023,05/31/2023,2,1559.9,0.0,Mobile App,Cash on Delivery,Delivered
ORD-005253,CUST-00715,PRD-00138,2025-01-05,07/01/2025,8,293.11,0.05,WEBSITE,installment,Cancelled
ORD-004975,CUST-00674,PRD-00094,2024-02-07,12-Feb-2024,3,286.11,0.0,Mobile App,Cash on Delivery,Returned
ORD-004249,CUST-00596,PRD-00074,14/12/2023,12/18/2023,4,396.44,,Marketplace,Wallet,Delivered
ORD-001076,CUST-00147,PRD-00186,28/11/2024,12/01/2024,3,4878.71,0.2,Mobile App,Cash on Delivery,Delivered
ORD-002636,CUST-00362,PRD-00174,2024-10-27,2024-10-29,2,2379.8,0.0,Mobile App,Credit Card,Delivered
ORD-002539,CUST-00350,PRD-00175,04/12/2023,16-Apr-2023,4,3144.98,0.0,Website,installment,Returned
ORD-005226,CUST-00710,PRD-00099,10/06/2023,13-Oct-2023,2,152.23,0.05,Website,Credit Card,Returned
ORD-002207,CUST-00311,PRD-00093,24-Jul-2025,29-Jul-2025,4,327.87,0.0,Marketplace,Installment,Returned
ORD-005258,CUST-00718,PRD-00019,2024-02-27,2024-02-29,7,5919.72,0.0,Website,Wallet,Delivered
ORD-000033,CUST-00005,PRD-00175,03/22/2023,2023-03-27,3,EGP 3144.98,0.0,Website,Wallet,Delivered
ORD-000142,CUST-00020,PRD-00021,20/03/2025,2025-03-25,4,7707.69,0.0,WEBSITE,installment,Delivered
ORD-003611,CUST-00497,PRD-00010,08/30/2023,09/04/2023,8,2297.75,0.0,Website,Installment,Delivered
ORD-004457,CUST-00614,PRD-00166,07/29/2025,08/01/2025,5,1361.3,0.25,Marketplace,Wallet,Cancelled
ORD-001063,CUST-00146,PRD-00138,01/12/2023,01/16/2023,8,293.11,0.0,Mobile App,Cash on Delivery,Delivered
ORD-001748,CUST-00239,PRD-00010,09/07/2024,07/11/2024,5,2297.75,0.0,Mobile App,cash on delivery,Cancelled
ORD-003566,CUST-00490,PRD-00062,22/01/2023,,6,271.83,0.0,Mobile App,installment,Cancelled
ORD-005817,CUST-00796,PRD-00153,04/11/2023,2023-04-17,2,321.69,0.0,Mobile App,Installment,Delivered
ORD-000853,CUST-00113,PRD-00048,25-Dec-2023,12/26/2023,6,616.54,0.0,WEBSITE,Wallet,Delivered
ORD-002672,CUST-00370,PRD-00071,2024-04-19,25-Apr-2024,5,657.42,0.05,Mobile App,Credit Card,Delivered
ORD-001939,CUST-00276,PRD-00006,05/02/2025,2025-02-12,8,4094.1,0.05,Website,Wallet,Delivered
ORD-005802,CUST-00794,PRD-00091,07/03/2025,2025-03-10,8,1667.87,0.0,Mobile App,Installment,Delivered
ORD-001318,CUST-00177,PRD-00136,03/14/2023,18/03/2023,2,310.7,0.0,Website,Credit Card,Delivered
ORD-001143,CUST-00156,PRD-00060,2025-08-14,08/18/2025,5,2586.89,0.0,Marketplace,Wallet,Returned
ORD-000392,CUST-00050,PRD-00040,06-Aug-2023,2023-08-09,6,1977.22,0.1,Mobile App,Wallet,Delivered
  ORD-001214  ,CUST-00165,PRD-00114,2025-07-02,08/07/2025,2,864.91,0.2,Mobile App,Wallet,Pending
ORD-003012,CUST-00418,PRD-00122,04-Dec-2023,2023-12-08,7,692.52,0.0,Mobile App,Credit Card,Delivered
ORD-000835,CUST-00110,PRD-00049,2024-03-21,2024-03-26,1,3627.21,0.15,Website,Cash on Delivery,Delivered
ORD-005217,CUST-00709,PRD-00086,03/18/2023,22-Mar-2023,3,1754.49,0.2,Website,Credit Card,Pending
ORD-004678,CUST-00640,PRD-00018,2023-11-10,16-Nov-2023,8,8604.46,0.2,Marketplace,Credit Card,Cancelled
ORD-005207,CUST-00706,PRD-00182,2024-12-01,2024-12-05,5,4312.02,0.05,Marketplace,Wallet,Delivered
ORD-004129,CUST-00584,PRD-00062,12-Nov-2025,2025-11-17,10,271.83,0.15,Website,Credit Card,Delivered
ORD-001805,CUST-00248,PRD-00111,03/10/2025,06/10/2025,3,291.55,0.0,Marketplace,Credit Card,Cancelled
ORD-000118,CUST-00016,PRD-00182,20/10/2023,2023-10-26,5,4312.02,0.1,Marketplace,Credit Card,Delivered
ORD-002589,CUST-00356,PRD-00177,22/03/2025,28-Mar-2025,6,5234.78,0.05,Mobile App,Cash on Delivery,Delivered
ORD-002056,CUST-00291,PRD-00145,17-Dec-2025,12/21/2025,10,116.01,0.0,Marketplace,Installment,Delivered
ORD-000499,CUST-00067,PRD-00002,13/09/2025,09/14/2025,3,9414.07,0.25,Mobile App,Credit Card,Cancelled
ORD-000045,CUST-00006,PRD-00015,2025-02-16,23-Feb-2025,5,5715.8,0.2,Marketplace,Wallet,Returned
ORD-000727,CUST-00099,PRD-00145,2025-06-13,16-Jun-2025,1,116.01,0.1,Marketplace,Credit Card,Delivered
  ORD-005414  ,CUST-00737,PRD-00134,21-Mar-2025,2025-03-22,1,165.0,0.15,Marketplace,Installment,Returned
ORD-002262,CUST-00317,PRD-00095,01/03/2023,05-Jan-2023,2,493.89,0.0,Marketplace,Cash on Delivery,Delivered
ORD-000355,CUST-00043,PRD-00178,2023-10-10,2023-10-12,5,583.55,0.0,Marketplace,Cash on Delivery,Delivered
ORD-000336,CUST-00042,PRD-00130,2023-09-25,28-Sep-2023,4,93.92,0.0,Mobile App,Credit Card,Pending
ORD-001831,CUST-00255,PRD-00174,20-Oct-2024,2024-10-26,5,2379.8,,Mobile App,Cash on Delivery,Delivered
ORD-002234,CUST-00313,PRD-00165,27-Mar-2023,01/04/2023,5,EGP 1559.9,0.0,Mobile App,Cash on Delivery,Delivered
ORD-000661,CUST-00088,PRD-00153,2024-03-24,30/03/2024,1,321.69,0.05,Marketplace,Installment,Pending
ORD-004021,CUST-00564,PRD-00048,25/05/2024,,1,616.54,0.1,Website,Cash on Delivery,Delivered
ORD-003828,CUST-00534,PRD-00137,07/02/2024,2024-02-11,5,328.81,0.0,Marketplace,Wallet,Delivered
ORD-003935,CUST-00554,PRD-00152,12/11/2023,14/12/2023,8,23.7,0.1,Mobile App,Credit Card,Pending
ORD-001857,CUST-00259,PRD-00004,05/20/2024,05/25/2024,4,3744.22,0.1,Marketplace,Cash on Delivery,Delivered
ORD-002822,CUST-00382,PRD-00070,2024-01-05,09/01/2024,6,1062.89,0.0,Marketplace,Credit Card,Returned
ORD-002116,CUST-00297,PRD-00176,2023-01-21,23/01/2023,2,3014.74,0.0,Mobile App,Wallet,Delivered
ORD-005623,CUST-00771,PRD-00107,12/20/2023,2023-12-23,7,803.85,0.0,Website,credit card,Cancelled
ORD-005786,CUST-00792,PRD-00185,03/05/2025,03/10/2025,6,2013.53,0.1,Marketplace,Installment,Returned
ORD-000110,CUST-00015,PRD-00169,2025-10-22,29/10/2025,3,3779.35,0.0,Marketplace,Credit Card,Delivered
ORD-002792,CUST-00378,PRD-00137,27/10/2023,11/01/2023,4,328.81,0.25,Mobile App,Cash on Delivery,Pending
ORD-005225,CUST-00710,PRD-00124,01/06/2023,2023-01-10,4,152.17,0.05,Marketplace,wallet,Delivered
ORD-002433,CUST-00338,PRD-00058,01/10/2023,16-Jan-2023,9,3308.87,0.0,Website,Credit Card,Delivered
ORD-005083,CUST-00691,PRD-00143,31-Mar-2024,04/04/2024,5,174.65,0.15,Website,Installment,Delivered
ORD-004667,CUST-00639,PRD-00067,08/16/2023,08/19/2023,4,1590.28,0.0,Mobile App,Cash on Delivery,Delivered
ORD-000054,CUST-00007,PRD-00005,01-Apr-2025,03-Apr-2025,3,5870.09,0.15,Mobile App,Wallet,Returned
ORD-002206,CUST-00311,PRD-00042,10/08/2025,11/08/2025,5,1460.4,0.05,Marketplace,Credit Card,Delivered
ORD-001436,CUST-00194,PRD-00166,22-Dec-2023,12/23/2023,1,1361.3,0.05,Marketplace,Installment,Returned
ORD-004038,CUST-00566,PRD-00047,26/06/2023,01-Jul-2023,1,3368.82,0.0,Mobile App,Credit Card,Returned
ORD-001414,CUST-00191,PRD-00067,11/26/2025,29-Nov-2025,7,1590.28,0.05,Marketplace,Installment,Cancelled
ORD-003547,CUST-00487,PRD-00142,16/02/2024,2024-02-21,4,29.02,0.2,Marketplace,Credit Card,Delivered
ORD-000654,CUST-00087,PRD-00088,01-Aug-2023,08/04/2023,1,2384.43,0.0,Mobile App,Credit Card,Delivered
ORD-000921,CUST-00129,PRD-00058,2025-08-29,09/01/2025,4,3308.87,0.2,Website,Credit Card,Cancelled
ORD-003491,CUST-00481,PRD-00020,30/03/2025,02-Apr-2025,4,9661.76,0.05,Marketplace,Credit Card,Pending
ORD-001266,CUST-00172,PRD-00042,25/12/2023,29-Dec-2023,2,1460.4,0.05,Mobile App,Installment,Delivered
ORD-000592,CUST-00080,PRD-00161,2024-11-24,,2,1342.19,0.2,Marketplace,Credit Card,Delivered
ORD-000676,CUST-00091,PRD-00178,01/21/2024,27-Jan-2024,4,583.55,0.0,Website,Cash on Delivery,Delivered
ORD-005036,CUST-00683,PRD-00042,23-Apr-2025,,3,1460.4,0.1,Website,Cash on Delivery,Pending
ORD-003312,CUST-00458,PRD-00024,2023-05-05,10/05/2023,9,8840.39,0.0,Mobile App,Wallet,Returned
ORD-003144,CUST-00435,PRD-00069,2023-01-08,10/01/2023,4,1039.35,0.0,Website,Installment,Returned
ORD-004451,CUST-00614,PRD-00007,2023-11-10,14-Nov-2023,6,5375.75,0.25,Website,Cash on Delivery,Delivered
ORD-004843,CUST-00661,PRD-00046,2024-11-04,11/11/2024,4,1161.95,0.15,Website,Cash on Delivery,Delivered
ORD-001491,CUST-00205,PRD-00018,03/06/2024,2024-06-09,2,8604.46,0.0,Mobile App,wallet,Pending
ORD-005736,CUST-00787,PRD-00121,09-Mar-2025,03/14/2025,5,307.1,0.0,Marketplace,Wallet,Delivered
ORD-002145,CUST-00301,PRD-00068,2024-10-23,2024-10-24,2,1186.92,0.0,Marketplace,Credit Card,Delivered
ORD-004154,CUST-00587,PRD-00015,12/10/2025,2025-12-16,3,5715.8,0.1,Website,Cash on Delivery,Delivered
ORD-001346,CUST-00180,PRD-00161,2024-12-25,2024-12-30,4,1342.19,,Mobile App,Credit Card,Returned
  ORD-002358  ,CUST-99999,PRD-00045,21/11/2024,,10,4956.18,0.0,Website,Installment,Delivered
ORD-004900,CUST-00667,PRD-00003,2025-03-20,2025-03-26,4,1534.69,0.0,Marketplace,Credit Card,Delivered
ORD-003456,CUST-00477,PRD-00016,27-Jul-2025,07/30/2025,1,6150.02,0.15,Mobile App,wallet,Pending
ORD-003747,CUST-00520,PRD-00011,09/20/2023,21-Sep-2023,4,2785.74,0.1,Mobile App,Credit Card,Pending
ORD-005012,CUST-00678,PRD-00101,08/07/2025,11/08/2025,3,EGP 658.37,0.25,WEBSITE,Cash on Delivery,Delivered
ORD-002238,CUST-00313,PRD-00016,2025-05-22,26/05/2025,2,6150.02,,Website,Cash on Delivery,Delivered
ORD-003701,CUST-00512,PRD-00133,10/28/2023,31-Oct-2023,3,174.99,0.15,MARKETPLACE,Cash on Delivery,Delivered
ORD-000873,CUST-00120,PRD-00159,19/04/2024,04/21/2024,3,195.16,0.0,Mobile App,Credit Card,Returned
ORD-003522,CUST-00485,PRD-00054,2023-01-04,01/06/2023,1,EGP 1277.14,0.0,Marketplace,Credit Card,Delivered
ORD-000651,CUST-00087,PRD-00083,06-Nov-2024,12-Nov-2024,3,EGP 1673.7,0.05,Marketplace,Credit Card,Delivered
ORD-000985,CUST-00134,PRD-00038,19/06/2024,25-Jun-2024,6,2707.61,0.0,Marketplace,Cash on Delivery,Delivered
  ORD-001881  ,CUST-00263,PRD-00003,2024-06-20,06/21/2024,2,1534.69,0.25,Mobile App,credit card,Pending
ORD-002930,CUST-00404,PRD-00026,10/08/2025,15/08/2025,1,13374.87,0.0,Marketplace,Cash on Delivery,Delivered
ORD-001475,CUST-00203,PRD-00167,13/01/2025,17-Jan-2025,5,EGP 741.81,0.2,Marketplace,Credit Card,Cancelled
ORD-004592,CUST-00629,PRD-00082,28-Dec-2023,,3,1269.02,0.0,Marketplace,Installment,Cancelled
ORD-002339,CUST-00327,PRD-00061,13/03/2024,03/20/2024,9,1707.55,0.25,MARKETPLACE,Installment,Delivered
ORD-005118,CUST-00697,PRD-00162,05/16/2023,2023-05-17,1,1009.35,0.0,Marketplace,Cash on Delivery,Delivered
ORD-004560,CUST-00626,PRD-00021,2024-08-05,12-Aug-2024,5,7707.69,0.0,Mobile App,Credit Card,Pending
ORD-002327,CUST-00324,PRD-00005,14-Nov-2025,21/11/2025,10,5870.09,0.05,Mobile App,Cash on Delivery,Returned
ORD-003915,CUST-00549,PRD-00157,01/29/2024,02/01/2024,4,186.52,0.05,Website,Wallet,Pending
ORD-004593,CUST-00629,PRD-00111,27/10/2024,2024-10-30,1,291.55,0.0,Marketplace,Wallet,Cancelled
ORD-005149,CUST-00700,PRD-00177,13-Mar-2023,,5,5234.78,0.1,Website,Credit Card,Delivered
ORD-004020,CUST-00564,PRD-00025,02/28/2024,05-Mar-2024,1,15750.99,0.15,Mobile App,Installment,Cancelled
ORD-002669,CUST-00369,PRD-00036,05/03/2025,07-Mar-2025,5,2503.62,0.25,Mobile App,Installment,Cancelled
ORD-005168,CUST-00702,PRD-00154,04/04/2025,2025-04-05,4,175.83,0.0,Mobile App,Wallet,Delivered
ORD-000567,CUST-00076,PRD-00026,29/05/2024,06/01/2024,4,13374.87,0.0,Mobile App,Credit Card,Delivered
ORD-001549,CUST-00209,PRD-00093,16/04/2025,17/04/2025,1,327.87,0.25,Mobile App,Installment,Cancelled
ORD-000044,CUST-00006,PRD-00025,05/31/2025,01-Jun-2025,3,EGP 15750.99,0.15,WEBSITE,Cash on Delivery,Delivered
ORD-003899,CUST-00547,PRD-00060,05/06/2023,09/05/2023,7,2586.89,0.15,Mobile App,Cash on Delivery,Delivered
ORD-000589,CUST-00079,PRD-00044,28/08/2025,30-Aug-2025,1,3309.62,0.0,Mobile App,Wallet,Delivered
ORD-001114,CUST-00152,PRD-00142,07/11/2024,18-Jul-2024,4,29.02,0.0,Mobile App,Credit Card,Pending
ORD-002682,CUST-00370,PRD-00033,01/27/2023,01/29/2023,3,1947.05,0.0,Website,installment,Delivered
ORD-002715,CUST-00372,PRD-00080,12/14/2024,21-Dec-2024,4,1092.22,0.1,Marketplace,Credit Card,Cancelled
ORD-004226,CUST-00591,PRD-00149,14/05/2025,17-May-2025,1,93.5,0.0,Mobile App,Cash on Delivery,Pending
ORD-001096,CUST-00149,PRD-00112,2023-03-21,03/28/2023,2,422.18,0.05,Mobile App,Installment,Delivered
ORD-003975,CUST-00558,PRD-00042,05/19/2025,23-May-2025,4,1460.4,0.0,Mobile App,Installment,Delivered
ORD-004465,CUST-00615,PRD-00021,07-May-2025,12/05/2025,10,7707.69,0.05,Website,Credit Card,Pending
ORD-001984,CUST-00284,PRD-00138,04/25/2025,29/04/2025,1,293.11,0.0,Website,Installment,Delivered
ORD-000381,CUST-00048,PRD-00071,2023-06-28,03-Jul-2023,5,657.42,0.15,Marketplace,Credit Card,Delivered
ORD-000753,CUST-00100,PRD-00040,12/24/2025,2025-12-25,10,1977.22,0.0,Mobile App,Cash on Delivery,Delivered
ORD-005287,CUST-00722,PRD-00049,21-Mar-2023,2023-03-27,2,3627.21,0.0,Website,Credit Card,Delivered
ORD-001820,CUST-00252,PRD-00047,31/12/2024,06-Jan-2025,5,3368.82,0.2,WEBSITE,Wallet,Delivered
ORD-004638,CUST-00635,PRD-00117,2024-08-16,2024-08-23,3,440.45,0.0,Mobile App,Wallet,Delivered
ORD-004388,CUST-00605,PRD-00110,2025-09-06,09/13/2025,5,443.5,0.15,Mobile App,Credit Card,Delivered
ORD-005685,CUST-00778,PRD-00154,2024-11-07,2024-11-12,5,175.83,0.0,Marketplace,Credit Card,Delivered
ORD-005578,CUST-00764,PRD-00005,19/07/2024,24/07/2024,3,5870.09,0.0,Marketplace,Wallet,Pending
ORD-000709,CUST-00097,PRD-00131,2023-08-29,09/05/2023,1,361.41,0.0,Website,Credit Card,Delivered
  ORD-000889  ,CUST-00124,PRD-00181,03/12/2024,08-Dec-2024,4,7757.56,0.0,Mobile App,Installment,Delivered
ORD-005573,CUST-00764,PRD-00031,19/10/2024,25-Oct-2024,2,376.78,0.0,Website,Wallet,Pending
ORD-000083,CUST-00010,PRD-00022,2024-11-30,01-Dec-2024,1,14193.82,0.15,Website,Credit Card,Cancelled
ORD-004401,CUST-00607,PRD-00027,24/03/2023,25/03/2023,2,6528.78,0.2,Marketplace,installment,Delivered
ORD-000016,CUST-00004,PRD-00013,30/12/2024,04-Jan-2025,2,5695.33,0.0,Marketplace,Wallet,Returned
ORD-004334,CUST-00603,PRD-00044,15-Jun-2023,06/19/2023,6,3309.62,0.0,Marketplace,Wallet,Pending
ORD-004446,CUST-00613,PRD-00081,11/06/2024,06/12/2024,7,2904.61,0.15,Marketplace,Cash on Delivery,Delivered
ORD-000313,CUST-00040,PRD-00047,29-Jul-2023,2023-08-04,3,3368.82,0.1,Website,Wallet,Pending
ORD-000251,CUST-00032,PRD-00092,14/11/2025,2025-11-18,4,727.52,0.1,Marketplace,Installment,Delivered
ORD-004579,CUST-00629,PRD-00091,11/05/2025,18/05/2025,5,1667.87,0.15,Mobile App,Installment,Delivered
ORD-004706,CUST-00643,PRD-00022,11/07/2024,18/07/2024,5,14193.82,0.0,Mobile App,Wallet,Delivered
ORD-003339,CUST-00460,PRD-00113,2023-12-31,01/04/2024,3,719.15,0.05,Marketplace,Installment,Pending
ORD-002980,CUST-00414,PRD-00178,04/29/2024,2024-05-06,3,583.55,0.0,Marketplace,Installment,Cancelled
ORD-003883,CUST-00544,PRD-00133,03/03/2024,09/03/2024,2,174.99,0.25,Marketplace,Installment,Delivered
ORD-002494,CUST-00343,PRD-00049,10/09/2024,09/15/2024,8,3627.21,,MOBILE APP,Credit Card,Delivered
ORD-002556,CUST-00353,PRD-00034,2024-01-06,11/01/2024,5,4894.09,0.25,Marketplace,Credit Card,Delivered
ORD-004028,CUST-00565,PRD-00101,02/25/2025,03/04/2025,2,EGP 658.37,0.1,Marketplace,Installment,Delivered
ORD-004357,CUST-00604,PRD-00039,07-Aug-2024,10-Aug-2024,1,EGP 2748.05,0.0,Mobile App,Credit Card,Delivered
ORD-004954,CUST-00673,PRD-00077,09/10/2023,2023-09-16,4,3228.9,0.0,Marketplace,Credit Card,Delivered
ORD-001252,CUST-00170,PRD-00016,07-Apr-2023,04/08/2023,4,6150.02,0.1,Mobile App,Credit Card,Delivered
ORD-003009,CUST-00418,PRD-00075,03/03/2023,03/08/2023,4,EGP 576.69,0.0,Marketplace,Installment,Delivered
ORD-004385,CUST-00605,PRD-00091,2024-06-12,06/19/2024,1,EGP 1667.87,0.0,Website,Credit Card,Delivered
ORD-003301,CUST-00457,PRD-00163,15/05/2024,2024-05-19,1,5049.75,0.05,Marketplace,Cash on Delivery,Cancelled
ORD-005311,CUST-00724,PRD-00176,02-Feb-2023,02/08/2023,1,3014.74,0.1,Marketplace,Credit Card,Delivered
ORD-005183,CUST-00704,PRD-00015,06/09/2023,2023-09-10,3,5715.8,0.0,Mobile App,Wallet,Pending
ORD-002342,CUST-00327,PRD-00016,28-Aug-2024,,5,6150.02,0.0,Marketplace,Credit Card,Delivered
ORD-000971,CUST-00133,PRD-00053,2025-09-07,2025-09-09,4,933.2,0.0,Marketplace,Wallet,Delivered
ORD-002026,CUST-00287,PRD-00126,18/05/2025,21-May-2025,5,340.64,0.1,Marketplace,Cash on Delivery,Pending
ORD-005580,CUST-00765,PRD-00176,2025-03-20,2025-03-24,5,3014.74,0.2,MOBILE APP,Cash on Delivery,Delivered
ORD-005442,CUST-00741,PRD-00079,2024-03-17,20-Mar-2024,6,646.3,0.25,Marketplace,Cash on Delivery,Delivered
ORD-003553,CUST-00487,PRD-00149,26-Apr-2023,05/01/2023,3,93.5,0.0,Marketplace,Credit Card,Pending
ORD-003076,CUST-00429,PRD-00127,29/07/2024,07/31/2024,6,252.66,0.05,Marketplace,Wallet,Delivered
ORD-000963,CUST-00132,PRD-00088,19-May-2025,05/25/2025,3,2384.43,0.0,Marketplace,cash on delivery,Delivered
ORD-005481,CUST-00750,PRD-00173,06/23/2023,29-Jun-2023,1,1584.06,0.0,Mobile App,Cash on Delivery,Delivered
ORD-003486,CUST-00480,PRD-00179,04/12/2024,2024-04-15,3,EGP 2311.13,0.2,Website,Installment,Delivered
ORD-001424,CUST-00191,PRD-00005,29-Mar-2023,05-Apr-2023,3,5870.09,0.1,Website,Credit Card,Pending
ORD-000353,CUST-00043,PRD-00075,04/22/2023,24/04/2023,10,576.69,0.1,Website,Wallet,Returned
ORD-000191,CUST-00025,PRD-00079,10/16/2023,20-Oct-2023,5,646.3,0.2,Marketplace,Cash on Delivery,Delivered
ORD-003355,CUST-00461,PRD-00094,15-Jul-2024,20/07/2024,2,286.11,0.0,Mobile App,Installment,Delivered
ORD-003945,CUST-00556,PRD-00177,11-Jan-2025,18/01/2025,7,5234.78,0.2,Mobile App,Credit Card,Delivered
ORD-000287,CUST-00038,PRD-00024,03/05/2025,10-Mar-2025,7,8840.39,0.0,MOBILE APP,Credit Card,Delivered
ORD-000228,CUST-00030,PRD-00018,23-Dec-2024,2024-12-26,1,EGP 8604.46,0.2,Marketplace,Installment,Pending
ORD-000343,CUST-00043,PRD-00028,2023-11-15,22/11/2023,10,6404.22,0.05,Marketplace,Cash on Delivery,Delivered
ORD-003683,CUST-00506,PRD-00168,2023-03-17,03/21/2023,4,3279.73,0.1,Mobile App,Wallet,Returned
ORD-005171,CUST-00702,PRD-00008,2024-07-07,2024-07-09,1,13998.23,0.1,Mobile App,Cash on Delivery,Delivered
ORD-002886,CUST-00395,PRD-00134,2023-07-25,01/08/2023,5,165.0,0.0,Website,Cash on Delivery,Delivered
ORD-001876,CUST-00262,PRD-00109,11/28/2024,12/05/2024,2,252.4,0.0,Mobile App,Credit Card,Delivered
ORD-003028,CUST-00423,PRD-00046,03/16/2025,2025-03-17,3,1161.95,0.0,Website,Installment,Pending
ORD-003181,CUST-00439,PRD-00023,02/24/2025,2025-03-03,3,11190.64,0.2,Mobile App,Credit Card,Cancelled
ORD-001596,CUST-00214,PRD-00003,02/07/2023,13/02/2023,5,1534.69,0.0,Mobile App,Wallet,Delivered
ORD-004810,CUST-00656,PRD-00115,12-Sep-2023,17-Sep-2023,2,290.78,0.0,Mobile App,Cash on Delivery,Cancelled
ORD-000311,CUST-00040,PRD-00118,2024-03-31,04/07/2024,2,341.03,0.15,Website,Installment,Delivered
ORD-002376,CUST-00333,PRD-00148,2023-04-25,,10,63.15,0.0,Website,Credit Card,Delivered
ORD-000813,CUST-00109,PRD-00115,19-Jul-2024,07/20/2024,3,290.78,0.2,Marketplace,Credit Card,Returned
ORD-005560,CUST-00762,PRD-00005,2024-04-08,04/11/2024,8,5870.09,0.25,MARKETPLACE,Installment,Delivered
ORD-003214,CUST-00442,PRD-00054,12/18/2024,21/12/2024,8,1277.14,0.25,Website,Credit Card,Delivered
ORD-004192,CUST-00589,PRD-00139,12-Sep-2024,15-Sep-2024,2,195.93,0.2,Marketplace,Installment,Delivered
ORD-000538,CUST-00073,PRD-00124,2023-11-05,2023-11-11,2,152.17,0.05,Website,Wallet,Delivered
ORD-001458,CUST-00201,PRD-00154,25/08/2023,08/29/2023,10,175.83,0.1,Mobile App,Wallet,Delivered
ORD-004783,CUST-00654,PRD-00182,03/05/2024,11/03/2024,4,4312.02,0.2,Website,Cash on Delivery,Delivered
ORD-001624,CUST-00218,PRD-00004,05/07/2023,2023-07-10,4,3744.22,0.0,Marketplace,Wallet,Delivered
ORD-001205,CUST-00165,PRD-00176,30/09/2023,04/10/2023,5,3014.74,0.0,Mobile App,Installment,Delivered
ORD-001650,CUST-00223,PRD-00023,03/16/2024,23-Mar-2024,3,11190.64,0.25,Mobile App,Installment,Delivered
ORD-002113,CUST-00296,PRD-00017,06/17/2024,06/21/2024,8,4224.65,0.2,Website,Wallet,Delivered
  ORD-002260  ,CUST-00316,PRD-00181,12-Jan-2024,2024-01-17,4,7757.56,0.0,Website,Cash on Delivery,Cancelled
ORD-003423,CUST-00471,PRD-00175,03/18/2023,2023-03-21,2,3144.98,0.0,Website,Installment,Cancelled
ORD-001741,CUST-00238,PRD-00097,17-Mar-2025,2025-03-19,5,550.73,0.1,Marketplace,Credit Card,Delivered
ORD-003329,CUST-00459,PRD-00106,2025-03-03,05/03/2025,5,1124.04,0.1,Mobile App,Cash on Delivery,Delivered
ORD-003777,CUST-00522,PRD-00166,2023-11-24,26-Nov-2023,2,1361.3,0.1,Mobile App,Credit Card,Delivered
ORD-001958,CUST-00279,PRD-00080,2025-02-02,02/09/2025,5,1092.22,0.15,Website,Credit Card,Returned
ORD-001006,CUST-00137,PRD-00007,27/06/2023,01-Jul-2023,6,5375.75,0.0,Website,Installment,Delivered
ORD-005380,CUST-00731,PRD-00176,15-Feb-2023,21-Feb-2023,2,3014.74,0.25,Mobile App,Installment,Delivered
ORD-004596,CUST-00630,PRD-00013,2023-12-07,13/12/2023,5,5695.33,0.0,Marketplace,Cash on Delivery,Delivered
ORD-005353,CUST-00730,PRD-00113,08/12/2023,2023-12-15,3,719.15,0.25,Marketplace,Cash on Delivery,Delivered
ORD-003881,CUST-00544,PRD-00149,2023-04-01,07-Apr-2023,3,EGP 93.5,0.0,Website,Wallet,Pending
ORD-000478,CUST-00065,PRD-00164,27/06/2025,04-Jul-2025,5,6039.64,0.15,Mobile App,Installment,Delivered
ORD-003991,CUST-00561,PRD-00139,01/12/2024,19/01/2024,1,195.93,0.25,Marketplace,Installment,Returned
ORD-001726,CUST-00237,PRD-00029,2023-11-13,11/14/2023,5,EGP 1141.21,0.1,Marketplace,Cash on Delivery,Delivered
ORD-005422,CUST-00737,PRD-00004,23-Aug-2023,08/26/2023,5,3744.22,0.05,Website,Credit Card,Cancelled
ORD-004803,CUST-00656,PRD-00134,05/02/2024,09-May-2024,1,165.0,,Marketplace,Installment,Pending
ORD-002871,CUST-99999,PRD-00107,05/01/2024,08-May-2024,1,803.85,0.0,Website,Credit Card,Delivered
ORD-005006,CUST-00678,PRD-00159,12/14/2023,18/12/2023,10,195.16,0.1,Mobile App,Credit Card,Delivered
ORD-002825,CUST-00383,PRD-00071,09-Dec-2024,2024-12-11,5,657.42,0.25,Marketplace,Cash on Delivery,Delivered
ORD-005200,CUST-00705,PRD-00184,2024-02-09,02/16/2024,2,2621.44,0.2,Marketplace,Cash on Delivery,Cancelled
ORD-005606,CUST-00766,PRD-00188,01/18/2025,01/22/2025,4,235.83,0.0,Mobile App,Credit Card,Delivered
ORD-003448,CUST-00475,PRD-00024,08/02/2025,02/10/2025,4,8840.39,0.0,Marketplace,Cash on Delivery,Cancelled
ORD-005218,CUST-00709,PRD-00005,09-May-2023,05/15/2023,1,5870.09,0.2,WEBSITE,Cash on Delivery,Delivered
ORD-002770,CUST-00375,PRD-00127,28-Nov-2023,2023-12-05,1,252.66,0.05,Marketplace,Installment,Delivered
ORD-000347,CUST-00043,PRD-00157,2025-03-04,03/07/2025,6,186.52,0.1,Mobile App,Cash on Delivery,Returned
ORD-003886,CUST-00545,PRD-00170,02/04/2025,2025-04-03,5,7690.28,0.2,Website,Installment,Cancelled
ORD-002994,CUST-00416,PRD-00046,10/20/2025,2025-10-24,8,1161.95,0.0,Marketplace,Cash on Delivery,Delivered
ORD-004989,CUST-00677,PRD-00117,07/10/2024,2024-10-11,10,440.45,0.25,Website,Credit Card,Returned
ORD-002364,CUST-00330,PRD-00030,17/06/2024,2024-06-20,4,6643.61,0.2,Marketplace,Cash on Delivery,Delivered
ORD-004082,CUST-00574,PRD-00165,07-Apr-2024,,5,1559.9,0.0,Website,Credit Card,Delivered
ORD-001341,CUST-00180,PRD-00087,2025-09-19,26-Sep-2025,5,937.05,0.15,Marketplace,Wallet,Pending
ORD-001760,CUST-00240,PRD-00143,01-Aug-2023,07/08/2023,2,174.65,0.0,Marketplace,Credit Card,Delivered
ORD-001164,CUST-00160,PRD-00013,31/01/2025,07-Feb-2025,5,5695.33,0.15,Website,Wallet,Delivered
ORD-002627,CUST-00361,PRD-00129,09/09/2025,2025-09-16,3,23.89,0.05,Mobile App,Credit Card,Delivered
ORD-000473,CUST-00064,PRD-00142,2024-10-15,10/17/2024,6,29.02,0.0,Mobile App,Credit Card,Delivered
ORD-002607,CUST-00357,PRD-00108,11/15/2024,20-Nov-2024,3,230.98,0.2,Mobile App,Cash on Delivery,Cancelled
ORD-000924,CUST-00129,PRD-00081,06/29/2024,2024-06-30,5,2904.61,0.0,Website,Credit Card,Delivered
ORD-000705,CUST-00096,PRD-00047,05/30/2023,2023-06-06,2,3368.82,,Website,credit card,Delivered
ORD-001002,CUST-00136,PRD-00046,06/26/2025,07/03/2025,1,1161.95,0.25,Website,Cash on Delivery,Delivered
ORD-005499,CUST-00751,PRD-00069,04/03/2025,03/08/2025,5,1039.35,0.05,Marketplace,Credit Card,Delivered
ORD-004439,CUST-00611,PRD-00179,11/19/2024,22/11/2024,10,2311.13,0.0,Marketplace,Installment,Delivered
ORD-005822,CUST-00798,PRD-00155,08-Jan-2025,12/01/2025,4,228.62,0.05,Mobile App,Installment,Pending
ORD-004672,CUST-00639,PRD-00145,16-May-2025,2025-05-18,7,116.01,0.0,Website,Wallet,Returned
ORD-000512,CUST-00069,PRD-00004,16/05/2023,05/23/2023,3,3744.22,0.0,Website,Wallet,Pending
ORD-004859,CUST-00664,PRD-00023,2025-09-07,,5,11190.64,0.25,Website,Installment,Delivered
ORD-001081,CUST-00147,PRD-00040,2023-08-20,08/26/2023,5,1977.22,0.2,MOBILE APP,Cash on Delivery,Delivered
ORD-002407,CUST-00335,PRD-00027,11/13/2023,2023-11-14,5,6528.78,0.05,Marketplace,Wallet,Delivered
ORD-005672,CUST-00776,PRD-00087,04-Apr-2025,05/04/2025,3,937.05,0.25,Website,Credit Card,Delivered
ORD-002082,CUST-00293,PRD-00177,28/09/2024,10/04/2024,1,EGP 5234.78,0.2,WEBSITE,Installment,Delivered
ORD-005241,CUST-00714,PRD-00175,04/16/2023,2023-04-18,1,3144.98,0.05,Website,Installment,Delivered
ORD-002841,CUST-00387,PRD-00066,07/07/2025,09-Jul-2025,3,531.75,0.0,MARKETPLACE,Credit Card,Returned
ORD-000171,CUST-00022,PRD-00130,10/11/2024,13/11/2024,9,93.92,0.25,Website,Installment,Delivered
ORD-005476,CUST-00748,PRD-00058,2025-02-27,2025-03-04,3,3308.87,0.0,MARKETPLACE,Installment,Returned
ORD-005763,CUST-00791,PRD-00188,01/12/2023,06-Dec-2023,6,235.83,0.25,Website,Wallet,Returned
ORD-004712,CUST-00644,PRD-00035,01-Mar-2023,02/03/2023,9,4561.67,0.0,Marketplace,installment,Delivered
ORD-002653,CUST-00366,PRD-00182,21/10/2024,10/28/2024,8,4312.02,0.1,Mobile App,Installment,Cancelled
ORD-001046,CUST-00144,PRD-00129,09/25/2025,2025-10-01,3,23.89,0.05,Mobile App,Cash on Delivery,Returned
ORD-000300,CUST-00038,PRD-00152,2024-01-25,02/01/2024,10,23.7,0.0,Marketplace,Cash on Delivery,Delivered
ORD-005107,CUST-00695,PRD-00017,07-Jul-2025,14/07/2025,3,4224.65,0.25,Mobile App,Credit Card,Delivered
ORD-003871,CUST-00542,PRD-00008,2023-08-26,2023-08-28,4,13998.23,0.1,Marketplace,Wallet,Delivered
ORD-004960,CUST-00673,PRD-00142,03/10/2025,10/07/2025,4,29.02,0.1,Website,Wallet,Delivered
ORD-003620,CUST-00498,PRD-00135,21-Mar-2024,,1,55.83,0.05,Marketplace,Cash on Delivery,Delivered
ORD-000465,CUST-00062,PRD-00069,12/11/2024,16-Dec-2024,6,1039.35,0.0,Mobile App,Credit Card,Pending
ORD-003422,CUST-00471,PRD-00144,11/05/2024,2024-11-12,2,212.23,0.0,Mobile App,Cash on Delivery,Delivered
ORD-003056,CUST-00425,PRD-00065,05-Dec-2025,12/07/2025,3,1220.64,0.0,Website,Cash on Delivery,Delivered
ORD-005693,CUST-00780,PRD-00090,27/07/2023,30-Jul-2023,5,1391.99,0.15,Website,Wallet,Pending
ORD-002509,CUST-00346,PRD-00059,07/30/2024,31-Jul-2024,7,1565.88,0.1,Website,Wallet,Pending
ORD-003771,CUST-00522,PRD-00173,07-Oct-2025,14-Oct-2025,3,1584.06,0.0,Marketplace,Cash on Delivery,Delivered
ORD-002870,CUST-00391,PRD-00168,2023-02-19,02/24/2023,5,3279.73,,WEBSITE,Wallet,Cancelled
ORD-003958,CUST-00557,PRD-00168,03/29/2023,31-Mar-2023,6,3279.73,0.0,MOBILE APP,Credit Card,Delivered
ORD-000897,CUST-00124,PRD-00166,21/04/2023,04/24/2023,5,1361.3,0.2,Marketplace,Installment,Delivered
ORD-001495,CUST-00205,PRD-00037,06/21/2024,06/22/2024,4,2145.36,0.0,Website,Wallet,Delivered
ORD-002290,CUST-00319,PRD-00024,12-Aug-2025,17/08/2025,7,8840.39,0.1,Mobile App,Wallet,Delivered
ORD-004449,CUST-00614,PRD-00016,17/08/2024,23-Aug-2024,5,6150.02,0.15,Website,Cash on Delivery,Returned
ORD-005227,CUST-00710,PRD-00017,22-Feb-2025,2025-02-23,5,4224.65,0.0,Website,Wallet,Returned
ORD-000966,CUST-00133,PRD-00112,22/03/2025,23-Mar-2025,1,422.18,0.15,Mobile App,Installment,Delivered
ORD-000690,CUST-00091,PRD-00187,04/12/2025,12/08/2025,1,5533.15,0.0,Website,Cash on Delivery,Delivered
ORD-005544,CUST-00758,PRD-00087,06/29/2023,05-Jul-2023,8,937.05,0.0,Marketplace,Installment,Cancelled
ORD-005557,CUST-00761,PRD-00014,27-Dec-2023,31-Dec-2023,7,3474.75,0.0,Marketplace,Wallet,Delivered
ORD-000742,CUST-00100,PRD-00017,21-Sep-2025,09/25/2025,9,4224.65,0.1,Website,Installment,Pending
ORD-002389,CUST-00334,PRD-00085,07/04/2025,12-Apr-2025,2,265.37,0.0,Mobile App,Wallet,Delivered
ORD-004965,CUST-00673,PRD-00125,05/04/2024,2024-05-08,6,151.72,0.0,Mobile App,Credit Card,Returned
ORD-003280,CUST-00455,PRD-00085,09/02/2024,07/09/2024,3,265.37,0.0,Website,Wallet,Delivered
ORD-003464,CUST-00477,PRD-00168,26/09/2025,03/10/2025,5,3279.73,0.2,Marketplace,cash on delivery,Delivered
ORD-003818,CUST-00529,PRD-00010,11/04/2024,15/04/2024,1,2297.75,,Website,Installment,Delivered
ORD-003951,CUST-00557,PRD-00171,10/14/2024,16-Oct-2024,4,1117.84,0.15,Website,Wallet,Delivered
ORD-003185,CUST-00440,PRD-00026,02/06/2025,13/02/2025,2,13374.87,0.2,MARKETPLACE,Cash on Delivery,Delivered
ORD-005188,CUST-00705,PRD-00122,03/08/2024,10-Aug-2024,1,692.52,0.0,MARKETPLACE,Installment,Returned
ORD-000820,CUST-00110,PRD-00019,01-Jul-2023,04-Jul-2023,3,5919.72,,Marketplace,Credit Card,Delivered
ORD-004969,CUST-00673,PRD-00097,22-Mar-2024,03/29/2024,3,550.73,0.0,MOBILE APP,Cash on Delivery,Delivered
ORD-001239,CUST-00169,PRD-00017,2025-05-30,06/06/2025,4,4224.65,0.0,Website,Cash on Delivery,Returned
ORD-004951,CUST-00672,PRD-00123,21-Nov-2025,2025-11-24,8,83.93,0.0,Marketplace,Cash on Delivery,Delivered
ORD-004351,CUST-00604,PRD-00156,10/14/2025,,4,250.31,0.0,Website,Installment,Cancelled
ORD-000776,CUST-00103,PRD-00080,03/25/2025,2025-04-01,8,1092.22,0.15,Marketplace,Credit Card,Delivered
  ORD-002444  ,CUST-00339,PRD-00013,31/05/2025,06/03/2025,5,5695.33,0.0,MARKETPLACE,Wallet,Returned
ORD-004078,CUST-00573,PRD-00149,2024-01-22,2024-01-27,7,93.5,0.1,Marketplace,Cash on Delivery,Delivered
ORD-001511,CUST-00206,PRD-00159,25-Jan-2024,,2,195.16,0.15,Marketplace,Credit Card,Delivered
ORD-000551,CUST-00073,PRD-00099,07-Feb-2025,2025-02-10,4,152.23,0.1,Mobile App,Credit Card,Delivered
ORD-002809,CUST-00381,PRD-00158,01/15/2024,2024-01-18,10,308.65,0.05,Marketplace,Credit Card,Delivered
ORD-004887,CUST-00666,PRD-00144,2023-08-09,12-Aug-2023,4,212.23,0.25,Mobile App,Cash on Delivery,Delivered
ORD-001409,CUST-00191,PRD-00149,16/12/2023,23/12/2023,7,93.5,0.0,Marketplace,cash on delivery,Delivered
ORD-001306,CUST-00176,PRD-00169,02/22/2025,01-Mar-2025,5,3779.35,0.25,Mobile App,Installment,Delivered
ORD-000232,CUST-00031,PRD-00154,24-Apr-2025,01-May-2025,6,EGP 175.83,0.0,Marketplace,Credit Card,Delivered
ORD-001804,CUST-00247,PRD-00054,20-May-2025,,3,1277.14,0.0,Website,Cash on Delivery,Cancelled
ORD-001721,CUST-00236,PRD-00033,24/06/2024,29-Jun-2024,5,1947.05,0.0,Website,Wallet,Delivered
ORD-000284,CUST-00038,PRD-00098,04-May-2023,11-May-2023,3,718.7,0.0,Marketplace,Installment,Delivered
ORD-002423,CUST-00336,PRD-00012,2025-01-08,,4,9488.69,0.1,Mobile App,Wallet,Returned
ORD-001894,CUST-00263,PRD-00186,18-Nov-2023,2023-11-23,4,4878.71,0.0,WEBSITE,Installment,Cancelled
ORD-000127,CUST-00017,PRD-00003,26-Dec-2023,12/31/2023,3,1534.69,0.2,Website,Installment,Delivered
ORD-000162,CUST-00022,PRD-00014,06/04/2024,06/11/2024,7,3474.75,0.25,Marketplace,Cash on Delivery,Delivered
ORD-002528,CUST-00348,PRD-00008,07-Nov-2024,14-Nov-2024,5,13998.23,0.0,Mobile App,cash on delivery,Delivered
ORD-003346,CUST-00460,PRD-00129,2023-03-01,03/05/2023,5,23.89,0.0,Website,Installment,Delivered
ORD-002287,CUST-00319,PRD-00101,08/13/2025,08/19/2025,3,658.37,0.0,Marketplace,Credit Card,Delivered
ORD-000145,CUST-00020,PRD-00183,08/11/2025,2025-11-12,5,6588.34,0.0,Marketplace,Wallet,Delivered
ORD-005322,CUST-00725,PRD-00095,2023-10-20,10/27/2023,4,493.89,0.25,Mobile App,Cash on Delivery,Delivered
ORD-003928,CUST-00553,PRD-00137,20/02/2024,02/24/2024,6,328.81,0.25,Marketplace,Credit Card,Delivered
ORD-004764,CUST-00652,PRD-00096,28/02/2025,2025-03-01,5,1013.61,0.25,Marketplace,Credit Card,Delivered
ORD-004682,CUST-00641,PRD-00061,13-Dec-2023,16-Dec-2023,8,1707.55,0.0,Marketplace,Cash on Delivery,Delivered
ORD-004998,CUST-00677,PRD-00142,24/01/2025,26-Jan-2025,8,29.02,0.0,Mobile App,Installment,Cancelled
ORD-003882,CUST-00544,PRD-00079,28/01/2025,01/30/2025,3,646.3,0.1,Mobile App,Installment,Cancelled
ORD-005379,CUST-00731,PRD-00119,26/11/2024,03-Dec-2024,5,898.59,0.1,Mobile App,Wallet,Delivered
ORD-003473,CUST-00477,PRD-00097,09/01/2024,09/03/2024,3,550.73,0.0,Mobile App,Wallet,Delivered
ORD-000756,CUST-00101,PRD-00063,06/22/2023,28-Jun-2023,1,3118.2,0.0,Website,Installment,Delivered
ORD-001826,CUST-00254,PRD-00034,11-Feb-2024,02/14/2024,4,4894.09,0.2,Website,Wallet,Delivered
ORD-000466,CUST-00062,PRD-00149,21/09/2023,23-Sep-2023,7,93.5,0.0,Mobile App,installment,Delivered
ORD-001657,CUST-00223,PRD-00116,23-Jun-2024,28/06/2024,4,466.13,0.15,Mobile App,Installment,Delivered
ORD-004389,CUST-00605,PRD-00149,02/14/2025,21-Feb-2025,1,93.5,0.05,WEBSITE,Wallet,Pending
ORD-002191,CUST-00308,PRD-00070,2025-05-04,2025-05-06,2,1062.89,0.2,Marketplace,Installment,Delivered
ORD-005350,CUST-00729,PRD-00109,2024-05-17,05/20/2024,3,252.4,0.05,Marketplace,installment,Delivered
ORD-003337,CUST-00460,PRD-00044,13/01/2024,2024-01-18,4,3309.62,0.2,Marketplace,Installment,Delivered
ORD-001615,CUST-00216,PRD-00063,01/10/2024,13/01/2024,2,3118.2,0.0,Marketplace,Installment,Pending
ORD-002495,CUST-00343,PRD-00061,29/09/2023,2023-10-02,8,1707.55,0.0,Marketplace,Cash on Delivery,Pending
ORD-002812,CUST-00381,PRD-00123,2023-09-20,2023-09-26,10,83.93,0.0,Marketplace,Installment,Returned
ORD-004024,CUST-00565,PRD-00121,07-Dec-2025,14/12/2025,5,307.1,0.25,Mobile App,Wallet,Delivered
ORD-004042,CUST-00567,PRD-00055,25/09/2023,2023-10-02,5,2089.61,0.0,Marketplace,Cash on Delivery,Delivered
ORD-001683,CUST-00227,PRD-00079,19-Oct-2023,,2,646.3,0.1,Marketplace,Cash on Delivery,Delivered
ORD-001864,CUST-00260,PRD-00014,2023-01-14,21-Jan-2023,4,3474.75,0.0,Mobile App,Wallet,Delivered
ORD-005327,CUST-00727,PRD-00001,25-Apr-2025,2025-04-27,6,3019.28,0.1,Website,cash on delivery,Delivered
ORD-003666,CUST-00505,PRD-00156,05/14/2023,2023-05-16,2,250.31,0.25,Marketplace,Wallet,Pending
ORD-003469,CUST-00477,PRD-00068,04/23/2025,04/27/2025,2,1186.92,0.0,Website,Cash on Delivery,Delivered
ORD-001467,CUST-00202,PRD-00127,2023-12-26,02/01/2024,5,EGP 252.66,0.1,Mobile App,Installment,Cancelled
ORD-002681,CUST-00370,PRD-00042,25/10/2023,2023-10-29,3,1460.4,0.05,Marketplace,Wallet,Returned
ORD-004834,CUST-00659,PRD-00085,28-Oct-2023,30-Oct-2023,4,265.37,2.0,Website,Cash on Delivery,Delivered
ORD-003376,CUST-00462,PRD-00087,05/29/2024,02/06/2024,3,937.05,0.0,Mobile App,Installment,Delivered
ORD-001784,CUST-00245,PRD-00072,30-Jul-2023,2023-08-05,1,2087.47,0.0,Marketplace,Installment,Cancelled
ORD-004094,CUST-00577,PRD-00038,03/18/2025,21/03/2025,6,2707.61,0.1,Mobile App,Installment,Pending
ORD-004782,CUST-00654,PRD-00094,05-Nov-2024,11/12/2024,4,286.11,0.05,Mobile App,Installment,Delivered
ORD-002192,CUST-00308,PRD-00127,12/14/2025,12/21/2025,3,252.66,0.0,Mobile App,Credit Card,Cancelled
ORD-002112,CUST-00296,PRD-00022,2024-04-24,04/27/2024,6,14193.82,0.0,Mobile App,Installment,Cancelled
ORD-003275,CUST-00455,PRD-00140,2023-05-09,05/14/2023,1,168.61,0.1,Website,Cash on Delivery,Delivered
  ORD-000809  ,CUST-00109,PRD-00045,2023-02-18,02/25/2023,2,4956.18,0.0,Mobile App,Wallet,Delivered
ORD-001653,CUST-00223,PRD-00043,20-Aug-2023,24/08/2023,3,670.88,0.2,Mobile App,Installment,Cancelled
ORD-002692,CUST-00371,PRD-00086,31/12/2023,04/01/2024,4,EGP 1754.49,0.0,Mobile App,Wallet,Delivered
ORD-002129,CUST-00299,PRD-00062,09/01/2024,07-Sep-2024,6,271.83,0.15,Mobile App,Cash on Delivery,Delivered
ORD-000759,CUST-00101,PRD-00041,2025-04-03,04/09/2025,2,1168.7,0.0,Mobile App,Wallet,Cancelled
ORD-002904,CUST-00401,PRD-00098,2025-12-23,30/12/2025,8,EGP 718.7,0.1,Marketplace,Installment,Returned
ORD-002888,CUST-00396,PRD-00002,05-Mar-2025,02/03/2025,7,9414.07,0.0,Mobile App,Credit Card,Delivered
ORD-000285,CUST-00038,PRD-00086,2024-09-28,,4,1754.49,0.15,Marketplace,Wallet,Delivered
ORD-001954,CUST-00279,PRD-00139,2023-12-04,12/11/2023,4,195.93,0.15,Marketplace,Credit Card,Cancelled
ORD-004018,CUST-00564,PRD-00067,06/18/2024,06/21/2024,3,1590.28,0.0,Marketplace,Cash on Delivery,Cancelled
ORD-002233,CUST-00313,PRD-00063,2024-09-05,12/09/2024,1,3118.2,0.0,Mobile App,Cash on Delivery,Delivered
ORD-001750,CUST-00239,PRD-00073,28/02/2025,2025-03-03,7,EGP 2603.44,0.05,Mobile App,Credit Card,Delivered
ORD-001537,CUST-00207,PRD-00105,2025-01-20,21/01/2025,9,840.93,0.0,Mobile App,Cash on Delivery,Delivered
ORD-003596,CUST-00494,PRD-00148,2024-11-27,2024-12-02,8,63.15,0.1,Mobile App,Credit Card,Delivered
ORD-004241,CUST-00593,PRD-00075,2023-05-29,06/04/2023,3,576.69,0.0,Mobile App,Cash on Delivery,Delivered
ORD-005737,CUST-00787,PRD-00028,06-Jan-2024,01/08/2024,1,6404.22,0.0,Mobile App,Installment,Delivered
ORD-005748,CUST-00788,PRD-00078,04/08/2024,06-Aug-2024,2,803.87,0.0,Mobile App,Credit Card,Pending
ORD-003699,CUST-00511,PRD-00150,06/29/2024,,4,84.86,0.1,Marketplace,Installment,Delivered
ORD-002231,CUST-00313,PRD-00186,03/24/2024,29/03/2024,1,4878.71,0.0,Marketplace,Installment,Delivered
ORD-002990,CUST-00415,PRD-00041,2024-06-24,2024-06-28,5,1168.7,,Website,Cash on Delivery,Delivered
ORD-004414,CUST-00609,PRD-00086,18/03/2024,23-Mar-2024,5,1754.49,0.25,Website,Credit Card,Delivered
ORD-003837,CUST-00538,PRD-00187,26/10/2024,2024-11-01,5,5533.15,0.05,Marketplace,Wallet,Delivered
ORD-000779,CUST-00103,PRD-00016,05/01/2025,07/05/2025,9,EGP 6150.02,0.1,Marketplace,Credit Card,Returned
ORD-000365,CUST-00045,PRD-00064,01/11/2025,2025-11-08,4,1338.56,0.0,Mobile App,Installment,Delivered
ORD-001928,CUST-00270,PRD-00135,19/01/2023,01/25/2023,5,55.83,,Marketplace,cash on delivery,Cancelled
ORD-000936,CUST-00129,PRD-00045,29-Apr-2025,05/06/2025,5,4956.18,0.1,Mobile App,Wallet,Delivered
ORD-005065,CUST-00687,PRD-00086,2024-10-29,31/10/2024,1,1754.49,,Website,Installment,Returned
ORD-004341,CUST-00603,PRD-00137,2023-12-05,08/12/2023,6,328.81,0.0,Mobile App,Installment,Returned
ORD-001598,CUST-00214,PRD-00114,2024-04-08,04/10/2024,5,864.91,0.1,Marketplace,Wallet,Returned
ORD-001180,CUST-00163,PRD-00185,12-May-2023,05/13/2023,1,2013.53,0.15,Website,Credit Card,Delivered
ORD-000669,CUST-00090,PRD-00050,2024-11-14,2024-11-16,4,6188.03,0.15,Mobile App,Credit Card,Delivered
ORD-004922,CUST-00669,PRD-00012,11/08/2024,17/08/2024,3,9488.69,0.2,Marketplace,Cash on Delivery,Delivered
ORD-000244,CUST-99999,PRD-00142,2025-07-28,,1,29.02,0.0,Website,Wallet,Returned
ORD-000927,CUST-00129,PRD-00140,11-Dec-2024,2024-12-14,4,168.61,0.0,Website,Installment,Delivered
ORD-005317,CUST-00724,PRD-00020,20-Aug-2023,24/08/2023,2,9661.76,0.0,Mobile App,Credit Card,Pending
ORD-000812,CUST-00109,PRD-00105,25-Dec-2024,12/31/2024,5,840.93,0.15,Website,Credit Card,Delivered
ORD-005473,CUST-00747,PRD-00032,2023-03-31,02-Apr-2023,3,1547.2,0.0,Mobile App,Credit Card,Delivered
ORD-000032,CUST-00005,PRD-00135,20/01/2025,23-Jan-2025,10,55.83,0.25,Website,Cash on Delivery,Delivered
ORD-005218,CUST-00709,PRD-00005,09/05/2023,2023-05-15,1,5870.09,0.2,Website,Cash on Delivery,Delivered
ORD-001967,CUST-00282,PRD-00012,24/07/2025,27-Jul-2025,2,9488.69,0.15,Marketplace,Credit Card,Returned
ORD-001329,CUST-00178,PRD-00177,11/25/2023,2023-11-27,4,5234.78,,Mobile App,Wallet,Delivered
ORD-005440,CUST-00741,PRD-00171,10/16/2025,2025-10-22,7,1117.84,0.0,WEBSITE,credit card,Delivered
ORD-000483,CUST-00065,PRD-00004,25/12/2023,2023-12-30,7,3744.22,0.1,Marketplace,Cash on Delivery,Cancelled
ORD-001245,CUST-00169,PRD-00120,11-Jun-2025,14-Jun-2025,1,538.56,0.0,Website,Wallet,Delivered
ORD-001075,CUST-00146,PRD-00057,10/14/2025,,7,5493.06,0.0,Mobile App,Installment,Delivered
ORD-003375,CUST-00462,PRD-00002,2023-11-01,2023-11-07,3,9414.07,,Mobile App,Wallet,Pending
ORD-002267,CUST-00318,PRD-00150,16-Aug-2023,19-Aug-2023,5,84.86,0.0,Mobile App,Installment,Cancelled
ORD-003759,CUST-00520,PRD-00177,2024-03-11,16/03/2024,4,5234.78,0.0,Marketplace,Credit Card,Delivered
ORD-000333,CUST-00041,PRD-00066,05/17/2025,05/24/2025,2,531.75,0.0,Marketplace,Wallet,Pending
ORD-003982,CUST-00560,PRD-00106,01/08/2024,2024-01-13,3,1124.04,0.0,Marketplace,Wallet,Delivered
ORD-003199,CUST-00441,PRD-00075,20/07/2023,23-Jul-2023,4,576.69,0.15,Mobile App,Credit Card,Delivered
ORD-003520,CUST-00484,PRD-00047,2023-10-22,2023-10-28,4,3368.82,0.0,Mobile App,Credit Card,Returned
ORD-003141,CUST-00435,PRD-00075,28/02/2023,03/04/2023,4,576.69,0.0,Mobile App,Credit Card,Delivered
ORD-002176,CUST-00305,PRD-00120,26/07/2024,01-Aug-2024,2,538.56,0.0,Mobile App,Installment,Returned
ORD-003250,CUST-00450,PRD-00145,29/06/2023,06/30/2023,5,116.01,0.0,MOBILE APP,Installment,Delivered
ORD-002458,CUST-00340,PRD-00043,07-Nov-2025,14/11/2025,4,670.88,0.15,Website,credit card,Pending
ORD-004266,CUST-00597,PRD-00061,2025-02-15,02/19/2025,3,1707.55,0.2,Marketplace,Installment,Delivered
ORD-004423,CUST-00610,PRD-00015,2024-01-14,19/01/2024,4,5715.8,0.0,MARKETPLACE,Installment,Delivered
ORD-005615,CUST-00769,PRD-00186,2025-03-18,2025-03-21,9,4878.71,0.1,Mobile App,installment,Cancelled
ORD-000139,CUST-00019,PRD-00067,2025-07-10,11-Jul-2025,10,1590.28,0.0,Website,Cash on Delivery,Cancelled
ORD-000682,CUST-00091,PRD-00170,08-May-2023,14/05/2023,1,7690.28,0.2,MOBILE APP,Wallet,Cancelled
ORD-002966,CUST-00411,PRD-00103,05/05/2025,05/12/2025,8,275.52,0.1,Marketplace,Installment,Delivered
ORD-005604,CUST-00766,PRD-00028,11/07/2023,16/07/2023,3,6404.22,0.05,Marketplace,Installment,Delivered
ORD-002204,CUST-00311,PRD-00155,28/01/2023,01/30/2023,1,228.62,0.05,MOBILE APP,Cash on Delivery,Delivered
ORD-004387,CUST-00605,PRD-00145,20/07/2023,2023-07-21,1,116.01,0.15,Website,Cash on Delivery,Pending
ORD-005701,CUST-00781,PRD-00048,2024-09-28,2024-10-04,7,EGP 616.54,0.0,Marketplace,Cash on Delivery,Delivered
ORD-003161,CUST-00437,PRD-00158,2024-06-16,2024-06-17,5,308.65,0.05,Website,Credit Card,Returned
ORD-004597,CUST-00630,PRD-00005,2023-12-19,2023-12-24,5,5870.09,0.15,Website,Wallet,Delivered
ORD-000173,CUST-00022,PRD-00174,2024-05-27,01/06/2024,8,2379.8,0.1,Mobile App,Installment,Returned
  ORD-005818  ,CUST-00796,PRD-00055,2024-06-14,16/06/2024,2,2089.61,0.0,Website,Credit Card,Returned
ORD-002649,CUST-00364,PRD-00084,20/04/2023,2023-04-25,10,600.09,0.0,Website,Credit Card,Delivered
ORD-005692,CUST-00779,PRD-00142,10/02/2023,17/02/2023,5,29.02,0.15,Marketplace,Wallet,Delivered
ORD-001816,CUST-00251,PRD-00170,2024-08-30,01/09/2024,8,7690.28,0.0,MARKETPLACE,Wallet,Delivered
ORD-002020,CUST-00286,PRD-00164,29-Dec-2023,2024-01-01,6,6039.64,0.0,Marketplace,Installment,Returned
ORD-001196,CUST-00165,PRD-00160,2025-12-31,,1,214.1,0.2,Mobile App,Wallet,Returned
ORD-001402,CUST-00190,PRD-00074,2025-11-30,2025-12-04,3,396.44,0.0,Mobile App,wallet,Returned
ORD-004677,CUST-00640,PRD-00029,23/06/2025,,7,1141.21,0.0,Marketplace,Cash on Delivery,Delivered
ORD-004740,CUST-00650,PRD-00033,02-Aug-2024,09-Aug-2024,5,1947.05,0.0,Marketplace,Credit Card,Delivered
ORD-002834,CUST-00385,PRD-00178,30-Oct-2024,05-Nov-2024,2,583.55,0.1,Mobile App,Cash on Delivery,Delivered
ORD-002927,CUST-00403,PRD-00147,02/02/2024,03-Feb-2024,10,222.8,0.15,Website,Cash on Delivery,Delivered
ORD-003493,CUST-00481,PRD-00028,12/05/2023,2023-12-07,5,6404.22,0.1,Marketplace,Credit Card,Delivered
ORD-004305,CUST-00600,PRD-00075,30/11/2024,01/12/2024,4,576.69,0.0,Marketplace,Installment,Delivered
ORD-005209,CUST-00707,PRD-00125,02/06/2024,06/03/2024,8,151.72,0.25,Website,Installment,Delivered
ORD-000073,CUST-00009,PRD-00081,07-Dec-2024,12/13/2024,3,2904.61,0.05,Mobile App,Credit Card,Returned
ORD-002858,CUST-00388,PRD-00177,12/13/2024,20/12/2024,5,5234.78,,Website,Wallet,Delivered
ORD-003123,CUST-00433,PRD-00012,2024-08-28,09/02/2024,5,9488.69,0.05,Mobile App,Installment,Cancelled
ORD-003327,CUST-00459,PRD-00171,09-Sep-2023,11/09/2023,5,1117.84,0.05,Mobile App,Credit Card,Delivered
ORD-005003,CUST-00677,PRD-00145,12/11/2023,13/12/2023,9,116.01,0.0,Mobile App,Credit Card,Delivered
ORD-001631,CUST-00221,PRD-00136,04/04/2023,05-Apr-2023,4,310.7,0.1,Marketplace,Cash on Delivery,Delivered
ORD-004360,CUST-00604,PRD-00080,2025-06-05,12/06/2025,5,1092.22,0.0,Website,Cash on Delivery,Returned
ORD-003182,CUST-00440,PRD-00024,03/09/2024,03/16/2024,3,EGP 8840.39,0.0,Mobile App,Installment,Delivered
ORD-004419,CUST-00610,PRD-00133,28-Jul-2024,08/01/2024,4,174.99,0.0,Marketplace,Installment,Delivered
ORD-000454,CUST-00060,PRD-00123,31/12/2025,01/05/2026,4,83.93,,Website,Wallet,Delivered
ORD-002622,CUST-00359,PRD-00016,31-Dec-2023,01/04/2024,4,6150.02,0.1,Website,wallet,Returned
ORD-000993,CUST-00135,PRD-00172,13/02/2023,14/02/2023,2,4391.94,0.1,Marketplace,Cash on Delivery,Returned
ORD-003263,CUST-00453,PRD-00011,09/08/2024,2024-09-14,5,2785.74,0.05,Marketplace,Installment,Delivered
ORD-002002,CUST-00285,PRD-00156,07-Jun-2024,10-Jun-2024,3,250.31,0.15,Marketplace,Installment,Delivered
ORD-003409,CUST-00469,PRD-00109,04/06/2024,09/06/2024,3,252.4,0.0,Mobile App,Cash on Delivery,Delivered
  ORD-002704  ,CUST-00371,PRD-00166,05/12/2023,08-Dec-2023,2,1361.3,0.0,Mobile App,Wallet,Pending
ORD-000670,CUST-00090,PRD-00148,14/08/2023,2023-08-16,5,63.15,0.15,Marketplace,Wallet,Delivered
ORD-004905,CUST-00667,PRD-00135,04/30/2024,05/07/2024,5,55.83,0.0,Mobile App,Wallet,Delivered
ORD-005715,CUST-00782,PRD-00021,25-Apr-2023,,2,7707.69,0.0,Mobile App,Wallet,Delivered
ORD-003480,CUST-00479,PRD-00102,11-Dec-2023,2023-12-12,3,833.67,0.0,Marketplace,Credit Card,Pending
ORD-005723,CUST-00784,PRD-00102,2024-12-25,12/28/2024,7,833.67,0.2,Marketplace,Cash on Delivery,Delivered
ORD-004069,CUST-00571,PRD-00059,2023-03-28,01/04/2023,4,EGP 1565.88,0.0,Mobile App,Installment,Delivered
ORD-004367,CUST-00604,PRD-00077,12/11/2024,14/11/2024,2,3228.9,0.05,Website,Cash on Delivery,Returned
ORD-001682,CUST-00227,PRD-00142,2023-06-29,05/07/2023,2,29.02,0.0,WEBSITE,Credit Card,Delivered
ORD-001021,CUST-00139,PRD-00143,09/14/2023,15/09/2023,4,174.65,0.0,Marketplace,Credit Card,Cancelled
ORD-003440,CUST-00473,PRD-00103,04/28/2025,03/05/2025,2,275.52,0.0,Marketplace,Installment,Delivered
ORD-002826,CUST-00383,PRD-00182,16/02/2025,2025-02-20,4,4312.02,0.2,Website,Wallet,Delivered
ORD-002707,CUST-00371,PRD-00011,21-Apr-2023,04/24/2023,5,2785.74,0.05,Marketplace,Cash on Delivery,Delivered
ORD-001956,CUST-00279,PRD-00026,03/08/2024,12-Mar-2024,8,13374.87,0.0,Mobile App,Credit Card,Delivered
ORD-003040,CUST-00424,PRD-00061,2023-10-21,10/28/2023,8,1707.55,0.1,Mobile App,Credit Card,Returned
ORD-003789,CUST-00526,PRD-00173,2025-12-18,12/25/2025,9,1584.06,0.0,Marketplace,Installment,Delivered
ORD-002377,CUST-00333,PRD-00083,30-Jul-2024,05-Aug-2024,6,1673.7,0.0,Marketplace,Cash on Delivery,Delivered
ORD-005576,CUST-00764,PRD-00008,09/05/2024,05/12/2024,4,13998.23,0.0,Mobile App,Installment,Cancelled
ORD-004512,CUST-00621,PRD-00124,16-Mar-2025,21-Mar-2025,5,EGP 152.17,0.0,Mobile App,Installment,Delivered
ORD-003905,CUST-00547,PRD-00166,22-Dec-2023,2023-12-28,7,1361.3,0.0,Website,Wallet,Returned
ORD-000674,CUST-00091,PRD-00009,05/10/2023,10/12/2023,1,1433.71,0.1,Marketplace,Credit Card,Delivered
ORD-002524,CUST-00348,PRD-00080,30/08/2024,09/05/2024,3,1092.22,0.0,Website,Wallet,Pending
ORD-003671,CUST-00506,PRD-00069,10-Mar-2025,03/17/2025,1,1039.35,,Marketplace,Installment,Delivered
ORD-002356,CUST-00329,PRD-00062,2023-02-07,12-Feb-2023,7,271.83,0.0,Marketplace,Credit Card,Cancelled
ORD-000796,CUST-00106,PRD-00078,2023-09-18,09/20/2023,7,803.87,0.0,Website,Installment,Delivered
ORD-002800,CUST-00381,PRD-00028,03/08/2025,12/03/2025,3,EGP 6404.22,0.0,Mobile App,Wallet,Returned
ORD-003033,CUST-00423,PRD-00025,2024-04-05,04/11/2024,2,15750.99,0.0,Website,Credit Card,Delivered
ORD-003830,CUST-00534,PRD-00163,29-Oct-2024,2024-10-31,3,5049.75,0.0,Mobile App,Wallet,Delivered
ORD-002548,CUST-00352,PRD-00042,09-Nov-2025,2025-11-10,3,1460.4,0.05,Marketplace,Cash on Delivery,Returned
ORD-002414,CUST-00336,PRD-00052,2024-12-18,12/23/2024,8,4557.53,0.0,Marketplace,Cash on Delivery,Delivered
ORD-001971,CUST-00282,PRD-00090,20-Feb-2024,02/21/2024,3,1391.99,0.15,Mobile App,Installment,Pending
ORD-003041,CUST-00424,PRD-00095,14-Jan-2024,21-Jan-2024,8,493.89,0.25,Mobile App,Installment,Pending
ORD-001907,CUST-00266,PRD-00153,2025-02-05,2025-02-07,1,321.69,0.0,Website,Wallet,Delivered
ORD-004717,CUST-00645,PRD-00136,11/07/2024,07/15/2024,4,310.7,0.1,Website,Credit Card,Returned
ORD-000804,CUST-00107,PRD-00167,21/08/2023,2023-08-25,3,741.81,0.0,Marketplace,Credit Card,Delivered
ORD-000595,CUST-00080,PRD-00112,10/09/2025,14/10/2025,1,422.18,0.2,Marketplace,Installment,Cancelled
ORD-003437,CUST-00473,PRD-00167,06/15/2025,06/19/2025,1,741.81,0.0,Marketplace,Wallet,Delivered
ORD-003815,CUST-00529,PRD-00001,18/06/2025,2025-06-19,5,3019.28,0.05,Website,Wallet,Delivered
ORD-003808,CUST-00529,PRD-00110,13/10/2024,,2,443.5,0.2,Mobile App,Wallet,Delivered
ORD-000382,CUST-00048,PRD-00005,20-Jan-2025,01/27/2025,2,EGP 5870.09,0.0,Marketplace,Installment,Delivered
ORD-002587,CUST-00356,PRD-00003,2024-01-05,11/01/2024,6,1534.69,0.0,Marketplace,Cash on Delivery,Delivered
ORD-002122,CUST-00299,PRD-00151,10-Feb-2023,11/02/2023,7,125.16,0.1,Mobile App,Cash on Delivery,Delivered
ORD-002570,CUST-00354,PRD-00106,27-Aug-2025,02-Sep-2025,5,1124.04,0.05,Mobile App,Cash on Delivery,Delivered
ORD-003363,CUST-00461,PRD-00150,04/21/2023,27-Apr-2023,3,84.86,0.0,Marketplace,Credit Card,Delivered
ORD-003254,CUST-00452,PRD-00181,08/29/2024,03-Sep-2024,3,7757.56,0.2,Mobile App,Installment,Delivered
ORD-000627,CUST-00084,PRD-00155,18/06/2024,2024-06-19,1,228.62,0.2,Website,Wallet,Cancelled
ORD-004918,CUST-00668,PRD-00013,2024-08-01,2024-08-02,1,5695.33,0.0,MARKETPLACE,Credit Card,Delivered
ORD-003983,CUST-00560,PRD-00086,10/05/2023,10/06/2023,5,1754.49,0.25,Mobile App,Cash on Delivery,Delivered
ORD-002478,CUST-00342,PRD-00163,12/01/2025,12/07/2025,9,5049.75,0.0,Mobile App,Wallet,Delivered
ORD-004617,CUST-00633,PRD-00065,08/15/2023,17-Aug-2023,4,1220.64,0.0,Website,credit card,Pending
ORD-003494,CUST-00481,PRD-00149,16-Mar-2025,03/21/2025,1,93.5,0.2,Marketplace,Credit Card,Delivered
ORD-000731,CUST-00099,PRD-00147,23-Nov-2024,2024-11-28,1,222.8,0.0,Mobile App,credit card,Delivered
ORD-004603,CUST-00630,PRD-00046,25-Mar-2023,30-Mar-2023,2,1161.95,0.0,Marketplace,Installment,Delivered
ORD-005735,CUST-00786,PRD-00048,28-Feb-2024,03/05/2024,9,616.54,0.0,Mobile App,Credit Card,Delivered
ORD-002578,CUST-00355,PRD-00103,22-Feb-2025,25/02/2025,7,275.52,0.0,Marketplace,Credit Card,Delivered
ORD-003660,CUST-00503,PRD-00055,01/03/2025,03/03/2025,5,2089.61,0.0,Website,Cash on Delivery,Delivered
ORD-000403,CUST-00054,PRD-00004,03/09/2025,09/05/2025,5,3744.22,0.15,Mobile App,Credit Card,Cancelled
ORD-001158,CUST-00159,PRD-00022,05/25/2023,2023-05-30,1,14193.82,0.0,Website,Wallet,Delivered
ORD-002425,CUST-00336,PRD-00103,04-May-2023,08/05/2023,9,275.52,0.0,Website,Installment,Returned
ORD-003993,CUST-00561,PRD-00042,17-Jun-2024,,2,1460.4,0.05,Website,credit card,Delivered
ORD-002398,CUST-00334,PRD-00179,03/05/2023,09/03/2023,3,2311.13,0.15,Marketplace,Wallet,Delivered
ORD-001106,CUST-00151,PRD-00087,2024-09-09,09/11/2024,1,937.05,0.0,Marketplace,credit card,Delivered
ORD-000997,CUST-00136,PRD-00102,07/18/2025,20/07/2025,4,833.67,0.0,Mobile App,Credit Card,Delivered
ORD-000008,CUST-00003,PRD-00034,14/07/2023,2023-07-21,5,4894.09,0.1,Marketplace,Installment,Cancelled
ORD-000695,CUST-00094,PRD-00001,11-Nov-2024,11/17/2024,1,EGP 3019.28,0.0,Website,Cash on Delivery,Delivered
ORD-000452,CUST-00060,PRD-00031,2024-04-08,04/11/2024,3,376.78,0.0,Website,Installment,Cancelled
ORD-005412,CUST-00735,PRD-00003,2025-06-29,03-Jul-2025,1,1534.69,0.0,Website,Cash on Delivery,Returned
ORD-003608,CUST-00496,PRD-00124,16/04/2024,17-Apr-2024,3,152.17,0.1,Mobile App,Cash on Delivery,Delivered
ORD-001554,CUST-00209,PRD-00054,12/18/2023,25/12/2023,5,1277.14,0.1,Marketplace,Credit Card,Delivered
ORD-000479,CUST-00065,PRD-00164,18/02/2025,21-Feb-2025,4,6039.64,0.25,Website,Installment,Delivered
ORD-002874,CUST-00392,PRD-00020,06/02/2025,06-Jun-2025,2,EGP 9661.76,0.1,Website,Installment,Delivered
ORD-002226,CUST-00312,PRD-00089,02/12/2023,2023-12-03,5,370.11,0.05,Mobile App,installment,Delivered
ORD-000864,CUST-00117,PRD-00180,13-Dec-2025,15/12/2025,2,6579.05,0.25,Website,Installment,Delivered
ORD-002512,CUST-00347,PRD-00051,12/08/2023,09/12/2023,5,4568.48,0.25,Website,Cash on Delivery,Delivered
ORD-000014,CUST-00004,PRD-00128,27-Jan-2025,01/02/2025,5,EGP 812.88,0.0,Website,Credit Card,Returned
ORD-000040,CUST-00006,PRD-00078,10/14/2025,16-Oct-2025,2,EGP 803.87,0.0,Website,Cash on Delivery,Delivered
ORD-004333,CUST-00603,PRD-00148,2025-03-23,2025-03-28,7,63.15,0.0,Website,Wallet,Cancelled
ORD-005611,CUST-00769,PRD-00004,12/13/2024,12/14/2024,3,3744.22,0.0,Mobile App,Installment,Delivered
ORD-005669,CUST-00776,PRD-00105,03/23/2025,26/03/2025,6,840.93,0.1,Website,Credit Card,Delivered
ORD-005364,CUST-00730,PRD-00132,30-Jun-2025,2025-07-05,8,EGP 436.68,0.25,Marketplace,Credit Card,Pending
ORD-004397,CUST-00607,PRD-00059,07-Jun-2023,06/08/2023,5,1565.88,0.0,Mobile App,Installment,Pending
ORD-005652,CUST-00774,PRD-00120,22-Dec-2024,,8,538.56,0.0,Mobile App,Cash on Delivery,Delivered
ORD-003918,CUST-00549,PRD-00049,17-May-2023,24/05/2023,4,3627.21,0.0,Website,Installment,Delivered
ORD-005423,CUST-00737,PRD-00104,06-Feb-2024,11-Feb-2024,2,698.62,0.0,Mobile App,Credit Card,Cancelled
ORD-002884,CUST-00395,PRD-00005,15/12/2025,19-Dec-2025,4,5870.09,0.0,Mobile App,Credit Card,Delivered
ORD-004602,CUST-00630,PRD-00153,19/10/2023,26/10/2023,1,321.69,0.25,Website,Credit Card,Delivered
ORD-002239,CUST-00313,PRD-00114,2025-01-14,20/01/2025,1,864.91,0.1,Mobile App,Credit Card,Delivered
ORD-001626,CUST-00219,PRD-00025,12-Oct-2024,2024-10-15,2,15750.99,,Marketplace,Cash on Delivery,Delivered
ORD-001528,CUST-00207,PRD-00085,09/12/2023,2023-12-16,3,265.37,0.2,Marketplace,Wallet,Delivered
ORD-001220,CUST-00167,PRD-00124,2024-01-01,2024-01-05,4,152.17,0.1,Mobile App,Cash on Delivery,Delivered
ORD-005156,CUST-00702,PRD-00119,29-Apr-2024,05/03/2024,5,898.59,0.05,Mobile App,Cash on Delivery,Returned
ORD-002987,CUST-00415,PRD-00032,2023-04-20,2023-04-24,4,1547.2,0.25,Mobile App,Cash on Delivery,Delivered
ORD-001497,CUST-00205,PRD-00036,18/03/2025,19-Mar-2025,5,2503.62,0.0,Mobile App,Installment,Pending
ORD-002237,CUST-00313,PRD-00188,2025-12-23,28-Dec-2025,2,235.83,0.0,Mobile App,Wallet,Returned
ORD-003985,CUST-00560,PRD-00020,2025-02-16,2025-02-23,5,9661.76,0.2,Marketplace,Wallet,Returned
ORD-000420,CUST-00057,PRD-00028,19/06/2023,06/23/2023,8,EGP 6404.22,0.0,Mobile App,Cash on Delivery,Returned
ORD-002565,CUST-00354,PRD-00187,2025-10-30,06-Nov-2025,2,5533.15,0.25,Website,Cash on Delivery,Returned
ORD-004949,CUST-00671,PRD-00007,01/04/2023,11/01/2023,8,5375.75,0.25,Marketplace,Cash on Delivery,Delivered
ORD-001310,CUST-00176,PRD-00119,27-Apr-2023,2023-05-04,5,898.59,0.1,Marketplace,Installment,Delivered
ORD-001908,CUST-00267,PRD-00034,26/02/2024,03/02/2024,1,4894.09,0.1,Website,Wallet,Delivered
ORD-005758,CUST-00789,PRD-00087,05-Oct-2024,12/10/2024,7,937.05,0.2,Website,Cash on Delivery,Delivered
ORD-000851,CUST-00112,PRD-00088,03/04/2025,2025-03-07,2,2384.43,0.05,Marketplace,Credit Card,Cancelled
ORD-004601,CUST-00630,PRD-00011,25/04/2024,27-Apr-2024,5,2785.74,0.25,Marketplace,Credit Card,Pending
ORD-002309,CUST-00321,PRD-00048,25/12/2024,31-Dec-2024,3,616.54,0.0,MARKETPLACE,Cash on Delivery,Cancelled
ORD-004934,CUST-00671,PRD-00016,29/06/2025,07/03/2025,5,6150.02,0.05,Marketplace,Wallet,Cancelled
ORD-002228,CUST-00312,PRD-00126,09/16/2025,09/17/2025,5,340.64,0.25,Marketplace,Credit Card,Returned
ORD-003357,CUST-00461,PRD-00096,2024-09-19,09/26/2024,2,1013.61,0.2,Website,Cash on Delivery,Delivered
ORD-003272,CUST-00455,PRD-00056,2025-03-14,17/03/2025,3,1260.88,0.0,Mobile App,Cash on Delivery,Delivered
ORD-002998,CUST-00416,PRD-00019,28-Nov-2025,11/30/2025,4,5919.72,0.0,Mobile App,Credit Card,Cancelled
ORD-000106,CUST-00014,PRD-00134,2024-01-09,2024-01-11,4,165.0,0.0,Marketplace,Wallet,Delivered
ORD-002468,CUST-00341,PRD-00053,27-Mar-2024,28-Mar-2024,9,933.2,0.1,Website,Cash on Delivery,Pending
