order_id,customer_id,product_id,quantity,discount_pct,sales_channel,payment_method,order_status,unit price,order_date,ship_date 
ORD-000135,CUST-00018,PRD-00187,4,0,Website,Wallet,Delivered,5533.15,24-12-24,31-12-24
ORD-002861,CUST-00388,PRD-00049,4,0,Website,Installment,Delivered,3627.21,04-01-24,11-01-24
ORD-001099,CUST-00150,PRD-00076,4,0,Website,Credit Card,Delivered,2045.06,20-12-25,21-12-25
ORD-001629,CUST-00219,PRD-00024,4,0,Website,Credit Card,Delivered,8840.39,22-02-23,01-03-23
ORD-004611,CUST-00631,PRD-00056,4,0,Website,Credit Card,Delivered,1260.88,22-04-23,25-04-23
ORD-004248,CUST-00595,PRD-00149,4,0,Website,Wallet,Delivered,93.5,12-05-23,19-05-23
ORD-001768,CUST-00240,PRD-00005,4,0,Website,Credit Card,Delivered,5870.09,26-11-24,02-12-24
ORD-004858,CUST-00664,PRD-00122,4,0,Website,Wallet,Delivered,692.52,13-09-25,17-09-25
ORD-002346,CUST-00328,PRD-00075,4,0,Website,Wallet,Delivered,576.69,01-11-24,04-11-24
ORD-003206,CUST-00441,PRD-00002,4,0,Website,Credit Card,Delivered,9414.07,02-01-25,07-01-25
ORD-004421,CUST-00610,PRD-00117,4,0,Website,Credit Card,Delivered,440.45,31-07-24,05-08-24
ORD-004727,CUST-00647,PRD-00113,4,0,Website,Installment,Delivered,719.15,26-03-25,29-03-25
ORD-002541,CUST-00351,PRD-00059,4,0,Website,Installment,Delivered,1565.88,25-04-23,27-04-23
ORD-001743,CUST-00238,PRD-00040,4,0,Website,Cash On Delivery,Delivered,1977.22,16-06-24,20-06-24
ORD-001635,CUST-00221,PRD-00155,4,0,Website,Credit Card,Delivered,228.62,04-11-24,03-11-24
ORD-005448,CUST-00742,PRD-00034,4,0,Website,Credit Card,Delivered,4894.09,18-12-24,24-12-24
ORD-000376,CUST-00047,PRD-00085,4,0,Website,Wallet,Delivered,265.37,08-12-24,12-10-24
ORD-005759,CUST-00789,PRD-00064,4,0,Website,Credit Card,Delivered,1338.56,13-10-24,20-10-24
ORD-001767,CUST-00240,PRD-00068,4,0,Website,Wallet,Delivered,1186.92,13-02-25,18-02-25
ORD-000671,CUST-00091,PRD-00029,4,0,Website,Wallet,Delivered,1141.21,29-05-25,05-06-25
ORD-004104,CUST-00579,PRD-00010,4,0,Website,Wallet,Delivered,2297.75,25-03-23,01-04-23
ORD-000808,CUST-00109,PRD-00137,4,0,Website,Installment,Delivered,328.81,26-11-24,27-11-24
ORD-000862,CUST-00116,PRD-00079,4,0,Website,Installment,Delivered,646.3,07-11-23,14-11-23
ORD-001988,CUST-00284,PRD-00099,4,0,Website,Cash On Delivery,Delivered,152.23,12-03-24,19-03-24
ORD-003727,CUST-00516,PRD-00130,4,0,Website,Wallet,Delivered,93.92,14-05-25,15-05-25
ORD-001368,CUST-00183,PRD-00172,4,0,Website,Installment,Delivered,4391.94,01-07-23,05-07-23
ORD-002372,CUST-00333,PRD-00002,4,0,Website,Cash On Delivery,Delivered,9414.07,26-11-25,30-11-25
ORD-001428,CUST-00193,PRD-00142,4,0,Website,Installment,Delivered,29.02,03-08-23,09-08-23
ORD-003634,CUST-00498,PRD-00012,4,0,Website,Cash On Delivery,Delivered,9488.69,29-11-23,12-03-23
ORD-004309,CUST-00601,PRD-00128,4,0,Website,Wallet,Delivered,812.88,15-04-23,18-04-23
ORD-005740,CUST-00787,PRD-00165,4,0,Website,Cash On Delivery,Delivered,1559.9,23-06-23,24-06-23
ORD-005103,CUST-00695,PRD-00034,4,0,Website,Wallet,Delivered,4894.09,30-05-24,05-06-24
ORD-002366,CUST-00331,PRD-00124,4,0,Website,Wallet,Delivered,152.17,15-03-24,20-03-24
ORD-005408,CUST-00735,PRD-00023,4,0,Website,Credit Card,Delivered,11190.64,15-10-25,17-10-25
ORD-001471,CUST-00202,PRD-00101,4,0,Website,Credit Card,Delivered,658.37,09-03-23,15-03-23
ORD-000203,CUST-00027,PRD-00016,4,0,Website,Credit Card,Delivered,6150.02,23-03-24,30-03-24
ORD-005582,CUST-00765,PRD-00129,4,0,Website,Installment,Delivered,23.89,30-06-25,02-07-25
ORD-004390,CUST-00605,PRD-00078,4,0,Website,Credit Card,Delivered,803.87,01-02-24,02-08-24
ORD-003833,CUST-00535,PRD-00125,4,0,Website,Installment,Delivered,151.72,05-05-25,09-05-25
ORD-002089,CUST-00294,PRD-00126,4,0,Website,Cash On Delivery,Delivered,340.64,16-08-25,22-08-25
ORD-001929,CUST-00271,PRD-00085,4,0,Website,Wallet,Delivered,265.37,22-12-25,21-12-25
ORD-003427,CUST-00471,PRD-00144,4,0,Website,Installment,Delivered,212.23,15-09-23,19-09-23
ORD-005035,CUST-00683,PRD-00092,4,0,Website,Wallet,Delivered,727.52,09-02-24,09-07-24
ORD-002504,CUST-00345,PRD-00099,4,0,Website,Installment,Delivered,152.23,06-03-23,10-03-23
ORD-003343,CUST-00460,PRD-00168,4,0,Website,Credit Card,Delivered,3279.73,28-11-25,04-12-25
ORD-000310,CUST-00040,PRD-00084,4,0,Website,Credit Card,Delivered,600.09,15-05-25,16-05-25
ORD-004023,CUST-00565,PRD-00131,4,0,Website,Credit Card,Delivered,361.41,19-08-23,22-08-23
ORD-003731,CUST-00516,PRD-00020,4,0,Website,Credit Card,Delivered,9661.76,25-10-25,29-10-25
ORD-003244,CUST-00450,PRD-00069,4,0,Website,Credit Card,Delivered,1039.35,06-04-23,07-04-23
ORD-003147,CUST-00436,PRD-00084,4,0,Website,Installment,Delivered,600.09,26-08-24,27-08-24
ORD-001481,CUST-00203,PRD-00135,4,0,Website,Credit Card,Delivered,55.83,03-08-24,04-08-24
ORD-002838,CUST-00386,PRD-00048,4,0,Website,Cash On Delivery,Delivered,616.54,06-08-23,08-07-23
ORD-003105,CUST-99999,PRD-00149,4,0,Website,Credit Card,Delivered,93.5,03-02-25,06-02-25
ORD-000832,CUST-00110,PRD-00153,4,0,Website,Installment,Delivered,321.69,15-12-23,22-12-23
ORD-000043,CUST-00006,PRD-00013,4,0,Website,Cash On Delivery,Delivered,5695.33,25-10-25,24-10-25
ORD-002075,CUST-00292,PRD-00187,4,0,Website,Wallet,Delivered,5533.15,11-10-23,16-10-23
ORD-003614,CUST-00497,PRD-00181,4,0,Website,Wallet,Delivered,7757.56,24-08-23,28-08-23
ORD-001195,CUST-00165,PRD-00002,4,0,Website,Installment,Delivered,9414.07,19-09-24,22-09-24
ORD-004966,CUST-00673,PRD-00184,4,0,Website,Cash On Delivery,Delivered,2621.44,21-07-24,22-07-24
ORD-003606,CUST-00495,PRD-00041,4,0,Website,Wallet,Delivered,1168.7,16-04-25,21-04-25
ORD-001488,CUST-00204,PRD-00020,4,0,Website,Installment,Delivered,9661.76,17-04-24,21-04-24
ORD-004757,CUST-00651,PRD-00166,4,0,Website,Cash On Delivery,Delivered,1361.3,27-08-24,31-08-24
ORD-001118,CUST-00153,PRD-00001,4,0,Website,Credit Card,Delivered,3019.28,08-06-23,06-11-23
ORD-002434,CUST-00338,PRD-00033,4,0,Website,Wallet,Delivered,1947.05,10-03-25,12-03-25
ORD-005136,CUST-00699,PRD-00146,4,0,Website,Credit Card,Delivered,194.39,07-05-25,14-05-25
ORD-003593,CUST-00493,PRD-00100,4,0,Website,Cash On Delivery,Delivered,555.91,12-08-24,14-12-24
ORD-001961,CUST-99999,PRD-00004,4,0,Website,Wallet,Delivered,3744.22,16-09-24,22-09-24
ORD-004006,CUST-00563,PRD-00076,4,0,Website,Wallet,Delivered,2045.06,09-06-24,15-06-24
ORD-003902,CUST-00547,PRD-00008,4,0,Website,Wallet,Delivered,13998.23,09-06-24,11-06-24
ORD-005213,CUST-00708,PRD-00101,4,0,Website,Cash On Delivery,Delivered,658.37,29-04-24,05-05-24
ORD-001512,CUST-00206,PRD-00016,4,0,Website,Installment,Delivered,6150.02,25-10-23,26-10-23
ORD-001430,CUST-00194,PRD-00181,4,0,Website,Installment,Delivered,7757.56,25-03-23,29-03-23
ORD-002584,CUST-00355,PRD-00140,4,0,Website,Cash On Delivery,Delivered,168.61,01-02-24,02-05-24
ORD-000375,CUST-00047,PRD-00183,4,0,Website,Installment,Delivered,6588.34,13-01-23,15-01-23
ORD-005331,CUST-00727,PRD-00028,4,0,Website,Cash On Delivery,Delivered,6404.22,01-10-25,02-10-25
ORD-001885,CUST-00263,PRD-00047,4,0,Website,Cash On Delivery,Delivered,3368.82,26-07-23,28-07-23
ORD-001532,CUST-00207,PRD-00073,4,0,Website,Cash On Delivery,Delivered,2603.44,21-01-25,28-01-25
ORD-003731,CUST-00516,PRD-00020,4,0,Website,Credit Card,Delivered,9661.76,25-10-25,29-10-25
ORD-001176,CUST-00162,PRD-00073,4,0,Website,Wallet,Delivered,2603.44,18-03-23,23-03-23
ORD-003332,CUST-00459,PRD-00001,4,0,Website,Wallet,Delivered,3019.28,25-04-24,01-05-24
ORD-005665,CUST-00776,PRD-00005,4,0,Website,Installment,Delivered,5870.09,13-01-24,19-01-24
ORD-000601,CUST-00080,PRD-00122,4,0,Website,Installment,Delivered,692.52,27-07-25,01-08-25
ORD-003774,CUST-00522,PRD-00004,4,0,Website,Wallet,Delivered,3744.22,16-10-25,20-10-25
ORD-001444,CUST-00195,PRD-00158,4,0,Website,Credit Card,Delivered,308.65,26-02-25,02-03-25
ORD-005738,CUST-00787,PRD-00002,4,0,Website,Cash On Delivery,Delivered,9414.07,14-09-24,16-09-24
ORD-002657,CUST-00366,PRD-00153,4,0,Website,Cash On Delivery,Delivered,321.69,31-12-25,06-01-26
ORD-001670,CUST-00225,PRD-00006,4,0,Website,Installment,Delivered,4094.1,15-11-25,18-11-25
ORD-000677,CUST-00091,PRD-00184,4,0,Website,Credit Card,Delivered,2621.44,09-11-25,10-11-25
ORD-000546,CUST-00073,PRD-00125,4,0,Website,Cash On Delivery,Delivered,151.72,20-03-23,27-03-23
ORD-002855,CUST-00388,PRD-00037,4,0,Website,Credit Card,Delivered,2145.36,29-10-25,04-11-25
ORD-001053,CUST-00145,PRD-00003,4,0,Website,Credit Card,Delivered,1534.69,12-12-23,13-12-23
ORD-002104,CUST-00295,PRD-00184,4,0,Website,Installment,Delivered,2621.44,27-12-24,29-12-24
ORD-004410,CUST-00608,PRD-00036,4,0,Website,Cash On Delivery,Delivered,2503.62,23-02-24,29-02-24
ORD-001514,CUST-00206,PRD-00031,4,0,Website,Credit Card,Delivered,376.78,08-12-24,12-12-24
ORD-000603,CUST-00080,PRD-00109,4,0,Website,Installment,Delivered,252.4,29-07-25,01-08-25
ORD-000142,CUST-00020,PRD-00021,4,0,Website,Installment,Delivered,7707.69,20-03-25,25-03-25
ORD-000676,CUST-00091,PRD-00178,4,0,Website,Cash On Delivery,Delivered,583.55,21-01-24,27-01-24
ORD-001495,CUST-00205,PRD-00037,4,0,Website,Wallet,Delivered,2145.36,21-06-24,22-06-24
ORD-000927,CUST-00129,PRD-00140,4,0,Website,Installment,Delivered,168.61,11-12-24,14-12-24
ORD-003918,CUST-00549,PRD-00049,4,0,Website,Installment,Delivered,3627.21,17-05-23,24-05-23
ORD-000859,CUST-00115,PRD-00036,4,0,Mobile App,Cash On Delivery,Delivered,2503.62,17-03-24,21-03-24
ORD-001167,CUST-00160,PRD-00183,4,0,Mobile App,Cash On Delivery,Delivered,6588.34,29-08-23,09-04-23
ORD-000005,CUST-00001,PRD-00142,4,0,Mobile App,Credit Card,Delivered,29.02,10-10-24,16-10-24
ORD-002880,CUST-00394,PRD-00179,4,0,Mobile App,Credit Card,Delivered,2311.13,06-01-25,06-06-25
ORD-003632,CUST-00498,PRD-00089,4,0,Mobile App,Cash On Delivery,Delivered,370.11,24-10-25,27-10-25
ORD-000880,CUST-00123,PRD-00188,4,0,Mobile App,Installment,Delivered,235.83,15-10-25,20-10-25
ORD-001376,CUST-00186,PRD-00068,4,0,Mobile App,Installment,Delivered,1186.92,16-11-24,20-11-24
ORD-005204,CUST-00705,PRD-00007,4,0,Mobile App,Installment,Delivered,5375.75,28-12-24,01-03-25
ORD-002224,CUST-00312,PRD-00037,4,0,Mobile App,Credit Card,Delivered,2145.36,02-01-23,04-01-23
ORD-003432,CUST-00472,PRD-00155,4,0,Mobile App,Wallet,Delivered,228.62,22-04-25,25-04-25
ORD-000362,CUST-00043,PRD-00010,4,0,Mobile App,Installment,Delivered,2297.75,27-10-25,28-10-25
ORD-003631,CUST-00498,PRD-00046,4,0,Mobile App,Wallet,Delivered,1161.95,01-04-25,05-01-25
ORD-001818,CUST-00252,PRD-00047,4,0,Mobile App,Cash On Delivery,Delivered,3368.82,15-09-24,18-09-24
ORD-005710,CUST-00782,PRD-00051,4,0,Mobile App,Cash On Delivery,Delivered,4568.48,27-09-24,29-09-24
ORD-003188,CUST-00440,PRD-00131,4,0,Mobile App,Cash On Delivery,Delivered,361.41,17-08-24,19-08-24
ORD-005324,CUST-00725,PRD-00056,4,0,Mobile App,Installment,Delivered,1260.88,22-11-23,29-11-23
ORD-001064,CUST-00146,PRD-00166,4,0,Mobile App,Installment,Delivered,1361.3,06-10-25,08-10-25
ORD-002931,CUST-00405,PRD-00034,4,0,Mobile App,Wallet,Delivered,4894.09,20-06-25,22-06-25
ORD-004994,CUST-00677,PRD-00171,4,0,Mobile App,Installment,Delivered,1117.84,08-09-25,14-09-25
ORD-004433,CUST-00611,PRD-00116,4,0,Mobile App,Cash On Delivery,Delivered,466.13,30-09-24,01-10-24
ORD-005407,CUST-00735,PRD-00092,4,0,Mobile App,Cash On Delivery,Delivered,727.52,28-10-23,31-10-23
ORD-004648,CUST-00636,PRD-00030,4,0,Mobile App,Credit Card,Delivered,6643.61,21-01-24,22-01-24
ORD-002582,CUST-00355,PRD-00127,4,0,Mobile App,Credit Card,Delivered,252.66,08-12-24,13-12-24
ORD-003413,CUST-00471,PRD-00041,4,0,Mobile App,Cash On Delivery,Delivered,1168.7,11-12-25,13-12-25
ORD-001332,CUST-00180,PRD-00085,4,0,Mobile App,Cash On Delivery,Delivered,265.37,07-12-25,09-12-25
ORD-005676,CUST-00777,PRD-00113,4,0,Mobile App,Credit Card,Delivered,719.15,26-03-24,28-03-24
ORD-002598,CUST-00357,PRD-00023,4,0,Mobile App,Credit Card,Delivered,11190.64,11-11-24,12-11-24
ORD-000272,CUST-00036,PRD-00136,4,0,Mobile App,Cash On Delivery,Delivered,310.7,20-08-25,23-08-25
ORD-001079,CUST-00147,PRD-00094,4,0,Mobile App,Installment,Delivered,286.11,03-12-24,12-09-24
ORD-002038,CUST-00289,PRD-00053,4,0,Mobile App,Installment,Delivered,933.2,07-04-23,05-07-23
ORD-001067,CUST-00146,PRD-00132,4,0,Mobile App,Installment,Delivered,436.68,08-12-23,15-08-23
ORD-005338,CUST-00727,PRD-00151,4,0,Mobile App,Cash On Delivery,Delivered,125.16,12-03-23,07-12-23
ORD-000031,CUST-00005,PRD-00182,4,0,Mobile App,Installment,Delivered,4312.02,21-01-25,24-01-25
ORD-004823,CUST-00658,PRD-00112,4,0,Mobile App,Installment,Delivered,422.18,14-05-23,18-05-23
ORD-001787,CUST-00245,PRD-00110,4,0,Mobile App,Wallet,Delivered,443.5,19-04-25,25-04-25
ORD-002405,CUST-00335,PRD-00056,4,0,Mobile App,Cash On Delivery,Delivered,1260.88,09-02-24,03-09-24
ORD-004383,CUST-00605,PRD-00157,4,0,Mobile App,Cash On Delivery,Delivered,186.52,04-03-24,07-03-24
ORD-000535,CUST-00073,PRD-00142,4,0,Mobile App,Wallet,Delivered,29.02,20-01-24,27-01-24
ORD-005424,CUST-00738,PRD-00150,4,0,Mobile App,Installment,Delivered,84.86,03-06-25,08-06-25
ORD-003656,CUST-00503,PRD-00018,4,0,Mobile App,Wallet,Delivered,8604.46,12-12-25,17-12-25
ORD-004149,CUST-00587,PRD-00088,4,0,Mobile App,Installment,Delivered,2384.43,13-07-23,17-07-23
ORD-003794,CUST-00527,PRD-00132,4,0,Mobile App,Wallet,Delivered,436.68,10-04-24,09-10-24
ORD-000747,CUST-00100,PRD-00045,4,0,Mobile App,Installment,Delivered,4956.18,11-11-25,18-11-25
ORD-000220,CUST-00030,PRD-00185,4,0,Mobile App,Installment,Delivered,2013.53,12-11-23,13-11-23
ORD-004361,CUST-00604,PRD-00104,4,0,Mobile App,Wallet,Delivered,698.62,12-08-24,19-08-24
ORD-002018,CUST-00286,PRD-00105,4,0,Mobile App,Cash On Delivery,Delivered,840.93,17-07-25,19-07-25
ORD-004559,CUST-00626,PRD-00172,4,0,Mobile App,Credit Card,Delivered,4391.94,02-08-24,13-02-24
ORD-002067,CUST-00292,PRD-00173,4,0,Mobile App,Installment,Delivered,1584.06,03-03-24,09-03-24
ORD-002996,CUST-00416,PRD-00058,4,0,Mobile App,Wallet,Delivered,3308.87,09-12-24,12-12-24
ORD-004025,CUST-00565,PRD-00116,4,0,Mobile App,Credit Card,Delivered,466.13,04-05-25,05-06-25
ORD-001166,CUST-00160,PRD-00052,4,0,Mobile App,Cash On Delivery,Delivered,4557.53,03-07-24,14-03-24
ORD-005017,CUST-00681,PRD-00111,4,0,Mobile App,Cash On Delivery,Delivered,291.55,18-11-24,24-11-24
ORD-005148,CUST-00700,PRD-00087,4,0,Mobile App,Credit Card,Delivered,937.05,13-09-23,18-09-23
ORD-000537,CUST-99999,PRD-00058,4,0,Mobile App,Cash On Delivery,Delivered,3308.87,06-11-23,12-06-23
ORD-003134,CUST-00434,PRD-00146,4,0,Mobile App,Credit Card,Delivered,194.39,15-11-24,16-11-24
ORD-005160,CUST-00702,PRD-00161,4,0,Mobile App,Installment,Delivered,1342.19,05-08-24,14-05-24
ORD-005757,CUST-00789,PRD-00124,4,0,Mobile App,Wallet,Delivered,152.17,04-08-25,09-08-25
ORD-005034,CUST-00683,PRD-00105,4,0,Mobile App,Credit Card,Delivered,840.93,18-07-25,19-07-25
ORD-004029,CUST-00565,PRD-00149,4,0,Mobile App,Cash On Delivery,Delivered,93.5,04-04-24,09-04-24
ORD-002066,CUST-00292,PRD-00004,4,0,Mobile App,Installment,Delivered,3744.22,20-09-24,26-09-24
ORD-001503,CUST-00206,PRD-00019,4,0,Mobile App,Installment,Delivered,5919.72,18-08-24,22-08-24
ORD-004456,CUST-00614,PRD-00025,4,0,Mobile App,Credit Card,Delivered,15750.99,04-08-23,08-08-23
ORD-002178,CUST-00305,PRD-00047,4,0,Mobile App,Credit Card,Delivered,3368.82,15-12-24,21-12-24
ORD-000942,CUST-00130,PRD-00178,4,0,Mobile App,Credit Card,Delivered,583.55,06-09-24,09-08-24
ORD-003096,CUST-00430,PRD-00181,4,0,Mobile App,Wallet,Delivered,7757.56,30-03-24,31-03-24
ORD-005581,CUST-00765,PRD-00120,4,0,Mobile App,Cash On Delivery,Delivered,538.56,18-12-23,21-12-23
ORD-000304,CUST-00039,PRD-00078,4,0,Mobile App,Installment,Delivered,803.87,25-07-23,27-07-23
ORD-003984,CUST-00560,PRD-00178,4,0,Mobile App,Credit Card,Delivered,583.55,20-07-24,27-07-24
ORD-002694,CUST-00371,PRD-00169,4,0,Mobile App,Cash On Delivery,Delivered,3779.35,31-12-23,06-01-24
ORD-004483,CUST-00617,PRD-00131,4,0,Mobile App,Credit Card,Delivered,361.41,21-12-24,26-12-24
ORD-005728,CUST-00785,PRD-00047,4,0,Mobile App,Installment,Delivered,3368.82,18-04-25,22-04-25
ORD-000374,CUST-00047,PRD-00038,4,0,Mobile App,Cash On Delivery,Delivered,2707.61,07-04-24,04-08-24
ORD-002876,CUST-00393,PRD-00089,4,0,Mobile App,Credit Card,Delivered,370.11,16-07-24,23-07-24
ORD-002306,CUST-00320,PRD-00091,4,0,Mobile App,Cash On Delivery,Delivered,1667.87,04-12-24,06-12-24
ORD-001974,CUST-00282,PRD-00081,4,0,Mobile App,Credit Card,Delivered,2904.61,03-05-25,09-05-25
ORD-004113,CUST-00580,PRD-00083,4,0,Mobile App,Installment,Delivered,1673.7,26-06-23,03-07-23
ORD-003273,CUST-00455,PRD-00037,4,0,Mobile App,Wallet,Delivered,2145.36,30-01-24,01-02-24
ORD-004384,CUST-00605,PRD-00099,4,0,Mobile App,Cash On Delivery,Delivered,152.23,10-02-23,08-10-23
ORD-001545,CUST-00208,PRD-00165,4,0,Mobile App,Installment,Delivered,1559.9,16-02-25,23-02-25
ORD-003131,CUST-00434,PRD-00041,4,0,Mobile App,Cash On Delivery,Delivered,1168.7,11-09-25,16-09-25
ORD-002771,CUST-00375,PRD-00134,4,0,Mobile App,Wallet,Delivered,165,17-12-24,20-12-24
ORD-002534,CUST-00350,PRD-00016,4,0,Mobile App,Cash On Delivery,Delivered,6150.02,08-07-23,09-07-23
ORD-003861,CUST-00540,PRD-00115,4,0,Mobile App,Cash On Delivery,Delivered,290.78,03-07-25,03-09-25
ORD-000509,CUST-00069,PRD-00023,4,0,Mobile App,Credit Card,Delivered,11190.64,05-10-25,10-07-25
ORD-004402,CUST-00607,PRD-00044,4,0,Mobile App,Cash On Delivery,Delivered,3309.62,06-12-25,11-12-25
ORD-005358,CUST-00730,PRD-00169,4,0,Mobile App,Installment,Delivered,3779.35,03-01-24,10-01-24
ORD-004667,CUST-00639,PRD-00067,4,0,Mobile App,Cash On Delivery,Delivered,1590.28,16-08-23,19-08-23
ORD-005168,CUST-00702,PRD-00154,4,0,Mobile App,Wallet,Delivered,175.83,04-04-25,05-04-25
ORD-000567,CUST-00076,PRD-00026,4,0,Mobile App,Credit Card,Delivered,13374.87,29-05-24,01-06-24
ORD-003975,CUST-00558,PRD-00042,4,0,Mobile App,Installment,Delivered,1460.4,19-05-25,23-05-25
ORD-000889,CUST-00124,PRD-00181,4,0,Mobile App,Installment,Delivered,7757.56,12-03-24,08-12-24
ORD-005606,CUST-00766,PRD-00188,4,0,Mobile App,Credit Card,Delivered,235.83,18-01-25,22-01-25
ORD-001864,CUST-00260,PRD-00014,4,0,Mobile App,Wallet,Delivered,3474.75,14-01-23,21-01-23
ORD-002692,CUST-00371,PRD-00086,4,0,Mobile App,Wallet,Delivered,1754.49,31-12-23,01-04-24
ORD-000365,CUST-00045,PRD-00064,4,0,Mobile App,Installment,Delivered,1338.56,11-01-25,08-11-25
ORD-003141,CUST-00435,PRD-00075,4,0,Mobile App,Credit Card,Delivered,576.69,28-02-23,04-03-23
ORD-004069,CUST-00571,PRD-00059,4,0,Mobile App,Installment,Delivered,1565.88,28-03-23,04-01-23
ORD-000997,CUST-00136,PRD-00102,4,0,Mobile App,Credit Card,Delivered,833.67,18-07-25,20-07-25
ORD-002884,CUST-00395,PRD-00005,4,0,Mobile App,Credit Card,Delivered,5870.09,15-12-25,19-12-25
ORD-001725,CUST-00236,PRD-00039,4,0,Marketplace,Credit Card,Delivered,2748.05,30-05-24,06-02-24
ORD-002960,CUST-00410,PRD-00037,4,0,Marketplace,Credit Card,Delivered,2145.36,22-09-23,27-09-23
ORD-000728,CUST-00099,PRD-00097,4,0,Marketplace,Credit Card,Delivered,550.73,13-07-25,18-07-25
ORD-004054,CUST-00568,PRD-00171,4,0,Marketplace,Credit Card,Delivered,1117.84,08-08-23,13-08-23
ORD-001255,CUST-00170,PRD-00125,4,0,Marketplace,Wallet,Delivered,151.72,17-05-23,19-05-23
ORD-000550,CUST-00073,PRD-00039,4,0,Marketplace,Wallet,Delivered,2748.05,06-07-23,13-06-23
ORD-003640,CUST-00499,PRD-00121,4,0,Marketplace,Installment,Delivered,307.1,23-06-24,30-06-24
ORD-004099,CUST-00577,PRD-00155,4,0,Marketplace,Installment,Delivered,228.62,03-03-25,09-03-25
ORD-000488,CUST-00066,PRD-00044,4,0,Marketplace,Cash On Delivery,Delivered,3309.62,12-08-23,18-08-23
ORD-004605,CUST-00631,PRD-00059,4,0,Marketplace,Cash On Delivery,Delivered,1565.88,14-04-24,18-04-24
ORD-005771,CUST-00791,PRD-00012,4,0,Marketplace,Credit Card,Delivered,9488.69,04-12-25,12-05-25
ORD-001785,CUST-00245,PRD-00118,4,0,Marketplace,Wallet,Delivered,341.03,03-02-25,07-03-25
ORD-001321,CUST-00177,PRD-00168,4,0,Marketplace,Credit Card,Delivered,3279.73,27-09-24,28-09-24
ORD-002779,CUST-00376,PRD-00008,4,0,Marketplace,Installment,Delivered,13998.23,26-09-25,30-09-25
ORD-000729,CUST-00099,PRD-00116,4,0,Marketplace,Installment,Delivered,466.13,25-12-24,01-01-25
ORD-005095,CUST-00694,PRD-00164,4,0,Marketplace,Credit Card,Delivered,6039.64,28-03-24,02-04-24
ORD-001010,CUST-00138,PRD-00093,4,0,Marketplace,Installment,Delivered,327.87,12-01-25,18-01-25
ORD-002991,CUST-00416,PRD-00072,4,0,Marketplace,Installment,Delivered,2087.47,31-03-25,02-04-25
ORD-000792,CUST-00106,PRD-00090,4,0,Marketplace,Installment,Delivered,1391.99,27-07-23,30-07-23
ORD-000540,CUST-00073,PRD-00057,4,0,Marketplace,Cash On Delivery,Delivered,5493.06,14-01-24,20-01-24
ORD-004912,CUST-00668,PRD-00032,4,0,Marketplace,Installment,Delivered,1547.2,19-02-24,25-02-24
ORD-001308,CUST-00176,PRD-00102,4,0,Marketplace,Installment,Delivered,833.67,14-04-24,20-04-24
ORD-001347,CUST-00180,PRD-00062,4,0,Marketplace,Cash On Delivery,Delivered,271.83,22-07-25,28-07-25
ORD-004473,CUST-00617,PRD-00174,4,0,Marketplace,Cash On Delivery,Delivered,2379.8,30-06-24,04-07-24
ORD-000042,CUST-00006,PRD-00083,4,0,Marketplace,Installment,Delivered,1673.7,18-06-24,19-06-24
ORD-002550,CUST-00353,PRD-00009,4,0,Marketplace,Credit Card,Delivered,1433.71,01-04-25,04-02-25
ORD-003848,CUST-00540,PRD-00050,4,0,Marketplace,Wallet,Delivered,6188.03,17-03-24,20-03-24
ORD-002477,CUST-00342,PRD-00073,4,0,Marketplace,Cash On Delivery,Delivered,2603.44,07-11-23,12-07-23
ORD-004820,CUST-00657,PRD-00160,4,0,Marketplace,Wallet,Delivered,214.1,06-02-25,06-08-25
ORD-000584,CUST-00079,PRD-00011,4,0,Marketplace,Installment,Delivered,2785.74,16-11-24,21-11-24
ORD-002240,CUST-00313,PRD-00003,4,0,Marketplace,Wallet,Delivered,1534.69,21-08-23,26-08-23
ORD-003477,CUST-00478,PRD-00052,4,0,Marketplace,Wallet,Delivered,4557.53,01-03-25,08-03-25
ORD-000125,CUST-00017,PRD-00141,4,0,Marketplace,Installment,Delivered,265.4,27-01-25,01-02-25
ORD-004700,CUST-00643,PRD-00054,4,0,Marketplace,Wallet,Delivered,1277.14,06-06-24,07-06-24
ORD-005566,CUST-00763,PRD-00176,4,0,Marketplace,Wallet,Delivered,3014.74,06-03-24,03-11-24
ORD-003153,CUST-00437,PRD-00060,4,0,Marketplace,Credit Card,Delivered,2586.89,29-11-24,04-12-24
ORD-000781,CUST-00103,PRD-00171,4,0,Marketplace,Cash On Delivery,Delivered,1117.84,03-11-25,05-11-25
ORD-003797,CUST-00527,PRD-00069,4,0,Marketplace,Installment,Delivered,1039.35,16-01-25,19-01-25
ORD-000996,CUST-00136,PRD-00153,4,0,Marketplace,Credit Card,Delivered,321.69,21-09-24,28-09-24
ORD-005506,CUST-00753,PRD-00007,4,0,Marketplace,Installment,Delivered,5375.75,14-09-23,17-09-23
ORD-003781,CUST-00524,PRD-00100,4,0,Marketplace,Credit Card,Delivered,555.91,16-07-25,19-07-25
ORD-001326,CUST-00178,PRD-00133,4,0,Marketplace,Wallet,Delivered,174.99,24-06-23,27-06-23
ORD-001714,CUST-00234,PRD-00011,4,0,Marketplace,Installment,Delivered,2785.74,05-03-24,10-03-24
ORD-003087,CUST-00430,PRD-00030,4,0,Marketplace,Wallet,Delivered,6643.61,13-07-24,17-07-24
ORD-001282,CUST-00173,PRD-00071,4,0,Marketplace,Wallet,Delivered,657.42,29-06-24,30-06-24
ORD-001898,CUST-00265,PRD-00120,4,0,Marketplace,Cash On Delivery,Delivered,538.56,17-12-25,20-12-25
ORD-003872,CUST-00542,PRD-00007,4,0,Marketplace,Cash On Delivery,Delivered,5375.75,12-06-23,12-12-23
ORD-003063,CUST-00426,PRD-00106,4,0,Marketplace,Installment,Delivered,1124.04,04-05-24,11-05-24
ORD-004943,CUST-00671,PRD-00141,4,0,Marketplace,Wallet,Delivered,265.4,18-07-23,16-07-23
ORD-000324,CUST-00041,PRD-00005,4,0,Marketplace,Credit Card,Delivered,5870.09,03-08-24,12-03-24
ORD-000522,CUST-00071,PRD-00047,4,0,Marketplace,Cash On Delivery,Delivered,3368.82,14-09-23,15-09-23
ORD-004791,CUST-00656,PRD-00163,4,0,Marketplace,Cash On Delivery,Delivered,5049.75,09-05-24,15-05-24
ORD-003342,CUST-00460,PRD-00058,4,0,Marketplace,Credit Card,Delivered,3308.87,30-12-25,31-12-25
ORD-000502,CUST-00067,PRD-00131,4,0,Marketplace,Cash On Delivery,Delivered,361.41,14-04-24,19-04-24
ORD-004984,CUST-00675,PRD-00144,4,0,Marketplace,Wallet,Delivered,212.23,19-01-25,26-01-25
ORD-003519,CUST-00484,PRD-00003,4,0,Marketplace,Credit Card,Delivered,1534.69,11-03-25,17-03-25
ORD-003271,CUST-00455,PRD-00180,4,0,Marketplace,Wallet,Delivered,6579.05,02-11-24,09-11-24
ORD-004195,CUST-00589,PRD-00012,4,0,Marketplace,Cash On Delivery,Delivered,9488.69,23-06-25,26-06-25
ORD-003152,CUST-00437,PRD-00100,4,0,Marketplace,Cash On Delivery,Delivered,555.91,04-01-25,04-08-25
ORD-000025,CUST-00005,PRD-00165,4,0,Marketplace,Credit Card,Delivered,1559.9,11-11-25,18-11-25
ORD-005133,CUST-00699,PRD-00153,4,0,Marketplace,Wallet,Delivered,321.69,30-04-25,03-05-25
ORD-005731,CUST-00785,PRD-00014,4,0,Marketplace,Installment,Delivered,3474.75,23-11-25,29-11-25
ORD-003729,CUST-00516,PRD-00007,4,0,Marketplace,Credit Card,Delivered,5375.75,28-06-25,30-06-25
ORD-004325,CUST-00602,PRD-00049,4,0,Marketplace,Credit Card,Delivered,3627.21,15-02-24,21-02-24
ORD-000051,CUST-00006,PRD-00158,4,0,Marketplace,Credit Card,Delivered,308.65,13-09-23,20-09-23
ORD-002033,CUST-00288,PRD-00181,4,0,Marketplace,Installment,Delivered,7757.56,19-11-24,23-11-24
ORD-003770,CUST-00522,PRD-00045,4,0,Marketplace,Cash On Delivery,Delivered,4956.18,23-03-25,25-03-25
ORD-004809,CUST-00656,PRD-00003,4,0,Marketplace,Cash On Delivery,Delivered,1534.69,02-11-23,03-11-23
ORD-000211,CUST-00029,PRD-00112,4,0,Marketplace,Installment,Delivered,422.18,16-05-23,22-05-23
ORD-001319,CUST-00177,PRD-00090,4,0,Marketplace,Credit Card,Delivered,1391.99,28-09-24,03-10-24
ORD-000954,CUST-00131,PRD-00021,4,0,Marketplace,Installment,Delivered,7707.69,08-10-24,13-10-24
ORD-005509,CUST-00753,PRD-00017,4,0,Marketplace,Cash On Delivery,Delivered,4224.65,15-03-23,22-03-23
ORD-003823,CUST-00533,PRD-00168,4,0,Marketplace,Cash On Delivery,Delivered,3279.73,14-01-24,18-01-24
ORD-004186,CUST-00588,PRD-00175,4,0,Marketplace,Cash On Delivery,Delivered,3144.98,06-02-23,07-02-23
ORD-000772,CUST-00101,PRD-00084,4,0,Marketplace,Cash On Delivery,Delivered,600.09,04-12-23,15-04-23
ORD-003236,CUST-00449,PRD-00084,4,0,Marketplace,Installment,Delivered,600.09,01-03-25,02-03-25
ORD-004486,CUST-00617,PRD-00146,4,0,Marketplace,Installment,Delivered,194.39,30-09-23,07-10-23
ORD-002854,CUST-00388,PRD-00166,4,0,Marketplace,Credit Card,Delivered,1361.3,09-06-24,13-06-24
ORD-002195,CUST-00308,PRD-00179,4,0,Marketplace,Cash On Delivery,Delivered,2311.13,29-06-23,06-07-23
ORD-001438,CUST-00195,PRD-00010,4,0,Marketplace,Wallet,Delivered,2297.75,08-09-25,10-09-25
ORD-001374,CUST-00185,PRD-00089,4,0,Marketplace,Cash On Delivery,Delivered,370.11,10-05-24,12-05-24
ORD-005284,CUST-00720,PRD-00084,4,0,Marketplace,Installment,Delivered,600.09,23-04-23,30-04-23
ORD-005106,CUST-00695,PRD-00086,4,0,Marketplace,Wallet,Delivered,1754.49,08-03-24,03-12-24
ORD-005297,CUST-00723,PRD-00154,4,0,Marketplace,Wallet,Delivered,175.83,29-06-25,01-07-25
ORD-000888,CUST-00124,PRD-00028,4,0,Marketplace,Installment,Delivered,6404.22,07-12-24,12-12-24
ORD-000781,CUST-00103,PRD-00171,4,0,Marketplace,Cash On Delivery,Delivered,1117.84,03-11-25,05-11-25
ORD-001589,CUST-00213,PRD-00188,4,0,Marketplace,Credit Card,Delivered,235.83,13-04-24,16-04-24
ORD-004900,CUST-00667,PRD-00003,4,0,Marketplace,Credit Card,Delivered,1534.69,20-03-25,26-03-25
ORD-004954,CUST-00673,PRD-00077,4,0,Marketplace,Credit Card,Delivered,3228.9,10-09-23,16-09-23
ORD-003009,CUST-00418,PRD-00075,4,0,Marketplace,Installment,Delivered,576.69,03-03-23,08-03-23
ORD-000971,CUST-00133,PRD-00053,4,0,Marketplace,Wallet,Delivered,933.2,07-09-25,09-09-25
ORD-001624,CUST-00218,PRD-00004,4,0,Marketplace,Wallet,Delivered,3744.22,07-05-23,10-07-23
ORD-003759,CUST-00520,PRD-00177,4,0,Marketplace,Credit Card,Delivered,5234.78,11-03-24,16-03-24
ORD-004423,CUST-00610,PRD-00015,4,0,Marketplace,Installment,Delivered,5715.8,14-01-24,19-01-24
ORD-004305,CUST-00600,PRD-00075,4,0,Marketplace,Installment,Delivered,576.69,30-11-24,12-01-24
ORD-004419,CUST-00610,PRD-00133,4,0,Marketplace,Installment,Delivered,174.99,28-07-24,01-08-24
ORD-000106,CUST-00014,PRD-00134,4,0,Marketplace,Wallet,Delivered,165,09-01-24,11-01-24
ORD-001344,CUST-00180,PRD-00017,5,0,Website,Cash On Delivery,Delivered,4224.65,31-03-24,03-04-24
ORD-004980,CUST-00675,PRD-00059,5,0,Website,Installment,Delivered,1565.88,03-05-24,04-05-24
ORD-002225,CUST-00312,PRD-00143,5,0,Website,Installment,Delivered,174.65,04-04-25,08-04-25
ORD-002219,CUST-00312,PRD-00058,5,0,Website,Installment,Delivered,3308.87,06-12-24,09-12-24
ORD-003911,CUST-00548,PRD-00117,5,0,Website,Installment,Delivered,440.45,22-02-24,24-02-24
ORD-003574,CUST-00491,PRD-00113,5,0,Website,Credit Card,Delivered,719.15,15-05-25,16-05-25
ORD-004909,CUST-00668,PRD-00162,5,0,Website,Installment,Delivered,1009.35,24-03-23,26-03-23
ORD-002491,CUST-00343,PRD-00173,5,0,Website,Installment,Delivered,1584.06,22-08-23,26-08-23
ORD-002602,CUST-00357,PRD-00046,5,0,Website,Wallet,Delivered,1161.95,25-07-25,28-07-25
ORD-003878,CUST-00543,PRD-00076,5,0,Website,Credit Card,Delivered,2045.06,30-05-24,04-06-24
ORD-002285,CUST-00319,PRD-00142,5,0,Website,Cash On Delivery,Delivered,29.02,26-06-23,03-07-23
ORD-005571,CUST-00764,PRD-00169,5,0,Website,Credit Card,Delivered,3779.35,02-05-24,02-09-24
ORD-005264,CUST-00719,PRD-00005,5,0,Website,Cash On Delivery,Delivered,5870.09,27-11-25,02-12-25
ORD-005332,CUST-00727,PRD-00081,5,0,Website,Credit Card,Delivered,2904.61,06-01-24,06-07-24
ORD-005833,CUST-00799,PRD-00170,5,0,Website,Installment,Delivered,7690.28,24-12-23,28-12-23
ORD-005076,CUST-00690,PRD-00055,5,0,Website,Cash On Delivery,Delivered,2089.61,15-09-24,21-09-24
ORD-000334,CUST-00042,PRD-00136,5,0,Website,Wallet,Delivered,310.7,18-06-23,24-06-23
ORD-001997,CUST-00284,PRD-00075,5,0,Website,Installment,Delivered,576.69,09-09-23,15-09-23
ORD-002022,CUST-00286,PRD-00169,5,0,Website,Cash On Delivery,Delivered,3779.35,30-10-25,11-06-25
ORD-000949,CUST-00131,PRD-00074,5,0,Website,Installment,Delivered,396.44,08-10-23,14-10-23
ORD-004993,CUST-00677,PRD-00085,5,0,Website,Installment,Delivered,265.37,30-03-25,04-05-25
ORD-004155,CUST-00587,PRD-00054,5,0,Website,Credit Card,Delivered,1277.14,29-04-25,05-03-25
ORD-005641,CUST-00773,PRD-00045,5,0,Website,Wallet,Delivered,4956.18,05-11-25,06-11-25
ORD-005590,CUST-00765,PRD-00175,5,0,Website,Credit Card,Delivered,3144.98,03-08-24,07-08-24
ORD-004497,CUST-00618,PRD-00171,5,0,Website,Credit Card,Delivered,1117.84,09-09-25,09-11-25
ORD-001441,CUST-00195,PRD-00123,5,0,Website,Cash On Delivery,Delivered,83.93,17-03-25,20-03-25
ORD-005451,CUST-00743,PRD-00021,5,0,Website,Credit Card,Delivered,7707.69,22-12-23,27-12-23
ORD-001896,CUST-00264,PRD-00176,5,0,Website,Installment,Delivered,3014.74,04-11-24,14-04-24
ORD-002319,CUST-00323,PRD-00001,5,0,Website,Credit Card,Delivered,3019.28,24-03-23,27-03-23
ORD-003430,CUST-00471,PRD-00013,5,0,Website,Cash On Delivery,Delivered,5695.33,12-09-25,16-09-25
ORD-000058,CUST-00007,PRD-00074,5,0,Website,Wallet,Delivered,396.44,16-03-25,17-03-25
ORD-004236,CUST-00592,PRD-00085,5,0,Website,Installment,Delivered,265.37,27-02-23,28-02-23
ORD-000055,CUST-00007,PRD-00104,5,0,Website,Wallet,Delivered,698.62,08-10-23,10-09-23
ORD-000430,CUST-00058,PRD-00005,5,0,Website,Cash On Delivery,Delivered,5870.09,08-10-23,10-10-23
ORD-000758,CUST-00101,PRD-00021,5,0,Website,Installment,Delivered,7707.69,11-02-25,03-11-25
ORD-000612,CUST-00082,PRD-00010,5,0,Website,Installment,Delivered,2297.75,29-02-24,03-03-24
ORD-000539,CUST-00073,PRD-00154,5,0,Website,Cash On Delivery,Delivered,175.83,22-10-24,28-10-24
ORD-003690,CUST-00509,PRD-00035,5,0,Website,Installment,Delivered,4561.67,07-10-25,13-10-25
ORD-003829,CUST-00534,PRD-00096,5,0,Website,Cash On Delivery,Delivered,1013.61,31-10-24,05-11-24
ORD-002671,CUST-00369,PRD-00165,5,0,Website,Credit Card,Delivered,1559.9,08-11-25,15-11-25
ORD-002335,CUST-00326,PRD-00046,5,0,Website,Credit Card,Delivered,1161.95,10-04-24,15-04-24
ORD-003046,CUST-00425,PRD-00054,5,0,Website,Installment,Delivered,1277.14,14-11-24,15-11-24
ORD-004046,CUST-00568,PRD-00153,5,0,Website,Cash On Delivery,Delivered,321.69,12-09-23,10-12-23
ORD-003154,CUST-00437,PRD-00001,5,0,Website,Wallet,Delivered,3019.28,21-09-25,18-09-25
ORD-005730,CUST-00785,PRD-00178,5,0,Website,Installment,Delivered,583.55,18-09-25,24-09-25
ORD-003090,CUST-00430,PRD-00031,5,0,Website,Credit Card,Delivered,376.78,03-03-23,06-03-23
ORD-002036,CUST-00288,PRD-00025,5,0,Website,Wallet,Delivered,15750.99,14-12-24,15-12-24
ORD-004519,CUST-00622,PRD-00053,5,0,Website,Installment,Delivered,933.2,12-11-25,19-11-25
ORD-001427,CUST-00192,PRD-00074,5,0,Website,Wallet,Delivered,396.44,07-04-24,07-09-24
ORD-001613,CUST-00216,PRD-00181,5,0,Website,Cash On Delivery,Delivered,7757.56,22-02-25,24-02-25
ORD-003989,CUST-00561,PRD-00041,5,0,Website,Credit Card,Delivered,1168.7,13-11-23,17-11-23
ORD-005471,CUST-00747,PRD-00010,5,0,Website,Wallet,Delivered,2297.75,07-05-23,14-05-23
ORD-004318,CUST-00601,PRD-00081,5,0,Website,Credit Card,Delivered,2904.61,08-07-23,13-07-23
ORD-000188,CUST-00025,PRD-00122,5,0,Website,Installment,Delivered,692.52,07-11-23,17-07-23
ORD-000136,CUST-00019,PRD-00188,5,0,Website,Credit Card,Delivered,235.83,19-06-25,24-06-25
ORD-003231,CUST-00446,PRD-00091,5,0,Website,Credit Card,Delivered,1667.87,07-12-24,09-12-24
ORD-002972,CUST-00412,PRD-00121,5,0,Website,Wallet,Delivered,307.1,25-05-23,30-05-23
ORD-005466,CUST-00745,PRD-00156,5,0,Website,Wallet,Delivered,250.31,24-01-25,29-01-25
ORD-005747,CUST-00788,PRD-00027,5,0,Website,Cash On Delivery,Delivered,6528.78,08-11-24,13-11-24
ORD-001526,CUST-00207,PRD-00156,5,0,Website,Credit Card,Delivered,250.31,24-11-23,25-11-23
ORD-004572,CUST-00628,PRD-00133,5,0,Website,Credit Card,Delivered,174.99,05-02-24,02-10-24
ORD-005815,CUST-00795,PRD-00024,5,0,Website,Credit Card,Delivered,8840.39,03-04-25,09-04-25
ORD-002150,CUST-00301,PRD-00110,5,0,Website,Wallet,Delivered,443.5,10-01-23,16-01-23
ORD-001179,CUST-00162,PRD-00031,5,0,Website,Installment,Delivered,376.78,15-06-24,19-06-24
ORD-000525,CUST-00072,PRD-00185,5,0,Website,Cash On Delivery,Delivered,2013.53,10-02-25,10-04-25
ORD-000175,CUST-00023,PRD-00170,5,0,Website,Cash On Delivery,Delivered,7690.28,14-10-25,16-10-25
ORD-005081,CUST-00691,PRD-00069,5,0,Website,Credit Card,Delivered,1039.35,13-01-23,16-01-23
ORD-004510,CUST-00621,PRD-00100,5,0,Website,Credit Card,Delivered,555.91,24-03-23,26-03-23
ORD-003401,CUST-00469,PRD-00035,5,0,Website,Cash On Delivery,Delivered,4561.67,26-06-25,02-07-25
ORD-001519,CUST-00207,PRD-00022,5,0,Website,Cash On Delivery,Delivered,14193.82,28-11-25,02-12-25
ORD-000725,CUST-00099,PRD-00165,5,0,Website,Credit Card,Delivered,1559.9,01-04-24,08-04-24
ORD-000834,CUST-00110,PRD-00172,5,0,Website,Cash On Delivery,Delivered,4391.94,01-12-24,05-12-24
ORD-003433,CUST-00472,PRD-00004,5,0,Website,Cash On Delivery,Delivered,3744.22,23-03-25,29-03-25
ORD-003046,CUST-00425,PRD-00054,5,0,Website,Installment,Delivered,1277.14,14-11-24,15-11-24
ORD-004726,CUST-00646,PRD-00188,5,0,Website,Wallet,Delivered,235.83,11-09-25,13-09-25
ORD-005659,CUST-00776,PRD-00025,5,0,Website,Wallet,Delivered,15750.99,18-01-23,24-01-23
ORD-002790,CUST-00378,PRD-00063,5,0,Website,Credit Card,Delivered,3118.2,23-11-23,25-11-23
ORD-004787,CUST-00655,PRD-00141,5,0,Website,Wallet,Delivered,265.4,25-06-25,30-06-25
ORD-002445,CUST-00339,PRD-00158,5,0,Website,Wallet,Delivered,308.65,20-05-24,27-05-24
ORD-003857,CUST-00540,PRD-00106,5,0,Website,Wallet,Delivered,1124.04,13-03-25,17-03-25
ORD-002886,CUST-00395,PRD-00134,5,0,Website,Cash On Delivery,Delivered,165,25-07-23,08-01-23
ORD-000924,CUST-00129,PRD-00081,5,0,Website,Credit Card,Delivered,2904.61,29-06-24,30-06-24
ORD-001721,CUST-00236,PRD-00033,5,0,Website,Wallet,Delivered,1947.05,24-06-24,29-06-24
ORD-003346,CUST-00460,PRD-00129,5,0,Website,Installment,Delivered,23.89,01-03-23,05-03-23
ORD-003660,CUST-00503,PRD-00055,5,0,Website,Cash On Delivery,Delivered,2089.61,03-01-25,03-03-25
ORD-002977,CUST-00414,PRD-00091,5,0,Mobile App,Credit Card,Delivered,1667.87,25-04-23,30-04-23
ORD-002013,CUST-00286,PRD-00034,5,0,Mobile App,Installment,Delivered,4894.09,16-09-23,21-09-23
ORD-002559,CUST-00354,PRD-00181,5,0,Mobile App,Cash On Delivery,Delivered,7757.56,04-05-25,09-05-25
ORD-001663,CUST-00224,PRD-00045,5,0,Mobile App,Wallet,Delivered,4956.18,29-11-23,02-12-23
ORD-004201,CUST-00589,PRD-00022,5,0,Mobile App,Credit Card,Delivered,14193.82,13-08-25,15-08-25
ORD-002255,CUST-00316,PRD-00139,5,0,Mobile App,Credit Card,Delivered,195.93,07-03-25,08-03-25
ORD-005212,CUST-00707,PRD-00082,5,0,Mobile App,Wallet,Delivered,1269.02,16-04-25,23-04-25
ORD-005454,CUST-00743,PRD-00178,5,0,Mobile App,Cash On Delivery,Delivered,583.55,11-11-24,12-11-24
ORD-000510,CUST-00069,PRD-00049,5,0,Mobile App,Wallet,Delivered,3627.21,16-09-23,17-09-23
ORD-002701,CUST-00371,PRD-00061,5,0,Mobile App,Wallet,Delivered,1707.55,10-11-24,14-11-24
ORD-004404,CUST-00607,PRD-00052,5,0,Mobile App,Credit Card,Delivered,4557.53,13-04-23,19-04-23
ORD-005232,CUST-00712,PRD-00142,5,0,Mobile App,Wallet,Delivered,29.02,25-03-24,27-03-24
ORD-001897,CUST-00264,PRD-00013,5,0,Mobile App,Cash On Delivery,Delivered,5695.33,10-07-23,10-12-23
ORD-002845,CUST-00387,PRD-00042,5,0,Mobile App,Installment,Delivered,1460.4,21-03-23,23-03-23
ORD-001797,CUST-00245,PRD-00031,5,0,Mobile App,Wallet,Delivered,376.78,23-03-25,24-03-25
ORD-003917,CUST-00549,PRD-00058,5,0,Mobile App,Installment,Delivered,3308.87,22-03-23,23-03-23
ORD-000266,CUST-00033,PRD-00049,5,0,Mobile App,Installment,Delivered,3627.21,15-07-24,19-07-24
ORD-004403,CUST-00607,PRD-00024,5,0,Mobile App,Cash On Delivery,Delivered,8840.39,03-02-23,08-02-23
ORD-004542,CUST-00625,PRD-00120,5,0,Mobile App,Installment,Delivered,538.56,11-03-23,18-03-23
ORD-005698,CUST-00780,PRD-00019,5,0,Mobile App,Credit Card,Delivered,5919.72,19-03-25,26-03-25
ORD-003058,CUST-00425,PRD-00163,5,0,Mobile App,Installment,Delivered,5049.75,03-10-24,09-10-24
ORD-003328,CUST-00459,PRD-00050,5,0,Mobile App,Credit Card,Delivered,6188.03,01-02-24,04-02-24
ORD-004857,CUST-00664,PRD-00031,5,0,Mobile App,Cash On Delivery,Delivered,376.78,10-02-23,17-02-23
ORD-003099,CUST-00431,PRD-00029,5,0,Mobile App,Credit Card,Delivered,1141.21,12-10-25,17-10-25
ORD-002744,CUST-00373,PRD-00015,5,0,Mobile App,Credit Card,Delivered,5715.8,26-03-23,28-03-23
ORD-000668,CUST-00090,PRD-00141,5,0,Mobile App,Cash On Delivery,Delivered,265.4,11-01-24,15-01-24
ORD-001921,CUST-00269,PRD-00018,5,0,Mobile App,Credit Card,Delivered,8604.46,13-12-25,15-12-25
ORD-002648,CUST-00364,PRD-00141,5,0,Mobile App,Cash On Delivery,Delivered,265.4,13-04-25,16-04-25
ORD-003953,CUST-00557,PRD-00143,5,0,Mobile App,Wallet,Delivered,174.65,20-04-24,27-04-24
ORD-001957,CUST-00279,PRD-00172,5,0,Mobile App,Credit Card,Delivered,4391.94,11-02-24,17-02-24
ORD-004923,CUST-00669,PRD-00129,5,0,Mobile App,Installment,Delivered,23.89,20-08-25,24-08-25
ORD-001892,CUST-00263,PRD-00004,5,0,Mobile App,Credit Card,Delivered,3744.22,14-12-24,15-12-24
ORD-000825,CUST-00110,PRD-00008,5,0,Mobile App,Installment,Delivered,13998.23,14-02-24,21-02-24
ORD-003311,CUST-00458,PRD-00044,5,0,Mobile App,Credit Card,Delivered,3309.62,13-02-23,17-02-23
ORD-002552,CUST-00353,PRD-00161,5,0,Mobile App,Installment,Delivered,1342.19,05-07-24,06-07-24
ORD-001293,CUST-00174,PRD-00128,5,0,Mobile App,Installment,Delivered,812.88,10-08-25,10-10-25
ORD-002098,CUST-00295,PRD-00126,5,0,Mobile App,Cash On Delivery,Delivered,340.64,08-11-24,12-11-24
ORD-002299,CUST-00320,PRD-00117,5,0,Mobile App,Credit Card,Delivered,440.45,01-11-25,05-11-25
ORD-003802,CUST-00528,PRD-00184,5,0,Mobile App,Credit Card,Delivered,2621.44,04-05-23,11-04-23
ORD-002554,CUST-00353,PRD-00157,5,0,Mobile App,Cash On Delivery,Delivered,186.52,20-06-23,25-06-23
ORD-002644,CUST-00363,PRD-00152,5,0,Mobile App,Wallet,Delivered,23.7,18-09-25,24-09-25
ORD-005832,CUST-00799,PRD-00186,5,0,Mobile App,Credit Card,Delivered,4878.71,30-12-24,01-02-25
ORD-001348,CUST-00181,PRD-00137,5,0,Mobile App,Credit Card,Delivered,328.81,20-11-25,26-11-25
ORD-004224,CUST-00591,PRD-00122,5,0,Mobile App,Cash On Delivery,Delivered,692.52,17-07-24,19-07-24
ORD-000594,CUST-00080,PRD-00040,5,0,Mobile App,Wallet,Delivered,1977.22,16-11-24,22-11-24
ORD-000732,CUST-00099,PRD-00130,5,0,Mobile App,Wallet,Delivered,93.92,21-02-24,22-02-24
ORD-002567,CUST-00354,PRD-00045,5,0,Mobile App,Credit Card,Delivered,4956.18,27-04-23,28-04-23
ORD-004181,CUST-00588,PRD-00182,5,0,Mobile App,Credit Card,Delivered,4312.02,26-01-24,28-01-24
ORD-004271,CUST-00598,PRD-00083,5,0,Mobile App,Wallet,Delivered,1673.7,11-09-23,11-11-23
ORD-000624,CUST-00084,PRD-00113,5,0,Mobile App,Wallet,Delivered,719.15,19-07-25,21-07-25
ORD-004157,CUST-00587,PRD-00143,5,0,Mobile App,Cash On Delivery,Delivered,174.65,28-01-23,01-02-23
ORD-003675,CUST-00506,PRD-00151,5,0,Mobile App,Cash On Delivery,Delivered,125.16,01-04-24,04-02-24
ORD-004873,CUST-00665,PRD-00037,5,0,Mobile App,Wallet,Delivered,2145.36,24-07-23,30-07-23
ORD-001115,CUST-00152,PRD-00177,5,0,Mobile App,Cash On Delivery,Delivered,5234.78,04-01-23,05-01-23
ORD-005674,CUST-00776,PRD-00172,5,0,Mobile App,Cash On Delivery,Delivered,4391.94,16-12-25,17-12-25
ORD-005366,CUST-00730,PRD-00076,5,0,Mobile App,Wallet,Delivered,2045.06,10-08-23,13-08-23
ORD-001596,CUST-00214,PRD-00003,5,0,Mobile App,Wallet,Delivered,1534.69,07-02-23,13-02-23
ORD-004828,CUST-00658,PRD-00146,5,0,Mobile App,Cash On Delivery,Delivered,194.39,12-07-25,14-12-25
ORD-000999,CUST-00136,PRD-00154,5,0,Mobile App,Wallet,Delivered,175.83,08-01-25,15-01-25
ORD-004992,CUST-00677,PRD-00039,5,0,Mobile App,Installment,Delivered,2748.05,15-04-23,16-04-23
ORD-000784,CUST-00103,PRD-00114,5,0,Mobile App,Installment,Delivered,864.91,05-01-24,08-05-24
ORD-003763,CUST-00521,PRD-00002,5,0,Mobile App,Installment,Delivered,9414.07,24-03-25,29-03-25
ORD-005064,CUST-00687,PRD-00167,5,0,Mobile App,Installment,Delivered,741.81,28-11-23,02-12-23
ORD-005038,CUST-00683,PRD-00124,5,0,Mobile App,Installment,Delivered,152.17,12-11-25,17-11-25
ORD-001965,CUST-00282,PRD-00136,5,0,Mobile App,Installment,Delivered,310.7,27-12-25,29-12-25
ORD-003676,CUST-00506,PRD-00048,5,0,Mobile App,Credit Card,Delivered,616.54,08-06-23,10-06-23
ORD-001541,CUST-00208,PRD-00091,5,0,Mobile App,Credit Card,Delivered,1667.87,29-09-23,04-10-23
ORD-005319,CUST-00725,PRD-00172,5,0,Mobile App,Wallet,Delivered,4391.94,18-03-25,25-03-25
ORD-003528,CUST-00485,PRD-00115,5,0,Mobile App,Credit Card,Delivered,290.78,09-06-24,15-06-24
ORD-003374,CUST-00462,PRD-00046,5,0,Mobile App,Installment,Delivered,1161.95,16-10-24,22-10-24
ORD-003953,CUST-00557,PRD-00143,5,0,Mobile App,Wallet,Delivered,174.65,20-04-24,27-04-24
ORD-001924,CUST-00270,PRD-00030,5,0,Mobile App,Installment,Delivered,6643.61,16-02-23,19-02-23
ORD-005372,CUST-00731,PRD-00100,5,0,Mobile App,Cash On Delivery,Delivered,555.91,01-10-24,10-06-24
ORD-005613,CUST-00769,PRD-00109,5,0,Mobile App,Credit Card,Delivered,252.4,27-02-24,03-01-24
ORD-000109,CUST-00015,PRD-00098,5,0,Mobile App,Wallet,Delivered,718.7,18-07-24,20-07-24
ORD-003377,CUST-00463,PRD-00011,5,0,Mobile App,Credit Card,Delivered,2785.74,19-09-24,22-09-24
ORD-004269,CUST-00598,PRD-00001,5,0,Mobile App,Credit Card,Delivered,3019.28,13-11-24,20-11-24
ORD-004641,CUST-00635,PRD-00132,5,0,Mobile App,Wallet,Delivered,436.68,11-03-24,13-03-24
ORD-000256,CUST-00033,PRD-00141,5,0,Mobile App,Installment,Delivered,265.4,29-11-24,02-12-24
ORD-005654,CUST-00774,PRD-00048,5,0,Mobile App,Wallet,Delivered,616.54,28-01-23,02-04-23
ORD-002185,CUST-00307,PRD-00078,5,0,Mobile App,Installment,Delivered,803.87,21-11-24,28-11-24
ORD-004396,CUST-00606,PRD-00135,5,0,Mobile App,Installment,Delivered,55.83,02-06-23,08-06-23
ORD-004273,CUST-00598,PRD-00085,5,0,Mobile App,Cash On Delivery,Delivered,265.37,24-05-23,28-05-23
ORD-002234,CUST-00313,PRD-00165,5,0,Mobile App,Cash On Delivery,Delivered,1559.9,27-03-23,04-01-23
ORD-004706,CUST-00643,PRD-00022,5,0,Mobile App,Wallet,Delivered,14193.82,07-11-24,18-07-24
ORD-001596,CUST-00214,PRD-00003,5,0,Mobile App,Wallet,Delivered,1534.69,07-02-23,13-02-23
ORD-001205,CUST-00165,PRD-00176,5,0,Mobile App,Installment,Delivered,3014.74,30-09-23,10-04-23
ORD-002528,CUST-00348,PRD-00008,5,0,Mobile App,Cash On Delivery,Delivered,13998.23,07-11-24,14-11-24
ORD-003250,CUST-00450,PRD-00145,5,0,Mobile App,Installment,Delivered,116.01,29-06-23,30-06-23
ORD-004905,CUST-00667,PRD-00135,5,0,Mobile App,Wallet,Delivered,55.83,30-04-24,07-05-24
ORD-004512,CUST-00621,PRD-00124,5,0,Mobile App,Installment,Delivered,152.17,16-03-25,21-03-25
ORD-003738,CUST-00517,PRD-00020,5,0,Marketplace,Cash On Delivery,Delivered,9661.76,06-06-23,08-06-23
ORD-000017,CUST-00004,PRD-00027,5,0,Marketplace,Wallet,Delivered,6528.78,30-09-24,06-10-24
ORD-000122,CUST-00016,PRD-00181,5,0,Marketplace,Cash On Delivery,Delivered,7757.56,15-05-25,20-05-25
ORD-005746,CUST-00788,PRD-00080,5,0,Marketplace,Installment,Delivered,1092.22,06-08-23,13-08-23
ORD-002144,CUST-00301,PRD-00036,5,0,Marketplace,Installment,Delivered,2503.62,11-04-23,17-04-23
ORD-003228,CUST-00444,PRD-00174,5,0,Marketplace,Credit Card,Delivered,2379.8,16-12-23,22-12-23
ORD-003668,CUST-00505,PRD-00136,5,0,Marketplace,Installment,Delivered,310.7,05-06-23,06-10-23
ORD-003129,CUST-00434,PRD-00100,5,0,Marketplace,Installment,Delivered,555.91,12-06-25,14-06-25
ORD-000481,CUST-00065,PRD-00136,5,0,Marketplace,Installment,Delivered,310.7,09-09-25,11-09-25
ORD-005420,CUST-00737,PRD-00027,5,0,Marketplace,Installment,Delivered,6528.78,17-07-23,18-07-23
ORD-005595,CUST-00765,PRD-00179,5,0,Marketplace,Cash On Delivery,Delivered,2311.13,10-08-25,17-08-25
ORD-004665,CUST-00638,PRD-00180,5,0,Marketplace,Installment,Delivered,6579.05,23-06-25,27-06-25
ORD-005088,CUST-00692,PRD-00132,5,0,Marketplace,Installment,Delivered,436.68,22-05-25,27-05-25
ORD-001783,CUST-00245,PRD-00155,5,0,Marketplace,Wallet,Delivered,228.62,04-04-25,09-04-25
ORD-002776,CUST-00376,PRD-00014,5,0,Marketplace,Installment,Delivered,3474.75,28-11-25,02-12-25
ORD-003548,CUST-00487,PRD-00066,5,0,Marketplace,Installment,Delivered,531.75,03-12-24,08-12-24
ORD-000041,CUST-00006,PRD-00078,5,0,Marketplace,Cash On Delivery,Delivered,803.87,25-10-25,30-10-25
ORD-004300,CUST-00600,PRD-00062,5,0,Marketplace,Wallet,Delivered,271.83,04-10-24,16-04-24
ORD-002585,CUST-00355,PRD-00110,5,0,Marketplace,Cash On Delivery,Delivered,443.5,27-09-25,29-09-25
ORD-002086,CUST-00294,PRD-00036,5,0,Marketplace,Cash On Delivery,Delivered,2503.62,10-02-25,11-02-25
ORD-000453,CUST-00060,PRD-00165,5,0,Marketplace,Wallet,Delivered,1559.9,05-10-25,06-10-25
ORD-000741,CUST-00099,PRD-00014,5,0,Marketplace,Installment,Delivered,3474.75,30-10-23,03-11-23
ORD-001244,CUST-00169,PRD-00049,5,0,Marketplace,Wallet,Delivered,3627.21,09-11-24,10-11-24
ORD-004987,CUST-00677,PRD-00003,5,0,Marketplace,Installment,Delivered,1534.69,24-06-25,07-01-25
ORD-000534,CUST-00073,PRD-00001,5,0,Marketplace,Installment,Delivered,3019.28,27-08-25,01-09-25
ORD-003393,CUST-00467,PRD-00045,5,0,Marketplace,Cash On Delivery,Delivered,4956.18,03-01-24,10-01-24
ORD-000912,CUST-00126,PRD-00071,5,0,Marketplace,Installment,Delivered,657.42,27-06-24,04-07-24
ORD-001450,CUST-00197,PRD-00029,5,0,Marketplace,Wallet,Delivered,1141.21,24-09-24,01-10-24
ORD-000634,CUST-00084,PRD-00116,5,0,Marketplace,Credit Card,Delivered,466.13,25-09-24,02-10-24
ORD-000607,CUST-00081,PRD-00026,5,0,Marketplace,Installment,Delivered,13374.87,24-01-25,26-01-25
ORD-001265,CUST-00172,PRD-00028,5,0,Marketplace,Installment,Delivered,6404.22,04-10-24,10-08-24
ORD-003686,CUST-00507,PRD-00106,5,0,Marketplace,Wallet,Delivered,1124.04,23-05-23,30-05-23
ORD-000593,CUST-00080,PRD-00105,5,0,Marketplace,Installment,Delivered,840.93,27-07-25,31-07-25
ORD-005803,CUST-00795,PRD-00019,5,0,Marketplace,Installment,Delivered,5919.72,19-01-24,20-01-24
ORD-004769,CUST-00653,PRD-00002,5,0,Marketplace,Installment,Delivered,9414.07,14-09-24,18-09-24
ORD-000991,CUST-00134,PRD-00012,5,0,Marketplace,Credit Card,Delivered,9488.69,20-03-25,21-03-25
ORD-000348,CUST-00043,PRD-00150,5,0,Marketplace,Installment,Delivered,84.86,27-11-23,28-11-23
ORD-005055,CUST-00686,PRD-00112,5,0,Marketplace,Credit Card,Delivered,422.18,07-03-24,13-03-24
ORD-004213,CUST-00590,PRD-00014,5,0,Marketplace,Installment,Delivered,3474.75,05-12-24,12-12-24
ORD-004143,CUST-00586,PRD-00139,5,0,Marketplace,Installment,Delivered,195.93,03-04-24,08-04-24
ORD-005673,CUST-00776,PRD-00062,5,0,Marketplace,Cash On Delivery,Delivered,271.83,12-12-25,14-12-25
ORD-002575,CUST-00355,PRD-00166,5,0,Marketplace,Cash On Delivery,Delivered,1361.3,02-06-25,05-06-25
ORD-005530,CUST-00757,PRD-00146,5,0,Marketplace,Installment,Delivered,194.39,28-02-24,06-03-24
ORD-004925,CUST-00670,PRD-00048,5,0,Marketplace,Installment,Delivered,616.54,19-07-24,24-07-24
ORD-002609,CUST-00357,PRD-00087,5,0,Marketplace,Installment,Delivered,937.05,09-10-24,16-10-24
ORD-002738,CUST-00373,PRD-00097,5,0,Marketplace,Wallet,Delivered,550.73,21-11-23,22-11-23
ORD-003877,CUST-00543,PRD-00020,5,0,Marketplace,Wallet,Delivered,9661.76,14-03-25,17-03-25
ORD-003290,CUST-00456,PRD-00103,5,0,Marketplace,Wallet,Delivered,275.52,31-03-25,02-04-25
ORD-002286,CUST-00319,PRD-00011,5,0,Marketplace,Cash On Delivery,Delivered,2785.74,21-05-25,23-05-25
ORD-000516,CUST-00069,PRD-00099,5,0,Marketplace,Cash On Delivery,Delivered,152.23,01-08-23,07-08-23
ORD-003453,CUST-00477,PRD-00116,5,0,Marketplace,Cash On Delivery,Delivered,466.13,27-02-25,03-03-25
ORD-002532,CUST-00349,PRD-00028,5,0,Marketplace,Installment,Delivered,6404.22,25-07-23,27-07-23
ORD-001213,CUST-00165,PRD-00067,5,0,Marketplace,Wallet,Delivered,1590.28,27-09-23,10-01-23
ORD-002739,CUST-00373,PRD-00121,5,0,Marketplace,Wallet,Delivered,307.1,24-09-25,26-09-25
ORD-005753,CUST-00789,PRD-00156,5,0,Marketplace,Credit Card,Delivered,250.31,24-10-23,26-10-23
ORD-004400,CUST-00607,PRD-00062,5,0,Marketplace,Wallet,Delivered,271.83,10-05-23,15-05-23
ORD-002032,CUST-00288,PRD-00134,5,0,Marketplace,Credit Card,Delivered,165,12-12-23,15-12-23
ORD-004643,CUST-00635,PRD-00098,5,0,Marketplace,Cash On Delivery,Delivered,718.7,05-06-24,06-06-24
ORD-001056,CUST-00145,PRD-00145,5,0,Marketplace,Credit Card,Delivered,116.01,21-04-23,23-04-23
ORD-000494,CUST-00067,PRD-00169,5,0,Marketplace,Cash On Delivery,Delivered,3779.35,04-04-23,04-05-23
ORD-003276,CUST-00455,PRD-00042,5,0,Marketplace,Installment,Delivered,1460.4,06-05-23,10-06-23
ORD-003910,CUST-00548,PRD-00108,5,0,Marketplace,Installment,Delivered,230.98,12-01-24,14-01-24
ORD-005774,CUST-00791,PRD-00127,5,0,Marketplace,Installment,Delivered,252.66,17-03-25,23-03-25
ORD-004012,CUST-00564,PRD-00122,5,0,Marketplace,Wallet,Delivered,692.52,25-12-25,27-12-25
ORD-001419,CUST-00191,PRD-00069,5,0,Marketplace,Wallet,Delivered,1039.35,01-01-25,03-01-25
ORD-002230,CUST-00313,PRD-00021,5,0,Marketplace,Wallet,Delivered,7707.69,29-09-24,06-10-24
ORD-001830,CUST-00254,PRD-00150,5,0,Marketplace,Credit Card,Delivered,84.86,05-08-25,06-08-25
ORD-000703,CUST-00096,PRD-00032,5,0,Marketplace,Installment,Delivered,1547.2,25-03-23,29-03-23
ORD-003388,CUST-00466,PRD-00012,5,0,Marketplace,Credit Card,Delivered,9488.69,17-04-23,24-04-23
ORD-000998,CUST-00136,PRD-00016,5,0,Marketplace,Credit Card,Delivered,6150.02,07-07-24,14-07-24
ORD-004657,CUST-00638,PRD-00050,5,0,Marketplace,Credit Card,Delivered,6188.03,13-09-25,15-09-25
ORD-001845,CUST-00256,PRD-00068,5,0,Marketplace,Credit Card,Delivered,1186.92,31-08-24,01-09-24
ORD-000609,CUST-00082,PRD-00185,5,0,Marketplace,Cash On Delivery,Delivered,2013.53,28-03-25,31-03-25
ORD-004751,CUST-00651,PRD-00076,5,0,Marketplace,Credit Card,Delivered,2045.06,08-06-24,06-11-24
ORD-001665,CUST-00224,PRD-00007,5,0,Marketplace,Installment,Delivered,5375.75,19-11-25,25-11-25
ORD-003195,CUST-00441,PRD-00057,5,0,Marketplace,Cash On Delivery,Delivered,5493.06,27-02-25,05-03-25
ORD-001262,CUST-00171,PRD-00007,5,0,Marketplace,Credit Card,Delivered,5375.75,24-08-24,28-08-24
ORD-004930,CUST-00671,PRD-00008,5,0,Marketplace,Cash On Delivery,Delivered,13998.23,19-04-24,20-04-24
ORD-001496,CUST-00205,PRD-00103,5,0,Marketplace,Installment,Delivered,275.52,05-05-25,05-08-25
ORD-000179,CUST-00023,PRD-00090,5,0,Marketplace,Wallet,Delivered,1391.99,04-09-24,04-12-24
ORD-002133,CUST-00300,PRD-00091,5,0,Marketplace,Credit Card,Delivered,1667.87,11-05-24,12-05-24
ORD-002325,CUST-00324,PRD-00068,5,0,Marketplace,Wallet,Delivered,1186.92,08-12-23,10-12-23
ORD-005646,CUST-00773,PRD-00032,5,0,Marketplace,Wallet,Delivered,1547.2,04-04-23,04-11-23
ORD-003865,CUST-00541,PRD-00080,5,0,Marketplace,Installment,Delivered,1092.22,30-01-23,06-02-23
ORD-001116,CUST-00153,PRD-00135,5,0,Marketplace,Wallet,Delivered,55.83,30-03-25,03-04-25
ORD-001995,CUST-00284,PRD-00088,5,0,Marketplace,Cash On Delivery,Delivered,2384.43,14-10-24,16-10-24
ORD-005722,CUST-00784,PRD-00147,5,0,Marketplace,Credit Card,Delivered,222.8,12-06-23,13-06-23
ORD-000355,CUST-00043,PRD-00178,5,0,Marketplace,Cash On Delivery,Delivered,583.55,10-10-23,12-10-23
ORD-003828,CUST-00534,PRD-00137,5,0,Marketplace,Wallet,Delivered,328.81,02-07-24,11-02-24
ORD-005736,CUST-00787,PRD-00121,5,0,Marketplace,Wallet,Delivered,307.1,09-03-25,14-03-25
ORD-005685,CUST-00778,PRD-00154,5,0,Marketplace,Credit Card,Delivered,175.83,07-11-24,12-11-24
ORD-004596,CUST-00630,PRD-00013,5,0,Marketplace,Cash On Delivery,Delivered,5695.33,07-12-23,13-12-23
ORD-000145,CUST-00020,PRD-00183,5,0,Marketplace,Wallet,Delivered,6588.34,11-08-25,12-11-25
ORD-004042,CUST-00567,PRD-00055,5,0,Marketplace,Cash On Delivery,Delivered,2089.61,25-09-23,02-10-23
ORD-004740,CUST-00650,PRD-00033,5,0,Marketplace,Credit Card,Delivered,1947.05,02-08-24,09-08-24
ORD-002756,CUST-00375,PRD-00125,3,0,Marketplace,Credit Card,Delivered,151.72,09-03-25,16-03-25
ORD-001655,CUST-00223,PRD-00011,3,0,Marketplace,Credit Card,Delivered,2785.74,21-08-25,24-08-25
ORD-003517,CUST-00484,PRD-00024,3,0,Marketplace,Cash On Delivery,Delivered,8840.39,22-10-24,23-10-24
ORD-000885,CUST-00123,PRD-00043,3,0,Marketplace,Cash On Delivery,Delivered,670.88,10-10-24,10-12-24
ORD-001231,CUST-00169,PRD-00024,3,0,Marketplace,Wallet,Delivered,8840.39,24-10-24,30-10-24
ORD-000982,CUST-00133,PRD-00037,3,0,Marketplace,Wallet,Delivered,2145.36,12-07-25,08-12-25
ORD-005568,CUST-00763,PRD-00007,3,0,Marketplace,Wallet,Delivered,5375.75,01-08-25,03-08-25
ORD-005456,CUST-00743,PRD-00002,3,0,Marketplace,Installment,Delivered,9414.07,22-11-24,26-11-24
ORD-005187,CUST-00705,PRD-00172,3,0,Marketplace,Credit Card,Delivered,4391.94,08-02-24,11-02-24
ORD-000807,CUST-00109,PRD-00067,3,0,Marketplace,Cash On Delivery,Delivered,1590.28,26-03-23,27-03-23
ORD-001873,CUST-00261,PRD-00183,3,0,Marketplace,Cash On Delivery,Delivered,6588.34,29-08-23,09-03-23
ORD-005281,CUST-00720,PRD-00053,3,0,Marketplace,Cash On Delivery,Delivered,933.2,31-12-23,02-01-24
ORD-003898,CUST-00547,PRD-00061,3,0,Marketplace,Credit Card,Delivered,1707.55,23-10-23,24-10-23
ORD-001872,CUST-00261,PRD-00038,3,0,Marketplace,Credit Card,Delivered,2707.61,02-02-25,02-05-25
ORD-002442,CUST-00339,PRD-00100,3,0,Marketplace,Credit Card,Delivered,555.91,21-03-24,22-03-24
ORD-003969,CUST-00558,PRD-00094,3,0,Marketplace,Cash On Delivery,Delivered,286.11,17-07-25,24-07-25
ORD-005108,CUST-00695,PRD-00167,3,0,Marketplace,Credit Card,Delivered,741.81,20-12-25,25-12-25
ORD-001315,CUST-00176,PRD-00079,3,0,Marketplace,Credit Card,Delivered,646.3,17-06-23,22-06-23
ORD-002818,CUST-00381,PRD-00174,3,0,Marketplace,Wallet,Delivered,2379.8,14-03-25,15-03-25
ORD-000412,CUST-00056,PRD-00095,3,0,Marketplace,Cash On Delivery,Delivered,493.89,16-03-24,17-03-24
ORD-005461,CUST-00744,PRD-00079,3,0,Marketplace,Installment,Delivered,646.3,27-07-23,31-07-23
ORD-003095,CUST-00430,PRD-00130,3,0,Marketplace,Installment,Delivered,93.92,29-11-25,02-12-25
ORD-000137,CUST-00019,PRD-00161,3,0,Marketplace,Cash On Delivery,Delivered,1342.19,03-09-23,13-03-23
ORD-005699,CUST-00780,PRD-00079,3,0,Marketplace,Wallet,Delivered,646.3,21-09-24,22-09-24
ORD-003463,CUST-00477,PRD-00141,3,0,Marketplace,Credit Card,Delivered,265.4,20-09-24,22-09-24
ORD-002611,CUST-00357,PRD-00052,3,0,Marketplace,Cash On Delivery,Delivered,4557.53,10-04-24,15-04-24
ORD-003235,CUST-00449,PRD-00028,3,0,Marketplace,Cash On Delivery,Delivered,6404.22,29-11-24,05-12-24
ORD-002605,CUST-00357,PRD-00030,3,0,Marketplace,Installment,Delivered,6643.61,14-08-23,16-08-23
ORD-004112,CUST-00580,PRD-00065,3,0,Marketplace,Wallet,Delivered,1220.64,22-10-23,27-10-23
ORD-001925,CUST-00270,PRD-00080,3,0,Marketplace,Credit Card,Delivered,1092.22,20-10-25,24-10-25
ORD-004529,CUST-00623,PRD-00097,3,0,Marketplace,Wallet,Delivered,550.73,31-07-24,06-08-24
ORD-001940,CUST-00276,PRD-00072,3,0,Marketplace,Installment,Delivered,2087.47,22-01-23,24-01-23
ORD-005250,CUST-00714,PRD-99999,3,0,Marketplace,Cash On Delivery,Delivered,864.91,13-07-23,19-07-23
ORD-004760,CUST-00651,PRD-00039,3,0,Marketplace,Installment,Delivered,2748.05,05-04-24,05-09-24
ORD-004797,CUST-00656,PRD-00139,3,0,Marketplace,Credit Card,Delivered,195.93,08-07-25,09-07-25
ORD-003960,CUST-00557,PRD-00072,3,0,Marketplace,Credit Card,Delivered,2087.47,06-10-25,08-10-25
ORD-005370,CUST-00730,PRD-00063,3,0,Marketplace,Installment,Delivered,3118.2,22-10-24,29-10-24
ORD-000081,CUST-00010,PRD-00178,3,0,Marketplace,Wallet,Delivered,583.55,25-10-23,28-10-23
ORD-002269,CUST-00318,PRD-00128,3,0,Marketplace,Wallet,Delivered,812.88,02-09-25,05-09-25
ORD-005459,CUST-00744,PRD-00087,3,0,Marketplace,Wallet,Delivered,937.05,24-03-25,28-03-25
ORD-003672,CUST-00506,PRD-00005,3,0,Marketplace,Credit Card,Delivered,5870.09,25-10-24,22-10-24
ORD-002932,CUST-00405,PRD-00139,3,0,Marketplace,Installment,Delivered,195.93,22-10-24,24-10-24
ORD-004907,CUST-00668,PRD-00082,3,0,Marketplace,Installment,Delivered,1269.02,14-07-25,15-07-25
ORD-002131,CUST-00300,PRD-00165,3,0,Marketplace,Installment,Delivered,1559.9,31-10-25,02-11-25
ORD-005340,CUST-00727,PRD-00099,3,0,Marketplace,Cash On Delivery,Delivered,152.23,01-10-25,05-10-25
ORD-003478,CUST-00478,PRD-00019,3,0,Marketplace,Wallet,Delivered,5919.72,15-03-24,22-03-24
ORD-002412,CUST-00336,PRD-00031,3,0,Marketplace,Credit Card,Delivered,376.78,06-10-25,11-10-25
ORD-002253,CUST-00316,PRD-00050,3,0,Marketplace,Installment,Delivered,6188.03,12-01-24,17-01-24
ORD-005165,CUST-00702,PRD-00050,3,0,Marketplace,Installment,Delivered,6188.03,21-05-24,25-05-24
ORD-003380,CUST-00463,PRD-00079,3,0,Marketplace,Cash On Delivery,Delivered,646.3,18-01-25,25-01-25
ORD-004490,CUST-00618,PRD-00066,3,0,Marketplace,Cash On Delivery,Delivered,531.75,10-02-25,04-10-25
ORD-004356,CUST-00604,PRD-00120,3,0,Marketplace,Installment,Delivered,538.56,10-11-25,15-11-25
ORD-003368,CUST-00462,PRD-00164,3,0,Marketplace,Cash On Delivery,Delivered,6039.64,08-11-23,14-11-23
ORD-000918,CUST-00127,PRD-00020,3,0,Marketplace,Wallet,Delivered,9661.76,02-04-25,09-04-25
ORD-000104,CUST-00014,PRD-00159,3,0,Marketplace,Installment,Delivered,195.16,30-03-24,05-04-24
ORD-003136,CUST-00435,PRD-00100,3,0,Marketplace,Installment,Delivered,555.91,23-05-23,29-05-23
ORD-001489,CUST-00205,PRD-00181,3,0,Marketplace,Wallet,Delivered,7757.56,18-06-23,19-06-23
ORD-004538,CUST-00624,PRD-00066,3,0,Marketplace,Wallet,Delivered,531.75,04-04-25,10-04-25
ORD-003187,CUST-00440,PRD-00023,3,0,Marketplace,Cash On Delivery,Delivered,11190.64,05-11-24,16-05-24
ORD-003526,CUST-00485,PRD-00119,3,0,Marketplace,Credit Card,Delivered,898.59,12-03-25,14-03-25
ORD-002816,CUST-00381,PRD-00080,3,0,Marketplace,Credit Card,Delivered,1092.22,09-04-24,06-09-24
ORD-001007,CUST-00137,PRD-00136,3,0,Marketplace,Wallet,Delivered,310.7,15-11-23,18-11-23
ORD-003557,CUST-00488,PRD-00083,3,0,Marketplace,Wallet,Delivered,1673.7,22-02-23,28-02-23
ORD-000506,CUST-00068,PRD-00160,3,0,Marketplace,Installment,Delivered,214.1,15-12-23,16-12-23
ORD-001097,CUST-00149,PRD-00168,3,0,Marketplace,Credit Card,Delivered,3279.73,17-08-25,22-08-25
ORD-001317,CUST-00177,PRD-00106,3,0,Marketplace,Wallet,Delivered,1124.04,07-01-25,09-01-25
ORD-002939,CUST-00407,PRD-00011,3,0,Marketplace,Credit Card,Delivered,2785.74,17-12-23,22-12-23
ORD-000528,CUST-00072,PRD-00183,3,0,Marketplace,Credit Card,Delivered,6588.34,13-06-23,15-06-23
ORD-003035,CUST-00423,PRD-00182,3,0,Marketplace,Installment,Delivered,4312.02,03-08-24,08-09-24
ORD-003097,CUST-00430,PRD-00143,3,0,Marketplace,Wallet,Delivered,174.65,12-05-24,10-12-24
ORD-005765,CUST-00791,PRD-00028,3,0,Marketplace,Cash On Delivery,Delivered,6404.22,17-06-25,23-06-25
ORD-000660,CUST-00088,PRD-00183,3,0,Marketplace,Credit Card,Delivered,6588.34,11-02-25,15-02-25
ORD-003723,CUST-00516,PRD-00022,3,0,Marketplace,Cash On Delivery,Delivered,14193.82,11-12-25,14-12-25
ORD-002326,CUST-00324,PRD-00148,3,0,Marketplace,Credit Card,Delivered,63.15,10-10-25,14-10-25
ORD-005529,CUST-00756,PRD-00143,3,0,Marketplace,Wallet,Delivered,174.65,12-12-23,14-12-23
ORD-004109,CUST-00579,PRD-00027,3,0,Marketplace,Cash On Delivery,Delivered,6528.78,21-08-25,25-08-25
ORD-003504,CUST-00483,PRD-00071,3,0,Marketplace,Wallet,Delivered,657.42,18-06-23,20-06-23
ORD-005791,CUST-00793,PRD-00068,3,0,Marketplace,Cash On Delivery,Delivered,1186.92,22-11-24,28-11-24
ORD-005194,CUST-00705,PRD-00035,3,0,Marketplace,Installment,Delivered,4561.67,29-09-25,01-10-25
ORD-004976,CUST-00674,PRD-00037,3,0,Marketplace,Installment,Delivered,2145.36,28-11-24,29-11-24
ORD-002214,CUST-00312,PRD-00051,3,0,Marketplace,Wallet,Delivered,4568.48,29-01-25,03-02-25
ORD-003846,CUST-00539,PRD-00042,3,0,Marketplace,Installment,Delivered,1460.4,22-05-25,28-05-25
ORD-000326,CUST-00041,PRD-00012,3,0,Marketplace,Cash On Delivery,Delivered,9488.69,28-04-25,03-05-25
ORD-001593,CUST-00213,PRD-00016,3,0,Marketplace,Credit Card,Delivered,6150.02,24-08-23,30-08-23
ORD-005518,CUST-00755,PRD-00001,3,0,Marketplace,Cash On Delivery,Delivered,3019.28,09-06-25,09-08-25
ORD-000110,CUST-00015,PRD-00169,3,0,Marketplace,Credit Card,Delivered,3779.35,22-10-25,29-10-25
ORD-000963,CUST-00132,PRD-00088,3,0,Marketplace,Cash On Delivery,Delivered,2384.43,19-05-25,25-05-25
ORD-003771,CUST-00522,PRD-00173,3,0,Marketplace,Cash On Delivery,Delivered,1584.06,07-10-25,14-10-25
ORD-000284,CUST-00038,PRD-00098,3,0,Marketplace,Installment,Delivered,718.7,04-05-23,11-05-23
ORD-002287,CUST-00319,PRD-00101,3,0,Marketplace,Credit Card,Delivered,658.37,13-08-25,19-08-25
ORD-003982,CUST-00560,PRD-00106,3,0,Marketplace,Wallet,Delivered,1124.04,08-01-24,13-01-24
ORD-000804,CUST-00107,PRD-00167,3,0,Marketplace,Credit Card,Delivered,741.81,21-08-23,25-08-23
ORD-003363,CUST-00461,PRD-00150,3,0,Marketplace,Credit Card,Delivered,84.86,21-04-23,27-04-23
ORD-003421,CUST-00471,PRD-00057,3,0,Mobile App,Credit Card,Delivered,5493.06,24-09-25,27-09-25
ORD-004945,CUST-00671,PRD-00079,3,0,Mobile App,Wallet,Delivered,646.3,26-05-24,02-06-24
ORD-003426,CUST-00471,PRD-00113,3,0,Mobile App,Installment,Delivered,719.15,18-09-23,21-09-23
ORD-004183,CUST-00588,PRD-00102,3,0,Mobile App,Credit Card,Delivered,833.67,10-11-24,17-11-24
ORD-003512,CUST-00484,PRD-00036,3,0,Mobile App,Wallet,Delivered,2503.62,26-12-23,29-12-23
ORD-001606,CUST-00215,PRD-00013,3,0,Mobile App,Installment,Delivered,5695.33,02-12-23,12-03-23
ORD-002757,CUST-00375,PRD-00056,3,0,Mobile App,Wallet,Delivered,1260.88,18-06-23,20-06-23
ORD-001098,CUST-00149,PRD-00027,3,0,Mobile App,Installment,Delivered,6528.78,07-11-23,09-11-23
ORD-001264,CUST-00172,PRD-00119,3,0,Mobile App,Wallet,Delivered,898.59,15-04-24,16-04-24
ORD-001223,CUST-00168,PRD-00084,3,0,Mobile App,Cash On Delivery,Delivered,600.09,13-02-24,16-02-24
ORD-000708,CUST-00096,PRD-00020,3,0,Mobile App,Installment,Delivered,9661.76,14-12-23,17-12-23
ORD-003266,CUST-00453,PRD-00119,3,0,Mobile App,Cash On Delivery,Delivered,898.59,17-11-25,18-11-25
ORD-002753,CUST-00375,PRD-00036,3,0,Mobile App,Credit Card,Delivered,2503.62,30-12-25,06-01-26
ORD-001379,CUST-00186,PRD-00163,3,0,Mobile App,Installment,Delivered,5049.75,08-12-24,12-12-24
ORD-001821,CUST-00252,PRD-00142,3,0,Mobile App,Credit Card,Delivered,29.02,11-07-24,12-07-24
ORD-003324,CUST-00459,PRD-00134,3,0,Mobile App,Installment,Delivered,165,12-03-23,15-03-23
ORD-003353,CUST-00461,PRD-00023,3,0,Mobile App,Credit Card,Delivered,11190.64,16-01-23,23-01-23
ORD-002439,CUST-00339,PRD-00153,3,0,Mobile App,Cash On Delivery,Delivered,321.69,27-05-23,02-06-23
ORD-002794,CUST-00379,PRD-00053,3,0,Mobile App,Credit Card,Delivered,933.2,30-06-25,03-07-25
ORD-000429,CUST-00058,PRD-00121,3,0,Mobile App,Credit Card,Delivered,307.1,10-09-24,16-09-24
ORD-002186,CUST-00307,PRD-00180,3,0,Mobile App,Cash On Delivery,Delivered,6579.05,14-04-24,17-04-24
ORD-005013,CUST-00678,PRD-00030,3,0,Mobile App,Credit Card,Delivered,6643.61,19-03-25,26-03-25
ORD-002521,CUST-00348,PRD-00021,3,0,Mobile App,Cash On Delivery,Delivered,7707.69,31-12-24,03-01-25
ORD-004815,CUST-00657,PRD-00137,3,0,Mobile App,Installment,Delivered,328.81,04-10-25,05-10-25
ORD-005536,CUST-00758,PRD-00022,3,0,Mobile App,Wallet,Delivered,14193.82,23-04-25,27-04-25
ORD-005042,CUST-00684,PRD-00117,3,0,Mobile App,Installment,Delivered,440.45,30-11-23,01-12-23
ORD-001401,CUST-00190,PRD-00007,3,0,Mobile App,Credit Card,Delivered,5375.75,04-10-24,09-10-24
ORD-003827,CUST-00534,PRD-00011,3,0,Mobile App,Credit Card,Delivered,2785.74,06-09-23,13-09-23
ORD-001728,CUST-00237,PRD-00040,3,0,Mobile App,Credit Card,Delivered,1977.22,02-12-24,12-03-24
ORD-003078,CUST-00429,PRD-00183,3,0,Mobile App,Wallet,Delivered,6588.34,16-02-23,23-02-23
ORD-003213,CUST-00441,PRD-00051,3,0,Mobile App,Installment,Delivered,4568.48,03-11-23,09-11-23
ORD-001251,CUST-00169,PRD-00148,3,0,Mobile App,Credit Card,Delivered,63.15,16-02-25,21-02-25
ORD-002788,CUST-00378,PRD-00155,3,0,Mobile App,Wallet,Delivered,228.62,25-09-23,02-10-23
ORD-001102,CUST-00150,PRD-00094,3,0,Mobile App,Cash On Delivery,Delivered,286.11,09-02-24,05-09-24
ORD-004755,CUST-00651,PRD-00010,3,0,Mobile App,Installment,Delivered,2297.75,12-07-25,13-07-25
ORD-002456,CUST-00340,PRD-00168,3,0,Mobile App,Cash On Delivery,Delivered,3279.73,10-12-25,13-12-25
ORD-003810,CUST-00529,PRD-00145,3,0,Mobile App,Credit Card,Delivered,116.01,28-06-23,07-03-23
ORD-000264,CUST-00033,PRD-00159,3,0,Mobile App,Installment,Delivered,195.16,25-05-24,28-05-24
ORD-003978,CUST-00558,PRD-00108,3,0,Mobile App,Credit Card,Delivered,230.98,07-03-25,14-03-25
ORD-002498,CUST-00344,PRD-00179,3,0,Mobile App,Wallet,Delivered,2311.13,30-06-25,01-07-25
ORD-003316,CUST-00459,PRD-00022,3,0,Mobile App,Installment,Delivered,14193.82,30-12-24,02-01-25
ORD-003466,CUST-00477,PRD-00114,3,0,Mobile App,Cash On Delivery,Delivered,864.91,18-11-24,25-11-24
ORD-004642,CUST-00635,PRD-00048,3,0,Mobile App,Cash On Delivery,Delivered,616.54,19-01-25,23-01-25
ORD-003844,CUST-00539,PRD-00064,3,0,Mobile App,Installment,Delivered,1338.56,07-04-23,14-04-23
ORD-000439,CUST-00059,PRD-00051,3,0,Mobile App,Installment,Delivered,4568.48,24-12-24,30-12-24
ORD-004536,CUST-00624,PRD-00001,3,0,Mobile App,Wallet,Delivered,3019.28,07-12-25,11-12-25
ORD-005009,CUST-00678,PRD-00105,3,0,Mobile App,Installment,Delivered,840.93,22-11-25,27-11-25
ORD-004562,CUST-00627,PRD-00168,3,0,Mobile App,Credit Card,Delivered,3279.73,22-11-23,27-11-23
ORD-005248,CUST-00714,PRD-00064,3,0,Mobile App,Cash On Delivery,Delivered,1338.56,27-04-24,02-05-24
ORD-002752,CUST-00374,PRD-00160,3,0,Mobile App,Cash On Delivery,Delivered,214.1,12-01-25,18-01-25
ORD-000302,CUST-00039,PRD-00166,3,0,Mobile App,Installment,Delivered,1361.3,09-09-24,16-09-24
ORD-004493,CUST-00618,PRD-00014,3,0,Mobile App,Cash On Delivery,Delivered,3474.75,14-01-25,20-01-25
ORD-003274,CUST-00455,PRD-00069,3,0,Mobile App,Credit Card,Delivered,1039.35,16-05-25,22-05-25
ORD-004547,CUST-00625,PRD-00035,3,0,Mobile App,Installment,Delivered,4561.67,18-12-24,22-12-24
ORD-000449,CUST-00059,PRD-00003,3,0,Mobile App,Installment,Delivered,1534.69,08-11-25,11-11-25
ORD-005503,CUST-00753,PRD-00055,3,0,Mobile App,Cash On Delivery,Delivered,2089.61,06-07-23,07-12-23
ORD-004914,CUST-00668,PRD-00184,3,0,Mobile App,Cash On Delivery,Delivered,2621.44,01-11-25,11-03-25
ORD-001230,CUST-00169,PRD-00014,3,0,Mobile App,Credit Card,Delivered,3474.75,06-07-25,07-07-25
ORD-000664,CUST-00090,PRD-00032,3,0,Mobile App,Credit Card,Delivered,1547.2,09-11-25,16-11-25
ORD-002181,CUST-00307,PRD-00054,3,0,Mobile App,Cash On Delivery,Delivered,1277.14,08-10-23,10-10-23
ORD-001980,CUST-00283,PRD-00114,3,0,Mobile App,Credit Card,Delivered,864.91,23-07-23,30-07-23
ORD-000701,CUST-00096,PRD-00011,3,0,Mobile App,Credit Card,Delivered,2785.74,12-09-24,16-09-24
ORD-001982,CUST-00283,PRD-00175,3,0,Mobile App,Cash On Delivery,Delivered,3144.98,11-11-24,15-11-24
ORD-003378,CUST-00463,PRD-00088,3,0,Mobile App,Wallet,Delivered,2384.43,12-05-23,12-09-23
ORD-002322,CUST-00324,PRD-00044,3,0,Mobile App,Cash On Delivery,Delivered,3309.62,18-07-23,20-07-23
ORD-002338,CUST-00327,PRD-00001,3,0,Mobile App,Wallet,Delivered,3019.28,30-10-24,05-11-24
ORD-001941,CUST-00276,PRD-00126,3,0,Mobile App,Cash On Delivery,Delivered,340.64,19-01-25,23-01-25
ORD-002081,CUST-00292,PRD-00037,3,0,Mobile App,Credit Card,Delivered,2145.36,16-05-25,20-05-25
ORD-004208,CUST-00590,PRD-00067,3,0,Mobile App,Installment,Delivered,1590.28,23-05-25,28-05-25
ORD-001509,CUST-00206,PRD-00153,3,0,Mobile App,Wallet,Delivered,321.69,01-09-25,14-01-25
ORD-004953,CUST-00673,PRD-00069,3,0,Mobile App,Cash On Delivery,Delivered,1039.35,26-06-23,30-06-23
ORD-004937,CUST-00671,PRD-00021,3,0,Mobile App,Cash On Delivery,Delivered,7707.69,05-04-25,04-09-25
ORD-003904,CUST-00547,PRD-00019,3,0,Mobile App,Wallet,Delivered,5919.72,24-06-23,30-06-23
ORD-004638,CUST-00635,PRD-00117,3,0,Mobile App,Wallet,Delivered,440.45,16-08-24,23-08-24
ORD-004969,CUST-00673,PRD-00097,3,0,Mobile App,Cash On Delivery,Delivered,550.73,22-03-24,29-03-24
ORD-003473,CUST-00477,PRD-00097,3,0,Mobile App,Wallet,Delivered,550.73,01-09-24,03-09-24
ORD-003376,CUST-00462,PRD-00087,3,0,Mobile App,Installment,Delivered,937.05,29-05-24,06-02-24
ORD-004241,CUST-00593,PRD-00075,3,0,Mobile App,Cash On Delivery,Delivered,576.69,29-05-23,04-06-23
ORD-005473,CUST-00747,PRD-00032,3,0,Mobile App,Credit Card,Delivered,1547.2,31-03-23,02-04-23
ORD-003182,CUST-00440,PRD-00024,3,0,Mobile App,Installment,Delivered,8840.39,09-03-24,16-03-24
ORD-003409,CUST-00469,PRD-00109,3,0,Mobile App,Cash On Delivery,Delivered,252.4,06-04-24,06-09-24
ORD-003830,CUST-00534,PRD-00163,3,0,Mobile App,Wallet,Delivered,5049.75,29-10-24,31-10-24
ORD-005611,CUST-00769,PRD-00004,3,0,Mobile App,Installment,Delivered,3744.22,13-12-24,14-12-24
ORD-003272,CUST-00455,PRD-00056,3,0,Mobile App,Cash On Delivery,Delivered,1260.88,14-03-25,17-03-25
ORD-001160,CUST-00159,PRD-00018,3,0,Website,Installment,Delivered,8604.46,24-06-23,29-06-23
ORD-003812,CUST-00529,PRD-00016,3,0,Website,Installment,Delivered,6150.02,04-12-24,12-11-24
ORD-000015,CUST-00004,PRD-00036,3,0,Website,Wallet,Delivered,2503.62,26-01-23,29-01-23
ORD-001723,CUST-00236,PRD-00018,3,0,Website,Wallet,Delivered,8604.46,13-01-25,18-01-25
ORD-000811,CUST-00109,PRD-00125,3,0,Website,Installment,Delivered,151.72,08-08-24,10-08-24
ORD-000372,CUST-00047,PRD-00031,3,0,Website,Cash On Delivery,Delivered,376.78,05-02-24,09-02-24
ORD-005378,CUST-00731,PRD-00027,3,0,Website,Credit Card,Delivered,6528.78,20-11-23,24-11-23
ORD-003543,CUST-00487,PRD-00122,3,0,Website,Installment,Delivered,692.52,29-11-25,04-12-25
ORD-004095,CUST-00577,PRD-00168,3,0,Website,Wallet,Delivered,3279.73,16-10-25,23-10-25
ORD-005104,CUST-00695,PRD-00089,3,0,Website,Cash On Delivery,Delivered,370.11,22-11-25,29-11-25
ORD-004496,CUST-00618,PRD-00128,3,0,Website,Wallet,Delivered,812.88,23-10-25,27-10-25
ORD-003822,CUST-00532,PRD-00026,3,0,Website,Cash On Delivery,Delivered,13374.87,08-10-25,12-10-25
ORD-004789,CUST-00655,PRD-00018,3,0,Website,Cash On Delivery,Delivered,8604.46,15-03-23,21-03-23
ORD-003220,CUST-00443,PRD-00006,3,0,Website,Cash On Delivery,Delivered,4094.1,08-09-25,15-08-25
ORD-005158,CUST-00702,PRD-00048,3,0,Website,Wallet,Delivered,616.54,07-01-24,14-01-24
ORD-003740,CUST-00517,PRD-00093,3,0,Website,Wallet,Delivered,327.87,13-01-25,14-01-25
ORD-004554,CUST-00626,PRD-00049,3,0,Website,Cash On Delivery,Delivered,3627.21,11-11-25,16-11-25
ORD-000568,CUST-00076,PRD-00020,3,0,Website,Wallet,Delivered,9661.76,05-01-25,12-01-25
ORD-005525,CUST-00755,PRD-00179,3,0,Website,Cash On Delivery,Delivered,2311.13,22-05-25,29-05-25
ORD-002967,CUST-00411,PRD-00039,3,0,Website,Installment,Delivered,2748.05,05-03-25,09-03-25
ORD-001283,CUST-00173,PRD-00103,3,0,Website,Cash On Delivery,Delivered,275.52,29-04-23,01-05-23
ORD-001844,CUST-00256,PRD-00129,3,0,Website,Installment,Delivered,23.89,13-12-24,20-12-24
ORD-000632,CUST-00084,PRD-00181,3,0,Website,Cash On Delivery,Delivered,7757.56,20-08-23,21-08-23
ORD-003792,CUST-00527,PRD-00002,3,0,Website,Installment,Delivered,9414.07,01-07-25,07-02-25
ORD-004688,CUST-00641,PRD-00032,3,0,Website,Wallet,Delivered,1547.2,23-06-24,27-06-24
ORD-003801,CUST-00528,PRD-00029,3,0,Website,Wallet,Delivered,1141.21,02-11-25,11-06-25
ORD-003556,CUST-00488,PRD-00128,3,0,Website,Wallet,Delivered,812.88,07-04-25,13-04-25
ORD-001200,CUST-00165,PRD-00148,3,0,Website,Cash On Delivery,Delivered,63.15,04-02-25,09-04-25
ORD-004315,CUST-00601,PRD-00089,3,0,Website,Wallet,Delivered,370.11,13-02-23,16-02-23
ORD-000249,CUST-00032,PRD-00118,3,0,Website,Wallet,Delivered,341.03,27-08-25,30-08-25
ORD-003888,CUST-00545,PRD-00015,3,0,Website,Cash On Delivery,Delivered,5715.8,15-10-24,17-10-24
ORD-001521,CUST-00207,PRD-00065,3,0,Website,Cash On Delivery,Delivered,1220.64,06-12-25,12-10-25
ORD-005265,CUST-00719,PRD-00023,3,0,Website,Wallet,Delivered,11190.64,05-09-24,07-09-24
ORD-001453,CUST-00198,PRD-00051,3,0,Website,Credit Card,Delivered,4568.48,07-06-25,11-06-25
ORD-001730,CUST-00237,PRD-00104,3,0,Website,Cash On Delivery,Delivered,698.62,17-03-25,21-03-25
ORD-003358,CUST-00461,PRD-00021,3,0,Website,Wallet,Delivered,7707.69,24-06-25,29-06-25
ORD-002647,CUST-00364,PRD-00033,3,0,Website,Credit Card,Delivered,1947.05,13-01-25,18-01-25
ORD-002872,CUST-00392,PRD-00103,3,0,Website,Installment,Delivered,275.52,22-01-23,27-01-23
ORD-003297,CUST-00457,PRD-00009,3,0,Website,Cash On Delivery,Delivered,1433.71,15-05-24,20-05-24
ORD-000951,CUST-00131,PRD-00168,3,0,Website,Wallet,Delivered,3279.73,09-12-25,16-12-25
ORD-003045,CUST-00425,PRD-00182,3,0,Website,Credit Card,Delivered,4312.02,02-01-25,08-01-25
ORD-002073,CUST-00292,PRD-00168,3,0,Website,Wallet,Delivered,3279.73,11-05-25,14-05-25
ORD-003297,CUST-00457,PRD-00009,3,0,Website,Cash On Delivery,Delivered,1433.71,15-05-24,20-05-24
ORD-005072,CUST-00690,PRD-00020,3,0,Website,Installment,Delivered,9661.76,16-03-25,18-03-25
ORD-003125,CUST-00434,PRD-00104,3,0,Website,Installment,Delivered,698.62,09-04-24,09-06-24
ORD-000611,CUST-00082,PRD-00005,3,0,Website,Installment,Delivered,5870.09,04-07-23,13-04-23
ORD-004793,CUST-00656,PRD-00085,3,0,Website,Installment,Delivered,265.37,27-12-24,31-12-24
ORD-002828,CUST-00383,PRD-00043,3,0,Website,Cash On Delivery,Delivered,670.88,29-04-24,03-05-24
ORD-001610,CUST-00216,PRD-00038,3,0,Website,Cash On Delivery,Delivered,2707.61,08-03-25,11-03-25
ORD-001209,CUST-00165,PRD-00116,3,0,Website,Cash On Delivery,Delivered,466.13,11-03-23,17-03-23
ORD-004625,CUST-00635,PRD-00152,3,0,Website,Credit Card,Delivered,23.7,17-04-25,21-04-25
ORD-004494,CUST-00618,PRD-00059,3,0,Website,Installment,Delivered,1565.88,07-03-25,13-03-25
ORD-002035,CUST-00288,PRD-00097,3,0,Website,Cash On Delivery,Delivered,550.73,14-12-23,18-12-23
ORD-004268,CUST-00598,PRD-00172,3,0,Website,Installment,Delivered,4391.94,22-03-23,24-03-23
ORD-002737,CUST-00373,PRD-00146,3,0,Website,Wallet,Delivered,194.39,27-08-24,31-08-24
ORD-001886,CUST-00263,PRD-00101,3,0,Website,Installment,Delivered,658.37,11-05-24,13-05-24
ORD-005386,CUST-00731,PRD-00166,3,0,Website,Cash On Delivery,Delivered,1361.3,05-01-25,11-01-25
ORD-005154,CUST-00701,PRD-00112,3,0,Website,Installment,Delivered,422.18,13-01-23,16-01-23
ORD-003112,CUST-00431,PRD-00170,3,0,Website,Credit Card,Delivered,7690.28,16-01-25,23-01-25
ORD-004365,CUST-00604,PRD-00050,3,0,Website,Cash On Delivery,Delivered,6188.03,09-09-24,14-09-24
ORD-002170,CUST-00304,PRD-00127,3,0,Website,Cash On Delivery,Delivered,252.66,16-06-23,23-06-23
ORD-000486,CUST-00065,PRD-00063,3,0,Website,Wallet,Delivered,3118.2,13-06-23,15-06-23
ORD-002393,CUST-00334,PRD-00042,3,0,Website,Installment,Delivered,1460.4,09-09-24,16-09-24
ORD-001942,CUST-00276,PRD-00085,3,0,Website,Credit Card,Delivered,265.37,27-12-24,28-12-24
ORD-003746,CUST-00520,PRD-00022,3,0,Website,Wallet,Delivered,14193.82,08-05-23,09-05-23
ORD-003944,CUST-00556,PRD-00013,3,0,Website,Installment,Delivered,5695.33,14-01-24,16-01-24
ORD-003575,CUST-00491,PRD-00097,3,0,Website,Installment,Delivered,550.73,27-01-25,28-01-25
ORD-005167,CUST-00702,PRD-00005,3,0,Website,Installment,Delivered,5870.09,28-04-25,29-04-25
ORD-000033,CUST-00005,PRD-00175,3,0,Website,Wallet,Delivered,3144.98,22-03-23,27-03-23
ORD-002682,CUST-00370,PRD-00033,3,0,Website,Installment,Delivered,1947.05,27-01-23,29-01-23
ORD-003056,CUST-00425,PRD-00065,3,0,Website,Cash On Delivery,Delivered,1220.64,05-12-25,07-12-25
ORD-003280,CUST-00455,PRD-00085,3,0,Website,Wallet,Delivered,265.37,02-09-24,09-07-24
ORD-001077,CUST-00147,PRD-00136,1,0,Marketplace,Wallet,Delivered,310.7,19-10-24,22-10-24
ORD-000972,CUST-00133,PRD-00107,1,0,Marketplace,Cash On Delivery,Delivered,803.85,07-02-25,11-02-25
ORD-004036,CUST-00566,PRD-00017,1,0,Marketplace,Installment,Delivered,4224.65,14-08-23,20-08-23
ORD-001510,CUST-00206,PRD-00132,1,0,Marketplace,Cash On Delivery,Delivered,436.68,01-04-23,02-04-23
ORD-000903,CUST-00125,PRD-00117,1,0,Marketplace,Wallet,Delivered,440.45,08-10-23,09-10-23
ORD-003988,CUST-00561,PRD-00117,1,0,Marketplace,Wallet,Delivered,440.45,19-03-23,20-03-23
ORD-001479,CUST-00203,PRD-00157,1,0,Marketplace,Wallet,Delivered,186.52,07-09-24,16-07-24
ORD-004626,CUST-00635,PRD-00130,1,0,Marketplace,Wallet,Delivered,93.92,11-03-24,17-03-24
ORD-005601,CUST-00765,PRD-00009,1,0,Marketplace,Installment,Delivered,1433.71,05-01-24,05-04-24
ORD-003679,CUST-00506,PRD-00009,1,0,Marketplace,Cash On Delivery,Delivered,1433.71,24-06-24,27-06-24
ORD-005086,CUST-00692,PRD-00188,1,0,Marketplace,Cash On Delivery,Delivered,235.83,15-06-25,17-06-25
ORD-004891,CUST-00666,PRD-00179,1,0,Marketplace,Installment,Delivered,2311.13,25-04-24,29-04-24
ORD-000099,CUST-00014,PRD-00137,1,0,Marketplace,Credit Card,Delivered,328.81,21-10-23,23-10-23
ORD-002174,CUST-00305,PRD-00180,1,0,Marketplace,Cash On Delivery,Delivered,6579.05,29-04-25,04-05-25
ORD-004977,CUST-00674,PRD-00011,1,0,Marketplace,Installment,Delivered,2785.74,03-06-24,07-03-24
ORD-003600,CUST-00495,PRD-00051,1,0,Marketplace,Installment,Delivered,4568.48,23-05-24,24-05-24
ORD-003241,CUST-00450,PRD-00163,1,0,Marketplace,Installment,Delivered,5049.75,06-12-23,08-12-23
ORD-000337,CUST-00042,PRD-00109,1,0,Marketplace,Cash On Delivery,Delivered,252.4,04-01-25,05-01-25
ORD-003267,CUST-00453,PRD-00024,1,0,Marketplace,Credit Card,Delivered,8840.39,23-02-24,29-02-24
ORD-002840,CUST-00387,PRD-00154,1,0,Marketplace,Cash On Delivery,Delivered,175.83,09-10-24,13-09-24
ORD-002780,CUST-00377,PRD-00043,1,0,Marketplace,Installment,Delivered,670.88,24-03-23,27-03-23
ORD-003286,CUST-00455,PRD-00001,1,0,Marketplace,Wallet,Delivered,3019.28,02-12-25,19-02-25
ORD-003109,CUST-00431,PRD-00004,1,0,Marketplace,Credit Card,Delivered,3744.22,09-02-25,11-02-25
ORD-001210,CUST-00165,PRD-00030,1,0,Marketplace,Credit Card,Delivered,6643.61,20-01-23,25-01-23
ORD-000563,CUST-00075,PRD-00002,1,0,Marketplace,Cash On Delivery,Delivered,9414.07,31-03-23,06-04-23
ORD-001699,CUST-00231,PRD-00148,1,0,Marketplace,Installment,Delivered,63.15,24-03-24,26-03-24
ORD-003065,CUST-00426,PRD-00032,1,0,Marketplace,Credit Card,Delivered,1547.2,28-03-24,04-04-24
ORD-002759,CUST-00375,PRD-00080,1,0,Marketplace,Cash On Delivery,Delivered,1092.22,09-07-25,08-09-25
ORD-000675,CUST-00091,PRD-00183,1,0,Marketplace,Credit Card,Delivered,6588.34,31-01-24,03-02-24
ORD-000247,CUST-00032,PRD-00187,1,0,Marketplace,Credit Card,Delivered,5533.15,26-01-25,29-01-25
ORD-005716,CUST-00782,PRD-00027,1,0,Marketplace,Wallet,Delivered,6528.78,03-06-23,11-03-23
ORD-001295,CUST-00175,PRD-00130,1,0,Marketplace,Credit Card,Delivered,93.92,27-10-24,28-10-24
ORD-004274,CUST-00598,PRD-00120,1,0,Marketplace,Wallet,Delivered,538.56,03-03-25,03-09-25
ORD-004197,CUST-00589,PRD-00152,1,0,Marketplace,Wallet,Delivered,23.7,06-01-24,09-01-24
ORD-003163,CUST-00437,PRD-00117,1,0,Marketplace,Cash On Delivery,Delivered,440.45,07-09-23,15-07-23
ORD-003876,CUST-00543,PRD-00031,1,0,Marketplace,Installment,Delivered,376.78,11-07-24,15-07-24
ORD-005396,CUST-00733,PRD-00152,1,0,Marketplace,Wallet,Delivered,23.7,31-03-23,04-02-23
ORD-004053,CUST-00568,PRD-00104,1,0,Marketplace,Wallet,Delivered,698.62,07-05-24,05-11-24
ORD-004508,CUST-00621,PRD-00021,1,0,Marketplace,Wallet,Delivered,7707.69,10-12-23,14-10-23
ORD-000826,CUST-00110,PRD-00154,1,0,Marketplace,Cash On Delivery,Delivered,175.83,07-11-23,11-04-23
ORD-003733,CUST-00516,PRD-00173,1,0,Marketplace,Credit Card,Delivered,1584.06,06-10-24,11-10-24
ORD-002250,CUST-00314,PRD-00041,1,0,Marketplace,Credit Card,Delivered,1168.7,21-05-23,27-05-23
ORD-002072,CUST-00292,PRD-00046,1,0,Marketplace,Cash On Delivery,Delivered,1161.95,26-04-24,28-04-24
ORD-001592,CUST-00213,PRD-00184,1,0,Marketplace,Wallet,Delivered,2621.44,19-11-23,26-11-23
ORD-004071,CUST-00572,PRD-00148,1,0,Marketplace,Installment,Delivered,63.15,14-05-23,18-05-23
ORD-002188,CUST-00308,PRD-00143,1,0,Marketplace,Credit Card,Delivered,174.65,17-09-25,20-09-25
ORD-001502,CUST-00206,PRD-00174,1,0,Marketplace,Wallet,Delivered,2379.8,09-12-23,12-12-23
ORD-003532,CUST-00487,PRD-00167,1,0,Marketplace,Installment,Delivered,741.81,18-09-25,20-09-25
ORD-003530,CUST-00486,PRD-00057,1,0,Marketplace,Cash On Delivery,Delivered,5493.06,10-09-25,17-09-25
ORD-003726,CUST-00516,PRD-00180,1,0,Marketplace,Cash On Delivery,Delivered,6579.05,10-04-25,10-09-25
ORD-000080,CUST-00010,PRD-00103,1,0,Marketplace,Credit Card,Delivered,275.52,26-07-23,29-07-23
ORD-005599,CUST-00765,PRD-99999,1,0,Marketplace,Installment,Delivered,55.83,15-08-25,20-08-25
ORD-002899,CUST-00399,PRD-00027,1,0,Marketplace,Installment,Delivered,6528.78,08-11-25,09-11-25
ORD-003163,CUST-00437,PRD-00117,1,0,Marketplace,Cash On Delivery,Delivered,440.45,09-07-23,15-07-23
ORD-002321,CUST-00323,PRD-00154,1,0,Marketplace,Credit Card,Delivered,175.83,20-05-24,25-05-24
ORD-000460,CUST-00061,PRD-00182,1,0,Marketplace,Installment,Delivered,4312.02,02-03-25,03-06-25
ORD-005320,CUST-00725,PRD-00169,1,0,Marketplace,Wallet,Delivered,3779.35,03-05-23,07-03-23
ORD-001902,CUST-00266,PRD-00100,1,0,Marketplace,Credit Card,Delivered,555.91,04-05-25,09-05-25
ORD-005751,CUST-00788,PRD-00103,1,0,Marketplace,Credit Card,Delivered,275.52,25-07-25,29-07-25
ORD-000205,CUST-00027,PRD-00067,1,0,Marketplace,Cash On Delivery,Delivered,1590.28,07-08-23,15-07-23
ORD-001216,CUST-00166,PRD-00005,1,0,Marketplace,Credit Card,Delivered,5870.09,26-03-25,27-03-25
ORD-003522,CUST-00485,PRD-00054,1,0,Marketplace,Credit Card,Delivered,1277.14,04-01-23,06-01-23
ORD-002930,CUST-00404,PRD-00026,1,0,Marketplace,Cash On Delivery,Delivered,13374.87,08-10-25,15-08-25
ORD-005118,CUST-00697,PRD-00162,1,0,Marketplace,Cash On Delivery,Delivered,1009.35,16-05-23,17-05-23
ORD-002231,CUST-00313,PRD-00186,1,0,Marketplace,Installment,Delivered,4878.71,24-03-24,29-03-24
ORD-003437,CUST-00473,PRD-00167,1,0,Marketplace,Wallet,Delivered,741.81,15-06-25,19-06-25
ORD-004918,CUST-00668,PRD-00013,1,0,Marketplace,Credit Card,Delivered,5695.33,01-08-24,02-08-24
ORD-001106,CUST-00151,PRD-00087,1,0,Marketplace,Credit Card,Delivered,937.05,09-09-24,11-09-24
ORD-002259,CUST-00316,PRD-00168,1,0,Mobile App,Wallet,Delivered,3279.73,17-10-24,19-10-24
ORD-003652,CUST-00502,PRD-00042,1,0,Mobile App,Wallet,Delivered,1460.4,13-06-23,18-06-23
ORD-001996,CUST-00284,PRD-00081,1,0,Mobile App,Wallet,Delivered,2904.61,22-07-23,25-07-23
ORD-002722,CUST-00372,PRD-00117,1,0,Mobile App,Wallet,Delivered,440.45,28-07-24,29-07-24
ORD-005189,CUST-00705,PRD-00131,1,0,Mobile App,Installment,Delivered,361.41,29-11-23,02-12-23
ORD-004637,CUST-00635,PRD-00092,1,0,Mobile App,Wallet,Delivered,727.52,14-12-25,15-12-25
ORD-001769,CUST-00240,PRD-00010,1,0,Mobile App,Cash On Delivery,Delivered,2297.75,11-09-25,15-11-25
ORD-000628,CUST-00084,PRD-00094,1,0,Mobile App,Wallet,Delivered,286.11,22-11-24,25-11-24
ORD-003831,CUST-00534,PRD-00062,1,0,Mobile App,Wallet,Delivered,271.83,05-02-24,09-02-24
ORD-002318,CUST-00322,PRD-00077,1,0,Mobile App,Installment,Delivered,3228.9,31-01-25,02-01-25
ORD-002668,CUST-00369,PRD-00044,1,0,Mobile App,Wallet,Delivered,3309.62,03-12-23,14-03-23
ORD-001095,CUST-00149,PRD-00074,1,0,Mobile App,Credit Card,Delivered,396.44,14-11-24,16-11-24
ORD-002688,CUST-00370,PRD-00129,1,0,Mobile App,Cash On Delivery,Delivered,23.89,30-06-25,07-07-25
ORD-005642,CUST-00773,PRD-00177,1,0,Mobile App,Credit Card,Delivered,5234.78,28-09-24,29-09-24
ORD-003454,CUST-00477,PRD-00027,1,0,Mobile App,Installment,Delivered,6528.78,15-03-25,22-03-25
ORD-004928,CUST-00670,PRD-00032,1,0,Mobile App,Installment,Delivered,1547.2,07-03-25,12-03-25
ORD-003840,CUST-00538,PRD-00027,1,0,Mobile App,Credit Card,Delivered,6528.78,21-12-24,26-12-24
ORD-004376,CUST-00605,PRD-00001,1,0,Mobile App,Credit Card,Delivered,3019.28,25-06-25,28-06-25
ORD-004632,CUST-00635,PRD-00028,1,0,Mobile App,Wallet,Delivered,6404.22,09-09-25,13-09-25
ORD-004060,CUST-00570,PRD-00015,1,0,Mobile App,Cash On Delivery,Delivered,5715.8,24-09-24,28-09-24
ORD-001254,CUST-00170,PRD-00179,1,0,Mobile App,Cash On Delivery,Delivered,2311.13,11-10-24,16-11-24
ORD-003166,CUST-00437,PRD-00160,1,0,Mobile App,Credit Card,Delivered,214.1,20-03-25,24-03-25
ORD-000227,CUST-00030,PRD-00112,1,0,Mobile App,Credit Card,Delivered,422.18,06-09-23,11-09-23
ORD-000821,CUST-00110,PRD-00083,1,0,Mobile App,Installment,Delivered,1673.7,22-03-23,29-03-23
ORD-003796,CUST-00527,PRD-00139,1,0,Mobile App,Credit Card,Delivered,195.93,30-11-25,01-12-25
ORD-001241,CUST-00169,PRD-00116,1,0,Mobile App,Cash On Delivery,Delivered,466.13,09-08-24,09-10-24
ORD-002080,CUST-00292,PRD-00134,1,0,Mobile App,Credit Card,Delivered,165,22-08-25,25-08-25
ORD-001435,CUST-00194,PRD-00026,1,0,Mobile App,Installment,Delivered,13374.87,24-11-23,30-11-23
ORD-001970,CUST-00282,PRD-00003,1,0,Mobile App,Cash On Delivery,Delivered,1534.69,12-02-25,06-12-25
ORD-000640,CUST-00085,PRD-00132,1,0,Mobile App,Installment,Delivered,436.68,24-08-25,26-08-25
ORD-001973,CUST-00282,PRD-00107,1,0,Mobile App,Wallet,Delivered,803.85,03-10-24,15-03-24
ORD-005041,CUST-00684,PRD-00085,1,0,Mobile App,Installment,Delivered,265.37,02-06-25,12-02-25
ORD-001853,CUST-00258,PRD-00172,1,0,Mobile App,Wallet,Delivered,4391.94,12-04-24,15-04-24
ORD-003724,CUST-00516,PRD-00144,1,0,Mobile App,Cash On Delivery,Delivered,212.23,22-12-24,27-12-24
ORD-004041,CUST-00567,PRD-00030,1,0,Mobile App,Installment,Delivered,6643.61,18-12-23,23-12-23
ORD-005594,CUST-00765,PRD-00026,1,0,Mobile App,Cash On Delivery,Delivered,13374.87,23-12-23,28-12-23
ORD-000702,CUST-00096,PRD-00114,1,0,Mobile App,Credit Card,Delivered,864.91,11-05-24,18-05-24
ORD-000329,CUST-00041,PRD-00018,1,0,Mobile App,Installment,Delivered,8604.46,03-01-24,06-01-24
ORD-002730,CUST-00373,PRD-00188,1,0,Mobile App,Cash On Delivery,Delivered,235.83,01-06-25,07-06-25
ORD-004175,CUST-00588,PRD-00063,1,0,Mobile App,Wallet,Delivered,3118.2,01-07-24,08-07-24
ORD-004792,CUST-00656,PRD-00006,1,0,Mobile App,Wallet,Delivered,4094.1,25-10-25,30-10-25
ORD-004523,CUST-00623,PRD-00001,1,0,Mobile App,Installment,Delivered,3019.28,06-09-24,13-09-24
ORD-003233,CUST-00448,PRD-00185,1,0,Mobile App,Wallet,Delivered,2013.53,17-12-24,22-12-24
ORD-003137,CUST-00435,PRD-00018,1,0,Mobile App,Installment,Delivered,8604.46,07-03-24,11-03-24
ORD-002247,CUST-00313,PRD-00174,1,0,Mobile App,Cash On Delivery,Delivered,2379.8,09-05-25,08-09-25
ORD-000814,CUST-00109,PRD-00003,1,0,Mobile App,Credit Card,Delivered,1534.69,30-08-23,01-09-23
ORD-002461,CUST-00340,PRD-00143,1,0,Mobile App,Cash On Delivery,Delivered,174.65,03-01-24,04-01-24
ORD-002087,CUST-00294,PRD-00100,1,0,Mobile App,Cash On Delivery,Delivered,555.91,31-05-25,04-06-25
ORD-005524,CUST-00755,PRD-00147,1,0,Mobile App,Cash On Delivery,Delivered,222.8,09-05-25,13-05-25
ORD-001584,CUST-00212,PRD-00066,1,0,Mobile App,Wallet,Delivered,531.75,25-11-23,27-11-23
ORD-004194,CUST-00589,PRD-00006,1,0,Mobile App,Cash On Delivery,Delivered,4094.1,18-12-24,22-12-24
ORD-000469,CUST-00063,PRD-00143,1,0,Mobile App,Installment,Delivered,174.65,30-07-23,05-08-23
ORD-002766,CUST-00375,PRD-00156,1,0,Mobile App,Wallet,Delivered,250.31,18-01-23,25-01-23
ORD-001049,CUST-00145,PRD-00067,1,0,Mobile App,Credit Card,Delivered,1590.28,12-06-24,14-06-24
ORD-005586,CUST-00765,PRD-00188,1,0,Mobile App,Credit Card,Delivered,235.83,02-04-23,04-03-23
ORD-000533,CUST-00073,PRD-00147,1,0,Mobile App,Cash On Delivery,Delivered,222.8,12-09-23,12-12-23
ORD-001034,CUST-00143,PRD-00066,1,0,Mobile App,Credit Card,Delivered,531.75,22-11-24,23-11-24
ORD-002079,CUST-00292,PRD-00126,1,0,Mobile App,Wallet,Delivered,340.64,03-01-25,01-08-25
ORD-003970,CUST-00558,PRD-00038,1,0,Mobile App,Wallet,Delivered,2707.61,20-06-25,21-06-25
ORD-000339,CUST-00042,PRD-00011,1,0,Mobile App,Installment,Delivered,2785.74,21-03-23,23-03-23
ORD-000338,CUST-00042,PRD-00009,1,0,Mobile App,Installment,Delivered,1433.71,30-11-24,07-12-24
ORD-001482,CUST-00203,PRD-00018,1,0,Mobile App,Installment,Delivered,8604.46,30-10-25,06-11-25
ORD-003412,CUST-00470,PRD-00084,1,0,Mobile App,Credit Card,Delivered,600.09,09-04-23,06-09-23
ORD-003803,CUST-00528,PRD-00075,1,0,Mobile App,Installment,Delivered,576.69,17-12-25,22-12-25
ORD-002146,CUST-00301,PRD-00024,1,0,Mobile App,Cash On Delivery,Delivered,8840.39,27-01-23,29-01-23
ORD-000654,CUST-00087,PRD-00088,1,0,Mobile App,Credit Card,Delivered,2384.43,01-08-23,04-08-23
ORD-000589,CUST-00079,PRD-00044,1,0,Mobile App,Wallet,Delivered,3309.62,28-08-25,30-08-25
ORD-004357,CUST-00604,PRD-00039,1,0,Mobile App,Credit Card,Delivered,2748.05,07-08-24,10-08-24
ORD-005481,CUST-00750,PRD-00173,1,0,Mobile App,Cash On Delivery,Delivered,1584.06,23-06-23,29-06-23
ORD-002233,CUST-00313,PRD-00063,1,0,Mobile App,Cash On Delivery,Delivered,3118.2,05-09-24,09-12-24
ORD-005737,CUST-00787,PRD-00028,1,0,Mobile App,Installment,Delivered,6404.22,06-01-24,08-01-24
ORD-000731,CUST-00099,PRD-00147,1,0,Mobile App,Credit Card,Delivered,222.8,23-11-24,28-11-24
ORD-003171,CUST-00437,PRD-00004,1,0,Website,Installment,Delivered,3744.22,12-08-24,19-08-24
ORD-003697,CUST-00510,PRD-00123,1,0,Website,Wallet,Delivered,83.93,18-12-24,19-12-24
ORD-000907,CUST-00125,PRD-00170,1,0,Website,Wallet,Delivered,7690.28,07-02-23,13-02-23
ORD-000830,CUST-00110,PRD-00106,1,0,Website,Wallet,Delivered,1124.04,18-01-24,15-01-24
ORD-005687,CUST-00778,PRD-00098,1,0,Website,Wallet,Delivered,718.7,04-02-23,04-07-23
ORD-004615,CUST-00633,PRD-00168,1,0,Website,Installment,Delivered,3279.73,24-12-24,25-12-24
ORD-002406,CUST-00335,PRD-00156,1,0,Website,Cash On Delivery,Delivered,250.31,17-12-24,19-12-24
ORD-000221,CUST-00030,PRD-00089,1,0,Website,Wallet,Delivered,370.11,20-11-25,24-11-25
ORD-001972,CUST-00282,PRD-00143,1,0,Website,Installment,Delivered,174.65,28-11-23,12-02-23
ORD-004311,CUST-00601,PRD-00089,1,0,Website,Installment,Delivered,370.11,04-06-25,06-09-25
ORD-003186,CUST-00440,PRD-00041,1,0,Website,Installment,Delivered,1168.7,22-12-23,23-12-23
ORD-000541,CUST-00073,PRD-00173,1,0,Website,Credit Card,Delivered,1584.06,28-01-25,01-02-25
ORD-001834,CUST-00255,PRD-00017,1,0,Website,Cash On Delivery,Delivered,4224.65,30-11-24,06-12-24
ORD-004748,CUST-00650,PRD-00068,1,0,Website,Installment,Delivered,1186.92,01-04-23,03-04-23
ORD-005078,CUST-00691,PRD-00140,1,0,Website,Cash On Delivery,Delivered,168.61,05-10-25,10-12-25
ORD-005501,CUST-00752,PRD-00059,1,0,Website,Installment,Delivered,1565.88,10-03-24,03-12-24
ORD-003461,CUST-00477,PRD-00002,1,0,Website,Installment,Delivered,9414.07,30-07-24,06-08-24
ORD-005429,CUST-00739,PRD-00121,1,0,Website,Credit Card,Delivered,307.1,06-11-25,11-10-25
ORD-003282,CUST-00455,PRD-00077,1,0,Website,Installment,Delivered,3228.9,10-09-25,12-09-25
ORD-002242,CUST-00313,PRD-00047,1,0,Website,Cash On Delivery,Delivered,3368.82,19-10-23,23-10-23
ORD-005203,CUST-00705,PRD-00031,1,0,Website,Installment,Delivered,376.78,25-07-23,26-07-23
ORD-003047,CUST-00425,PRD-00061,1,0,Website,Installment,Delivered,1707.55,18-10-23,25-10-23
ORD-000992,CUST-00135,PRD-00152,1,0,Website,Installment,Delivered,23.7,23-04-24,30-04-24
ORD-003706,CUST-00512,PRD-00101,1,0,Website,Cash On Delivery,Delivered,658.37,11-12-25,12-12-25
ORD-000208,CUST-00028,PRD-00025,1,0,Website,Installment,Delivered,15750.99,05-12-24,12-10-24
ORD-000643,CUST-00086,PRD-00004,1,0,Website,Installment,Delivered,3744.22,01-08-23,08-07-23
ORD-001686,CUST-00228,PRD-00092,1,0,Website,Installment,Delivered,727.52,26-03-23,29-03-23
ORD-000378,CUST-00047,PRD-00185,1,0,Website,Cash On Delivery,Delivered,2013.53,26-03-23,29-03-23
ORD-002697,CUST-00371,PRD-00084,1,0,Website,Wallet,Delivered,600.09,01-02-24,07-02-24
ORD-003535,CUST-00487,PRD-00116,1,0,Website,Cash On Delivery,Delivered,466.13,24-11-24,30-11-24
ORD-003088,CUST-00430,PRD-00005,1,0,Website,Credit Card,Delivered,5870.09,31-10-25,06-11-25
ORD-005384,CUST-00731,PRD-00142,1,0,Website,Installment,Delivered,29.02,20-10-25,27-10-25
ORD-000240,CUST-00032,PRD-00160,1,0,Website,Wallet,Delivered,214.1,10-01-24,08-10-24
ORD-003739,CUST-00517,PRD-00179,1,0,Website,Cash On Delivery,Delivered,2311.13,01-08-24,08-07-24
ORD-000649,CUST-00086,PRD-00164,1,0,Website,Wallet,Delivered,6039.64,12-09-25,14-09-25
ORD-002330,CUST-00326,PRD-00010,1,0,Website,Wallet,Delivered,2297.75,15-07-24,16-07-24
ORD-003874,CUST-00542,PRD-00167,1,0,Website,Wallet,Delivered,741.81,24-04-23,30-04-23
ORD-003210,CUST-00441,PRD-00053,1,0,Website,Credit Card,Delivered,933.2,11-12-24,13-11-24
ORD-002041,CUST-00289,PRD-00075,1,0,Website,Installment,Delivered,576.69,25-04-23,01-05-23
ORD-002031,CUST-00288,PRD-00169,1,0,Website,Cash On Delivery,Delivered,3779.35,08-07-23,10-07-23
ORD-003247,CUST-00450,PRD-00050,1,0,Website,Credit Card,Delivered,6188.03,09-09-23,09-11-23
ORD-003692,CUST-00510,PRD-00149,1,0,Website,Wallet,Delivered,93.5,06-10-24,10-11-24
ORD-005593,CUST-00765,PRD-00074,1,0,Website,Installment,Delivered,396.44,28-08-24,01-09-24
ORD-003858,CUST-00540,PRD-00036,1,0,Website,Installment,Delivered,2503.62,14-09-24,16-09-24
ORD-001548,CUST-00209,PRD-00139,1,0,Website,Credit Card,Delivered,195.93,28-04-23,30-04-23
ORD-001632,CUST-00221,PRD-00061,1,0,Website,Wallet,Delivered,1707.55,17-10-23,19-10-23
ORD-005293,CUST-00722,PRD-00165,1,0,Website,Installment,Delivered,1559.9,26-08-23,31-08-23
ORD-005593,CUST-00765,PRD-00074,1,0,Website,Installment,Delivered,396.44,28-08-24,01-09-24
ORD-000498,CUST-00067,PRD-00048,1,0,Website,Cash On Delivery,Delivered,616.54,23-12-23,30-12-23
ORD-004615,CUST-00633,PRD-00168,1,0,Website,Installment,Delivered,3279.73,24-12-24,25-12-24
ORD-001183,CUST-00163,PRD-00059,1,0,Website,Wallet,Delivered,1565.88,16-06-24,18-06-24
ORD-005816,CUST-00795,PRD-00049,1,0,Website,Wallet,Delivered,3627.21,08-09-25,11-09-25
ORD-003489,CUST-00481,PRD-00097,1,0,Website,Cash On Delivery,Delivered,550.73,06-01-24,01-09-24
ORD-001011,CUST-00138,PRD-00075,1,0,Website,Installment,Delivered,576.69,22-02-23,23-02-23
ORD-003511,CUST-00483,PRD-00111,1,0,Website,Cash On Delivery,Delivered,291.55,07-05-23,14-05-23
ORD-003335,CUST-00460,PRD-00079,1,0,Website,Credit Card,Delivered,646.3,21-06-24,28-06-24
ORD-003806,CUST-00528,PRD-00016,1,0,Website,Credit Card,Delivered,6150.02,26-03-25,29-03-25
ORD-005181,CUST-00704,PRD-00064,1,0,Website,Credit Card,Delivered,1338.56,13-04-24,14-04-24
ORD-003030,CUST-00423,PRD-00031,1,0,Website,Credit Card,Delivered,376.78,11-03-25,14-03-25
ORD-001017,CUST-00139,PRD-00046,1,0,Website,Cash On Delivery,Delivered,1161.95,08-05-24,10-08-24
ORD-004539,CUST-00624,PRD-00093,1,0,Website,Installment,Delivered,327.87,14-07-23,21-07-23
ORD-004878,CUST-00666,PRD-00161,1,0,Website,Installment,Delivered,1342.19,11-07-24,16-07-24
ORD-001050,CUST-00145,PRD-00168,1,0,Website,Credit Card,Delivered,3279.73,28-03-25,04-04-25
ORD-004321,CUST-00601,PRD-00126,1,0,Website,Credit Card,Delivered,340.64,21-12-25,24-12-25
ORD-001944,CUST-00277,PRD-00159,1,0,Website,Installment,Delivered,195.16,19-10-23,26-10-23
ORD-001984,CUST-00284,PRD-00138,1,0,Website,Installment,Delivered,293.11,25-04-25,29-04-25
ORD-000709,CUST-00097,PRD-00131,1,0,Website,Credit Card,Delivered,361.41,29-08-23,05-09-23
ORD-004385,CUST-00605,PRD-00091,1,0,Website,Credit Card,Delivered,1667.87,12-06-24,19-06-24
ORD-002871,CUST-99999,PRD-00107,1,0,Website,Credit Card,Delivered,803.85,01-05-24,08-05-24
ORD-000690,CUST-00091,PRD-00187,1,0,Website,Cash On Delivery,Delivered,5533.15,12-04-25,08-12-25
ORD-000756,CUST-00101,PRD-00063,1,0,Website,Installment,Delivered,3118.2,22-06-23,28-06-23
ORD-001245,CUST-00169,PRD-00120,1,0,Website,Wallet,Delivered,538.56,11-06-25,14-06-25
ORD-001907,CUST-00266,PRD-00153,1,0,Website,Wallet,Delivered,321.69,05-02-25,07-02-25
ORD-001158,CUST-00159,PRD-00022,1,0,Website,Wallet,Delivered,14193.82,25-05-23,30-05-23
ORD-000695,CUST-00094,PRD-00001,1,0,Website,Cash On Delivery,Delivered,3019.28,11-11-24,17-11-24
ORD-000133,CUST-00018,PRD-00021,2,0,Website,Cash On Delivery,Delivered,7707.69,27-01-24,31-01-24
ORD-005430,CUST-00739,PRD-00003,2,0,Website,Cash On Delivery,Delivered,1534.69,05-08-23,11-08-23
ORD-004115,CUST-00581,PRD-00005,2,0,Website,Wallet,Delivered,5870.09,13-11-24,18-11-24
ORD-002678,CUST-00370,PRD-00136,2,0,Website,Wallet,Delivered,310.7,27-09-25,02-10-25
ORD-004636,CUST-00635,PRD-00059,2,0,Website,Credit Card,Delivered,1565.88,26-07-23,08-02-23
ORD-005347,CUST-00729,PRD-00167,2,0,Website,Cash On Delivery,Delivered,741.81,01-01-25,01-05-25
ORD-003295,CUST-00457,PRD-00074,2,0,Website,Wallet,Delivered,396.44,11-01-23,16-01-23
ORD-001323,CUST-00177,PRD-00061,2,0,Website,Credit Card,Delivered,1707.55,25-01-25,26-01-25
ORD-002742,CUST-00373,PRD-00145,2,0,Website,Credit Card,Delivered,116.01,14-12-24,18-12-24
ORD-005808,CUST-00795,PRD-00038,2,0,Website,Credit Card,Delivered,2707.61,05-05-25,09-05-25
ORD-004804,CUST-00656,PRD-00118,2,0,Website,Credit Card,Delivered,341.03,22-02-25,25-02-25
ORD-004381,CUST-00605,PRD-00118,2,0,Website,Installment,Delivered,341.03,28-03-24,01-04-24
ORD-001693,CUST-00230,PRD-00006,2,0,Website,Installment,Delivered,4094.1,20-02-24,24-02-24
ORD-003124,CUST-00433,PRD-00076,2,0,Website,Installment,Delivered,2045.06,03-06-23,10-06-23
ORD-000237,CUST-00032,PRD-00108,2,0,Website,Cash On Delivery,Delivered,230.98,05-11-24,11-09-24
ORD-002796,CUST-00380,PRD-00001,2,0,Website,Installment,Delivered,3019.28,31-10-24,02-11-24
ORD-000151,CUST-00021,PRD-00100,2,0,Website,Installment,Delivered,555.91,19-07-23,22-07-23
ORD-001403,CUST-00190,PRD-00027,2,0,Website,Cash On Delivery,Delivered,6528.78,25-11-25,28-11-25
ORD-000617,CUST-00083,PRD-00130,2,0,Website,Cash On Delivery,Delivered,93.92,03-10-24,06-10-24
ORD-003689,CUST-00509,PRD-00091,2,0,Website,Credit Card,Delivered,1667.87,17-09-24,19-09-24
ORD-003638,CUST-00498,PRD-00162,2,0,Website,Wallet,Delivered,1009.35,07-07-24,13-07-24
ORD-001808,CUST-00249,PRD-00014,2,0,Website,Credit Card,Delivered,3474.75,14-04-24,21-04-24
ORD-004068,CUST-00571,PRD-00007,2,0,Website,Wallet,Delivered,5375.75,16-03-25,21-03-25
ORD-001248,CUST-00169,PRD-00010,2,0,Website,Credit Card,Delivered,2297.75,28-04-24,01-05-24
ORD-002786,CUST-00378,PRD-00185,2,0,Website,Credit Card,Delivered,2013.53,08-01-24,01-11-24
ORD-005428,CUST-00739,PRD-00043,2,0,Website,Installment,Delivered,670.88,27-03-25,30-03-25
ORD-001233,CUST-00169,PRD-00133,2,0,Website,Cash On Delivery,Delivered,174.99,18-11-25,19-11-25
ORD-001904,CUST-00266,PRD-00184,2,0,Website,Installment,Delivered,2621.44,01-11-24,07-11-24
ORD-000894,CUST-00124,PRD-00178,2,0,Website,Cash On Delivery,Delivered,583.55,21-01-25,28-01-25
ORD-004569,CUST-00627,PRD-00001,2,0,Website,Credit Card,Delivered,3019.28,21-04-25,22-04-25
ORD-001900,CUST-00266,PRD-00114,2,0,Website,Credit Card,Delivered,864.91,27-01-25,28-01-25
ORD-003389,CUST-00466,PRD-00027,2,0,Website,Installment,Delivered,6528.78,27-04-23,29-04-23
ORD-004196,CUST-00589,PRD-00088,2,0,Website,Wallet,Delivered,2384.43,27-04-25,03-05-25
ORD-003510,CUST-00483,PRD-00092,2,0,Website,Installment,Delivered,727.52,10-02-23,14-02-23
ORD-001983,CUST-00284,PRD-00036,2,0,Website,Cash On Delivery,Delivered,2503.62,13-07-24,17-07-24
ORD-000973,CUST-00133,PRD-00008,2,0,Website,Installment,Delivered,13998.23,29-04-25,06-05-25
ORD-001088,CUST-00149,PRD-00008,2,0,Website,Wallet,Delivered,13998.23,18-07-25,25-07-25
ORD-004773,CUST-00653,PRD-00064,2,0,Website,Wallet,Delivered,1338.56,22-01-23,27-01-23
ORD-001755,CUST-00240,PRD-00025,2,0,Website,Wallet,Delivered,15750.99,05-11-25,09-11-25
ORD-000555,CUST-00075,PRD-00177,2,0,Website,Wallet,Delivered,5234.78,26-03-25,31-03-25
ORD-000458,CUST-00061,PRD-00022,2,0,Website,Cash On Delivery,Delivered,14193.82,29-06-25,04-07-25
ORD-004871,CUST-00665,PRD-00062,2,0,Website,Credit Card,Delivered,271.83,20-03-24,24-03-24
ORD-001731,CUST-00237,PRD-00037,2,0,Website,Credit Card,Delivered,2145.36,03-07-25,08-07-25
ORD-004754,CUST-00651,PRD-00003,2,0,Website,Credit Card,Delivered,1534.69,07-05-24,05-12-24
ORD-000401,CUST-00052,PRD-00124,2,0,Website,Installment,Delivered,152.17,27-05-23,28-05-23
ORD-000558,CUST-00075,PRD-00155,2,0,Website,Cash On Delivery,Delivered,228.62,25-05-24,27-05-24
ORD-002734,CUST-00373,PRD-00005,2,0,Website,Credit Card,Delivered,5870.09,01-12-23,07-12-23
ORD-004856,CUST-00664,PRD-00159,2,0,Website,Cash On Delivery,Delivered,195.16,02-12-24,08-12-24
ORD-000370,CUST-00046,PRD-00056,2,0,Website,Credit Card,Delivered,1260.88,06-07-24,08-07-24
ORD-002699,CUST-00371,PRD-00048,2,0,Website,Installment,Delivered,616.54,20-08-23,25-08-23
ORD-003542,CUST-00487,PRD-00010,2,0,Website,Wallet,Delivered,2297.75,22-09-25,23-09-25
ORD-004237,CUST-00592,PRD-00013,2,0,Website,Installment,Delivered,5695.33,15-11-23,19-11-23
ORD-003835,CUST-00537,PRD-00071,2,0,Website,Cash On Delivery,Delivered,657.42,22-03-23,25-03-23
ORD-005455,CUST-00743,PRD-00157,2,0,Website,Wallet,Delivered,186.52,18-11-24,22-11-24
ORD-002882,CUST-00395,PRD-00187,2,0,Website,Installment,Delivered,5533.15,24-01-23,28-01-23
ORD-003237,CUST-00449,PRD-00019,2,0,Website,Cash On Delivery,Delivered,5919.72,28-04-25,30-04-25
ORD-003661,CUST-00504,PRD-00167,2,0,Website,Credit Card,Delivered,741.81,28-11-23,03-12-23
ORD-003506,CUST-00483,PRD-00076,2,0,Website,Wallet,Delivered,2045.06,02-11-24,18-02-24
ORD-004630,CUST-00635,PRD-00147,2,0,Website,Credit Card,Delivered,222.8,07-05-24,13-05-24
ORD-000786,CUST-00104,PRD-00032,2,0,Website,Credit Card,Delivered,1547.2,19-11-24,23-11-24
ORD-001724,CUST-00236,PRD-00014,2,0,Website,Cash On Delivery,Delivered,3474.75,04-06-25,08-04-25
ORD-001717,CUST-00235,PRD-00069,2,0,Website,Credit Card,Delivered,1039.35,29-08-23,05-09-23
ORD-001443,CUST-00195,PRD-00037,2,0,Website,Cash On Delivery,Delivered,2145.36,23-09-25,29-09-25
ORD-002891,CUST-00398,PRD-00090,2,0,Website,Cash On Delivery,Delivered,1391.99,08-05-23,08-10-23
ORD-003060,CUST-00426,PRD-00069,2,0,Website,Installment,Delivered,1039.35,21-04-23,27-04-23
ORD-003852,CUST-00540,PRD-00114,2,0,Website,Wallet,Delivered,864.91,25-02-25,03-01-25
ORD-004908,CUST-00668,PRD-00023,2,0,Website,Installment,Delivered,11190.64,17-03-25,18-03-25
ORD-005713,CUST-00782,PRD-00133,2,0,Website,Wallet,Delivered,174.99,06-12-23,08-12-23
ORD-003431,CUST-00471,PRD-00073,2,0,Website,Wallet,Delivered,2603.44,14-08-24,19-08-24
ORD-005587,CUST-00765,PRD-00050,2,0,Website,Wallet,Delivered,6188.03,18-12-23,23-12-23
ORD-003529,CUST-00485,PRD-00008,2,0,Website,Wallet,Delivered,13998.23,02-09-24,06-09-24
ORD-005588,CUST-00765,PRD-00055,2,0,Website,Cash On Delivery,Delivered,2089.61,15-02-23,18-02-23
ORD-003025,CUST-00421,PRD-00019,2,0,Website,Wallet,Delivered,5919.72,17-01-23,22-01-23
ORD-003498,CUST-00482,PRD-00004,2,0,Website,Installment,Delivered,3744.22,27-11-23,04-12-23
ORD-001378,CUST-00186,PRD-00022,2,0,Website,Wallet,Delivered,14193.82,28-01-23,04-02-23
ORD-001318,CUST-00177,PRD-00136,2,0,Website,Credit Card,Delivered,310.7,14-03-23,18-03-23
ORD-005287,CUST-00722,PRD-00049,2,0,Website,Credit Card,Delivered,3627.21,21-03-23,27-03-23
ORD-003469,CUST-00477,PRD-00068,2,0,Website,Cash On Delivery,Delivered,1186.92,23-04-25,27-04-25
ORD-001682,CUST-00227,PRD-00142,2,0,Website,Credit Card,Delivered,29.02,29-06-23,07-05-23
ORD-003033,CUST-00423,PRD-00025,2,0,Website,Credit Card,Delivered,15750.99,05-04-24,11-04-24
ORD-000040,CUST-00006,PRD-00078,2,0,Website,Cash On Delivery,Delivered,803.87,14-10-25,16-10-25
ORD-000147,CUST-00021,PRD-00159,2,0,Marketplace,Credit Card,Delivered,195.16,15-08-23,19-08-23
ORD-004283,CUST-00598,PRD-00188,2,0,Marketplace,Wallet,Delivered,235.83,21-12-25,24-12-25
ORD-005315,CUST-00724,PRD-00081,2,0,Marketplace,Credit Card,Delivered,2904.61,09-07-23,10-07-23
ORD-002367,CUST-00331,PRD-00096,2,0,Marketplace,Cash On Delivery,Delivered,1013.61,20-11-25,22-11-25
ORD-001877,CUST-00263,PRD-00155,2,0,Marketplace,Wallet,Delivered,228.62,02-08-25,08-08-25
ORD-004375,CUST-00605,PRD-00011,2,0,Marketplace,Credit Card,Delivered,2785.74,07-07-23,11-07-23
ORD-004790,CUST-00656,PRD-00029,2,0,Marketplace,Cash On Delivery,Delivered,1141.21,30-09-23,10-05-23
ORD-001380,CUST-00186,PRD-00086,2,0,Marketplace,Cash On Delivery,Delivered,1754.49,30-06-24,05-07-24
ORD-003415,CUST-00471,PRD-00012,2,0,Marketplace,Wallet,Delivered,9488.69,21-11-25,23-11-25
ORD-005718,CUST-00783,PRD-00112,2,0,Marketplace,Cash On Delivery,Delivered,422.18,25-07-25,28-07-25
ORD-000768,CUST-00101,PRD-00166,2,0,Marketplace,Wallet,Delivered,1361.3,12-09-25,14-12-25
ORD-004578,CUST-00629,PRD-00109,2,0,Marketplace,Cash On Delivery,Delivered,252.4,05-07-24,11-07-24
ORD-003100,CUST-00431,PRD-00084,2,0,Marketplace,Credit Card,Delivered,600.09,17-07-23,23-07-23
ORD-003518,CUST-00484,PRD-00158,2,0,Marketplace,Wallet,Delivered,308.65,06-04-24,13-04-24
ORD-002632,CUST-00362,PRD-00153,2,0,Marketplace,Wallet,Delivered,321.69,24-11-24,29-11-24
ORD-002258,CUST-00316,PRD-00079,2,0,Marketplace,Installment,Delivered,646.3,19-01-25,20-01-25
ORD-000636,CUST-00084,PRD-00085,2,0,Marketplace,Installment,Delivered,265.37,16-01-24,19-01-24
ORD-000201,CUST-00027,PRD-00027,2,0,Marketplace,Cash On Delivery,Delivered,6528.78,04-01-24,02-04-24
ORD-002258,CUST-00316,PRD-00079,2,0,Marketplace,Installment,Delivered,646.3,19-01-25,20-01-25
ORD-003880,CUST-00544,PRD-00069,2,0,Marketplace,Installment,Delivered,1039.35,23-01-24,28-01-24
ORD-004511,CUST-00621,PRD-00010,2,0,Marketplace,Credit Card,Delivered,2297.75,13-09-25,19-09-25
ORD-001353,CUST-00181,PRD-00027,2,0,Marketplace,Wallet,Delivered,6528.78,21-12-24,27-12-24
ORD-002963,CUST-00410,PRD-00108,2,0,Marketplace,Credit Card,Delivered,230.98,23-07-25,29-07-25
ORD-002634,CUST-00362,PRD-00075,2,0,Marketplace,Cash On Delivery,Delivered,576.69,02-04-24,04-08-24
ORD-002205,CUST-00311,PRD-00054,2,0,Marketplace,Wallet,Delivered,1277.14,06-06-25,07-06-25
ORD-004658,CUST-00638,PRD-00120,2,0,Marketplace,Cash On Delivery,Delivered,538.56,31-10-24,04-11-24
ORD-001022,CUST-00139,PRD-00068,2,0,Marketplace,Credit Card,Delivered,1186.92,23-05-25,30-05-25
ORD-002220,CUST-00312,PRD-00173,2,0,Marketplace,Credit Card,Delivered,1584.06,15-01-25,19-01-25
ORD-000639,CUST-00085,PRD-00083,2,0,Marketplace,Credit Card,Delivered,1673.7,12-06-24,11-12-24
ORD-002833,CUST-00385,PRD-00169,2,0,Marketplace,Wallet,Delivered,3779.35,09-07-24,12-07-24
ORD-000107,CUST-00015,PRD-00046,2,0,Marketplace,Wallet,Delivered,1161.95,23-10-24,26-10-24
ORD-004070,CUST-00571,PRD-00114,2,0,Marketplace,Wallet,Delivered,864.91,10-02-25,11-02-25
ORD-004733,CUST-00648,PRD-00164,2,0,Marketplace,Wallet,Delivered,6039.64,03-05-25,10-05-25
ORD-000107,CUST-00015,PRD-00046,2,0,Marketplace,Wallet,Delivered,1161.95,23-10-24,26-10-24
ORD-000816,CUST-00110,PRD-00175,2,0,Marketplace,Installment,Delivered,3144.98,31-01-25,07-02-25
ORD-005345,CUST-00729,PRD-00031,2,0,Marketplace,Cash On Delivery,Delivered,376.78,30-11-25,04-12-25
ORD-001439,CUST-00195,PRD-00050,2,0,Marketplace,Credit Card,Delivered,6188.03,29-06-24,06-07-24
ORD-004067,CUST-00571,PRD-00083,2,0,Marketplace,Wallet,Delivered,1673.7,03-03-23,09-03-23
ORD-005382,CUST-00731,PRD-00140,2,0,Marketplace,Cash On Delivery,Delivered,168.61,11-10-25,12-10-25
ORD-001172,CUST-00161,PRD-00152,2,0,Marketplace,Cash On Delivery,Delivered,23.7,20-03-24,21-03-24
ORD-001922,CUST-00269,PRD-00024,2,0,Marketplace,Installment,Delivered,8840.39,18-03-24,20-03-24
ORD-004499,CUST-00619,PRD-00079,2,0,Marketplace,Wallet,Delivered,646.3,24-12-23,26-12-23
ORD-001028,CUST-00142,PRD-00017,2,0,Marketplace,Cash On Delivery,Delivered,4224.65,24-03-24,26-03-24
ORD-000905,CUST-00125,PRD-00155,2,0,Marketplace,Wallet,Delivered,228.62,07-12-23,14-12-23
ORD-001052,CUST-00145,PRD-00162,2,0,Marketplace,Credit Card,Delivered,1009.35,18-03-24,24-03-24
ORD-003113,CUST-00431,PRD-00063,2,0,Marketplace,Cash On Delivery,Delivered,3118.2,14-09-23,19-09-23
ORD-005123,CUST-00697,PRD-00003,2,0,Marketplace,Credit Card,Delivered,1534.69,15-12-25,17-12-25
ORD-000667,CUST-00090,PRD-00185,2,0,Marketplace,Wallet,Delivered,2013.53,09-10-24,14-10-24
ORD-004860,CUST-00664,PRD-00069,2,0,Marketplace,Wallet,Delivered,1039.35,29-05-25,06-02-25
ORD-004225,CUST-00591,PRD-00187,2,0,Marketplace,Installment,Delivered,5533.15,06-11-25,11-08-25
ORD-000827,CUST-00110,PRD-00141,2,0,Marketplace,Wallet,Delivered,265.4,19-09-23,24-09-23
ORD-001513,CUST-00206,PRD-00043,2,0,Marketplace,Wallet,Delivered,670.88,03-08-25,07-08-25
ORD-003922,CUST-00551,PRD-00120,2,0,Marketplace,Wallet,Delivered,538.56,29-08-24,02-09-24
ORD-004899,CUST-00667,PRD-00178,2,0,Marketplace,Installment,Delivered,583.55,19-08-24,22-08-24
ORD-005603,CUST-00766,PRD-00117,2,0,Marketplace,Credit Card,Delivered,440.45,31-07-24,02-08-24
ORD-002767,CUST-00375,PRD-00057,2,0,Marketplace,Installment,Delivered,5493.06,27-12-23,01-02-24
ORD-005146,CUST-99999,PRD-00143,2,0,Marketplace,Credit Card,Delivered,174.65,25-11-25,27-11-25
ORD-000108,CUST-00015,PRD-00016,2,0,Marketplace,Wallet,Delivered,6150.02,18-01-23,23-01-23
ORD-001468,CUST-00202,PRD-00176,2,0,Marketplace,Credit Card,Delivered,3014.74,21-11-25,22-11-25
ORD-002898,CUST-00398,PRD-00089,2,0,Marketplace,Credit Card,Delivered,370.11,31-03-24,03-04-24
ORD-002262,CUST-00317,PRD-00095,2,0,Marketplace,Cash On Delivery,Delivered,493.89,03-01-23,05-01-23
ORD-002145,CUST-00301,PRD-00068,2,0,Marketplace,Credit Card,Delivered,1186.92,23-10-24,24-10-24
ORD-001760,CUST-00240,PRD-00143,2,0,Marketplace,Credit Card,Delivered,174.65,01-08-23,08-07-23
ORD-003440,CUST-00473,PRD-00103,2,0,Marketplace,Installment,Delivered,275.52,28-04-25,05-03-25
ORD-000382,CUST-00048,PRD-00005,2,0,Marketplace,Installment,Delivered,5870.09,20-01-25,27-01-25
ORD-004603,CUST-00630,PRD-00046,2,0,Marketplace,Installment,Delivered,1161.95,25-03-23,30-03-23
ORD-002835,CUST-00385,PRD-00067,2,0,Mobile App,Cash On Delivery,Delivered,1590.28,15-11-24,17-11-24
ORD-001035,CUST-00143,PRD-00151,2,0,Mobile App,Credit Card,Delivered,125.16,27-08-23,29-08-23
ORD-003436,CUST-00473,PRD-00119,2,0,Mobile App,Installment,Delivered,898.59,09-05-25,11-05-25
ORD-002566,CUST-00354,PRD-00142,2,0,Mobile App,Wallet,Delivered,29.02,20-09-24,25-09-24
ORD-002827,CUST-00383,PRD-00130,2,0,Mobile App,Cash On Delivery,Delivered,93.92,11-08-24,18-08-24
ORD-003648,CUST-00502,PRD-00126,2,0,Mobile App,Credit Card,Delivered,340.64,02-08-23,09-08-23
ORD-001464,CUST-00202,PRD-00015,2,0,Mobile App,Cash On Delivery,Delivered,5715.8,28-05-24,29-05-24
ORD-003549,CUST-00487,PRD-00017,2,0,Mobile App,Wallet,Delivered,4224.65,25-11-23,29-11-23
ORD-001212,CUST-00165,PRD-00020,2,0,Mobile App,Wallet,Delivered,9661.76,06-04-24,07-06-24
ORD-000908,CUST-00125,PRD-00157,2,0,Mobile App,Installment,Delivered,186.52,15-06-24,21-06-24
ORD-005351,CUST-00729,PRD-00057,2,0,Mobile App,Installment,Delivered,5493.06,19-04-23,26-04-23
ORD-005419,CUST-00737,PRD-00013,2,0,Mobile App,Credit Card,Delivered,5695.33,25-11-24,30-11-24
ORD-004785,CUST-00654,PRD-00063,2,0,Mobile App,Wallet,Delivered,3118.2,09-01-25,15-01-25
ORD-002836,CUST-00385,PRD-00041,2,0,Mobile App,Wallet,Delivered,1168.7,06-11-24,07-11-24
ORD-000626,CUST-00084,PRD-00113,2,0,Mobile App,Installment,Delivered,719.15,25-12-24,27-12-24
ORD-000199,CUST-00027,PRD-00032,2,0,Mobile App,Wallet,Delivered,1547.2,22-12-23,23-12-23
ORD-004621,CUST-00634,PRD-00083,2,0,Mobile App,Credit Card,Delivered,1673.7,25-02-24,27-02-24
ORD-003807,CUST-00528,PRD-00036,2,0,Mobile App,Wallet,Delivered,2503.62,17-08-25,21-08-25
ORD-001253,CUST-00170,PRD-00128,2,0,Mobile App,Cash On Delivery,Delivered,812.88,30-11-23,07-12-23
ORD-003622,CUST-00498,PRD-00077,2,0,Mobile App,Installment,Delivered,3228.9,24-08-24,28-08-24
ORD-000126,CUST-00017,PRD-00025,2,0,Mobile App,Wallet,Delivered,15750.99,11-06-25,11-10-25
ORD-001300,CUST-00175,PRD-00185,2,0,Mobile App,Credit Card,Delivered,2013.53,14-10-23,15-10-23
ORD-003687,CUST-00507,PRD-00031,2,0,Mobile App,Credit Card,Delivered,376.78,06-10-25,13-10-25
ORD-003728,CUST-00516,PRD-00021,2,0,Mobile App,Cash On Delivery,Delivered,7707.69,08-03-25,10-03-25
ORD-001692,CUST-00230,PRD-00059,2,0,Mobile App,Credit Card,Delivered,1565.88,25-12-23,28-12-23
ORD-002690,CUST-00371,PRD-00001,2,0,Mobile App,Credit Card,Delivered,3019.28,28-01-25,02-04-25
ORD-004528,CUST-00623,PRD-00117,2,0,Mobile App,Installment,Delivered,440.45,06-05-23,13-05-23
ORD-001397,CUST-00189,PRD-00114,2,0,Mobile App,Cash On Delivery,Delivered,864.91,22-09-24,26-09-24
ORD-002962,CUST-00410,PRD-00024,2,0,Mobile App,Cash On Delivery,Delivered,8840.39,15-07-23,22-07-23
ORD-002894,CUST-00398,PRD-00045,2,0,Mobile App,Wallet,Delivered,4956.18,08-12-24,09-12-24
ORD-001976,CUST-00283,PRD-00052,2,0,Mobile App,Credit Card,Delivered,4557.53,12-10-23,16-12-23
ORD-005745,CUST-00788,PRD-00094,2,0,Mobile App,Credit Card,Delivered,286.11,23-07-24,27-07-24
ORD-004282,CUST-00598,PRD-00092,2,0,Mobile App,Installment,Delivered,727.52,04-11-23,06-11-23
ORD-005205,CUST-00705,PRD-00178,2,0,Mobile App,Credit Card,Delivered,583.55,15-06-24,16-06-24
ORD-005511,CUST-00753,PRD-00083,2,0,Mobile App,Credit Card,Delivered,1673.7,15-02-25,16-02-25
ORD-003048,CUST-00425,PRD-00124,2,0,Mobile App,Wallet,Delivered,152.17,09-12-23,15-12-23
ORD-004235,CUST-00592,PRD-00074,2,0,Mobile App,Cash On Delivery,Delivered,396.44,22-01-23,25-01-23
ORD-003114,CUST-00431,PRD-00128,2,0,Mobile App,Cash On Delivery,Delivered,812.88,24-01-24,30-01-24
ORD-002525,CUST-00348,PRD-00053,2,0,Mobile App,Credit Card,Delivered,933.2,24-07-25,25-07-25
ORD-001473,CUST-00203,PRD-00097,2,0,Mobile App,Credit Card,Delivered,550.73,14-05-23,17-05-23
ORD-003120,CUST-00433,PRD-00013,2,0,Mobile App,Credit Card,Delivered,5695.33,16-11-24,23-11-24
ORD-003725,CUST-00516,PRD-00032,2,0,Mobile App,Installment,Delivered,1547.2,21-12-25,28-12-25
ORD-004794,CUST-00656,PRD-00070,2,0,Mobile App,Installment,Delivered,1062.89,10-12-25,15-12-25
ORD-003315,CUST-00459,PRD-00157,2,0,Mobile App,Installment,Delivered,186.52,18-04-24,23-04-24
ORD-002120,CUST-00298,PRD-00087,2,0,Mobile App,Credit Card,Delivered,937.05,06-09-23,13-09-23
ORD-004831,CUST-00659,PRD-00165,2,0,Mobile App,Cash On Delivery,Delivered,1559.9,26-05-23,31-05-23
ORD-002636,CUST-00362,PRD-00174,2,0,Mobile App,Credit Card,Delivered,2379.8,27-10-24,29-10-24
ORD-005817,CUST-00796,PRD-00153,2,0,Mobile App,Installment,Delivered,321.69,11-04-23,17-04-23
ORD-002116,CUST-00297,PRD-00176,2,0,Mobile App,Wallet,Delivered,3014.74,21-01-23,23-01-23
ORD-003355,CUST-00461,PRD-00094,2,0,Mobile App,Installment,Delivered,286.11,15-07-24,20-07-24
ORD-001876,CUST-00262,PRD-00109,2,0,Mobile App,Credit Card,Delivered,252.4,28-11-24,05-12-24
ORD-003422,CUST-00471,PRD-00144,2,0,Mobile App,Cash On Delivery,Delivered,212.23,05-11-24,12-11-24
ORD-002389,CUST-00334,PRD-00085,2,0,Mobile App,Wallet,Delivered,265.37,04-07-25,12-04-25
ORD-000809,CUST-00109,PRD-00045,2,0,Mobile App,Wallet,Delivered,4956.18,18-02-23,25-02-23
ORD-002590,CUST-00356,PRD-00075,7,0,Mobile App,Wallet,Delivered,576.69,15-02-24,17-02-24
ORD-001604,CUST-00214,PRD-00060,7,0,Website,Wallet,Delivered,2586.89,03-09-23,08-09-23
ORD-003067,CUST-00427,PRD-00120,7,0,Marketplace,Credit Card,Delivered,538.56,02-09-24,09-05-24
ORD-004972,CUST-00673,PRD-00002,7,0,Website,Credit Card,Delivered,9414.07,05-11-24,11-11-24
ORD-000114,CUST-00016,PRD-00117,7,0,Marketplace,Installment,Delivered,440.45,31-05-25,04-06-25
ORD-002577,CUST-00355,PRD-00088,7,0,Website,Credit Card,Delivered,2384.43,12-05-24,15-05-24
ORD-002571,CUST-00355,PRD-00175,7,0,Marketplace,Cash On Delivery,Delivered,3144.98,29-04-24,05-01-24
ORD-003964,CUST-00557,PRD-00097,7,0,Website,Cash On Delivery,Delivered,550.73,04-07-24,06-07-24
ORD-003959,CUST-00557,PRD-00048,7,0,Website,Cash On Delivery,Delivered,616.54,10-09-25,13-09-25
ORD-002345,CUST-00327,PRD-00141,7,0,Website,Wallet,Delivered,265.4,01-06-24,09-01-24
ORD-004929,CUST-00671,PRD-00079,7,0,Website,Wallet,Delivered,646.3,22-08-25,25-08-25
ORD-005540,CUST-00758,PRD-00182,7,0,Marketplace,Cash On Delivery,Delivered,4312.02,14-03-25,21-03-25
ORD-005025,CUST-00682,PRD-00023,7,0,Marketplace,Credit Card,Delivered,11190.64,07-02-25,09-02-25
ORD-004970,CUST-00673,PRD-00184,7,0,Website,Wallet,Delivered,2621.44,02-05-25,09-05-25
ORD-005782,CUST-00791,PRD-00187,7,0,Mobile App,Installment,Delivered,5533.15,05-08-24,05-11-24
ORD-002903,CUST-00401,PRD-00064,7,0,Website,Credit Card,Delivered,1338.56,24-05-23,25-05-23
ORD-001281,CUST-00173,PRD-00168,7,0,Mobile App,Wallet,Delivered,3279.73,14-01-23,19-01-23
ORD-001867,CUST-00260,PRD-00089,7,0,Website,Credit Card,Delivered,370.11,09-06-24,06-10-24
ORD-002103,CUST-00295,PRD-00126,7,0,Website,Wallet,Delivered,340.64,27-03-23,03-04-23
ORD-000393,CUST-00050,PRD-00020,7,0,Mobile App,Wallet,Delivered,9661.76,16-08-25,18-08-25
ORD-005768,CUST-00791,PRD-00057,7,0,Mobile App,Installment,Delivered,5493.06,24-09-24,29-09-24
ORD-002591,CUST-00356,PRD-00153,7,0,Marketplace,Installment,Delivered,321.69,27-06-23,01-07-23
ORD-000427,CUST-00058,PRD-00087,7,0,Website,Wallet,Delivered,937.05,17-04-23,23-04-23
ORD-001369,CUST-00183,PRD-00147,7,0,Marketplace,Cash On Delivery,Delivered,222.8,07-09-24,10-09-24
ORD-001534,CUST-00207,PRD-00076,7,0,Mobile App,Cash On Delivery,Delivered,2045.06,03-10-24,16-03-24
ORD-004430,CUST-00611,PRD-00161,7,0,Mobile App,Wallet,Delivered,1342.19,08-01-23,13-01-23
ORD-000517,CUST-00069,PRD-00013,7,0,Website,Installment,Delivered,5695.33,18-06-23,19-06-23
ORD-003903,CUST-00547,PRD-00022,7,0,Mobile App,Credit Card,Delivered,14193.82,27-09-25,02-10-25
ORD-002645,CUST-00363,PRD-00132,7,0,Website,Installment,Delivered,436.68,19-08-23,26-08-23
ORD-005793,CUST-00793,PRD-00054,7,0,Website,Wallet,Delivered,1277.14,24-04-24,27-04-24
ORD-005548,CUST-00761,PRD-00121,7,0,Website,Credit Card,Delivered,307.1,25-02-25,02-03-25
ORD-002288,CUST-00319,PRD-00007,7,0,Website,Credit Card,Delivered,5375.75,20-05-24,23-05-24
ORD-000079,CUST-00009,PRD-00030,7,0,Marketplace,Wallet,Delivered,6643.61,17-11-23,18-11-23
ORD-004670,CUST-00639,PRD-00161,7,0,Website,Installment,Delivered,1342.19,15-12-23,17-12-23
ORD-005047,CUST-00685,PRD-00033,7,0,Marketplace,Installment,Delivered,1947.05,06-04-23,04-10-23
ORD-005441,CUST-00741,PRD-00004,7,0,Mobile App,Installment,Delivered,3744.22,13-07-24,20-07-24
ORD-003642,CUST-00500,PRD-00002,7,0,Marketplace,Installment,Delivered,9414.07,16-09-25,23-09-25
ORD-005725,CUST-00784,PRD-00029,7,0,Mobile App,Credit Card,Delivered,1141.21,10-03-25,12-03-25
ORD-002469,CUST-00341,PRD-00129,7,0,Mobile App,Credit Card,Delivered,23.89,15-02-23,19-02-23
ORD-001456,CUST-00201,PRD-00150,7,0,Marketplace,Credit Card,Delivered,84.86,01-02-25,02-04-25
ORD-005800,CUST-00794,PRD-00163,7,0,Marketplace,Cash On Delivery,Delivered,5049.75,03-01-24,01-09-24
ORD-005491,CUST-00751,PRD-00109,7,0,Marketplace,Wallet,Delivered,252.4,09-03-25,13-03-25
ORD-000751,CUST-00100,PRD-00103,7,0,Website,Wallet,Delivered,275.52,20-06-24,23-06-24
ORD-003585,CUST-00492,PRD-00084,7,0,Mobile App,Cash On Delivery,Delivered,600.09,27-03-25,30-03-25
ORD-002641,CUST-00363,PRD-00124,7,0,Website,Credit Card,Delivered,152.17,01-01-24,05-01-24
ORD-002813,CUST-00381,PRD-00185,7,0,Marketplace,Wallet,Delivered,2013.53,22-01-23,25-01-23
ORD-004437,CUST-00611,PRD-00129,7,0,Mobile App,Wallet,Delivered,23.89,31-03-25,04-04-25
ORD-002413,CUST-00336,PRD-00097,7,0,Mobile App,Cash On Delivery,Delivered,550.73,21-09-25,22-09-25
ORD-002019,CUST-00286,PRD-00113,7,0,Marketplace,Cash On Delivery,Delivered,719.15,01-05-25,06-01-25
ORD-004724,CUST-00645,PRD-00170,7,0,Website,Installment,Delivered,7690.28,18-01-23,19-01-23
ORD-004350,CUST-00603,PRD-00114,7,0,Website,Wallet,Delivered,864.91,10-03-25,16-03-25
ORD-002581,CUST-00355,PRD-00026,7,0,Mobile App,Installment,Delivered,13374.87,14-03-23,19-03-23
ORD-000391,CUST-00050,PRD-00066,7,0,Website,Credit Card,Delivered,531.75,14-04-24,21-04-24
ORD-000074,CUST-00009,PRD-00152,7,0,Marketplace,Wallet,Delivered,23.7,06-02-24,10-02-24
ORD-002823,CUST-00382,PRD-00104,7,0,Mobile App,Installment,Delivered,698.62,04-12-24,08-12-24
ORD-002093,CUST-00295,PRD-00084,7,0,Website,Installment,Delivered,600.09,17-11-25,24-11-25
ORD-004443,CUST-00613,PRD-00153,7,0,Mobile App,Wallet,Delivered,321.69,21-08-24,26-08-24
ORD-001152,CUST-00157,PRD-00072,7,0,Website,Wallet,Delivered,2087.47,12-09-24,13-09-24
ORD-000390,CUST-00050,PRD-00015,7,0,Mobile App,Credit Card,Delivered,5715.8,12-06-24,14-06-24
ORD-000722,CUST-00098,PRD-00146,7,0,Website,Wallet,Delivered,194.39,26-11-25,12-03-25
ORD-000078,CUST-00009,PRD-00035,7,0,Marketplace,Credit Card,Delivered,4561.67,31-10-24,01-11-24
ORD-005354,CUST-00730,PRD-00098,7,0,Website,Cash On Delivery,Delivered,718.7,04-01-23,01-08-23
ORD-005400,CUST-00734,PRD-00115,7,0,Marketplace,Credit Card,Delivered,290.78,18-09-24,24-09-24
ORD-003581,CUST-00492,PRD-00004,7,0,Website,Cash On Delivery,Delivered,3744.22,22-08-24,25-08-24
ORD-001448,CUST-00196,PRD-00025,7,0,Website,Credit Card,Delivered,15750.99,08-09-23,15-09-23
ORD-000577,CUST-00078,PRD-00011,7,0,Website,Wallet,Delivered,2785.74,11-05-25,13-05-25
ORD-002654,CUST-00366,PRD-00112,7,0,Marketplace,Cash On Delivery,Delivered,422.18,01-03-25,04-03-25
ORD-000254,CUST-00033,PRD-00171,7,0,Website,Installment,Delivered,1117.84,10-06-23,13-10-23
ORD-002943,CUST-00408,PRD-00006,7,0,Website,Cash On Delivery,Delivered,4094.1,01-02-25,04-02-25
ORD-004290,CUST-00600,PRD-00025,7,0,Marketplace,Credit Card,Delivered,15750.99,05-12-24,12-12-24
ORD-004990,CUST-00677,PRD-00023,7,0,Marketplace,Cash On Delivery,Delivered,11190.64,09-01-25,03-09-25
ORD-001357,CUST-00182,PRD-00180,7,0,Mobile App,Credit Card,Delivered,6579.05,05-11-23,11-11-23
ORD-005258,CUST-00718,PRD-00019,7,0,Website,Wallet,Delivered,5919.72,27-02-24,29-02-24
ORD-003012,CUST-00418,PRD-00122,7,0,Mobile App,Credit Card,Delivered,692.52,04-12-23,08-12-23
ORD-000287,CUST-00038,PRD-00024,7,0,Mobile App,Credit Card,Delivered,8840.39,05-03-25,10-03-25
ORD-005557,CUST-00761,PRD-00014,7,0,Marketplace,Wallet,Delivered,3474.75,27-12-23,31-12-23
ORD-001409,CUST-00191,PRD-00149,7,0,Marketplace,Cash On Delivery,Delivered,93.5,16-12-23,23-12-23
ORD-000466,CUST-00062,PRD-00149,7,0,Mobile App,Installment,Delivered,93.5,21-09-23,23-09-23
ORD-002888,CUST-00396,PRD-00002,7,0,Mobile App,Credit Card,Delivered,9414.07,05-03-25,03-02-25
ORD-005440,CUST-00741,PRD-00171,7,0,Website,Credit Card,Delivered,1117.84,16-10-25,22-10-25
ORD-005701,CUST-00781,PRD-00048,7,0,Marketplace,Cash On Delivery,Delivered,616.54,28-09-24,04-10-24
ORD-000796,CUST-00106,PRD-00078,7,0,Website,Installment,Delivered,803.87,18-09-23,20-09-23
ORD-002578,CUST-00355,PRD-00103,7,0,Marketplace,Credit Card,Delivered,275.52,22-02-25,25-02-25
ORD-005555,CUST-00761,PRD-00087,6,0,Marketplace,Credit Card,Delivered,937.05,06-11-24,14-06-24
ORD-005551,CUST-00761,PRD-00169,6,0,Website,Cash On Delivery,Delivered,3779.35,19-01-23,24-01-23
ORD-001259,CUST-00171,PRD-00068,6,0,Marketplace,Credit Card,Delivered,1186.92,27-01-25,02-02-25
ORD-002003,CUST-00286,PRD-00007,6,0,Website,Cash On Delivery,Delivered,5375.75,28-05-24,30-05-24
ORD-004687,CUST-00641,PRD-00125,6,0,Website,Credit Card,Delivered,151.72,25-05-25,30-05-25
ORD-005537,CUST-00758,PRD-00160,6,0,Website,Cash On Delivery,Delivered,214.1,01-03-23,07-03-23
ORD-000482,CUST-00065,PRD-00005,6,0,Website,Wallet,Delivered,5870.09,09-02-25,14-02-25
ORD-000795,CUST-00106,PRD-00181,6,0,Marketplace,Cash On Delivery,Delivered,7757.56,02-09-24,15-02-24
ORD-005369,CUST-00730,PRD-00019,6,0,Mobile App,Cash On Delivery,Delivered,5919.72,16-05-25,22-05-25
ORD-001777,CUST-00244,PRD-00173,6,0,Mobile App,Installment,Delivered,1584.06,22-10-24,28-10-24
ORD-004503,CUST-00620,PRD-00139,6,0,Mobile App,Wallet,Delivered,195.93,04-10-24,15-04-24
ORD-004411,CUST-00608,PRD-00164,6,0,Marketplace,Cash On Delivery,Delivered,6039.64,16-02-23,19-02-23
ORD-001667,CUST-00224,PRD-00048,6,0,Mobile App,Credit Card,Delivered,616.54,26-01-24,30-01-24
ORD-000120,CUST-00016,PRD-00111,6,0,Website,Credit Card,Delivered,291.55,17-03-24,20-03-24
ORD-004138,CUST-00585,PRD-00127,6,0,Marketplace,Cash On Delivery,Delivered,252.66,03-04-25,10-04-25
ORD-001457,CUST-00201,PRD-00079,6,0,Website,Credit Card,Delivered,646.3,27-01-23,28-01-23
ORD-003936,CUST-00554,PRD-00171,6,0,Mobile App,Credit Card,Delivered,1117.84,26-09-24,01-10-24
ORD-004958,CUST-00673,PRD-00149,6,0,Website,Installment,Delivered,93.5,01-08-23,01-07-23
ORD-004205,CUST-00590,PRD-00055,6,0,Website,Cash On Delivery,Delivered,2089.61,04-09-25,08-09-25
ORD-003933,CUST-00553,PRD-00034,6,0,Marketplace,Cash On Delivery,Delivered,4894.09,31-12-23,01-05-24
ORD-004288,CUST-00600,PRD-00067,6,0,Marketplace,Cash On Delivery,Delivered,1590.28,16-06-25,18-06-25
ORD-001746,CUST-00238,PRD-00095,6,0,Mobile App,Credit Card,Delivered,493.89,18-01-23,25-01-23
ORD-004435,CUST-00611,PRD-00012,6,0,Marketplace,Wallet,Delivered,9488.69,12-08-25,12-09-25
ORD-005007,CUST-00678,PRD-00124,6,0,Mobile App,Installment,Delivered,152.17,23-01-23,26-01-23
ORD-001866,CUST-00260,PRD-00050,6,0,Website,Installment,Delivered,6188.03,06-06-24,11-06-24
ORD-001630,CUST-00220,PRD-00181,6,0,Marketplace,Cash On Delivery,Delivered,7757.56,31-12-24,28-12-24
ORD-002273,CUST-00318,PRD-00079,6,0,Mobile App,Credit Card,Delivered,646.3,31-03-24,05-04-24
ORD-005614,CUST-00769,PRD-00041,6,0,Marketplace,Installment,Delivered,1168.7,30-07-23,06-08-23
ORD-004330,CUST-00603,PRD-00022,6,0,Marketplace,Credit Card,Delivered,14193.82,04-12-25,09-12-25
ORD-002946,CUST-00408,PRD-00063,6,0,Website,Installment,Delivered,3118.2,20-12-23,24-12-23
ORD-002134,CUST-00300,PRD-00046,6,0,Website,Cash On Delivery,Delivered,1161.95,24-11-25,01-12-25
ORD-000417,CUST-00057,PRD-00028,6,0,Website,Credit Card,Delivered,6404.22,12-08-25,15-08-25
ORD-002646,CUST-00364,PRD-00072,6,0,Marketplace,Cash On Delivery,Delivered,2087.47,21-12-24,23-12-24
ORD-005554,CUST-00761,PRD-00052,6,0,Marketplace,Cash On Delivery,Delivered,4557.53,30-11-24,03-12-24
ORD-002576,CUST-00355,PRD-00020,6,0,Mobile App,Cash On Delivery,Delivered,9661.76,07-08-24,08-12-24
ORD-004713,CUST-00644,PRD-00142,6,0,Website,Cash On Delivery,Delivered,29.02,28-06-23,03-07-23
ORD-002006,CUST-00286,PRD-00147,6,0,Website,Cash On Delivery,Delivered,222.8,04-11-24,10-11-24
ORD-005830,CUST-00799,PRD-00163,6,0,Marketplace,Installment,Delivered,5049.75,01-03-24,02-03-24
ORD-001600,CUST-00214,PRD-00015,6,0,Mobile App,Credit Card,Delivered,5715.8,21-07-25,27-07-25
ORD-002508,CUST-00346,PRD-00027,6,0,Website,Wallet,Delivered,6528.78,17-01-23,21-01-23
ORD-003946,CUST-00556,PRD-00043,6,0,Website,Credit Card,Delivered,670.88,22-01-24,25-01-24
ORD-004947,CUST-00671,PRD-00029,6,0,Marketplace,Wallet,Delivered,1141.21,11-12-25,16-12-25
ORD-004444,CUST-00613,PRD-00151,6,0,Marketplace,Wallet,Delivered,125.16,05-11-24,17-05-24
ORD-000255,CUST-00033,PRD-00117,6,0,Website,Cash On Delivery,Delivered,440.45,01-02-24,08-02-24
ORD-004074,CUST-00573,PRD-00184,6,0,Marketplace,Wallet,Delivered,2621.44,31-03-25,07-04-25
ORD-005562,CUST-00762,PRD-00185,6,0,Website,Cash On Delivery,Delivered,2013.53,02-02-25,02-09-25
ORD-002496,CUST-00343,PRD-00007,6,0,Website,Installment,Delivered,5375.75,18-11-25,21-11-25
ORD-000933,CUST-00129,PRD-00184,6,0,Website,Cash On Delivery,Delivered,2621.44,14-08-23,21-08-23
ORD-001801,CUST-00247,PRD-00050,6,0,Mobile App,Installment,Delivered,6188.03,23-10-23,29-10-23
ORD-001328,CUST-00178,PRD-00185,6,0,Marketplace,Cash On Delivery,Delivered,2013.53,07-11-25,11-11-25
ORD-003598,CUST-00494,PRD-00034,6,0,Website,Wallet,Delivered,4894.09,07-11-25,12-11-25
ORD-005495,CUST-00751,PRD-00136,6,0,Mobile App,Credit Card,Delivered,310.7,17-02-23,22-02-23
ORD-005767,CUST-00791,PRD-00080,6,0,Mobile App,Wallet,Delivered,1092.22,23-09-24,29-09-24
ORD-001364,CUST-00182,PRD-00077,6,0,Website,Installment,Delivered,3228.9,24-03-23,25-03-23
ORD-004948,CUST-00671,PRD-00103,6,0,Marketplace,Installment,Delivered,275.52,14-06-23,20-06-23
ORD-002549,CUST-00352,PRD-00075,6,0,Mobile App,Cash On Delivery,Delivered,576.69,28-10-23,01-11-23
ORD-005093,CUST-00693,PRD-00033,6,0,Mobile App,Cash On Delivery,Delivered,1947.05,09-01-25,16-01-25
ORD-002343,CUST-00327,PRD-00038,6,0,Marketplace,Cash On Delivery,Delivered,2707.61,28-01-24,30-01-24
ORD-001824,CUST-00253,PRD-00127,6,0,Mobile App,Installment,Delivered,252.66,24-03-24,28-03-24
ORD-000037,CUST-00005,PRD-00075,6,0,Mobile App,Wallet,Delivered,576.69,29-02-24,04-03-24
ORD-002751,CUST-00374,PRD-00023,6,0,Mobile App,Wallet,Delivered,11190.64,30-03-24,05-04-24
ORD-001733,CUST-00238,PRD-00021,6,0,Website,Cash On Delivery,Delivered,7707.69,25-12-25,28-12-25
ORD-005627,CUST-00771,PRD-00163,6,0,Marketplace,Cash On Delivery,Delivered,5049.75,11-12-25,17-12-25
ORD-005486,CUST-00751,PRD-00104,6,0,Marketplace,Installment,Delivered,698.62,06-01-25,09-01-25
ORD-004991,CUST-00677,PRD-00023,6,0,Marketplace,Credit Card,Delivered,11190.64,02-02-24,09-02-24
ORD-003711,CUST-00514,PRD-00080,6,0,Website,Wallet,Delivered,1092.22,01-04-24,07-04-24
ORD-000258,CUST-00033,PRD-00092,6,0,Website,Wallet,Delivered,727.52,01-12-23,02-12-23
ORD-000938,CUST-00129,PRD-00002,6,0,Mobile App,Wallet,Delivered,9414.07,28-12-25,04-01-26
ORD-004207,CUST-00590,PRD-00095,6,0,Website,Credit Card,Delivered,493.89,19-08-25,21-08-25
ORD-002271,CUST-00318,PRD-00037,6,0,Mobile App,Installment,Delivered,2145.36,30-01-24,01-02-24
ORD-005020,CUST-00682,PRD-00053,6,0,Marketplace,Installment,Delivered,933.2,14-08-25,17-08-25
ORD-002280,CUST-00319,PRD-00044,6,0,Mobile App,Credit Card,Delivered,3309.62,10-05-23,12-05-23
ORD-000853,CUST-00113,PRD-00048,6,0,Website,Wallet,Delivered,616.54,25-12-23,26-12-23
ORD-000985,CUST-00134,PRD-00038,6,0,Marketplace,Cash On Delivery,Delivered,2707.61,19-06-24,25-06-24
ORD-001006,CUST-00137,PRD-00007,6,0,Website,Installment,Delivered,5375.75,27-06-23,01-07-23
ORD-000473,CUST-00064,PRD-00142,6,0,Mobile App,Credit Card,Delivered,29.02,15-10-24,17-10-24
ORD-003958,CUST-00557,PRD-00168,6,0,Mobile App,Credit Card,Delivered,3279.73,29-03-23,31-03-23
ORD-000232,CUST-00031,PRD-00154,6,0,Marketplace,Credit Card,Delivered,175.83,24-04-25,01-05-25
ORD-002377,CUST-00333,PRD-00083,6,0,Marketplace,Cash On Delivery,Delivered,1673.7,30-07-24,05-08-24
ORD-002587,CUST-00356,PRD-00003,6,0,Marketplace,Cash On Delivery,Delivered,1534.69,05-01-24,01-11-24
ORD-005067,CUST-00688,PRD-00086,9,0,Mobile App,Cash On Delivery,Delivered,1754.49,21-03-25,25-03-25
ORD-004216,CUST-00590,PRD-00138,9,0,Website,Wallet,Delivered,293.11,19-12-23,26-12-23
ORD-003947,CUST-00556,PRD-00067,9,0,Mobile App,Installment,Delivered,1590.28,25-04-24,29-04-24
ORD-002580,CUST-00355,PRD-00033,9,0,Mobile App,Installment,Delivered,1947.05,01-12-25,12-02-25
ORD-000021,CUST-00005,PRD-00040,9,0,Marketplace,Cash On Delivery,Delivered,1977.22,05-11-25,09-11-25
ORD-001229,CUST-00168,PRD-00121,9,0,Mobile App,Credit Card,Delivered,307.1,29-11-25,01-12-25
ORD-004766,CUST-00652,PRD-00018,9,0,Mobile App,Credit Card,Delivered,8604.46,14-11-24,20-11-24
ORD-000989,CUST-00134,PRD-00039,9,0,Website,Wallet,Delivered,2748.05,22-02-25,25-02-25
ORD-000053,CUST-00007,PRD-00153,9,0,Website,Wallet,Delivered,321.69,11-12-24,16-12-24
ORD-002130,CUST-00300,PRD-00117,9,0,Website,Cash On Delivery,Delivered,440.45,28-09-24,10-01-24
ORD-000158,CUST-00022,PRD-00161,9,0,Website,Wallet,Delivered,1342.19,23-11-24,29-11-24
ORD-005787,CUST-00792,PRD-00186,9,0,Mobile App,Wallet,Delivered,4878.71,16-10-23,18-10-23
ORD-003578,CUST-00492,PRD-00068,9,0,Marketplace,Wallet,Delivered,1186.92,25-03-23,26-03-23
ORD-004669,CUST-00639,PRD-00066,9,0,Mobile App,Credit Card,Delivered,531.75,20-08-23,17-08-23
ORD-002999,CUST-00416,PRD-00121,9,0,Website,Cash On Delivery,Delivered,307.1,07-03-24,13-03-24
ORD-000937,CUST-00129,PRD-00188,9,0,Website,Cash On Delivery,Delivered,235.83,29-03-24,30-03-24
ORD-004854,CUST-00663,PRD-00117,9,0,Mobile App,Credit Card,Delivered,440.45,07-02-24,05-07-24
ORD-001129,CUST-00153,PRD-00020,9,0,Marketplace,Cash On Delivery,Delivered,9661.76,07-11-23,10-11-23
ORD-005308,CUST-00723,PRD-00111,9,0,Mobile App,Wallet,Delivered,291.55,28-08-25,29-08-25
ORD-004545,CUST-00625,PRD-00065,9,0,Marketplace,Cash On Delivery,Delivered,1220.64,24-07-24,30-07-24
ORD-002155,CUST-00302,PRD-00155,9,0,Mobile App,Installment,Delivered,228.62,16-11-23,17-11-23
ORD-005433,CUST-00740,PRD-00121,9,0,Marketplace,Installment,Delivered,307.1,04-05-25,11-05-25
ORD-001535,CUST-00207,PRD-00128,9,0,Website,Installment,Delivered,812.88,10-01-24,15-01-24
ORD-005211,CUST-00707,PRD-00007,9,0,Mobile App,Cash On Delivery,Delivered,5375.75,28-12-24,30-12-24
ORD-005726,CUST-00784,PRD-00165,9,0,Mobile App,Wallet,Delivered,1559.9,17-01-24,21-01-24
ORD-004695,CUST-00642,PRD-00112,9,0,Marketplace,Credit Card,Delivered,422.18,24-11-23,01-12-23
ORD-001676,CUST-00226,PRD-00107,9,0,Marketplace,Wallet,Delivered,803.85,04-07-25,11-04-25
ORD-000259,CUST-00033,PRD-00085,9,0,Marketplace,Cash On Delivery,Delivered,265.37,01-04-25,04-03-25
ORD-002055,CUST-00291,PRD-00096,9,0,Marketplace,Installment,Delivered,1013.61,12-02-25,16-02-25
ORD-004077,CUST-00573,PRD-00186,9,0,Marketplace,Installment,Delivered,4878.71,18-09-24,19-09-24
ORD-002142,CUST-00300,PRD-00113,9,0,Mobile App,Cash On Delivery,Delivered,719.15,25-12-24,31-12-24
ORD-002479,CUST-00343,PRD-00085,9,0,Mobile App,Installment,Delivered,265.37,14-05-25,20-05-25
ORD-002474,CUST-00342,PRD-00187,9,0,Website,Wallet,Delivered,5533.15,12-04-24,12-07-24
ORD-004134,CUST-00585,PRD-00085,9,0,Marketplace,Wallet,Delivered,265.37,25-04-23,26-04-23
ORD-003576,CUST-00491,PRD-00168,9,0,Website,Credit Card,Delivered,3279.73,25-03-23,31-03-23
ORD-004674,CUST-00639,PRD-00079,9,0,Website,Installment,Delivered,646.3,09-06-25,10-09-25
ORD-004997,CUST-00677,PRD-00142,9,0,Marketplace,Installment,Delivered,29.02,27-03-24,03-04-24
ORD-001134,CUST-00153,PRD-00014,9,0,Website,Credit Card,Delivered,3474.75,03-04-25,08-04-25
ORD-004959,CUST-00673,PRD-00107,9,0,Mobile App,Cash On Delivery,Delivered,803.85,08-06-24,06-10-24
ORD-003074,CUST-00428,PRD-00159,9,0,Mobile App,Wallet,Delivered,195.16,19-06-25,24-06-25
ORD-001041,CUST-00144,PRD-00112,9,0,Website,Cash On Delivery,Delivered,422.18,03-06-23,09-06-23
ORD-003481,CUST-00479,PRD-00181,9,0,Website,Cash On Delivery,Delivered,7757.56,26-09-23,01-10-23
ORD-001367,CUST-00182,PRD-00006,9,0,Website,Installment,Delivered,4094.1,16-09-24,17-09-24
ORD-003599,CUST-00494,PRD-00020,9,0,Mobile App,Installment,Delivered,9661.76,15-06-24,17-06-24
ORD-002944,CUST-00408,PRD-00063,9,0,Website,Cash On Delivery,Delivered,3118.2,21-07-23,24-07-23
ORD-002361,CUST-00330,PRD-00123,9,0,Marketplace,Installment,Delivered,83.93,09-10-25,15-10-25
ORD-001660,CUST-00224,PRD-00096,9,0,Marketplace,Installment,Delivered,1013.61,28-11-25,02-12-25
ORD-005334,CUST-00727,PRD-00017,9,0,Website,Installment,Delivered,4224.65,30-05-23,03-06-23
ORD-000445,CUST-00059,PRD-00181,9,0,Website,Wallet,Delivered,7757.56,21-01-23,24-01-23
ORD-002382,CUST-00333,PRD-00181,9,0,Website,Credit Card,Delivered,7757.56,11-12-24,18-12-24
ORD-004100,CUST-00577,PRD-00106,9,0,Website,Installment,Delivered,1124.04,30-01-25,05-02-25
ORD-004169,CUST-00587,PRD-00022,9,0,Website,Wallet,Delivered,14193.82,01-03-25,02-03-25
ORD-002385,CUST-00333,PRD-00058,9,0,Mobile App,Cash On Delivery,Delivered,3308.87,19-10-23,25-10-23
ORD-005493,CUST-00751,PRD-00106,9,0,Website,Credit Card,Delivered,1124.04,02-04-24,07-02-24
ORD-003996,CUST-00562,PRD-00097,9,0,Marketplace,Wallet,Delivered,550.73,15-08-24,20-08-24
ORD-003745,CUST-00519,PRD-00158,9,0,Marketplace,Credit Card,Delivered,308.65,12-02-23,19-02-23
ORD-003931,CUST-00553,PRD-00145,9,0,Website,Installment,Delivered,116.01,13-11-24,17-11-24
ORD-000983,CUST-00134,PRD-00042,9,0,Marketplace,Wallet,Delivered,1460.4,13-02-23,18-02-23
ORD-005328,CUST-00727,PRD-00145,9,0,Mobile App,Installment,Delivered,116.01,17-03-25,20-03-25
ORD-001778,CUST-00244,PRD-00035,9,0,Mobile App,Installment,Delivered,4561.67,21-06-24,27-06-24
ORD-000575,CUST-00078,PRD-00023,9,0,Website,Credit Card,Delivered,11190.64,05-10-24,17-05-24
ORD-002433,CUST-00338,PRD-00058,9,0,Website,Credit Card,Delivered,3308.87,10-01-23,16-01-23
ORD-004712,CUST-00644,PRD-00035,9,0,Marketplace,Installment,Delivered,4561.67,01-03-23,03-02-23
ORD-001537,CUST-00207,PRD-00105,9,0,Mobile App,Cash On Delivery,Delivered,840.93,20-01-25,21-01-25
ORD-005003,CUST-00677,PRD-00145,9,0,Mobile App,Credit Card,Delivered,116.01,11-12-23,13-12-23
ORD-003789,CUST-00526,PRD-00173,9,0,Marketplace,Installment,Delivered,1584.06,18-12-25,25-12-25
ORD-002478,CUST-00342,PRD-00163,9,0,Mobile App,Wallet,Delivered,5049.75,01-12-25,07-12-25
ORD-005735,CUST-00786,PRD-00048,9,0,Mobile App,Credit Card,Delivered,616.54,28-02-24,05-03-24
ORD-001734,CUST-00238,PRD-00077,10,0,Website,Credit Card,Delivered,3228.9,27-10-23,03-11-23
ORD-005254,CUST-00715,PRD-00118,10,0,Website,Installment,Delivered,341.03,15-06-24,17-06-24
ORD-005333,CUST-00727,PRD-00110,10,0,Marketplace,Installment,Delivered,443.5,13-08-25,14-08-25
ORD-004467,CUST-00616,PRD-00024,10,0,Mobile App,Credit Card,Delivered,8840.39,29-06-24,06-07-24
ORD-004522,CUST-00622,PRD-00133,10,0,Website,Cash On Delivery,Delivered,174.99,22-09-25,28-09-25
ORD-003942,CUST-00556,PRD-00046,10,0,Mobile App,Cash On Delivery,Delivered,1161.95,23-10-25,27-10-25
ORD-003718,CUST-00515,PRD-00070,10,0,Mobile App,Cash On Delivery,Delivered,1062.89,11-12-23,14-12-23
ORD-002138,CUST-00300,PRD-00008,10,0,Mobile App,Installment,Delivered,13998.23,07-07-24,12-07-24
ORD-000925,CUST-00129,PRD-00165,10,0,Website,Cash On Delivery,Delivered,1559.9,03-10-23,09-10-23
ORD-001740,CUST-00238,PRD-00168,10,0,Marketplace,Installment,Delivered,3279.73,05-04-23,04-10-23
ORD-002373,CUST-00333,PRD-00107,10,0,Marketplace,Credit Card,Delivered,803.85,19-12-24,23-12-24
ORD-004158,CUST-00587,PRD-00016,10,0,Website,Installment,Delivered,6150.02,03-07-24,04-07-24
ORD-001621,CUST-00217,PRD-00069,10,0,Website,Wallet,Delivered,1039.35,03-08-24,09-03-24
ORD-002650,CUST-00364,PRD-00011,10,0,Mobile App,Credit Card,Delivered,2785.74,16-03-24,18-03-24
ORD-005783,CUST-00791,PRD-00084,10,0,Website,Installment,Delivered,600.09,05-12-24,11-12-24
ORD-002476,CUST-00342,PRD-00160,10,0,Marketplace,Cash On Delivery,Delivered,214.1,28-11-25,12-01-25
ORD-004284,CUST-00599,PRD-00035,10,0,Marketplace,Wallet,Delivered,4561.67,26-12-24,29-12-24
ORD-001426,CUST-00191,PRD-00157,10,0,Website,Installment,Delivered,186.52,30-06-23,01-07-23
ORD-001289,CUST-00174,PRD-00111,10,0,Marketplace,Credit Card,Delivered,291.55,13-01-23,17-01-23
ORD-002810,CUST-00381,PRD-00148,10,0,Marketplace,Installment,Delivered,63.15,01-11-24,11-06-24
ORD-005356,CUST-00730,PRD-99999,10,0,Mobile App,Wallet,Delivered,3308.87,22-04-24,24-04-24
ORD-002921,CUST-00401,PRD-00003,10,0,Marketplace,Wallet,Delivered,1534.69,30-05-23,06-06-23
ORD-003149,CUST-00436,PRD-00123,10,0,Website,Installment,Delivered,83.93,25-11-24,02-12-24
ORD-001454,CUST-00199,PRD-00062,10,0,Mobile App,Credit Card,Delivered,271.83,03-10-25,30-09-25
ORD-000062,CUST-00007,PRD-00065,10,0,Website,Wallet,Delivered,1220.64,18-06-23,21-06-23
ORD-004697,CUST-00642,PRD-00078,10,0,Website,Wallet,Delivered,803.87,03-11-23,07-11-23
ORD-004452,CUST-00614,PRD-00002,10,0,Website,Cash On Delivery,Delivered,9414.07,14-12-25,19-12-25
ORD-002048,CUST-00290,PRD-00110,10,0,Website,Wallet,Delivered,443.5,17-11-24,18-11-24
ORD-002046,CUST-00290,PRD-00114,10,0,Website,Installment,Delivered,864.91,30-03-25,31-03-25
ORD-001189,CUST-00164,PRD-00010,10,0,Mobile App,Credit Card,Delivered,2297.75,29-12-23,01-01-24
ORD-003764,CUST-00521,PRD-00123,10,0,Website,Cash On Delivery,Delivered,83.93,18-05-24,25-05-24
ORD-003568,CUST-00491,PRD-00038,10,0,Mobile App,Credit Card,Delivered,2707.61,26-12-25,29-12-25
ORD-003072,CUST-00427,PRD-00071,10,0,Marketplace,Cash On Delivery,Delivered,657.42,16-03-23,23-03-23
ORD-000030,CUST-00005,PRD-00110,10,0,Website,Installment,Delivered,443.5,10-11-25,08-11-25
ORD-000480,CUST-00065,PRD-00127,10,0,Marketplace,Credit Card,Delivered,252.66,06-08-25,15-06-25
ORD-002574,CUST-00355,PRD-00165,10,0,Marketplace,Wallet,Delivered,1559.9,14-01-23,15-01-23
ORD-001128,CUST-00153,PRD-00183,10,0,Mobile App,Wallet,Delivered,6588.34,23-12-25,28-12-25
ORD-001863,CUST-00260,PRD-00057,10,0,Mobile App,Wallet,Delivered,5493.06,17-12-25,19-12-25
ORD-005633,CUST-00771,PRD-00029,10,0,Marketplace,Installment,Delivered,1141.21,07-12-25,14-12-25
ORD-000095,CUST-00011,PRD-00173,10,0,Website,Wallet,Delivered,1584.06,08-01-24,06-08-24
ORD-004839,CUST-00660,PRD-00109,10,0,Marketplace,Wallet,Delivered,252.4,05-12-23,12-11-23
ORD-004151,CUST-00587,PRD-00019,10,0,Marketplace,Wallet,Delivered,5919.72,22-11-25,29-11-25
ORD-004153,CUST-00587,PRD-00082,10,0,Mobile App,Cash On Delivery,Delivered,1269.02,17-04-25,22-04-25
ORD-002139,CUST-00300,PRD-00045,10,0,Marketplace,Cash On Delivery,Delivered,4956.18,30-10-24,02-11-24
ORD-002573,CUST-00355,PRD-00142,10,0,Mobile App,Installment,Delivered,29.02,21-12-24,26-12-24
ORD-001561,CUST-00210,PRD-00035,10,0,Mobile App,Credit Card,Delivered,4561.67,05-11-25,09-11-25
ORD-004140,CUST-00586,PRD-00119,10,0,Website,Cash On Delivery,Delivered,898.59,06-03-23,05-06-23
ORD-001045,CUST-00144,PRD-00045,10,0,Mobile App,Credit Card,Delivered,4956.18,04-03-23,03-10-23
ORD-002097,CUST-00295,PRD-00019,10,0,Website,Credit Card,Delivered,5919.72,15-01-23,18-01-23
ORD-005664,CUST-00776,PRD-00055,10,0,Website,Credit Card,Delivered,2089.61,27-08-25,30-08-25
ORD-002830,CUST-00384,PRD-00037,10,0,Marketplace,Wallet,Delivered,2145.36,05-04-23,09-04-23
ORD-003007,CUST-00417,PRD-00063,10,0,Marketplace,Credit Card,Delivered,3118.2,29-11-23,12-03-23
ORD-004853,CUST-00663,PRD-00081,10,0,Marketplace,Credit Card,Delivered,2904.61,06-01-23,11-01-23
ORD-001042,CUST-00144,PRD-00098,10,0,Marketplace,Installment,Delivered,718.7,22-11-25,25-11-25
ORD-000293,CUST-00038,PRD-00089,10,0,Mobile App,Cash On Delivery,Delivered,370.11,22-04-23,26-04-23
ORD-004079,CUST-00573,PRD-00018,10,0,Website,Wallet,Delivered,8604.46,14-07-25,17-07-25
ORD-001736,CUST-00238,PRD-00130,10,0,Website,Cash On Delivery,Delivered,93.92,11-11-23,12-11-23
ORD-000261,CUST-00033,PRD-00144,10,0,Mobile App,Installment,Delivered,212.23,08-02-25,13-02-25
ORD-005516,CUST-00754,PRD-00063,10,0,Website,Cash On Delivery,Delivered,3118.2,01-06-24,05-06-24
ORD-000086,CUST-00011,PRD-00081,10,0,Website,Installment,Delivered,2904.61,16-05-25,20-05-25
ORD-002056,CUST-00291,PRD-00145,10,0,Marketplace,Installment,Delivered,116.01,17-12-25,21-12-25
ORD-000753,CUST-00100,PRD-00040,10,0,Mobile App,Cash On Delivery,Delivered,1977.22,24-12-25,25-12-25
ORD-004439,CUST-00611,PRD-00179,10,0,Marketplace,Installment,Delivered,2311.13,19-11-24,22-11-24
ORD-000300,CUST-00038,PRD-00152,10,0,Marketplace,Cash On Delivery,Delivered,23.7,25-01-24,01-02-24
ORD-002649,CUST-00364,PRD-00084,10,0,Website,Credit Card,Delivered,600.09,20-04-23,25-04-23
ORD-005489,CUST-00751,PRD-00030,8,0,Marketplace,Wallet,Delivered,6643.61,28-02-25,04-03-25
ORD-001963,CUST-00281,PRD-00075,8,0,Mobile App,Credit Card,Delivered,576.69,21-03-25,27-03-25
ORD-001278,CUST-00173,PRD-00041,8,0,Marketplace,Credit Card,Delivered,1168.7,10-08-23,08-11-23
ORD-000866,CUST-00118,PRD-00139,8,0,Website,Installment,Delivered,195.93,05-02-25,06-05-25
ORD-004507,CUST-00620,PRD-00115,8,0,Marketplace,Cash On Delivery,Delivered,290.78,02-11-23,06-11-23
ORD-001147,CUST-00156,PRD-00137,8,0,Marketplace,Installment,Delivered,328.81,28-03-23,01-04-23
ORD-004725,CUST-00645,PRD-00157,8,0,Website,Installment,Delivered,186.52,22-10-25,25-10-25
ORD-000523,CUST-00071,PRD-00116,8,0,Marketplace,Wallet,Delivered,466.13,24-11-25,30-11-25
ORD-004432,CUST-00611,PRD-00104,8,0,Marketplace,Wallet,Delivered,698.62,29-10-24,30-10-24
ORD-004431,CUST-00611,PRD-00060,8,0,Mobile App,Cash On Delivery,Delivered,2586.89,29-04-24,01-05-24
ORD-003762,CUST-00521,PRD-00032,8,0,Mobile App,Installment,Delivered,1547.2,25-09-24,30-09-24
ORD-001359,CUST-00182,PRD-00162,8,0,Marketplace,Wallet,Delivered,1009.35,27-08-25,02-09-25
ORD-004962,CUST-00673,PRD-00094,8,0,Marketplace,Credit Card,Delivered,286.11,21-12-24,26-12-24
ORD-001070,CUST-00146,PRD-00049,8,0,Mobile App,Installment,Delivered,3627.21,18-10-25,24-10-25
ORD-001959,CUST-00279,PRD-00142,8,0,Marketplace,Wallet,Delivered,29.02,01-03-25,03-03-25
ORD-005795,CUST-00793,PRD-00030,8,0,Website,Installment,Delivered,6643.61,17-11-24,22-11-24
ORD-000234,CUST-00031,PRD-00047,8,0,Mobile App,Installment,Delivered,3368.82,13-01-24,17-01-24
ORD-003071,CUST-00427,PRD-00157,8,0,Website,Cash On Delivery,Delivered,186.52,18-05-25,19-05-25
ORD-004837,CUST-00660,PRD-00118,8,0,Mobile App,Cash On Delivery,Delivered,341.03,13-03-25,18-03-25
ORD-004210,CUST-00590,PRD-00143,8,0,Website,Credit Card,Delivered,174.65,09-07-24,14-07-24
ORD-001945,CUST-00278,PRD-00138,8,0,Marketplace,Wallet,Delivered,293.11,30-12-24,01-06-25
ORD-002294,CUST-00319,PRD-00128,8,0,Marketplace,Installment,Delivered,812.88,03-10-23,09-10-23
ORD-000023,CUST-00005,PRD-00105,8,0,Mobile App,Cash On Delivery,Delivered,840.93,24-09-25,27-09-25
ORD-004139,CUST-00585,PRD-00161,8,0,Mobile App,Wallet,Delivered,1342.19,01-10-23,02-10-23
ORD-002349,CUST-00329,PRD-00111,8,0,Mobile App,Credit Card,Delivered,291.55,18-12-25,25-12-25
ORD-005826,CUST-00799,PRD-00036,8,0,Mobile App,Wallet,Delivered,2503.62,24-10-23,31-10-23
ORD-001149,CUST-00156,PRD-00143,8,0,Marketplace,Cash On Delivery,Delivered,174.65,15-09-25,18-09-25
ORD-005306,CUST-00723,PRD-00160,8,0,Marketplace,Credit Card,Delivered,214.1,06-01-24,11-01-24
ORD-002868,CUST-00390,PRD-00147,8,0,Marketplace,Credit Card,Delivered,222.8,28-11-25,01-12-25
ORD-004952,CUST-00673,PRD-00153,8,0,Marketplace,Installment,Delivered,321.69,25-10-25,01-11-25
ORD-005653,CUST-00774,PRD-00153,8,0,Mobile App,Installment,Delivered,321.69,20-07-24,21-07-24
ORD-000416,CUST-00057,PRD-00073,8,0,Website,Credit Card,Delivered,2603.44,12-08-23,14-08-23
ORD-004546,CUST-00625,PRD-00153,8,0,Mobile App,Credit Card,Delivered,321.69,12-12-24,13-12-24
ORD-005661,CUST-00776,PRD-00038,8,0,Marketplace,Installment,Delivered,2707.61,09-12-23,12-11-23
ORD-001923,CUST-00270,PRD-00088,8,0,Marketplace,Wallet,Delivered,2384.43,28-04-23,05-05-23
ORD-004676,CUST-00640,PRD-00185,8,0,Mobile App,Installment,Delivered,2013.53,20-08-24,24-08-24
ORD-004128,CUST-00584,PRD-00010,8,0,Mobile App,Installment,Delivered,2297.75,25-06-25,26-06-25
ORD-005655,CUST-00774,PRD-00162,8,0,Marketplace,Installment,Delivered,1009.35,09-02-24,16-02-24
ORD-001177,CUST-00162,PRD-00057,8,0,Website,Cash On Delivery,Delivered,5493.06,02-10-25,15-02-25
ORD-003288,CUST-00456,PRD-00137,8,0,Mobile App,Wallet,Delivered,328.81,18-12-24,19-12-24
ORD-003885,CUST-00545,PRD-00181,8,0,Mobile App,Credit Card,Delivered,7757.56,02-12-24,08-12-24
ORD-005834,CUST-00800,PRD-00053,8,0,Mobile App,Cash On Delivery,Delivered,933.2,06-02-25,06-09-25
ORD-002805,CUST-00381,PRD-00024,8,0,Website,Cash On Delivery,Delivered,8840.39,04-08-25,14-04-25
ORD-002015,CUST-00286,PRD-00146,8,0,Marketplace,Installment,Delivered,194.39,09-04-24,13-04-24
ORD-002429,CUST-00336,PRD-00042,8,0,Marketplace,Wallet,Delivered,1460.4,12-02-25,15-02-25
ORD-002157,CUST-00302,PRD-00097,8,0,Website,Wallet,Delivered,550.73,15-01-23,18-01-23
ORD-001139,CUST-00154,PRD-00026,8,0,Mobile App,Cash On Delivery,Delivered,13374.87,08-07-24,10-07-24
ORD-004327,CUST-00602,PRD-00164,8,0,Mobile App,Cash On Delivery,Delivered,6039.64,21-04-23,24-04-23
ORD-003963,CUST-00557,PRD-00095,8,0,Mobile App,Cash On Delivery,Delivered,493.89,25-01-25,23-01-25
ORD-005011,CUST-00678,PRD-00081,8,0,Mobile App,Installment,Delivered,2904.61,29-12-23,30-12-23
ORD-005135,CUST-00699,PRD-00117,8,0,Website,Cash On Delivery,Delivered,440.45,26-11-24,28-11-24
ORD-001673,CUST-00226,PRD-00051,8,0,Website,Cash On Delivery,Delivered,4568.48,02-08-23,08-07-23
ORD-005788,CUST-00792,PRD-00054,8,0,Marketplace,Cash On Delivery,Delivered,1277.14,21-09-24,22-09-24
ORD-001565,CUST-00210,PRD-00161,8,0,Website,Installment,Delivered,1342.19,09-10-24,16-10-24
ORD-003611,CUST-00497,PRD-00010,8,0,Website,Installment,Delivered,2297.75,30-08-23,04-09-23
ORD-001063,CUST-00146,PRD-00138,8,0,Mobile App,Cash On Delivery,Delivered,293.11,12-01-23,16-01-23
ORD-005802,CUST-00794,PRD-00091,8,0,Mobile App,Installment,Delivered,1667.87,03-07-25,10-03-25
ORD-002994,CUST-00416,PRD-00046,8,0,Marketplace,Cash On Delivery,Delivered,1161.95,20-10-25,24-10-25
ORD-004951,CUST-00672,PRD-00123,8,0,Marketplace,Cash On Delivery,Delivered,83.93,21-11-25,24-11-25
ORD-004682,CUST-00641,PRD-00061,8,0,Marketplace,Cash On Delivery,Delivered,1707.55,13-12-23,16-12-23
ORD-001816,CUST-00251,PRD-00170,8,0,Marketplace,Wallet,Delivered,7690.28,30-08-24,09-01-24
ORD-001956,CUST-00279,PRD-00026,8,0,Mobile App,Credit Card,Delivered,13374.87,08-03-24,12-03-24
ORD-002414,CUST-00336,PRD-00052,8,0,Marketplace,Cash On Delivery,Delivered,4557.53,18-12-24,23-12-24
ORD-005494,CUST-00751,PRD-00037,10,0,Mobile App,Cash On Delivery,Pending,2145.36,14-09-25,15-09-25
ORD-005000,CUST-00677,PRD-00181,8,0,Marketplace,Credit Card,Pending,7757.56,03-05-24,06-03-24
ORD-003584,CUST-00492,PRD-00026,8,0,Mobile App,Credit Card,Returned,13374.87,29-08-24,09-02-24
ORD-004454,CUST-00614,PRD-00019,9,0,Mobile App,Installment,Pending,5919.72,26-06-23,01-07-23
ORD-001950,CUST-00278,PRD-00014,9,0,Marketplace,Credit Card,Returned,3474.75,20-02-25,21-02-25
ORD-002057,CUST-00291,PRD-00032,7,0,Marketplace,Wallet,Pending,1547.2,06-01-23,09-01-23
ORD-002266,CUST-00318,PRD-00165,6,0,Marketplace,Wallet,Cancelled,1559.9,12-02-23,16-02-23
ORD-005208,CUST-00707,PRD-00086,6,0,Mobile App,Credit Card,Returned,1754.49,10-09-24,16-09-24
ORD-005365,CUST-00730,PRD-00004,7,0,Marketplace,Credit Card,Returned,3744.22,28-04-25,05-05-25
ORD-004938,CUST-00671,PRD-00101,6,0,Marketplace,Wallet,Cancelled,658.37,08-07-25,11-08-25
ORD-004212,CUST-00590,PRD-00098,8,0,Website,Installment,Cancelled,718.7,12-05-25,19-05-25
ORD-001571,CUST-00210,PRD-00046,10,0,Mobile App,Installment,Pending,1161.95,17-01-24,20-01-24
ORD-005484,CUST-00751,PRD-00059,7,0,Marketplace,Wallet,Cancelled,1565.88,23-04-25,27-04-25
ORD-002583,CUST-00355,PRD-00101,8,0,Marketplace,Credit Card,Pending,658.37,19-03-25,22-03-25
ORD-000068,CUST-00007,PRD-00183,7,0,Mobile App,Wallet,Pending,6588.34,23-06-25,26-06-25
ORD-004001,CUST-00562,PRD-99999,7,0,Mobile App,Wallet,Cancelled,8840.39,31-05-25,06-06-25
ORD-003937,CUST-00554,PRD-00151,6,0,Website,Cash On Delivery,Pending,125.16,17-09-23,21-09-23
ORD-005153,CUST-00701,PRD-00130,10,0,Website,Installment,Pending,93.92,23-04-24,26-04-24
ORD-004081,CUST-00574,PRD-00124,10,0,Marketplace,Installment,Pending,152.17,16-03-24,14-03-24
ORD-003930,CUST-00553,PRD-00184,9,0,Marketplace,Installment,Returned,2621.44,08-03-24,09-08-24
ORD-001137,CUST-00154,PRD-00002,6,0,Mobile App,Cash On Delivery,Cancelled,9414.07,24-11-24,26-11-24
ORD-001749,CUST-00239,PRD-00077,9,0,Website,Credit Card,Pending,3228.9,06-11-24,11-11-24
ORD-003176,CUST-00439,PRD-00053,7,0,Marketplace,Cash On Delivery,Pending,933.2,04-10-24,13-04-24
ORD-004108,CUST-00579,PRD-00006,9,0,Mobile App,Wallet,Pending,4094.1,13-07-25,19-07-25
ORD-004520,CUST-00622,PRD-00020,8,0,Mobile App,Wallet,Returned,9661.76,02-04-25,04-08-25
ORD-004514,CUST-00622,PRD-00120,10,0,Website,Installment,Pending,538.56,15-05-24,18-05-24
ORD-000984,CUST-00134,PRD-00132,8,0,Website,Credit Card,Pending,436.68,17-12-24,23-12-24
ORD-001679,CUST-00226,PRD-00004,9,0,Mobile App,Cash On Delivery,Pending,3744.22,13-04-25,15-04-25
ORD-002052,CUST-00291,PRD-00045,8,0,Website,Cash On Delivery,Returned,4956.18,01-10-24,03-10-24
ORD-003070,CUST-00427,PRD-00183,7,0,Marketplace,Cash On Delivery,Pending,6588.34,29-08-24,09-03-24
ORD-000063,CUST-00007,PRD-00177,6,0,Website,Credit Card,Returned,5234.78,04-06-23,06-06-23
ORD-002642,CUST-00363,PRD-00133,6,0,Website,Wallet,Pending,174.99,27-01-23,02-01-23
ORD-004681,CUST-00641,PRD-00003,10,0,Website,Cash On Delivery,Pending,1534.69,03-08-24,08-05-24
ORD-005008,CUST-00678,PRD-00069,8,0,Marketplace,Cash On Delivery,Pending,1039.35,07-03-23,05-07-23
ORD-005432,CUST-00740,PRD-00027,9,0,Website,Installment,Cancelled,6528.78,09-04-23,09-07-23
ORD-004156,CUST-00587,PRD-00108,10,0,Website,Installment,Pending,230.98,03-12-25,17-03-25
ORD-000608,CUST-00082,PRD-00134,9,0,Marketplace,Cash On Delivery,Returned,165,28-05-24,02-06-24
ORD-001677,CUST-00226,PRD-00033,10,0,Marketplace,Cash On Delivery,Cancelled,1947.05,20-12-24,21-12-24
ORD-005270,CUST-00719,PRD-00013,6,0,Website,Wallet,Cancelled,5695.33,28-02-25,02-03-25
ORD-000165,CUST-00022,PRD-00074,8,0,Marketplace,Credit Card,Returned,396.44,18-01-24,20-01-24
ORD-004145,CUST-00586,PRD-00158,9,0,Website,Installment,Returned,308.65,17-04-25,24-04-25
ORD-004303,CUST-00600,PRD-00067,6,0,Marketplace,Credit Card,Returned,1590.28,13-09-25,16-09-25
ORD-002102,CUST-00295,PRD-00156,7,0,Website,Wallet,Pending,250.31,11-09-25,10-11-25
ORD-005539,CUST-00758,PRD-00091,9,0,Website,Installment,Returned,1667.87,29-11-23,06-12-23
ORD-002417,CUST-00336,PRD-00153,10,0,Mobile App,Installment,Pending,321.69,02-11-25,05-11-25
ORD-004218,CUST-00590,PRD-00123,10,0,Mobile App,Cash On Delivery,Pending,83.93,19-06-25,26-06-25
ORD-005143,CUST-00699,PRD-00015,9,0,Website,Installment,Pending,5715.8,13-12-25,19-12-25
ORD-001365,CUST-00182,PRD-00005,8,0,Website,Wallet,Cancelled,5870.09,07-08-25,08-10-25
ORD-005828,CUST-00799,PRD-00053,7,0,Mobile App,Wallet,Pending,933.2,06-05-24,08-05-24
ORD-002908,CUST-00401,PRD-00172,9,0,Marketplace,Installment,Returned,4391.94,13-05-25,15-05-25
ORD-001356,CUST-00182,PRD-00022,8,0,Website,Credit Card,Cancelled,14193.82,17-08-24,19-08-24
ORD-002579,CUST-00355,PRD-00076,8,0,Marketplace,Wallet,Returned,2045.06,03-11-24,18-03-24
ORD-003014,CUST-00418,PRD-00138,9,0,Website,Cash On Delivery,Pending,293.11,22-07-24,23-07-24
ORD-004846,CUST-00661,PRD-00175,6,0,Marketplace,Cash On Delivery,Pending,3144.98,25-06-24,02-07-24
ORD-001383,CUST-00187,PRD-00002,8,0,Marketplace,Cash On Delivery,Pending,9414.07,28-11-25,05-12-25
ORD-000693,CUST-00092,PRD-00062,8,0,Marketplace,Installment,Cancelled,271.83,20-09-24,22-09-24
ORD-001073,CUST-00146,PRD-00149,6,0,Website,Installment,Returned,93.5,19-06-24,26-06-24
ORD-004685,CUST-00641,PRD-00074,10,0,Marketplace,Cash On Delivery,Returned,396.44,15-07-25,17-07-25
ORD-002341,CUST-00327,PRD-00162,7,0,Mobile App,Cash On Delivery,Pending,1009.35,13-05-23,19-05-23
ORD-005023,CUST-00682,PRD-00089,9,0,Marketplace,Credit Card,Pending,370.11,30-01-23,01-02-23
ORD-000178,CUST-00023,PRD-00166,7,0,Website,Installment,Returned,1361.3,11-08-23,13-11-23
ORD-003027,CUST-00422,PRD-00062,10,0,Marketplace,Credit Card,Returned,271.83,10-04-24,15-04-24
ORD-001949,CUST-00278,PRD-00091,10,0,Marketplace,Cash On Delivery,Returned,1667.87,15-11-24,17-11-24
ORD-002431,CUST-00338,PRD-00061,10,0,Marketplace,Cash On Delivery,Returned,1707.55,28-12-24,03-01-25
ORD-005760,CUST-00789,PRD-00188,8,0,Website,Wallet,Pending,235.83,05-03-24,03-12-24
ORD-005443,CUST-00741,PRD-00008,8,0,Website,Wallet,Cancelled,13998.23,05-12-23,12-08-23
ORD-003026,CUST-00422,PRD-00066,9,0,Website,Credit Card,Pending,531.75,19-11-23,26-11-23
ORD-005260,CUST-00719,PRD-00052,6,0,Mobile App,Installment,Returned,4557.53,17-08-25,24-08-25
ORD-000434,CUST-00058,PRD-00060,9,0,Mobile App,Credit Card,Cancelled,2586.89,12-04-25,17-04-25
ORD-004690,CUST-00641,PRD-00180,10,0,Mobile App,Wallet,Pending,6579.05,12-12-23,13-12-23
ORD-000444,CUST-00059,PRD-00061,10,0,Website,Credit Card,Cancelled,1707.55,21-09-23,23-09-23
ORD-002430,CUST-00337,PRD-00152,9,0,Website,Credit Card,Pending,23.7,20-02-24,23-02-24
ORD-001573,CUST-00210,PRD-00132,9,0,Marketplace,Wallet,Cancelled,436.68,23-10-24,24-10-24
ORD-001446,CUST-00196,PRD-00076,6,0,Mobile App,Cash On Delivery,Cancelled,2045.06,15-05-24,17-05-24
ORD-001803,CUST-00247,PRD-00031,10,0,Marketplace,Credit Card,Pending,376.78,04-07-25,12-04-25
ORD-005263,CUST-00719,PRD-00024,7,0,Marketplace,Credit Card,Returned,8840.39,07-11-24,08-11-24
ORD-005325,CUST-00726,PRD-00164,8,0,Website,Wallet,Pending,6039.64,03-05-23,05-05-23
ORD-003002,CUST-00417,PRD-00047,6,0,Marketplace,Cash On Delivery,Returned,3368.82,20-01-25,27-01-25
ORD-004289,CUST-00600,PRD-00103,10,0,Marketplace,Wallet,Returned,275.52,09-04-23,10-04-23
ORD-002917,CUST-00401,PRD-00188,6,0,Mobile App,Cash On Delivery,Returned,235.83,08-10-23,15-10-23
ORD-005651,CUST-00774,PRD-00165,10,0,Website,Cash On Delivery,Returned,1559.9,27-07-25,03-08-25
ORD-005330,CUST-00727,PRD-00125,7,0,Website,Installment,Pending,151.72,21-08-25,27-08-25
ORD-001674,CUST-00226,PRD-00023,10,0,Marketplace,Cash On Delivery,Pending,11190.64,06-06-25,13-06-25
ORD-001425,CUST-00191,PRD-00090,6,0,Mobile App,Credit Card,Pending,1391.99,20-04-25,24-04-25
ORD-000579,CUST-00078,PRD-00165,10,0,Mobile App,Wallet,Cancelled,1559.9,13-12-25,14-12-25
ORD-002352,CUST-00329,PRD-00075,9,0,Mobile App,Installment,Pending,576.69,21-11-23,22-11-23
ORD-002420,CUST-00336,PRD-00173,9,0,Website,Installment,Cancelled,1584.06,20-03-23,24-03-23
ORD-000783,CUST-00103,PRD-00187,6,0,Mobile App,Wallet,Cancelled,5533.15,09-12-24,14-12-24
ORD-002421,CUST-00336,PRD-00040,6,0,Mobile App,Credit Card,Returned,1977.22,11-09-25,17-09-25
ORD-004168,CUST-00587,PRD-00015,7,0,Website,Installment,Cancelled,5715.8,01-07-25,13-01-25
ORD-005547,CUST-00760,PRD-00003,6,0,Mobile App,Installment,Returned,1534.69,31-05-25,05-06-25
ORD-002912,CUST-00401,PRD-00098,7,0,Website,Installment,Cancelled,718.7,04-11-23,06-11-23
ORD-005130,CUST-00699,PRD-00169,8,0,Website,Credit Card,Returned,3779.35,12-05-24,07-12-24
ORD-004261,CUST-00597,PRD-00083,8,0,Website,Wallet,Cancelled,1673.7,08-11-23,09-11-23
ORD-003688,CUST-00508,PRD-00075,6,0,Mobile App,Cash On Delivery,Returned,576.69,30-09-25,06-10-25
ORD-000782,CUST-00103,PRD-00160,6,0,Website,Installment,Returned,214.1,07-05-23,12-05-23
ORD-005703,CUST-00781,PRD-00158,7,0,Mobile App,Cash On Delivery,Cancelled,308.65,12-06-24,12-09-24
ORD-002125,CUST-00299,PRD-00086,8,0,Marketplace,Credit Card,Cancelled,1754.49,12-05-24,11-12-24
ORD-000869,CUST-00118,PRD-00139,10,0,Website,Credit Card,Cancelled,195.93,09-11-24,11-11-24
ORD-005831,CUST-00799,PRD-00188,9,0,Mobile App,Installment,Returned,235.83,27-12-23,01-01-24
ORD-005781,CUST-00791,PRD-00153,10,0,Website,Wallet,Pending,321.69,17-07-24,19-07-24
ORD-004264,CUST-00597,PRD-00048,7,0,Website,Cash On Delivery,Returned,616.54,20-03-23,26-03-23
ORD-002001,CUST-00285,PRD-00160,8,0,Mobile App,Credit Card,Pending,214.1,15-04-25,18-04-25
ORD-004440,CUST-00611,PRD-00005,8,0,Website,Credit Card,Cancelled,5870.09,29-11-25,05-12-25
ORD-002472,CUST-00341,PRD-00003,7,0,Mobile App,Credit Card,Cancelled,1534.69,26-08-24,01-09-24
ORD-000294,CUST-00038,PRD-00118,8,0,Website,Installment,Cancelled,341.03,04-08-24,08-05-24
ORD-005648,CUST-00774,PRD-00114,6,0,Marketplace,Credit Card,Cancelled,864.91,24-08-23,25-08-23
ORD-000421,CUST-00057,PRD-00110,8,0,Website,Cash On Delivery,Cancelled,443.5,30-04-25,06-05-25
ORD-004956,CUST-00673,PRD-00060,7,0,Marketplace,Wallet,Cancelled,2586.89,23-09-23,24-09-23
ORD-004995,CUST-00677,PRD-00155,9,0,Website,Credit Card,Pending,228.62,08-12-23,13-12-23
ORD-000990,CUST-00134,PRD-00034,7,0,Marketplace,Credit Card,Pending,4894.09,07-02-24,12-02-24
ORD-002012,CUST-00286,PRD-00153,7,0,Marketplace,Cash On Delivery,Returned,321.69,15-03-23,17-03-23
ORD-000443,CUST-00059,PRD-00185,8,0,Mobile App,Cash On Delivery,Cancelled,2013.53,02-08-23,09-08-23
ORD-001948,CUST-00278,PRD-00100,10,0,Marketplace,Installment,Pending,555.91,23-02-23,24-02-23
ORD-005305,CUST-00723,PRD-00057,7,0,Mobile App,Wallet,Cancelled,5493.06,16-08-23,17-08-23
ORD-002251,CUST-00315,PRD-00187,6,0,Mobile App,Credit Card,Cancelled,5533.15,05-11-25,07-11-25
ORD-005754,CUST-00789,PRD-00048,7,0,Website,Cash On Delivery,Returned,616.54,03-10-25,14-03-25
ORD-000298,CUST-00038,PRD-00161,7,0,Mobile App,Wallet,Returned,1342.19,20-12-25,22-12-25
ORD-001445,CUST-00196,PRD-00024,10,0,Marketplace,Wallet,Pending,8840.39,02-06-23,03-06-23
ORD-004306,CUST-00600,PRD-00150,6,0,Marketplace,Cash On Delivery,Returned,84.86,29-11-25,02-12-25
ORD-002197,CUST-00309,PRD-00003,9,0,Website,Credit Card,Cancelled,1534.69,27-11-24,01-12-24
ORD-005630,CUST-00771,PRD-00068,9,0,Marketplace,Installment,Pending,1186.92,24-01-25,28-01-25
ORD-002109,CUST-00296,PRD-00168,6,0,Marketplace,Installment,Cancelled,3279.73,21-03-23,24-03-23
ORD-002877,CUST-00393,PRD-00184,7,0,Marketplace,Cash On Delivery,Pending,2621.44,01-03-24,02-03-24
ORD-001261,CUST-00171,PRD-00129,6,0,Marketplace,Credit Card,Cancelled,23.89,12-02-24,18-02-24
ORD-000616,CUST-00082,PRD-00129,7,0,Website,Credit Card,Pending,23.89,15-10-24,17-10-24
ORD-004221,CUST-00590,PRD-00038,7,0,Mobile App,Cash On Delivery,Returned,2707.61,25-01-25,26-01-25
ORD-005543,CUST-00758,PRD-00107,7,0,Marketplace,Wallet,Cancelled,803.85,05-02-23,02-04-23
ORD-003394,CUST-00467,PRD-00033,7,0,Marketplace,Installment,Cancelled,1947.05,18-11-25,20-11-25
ORD-003900,CUST-00547,PRD-00170,9,0,Marketplace,Credit Card,Pending,7690.28,08-12-25,10-12-25
ORD-005343,CUST-00727,PRD-00066,6,0,Website,Wallet,Pending,531.75,09-09-24,13-09-24
ORD-000028,CUST-00005,PRD-00044,10,0,Marketplace,Credit Card,Cancelled,3309.62,07-05-25,12-05-25
ORD-002100,CUST-00295,PRD-00037,6,0,Mobile App,Installment,Cancelled,2145.36,15-07-24,20-07-24
ORD-005625,CUST-00771,PRD-00164,9,0,Marketplace,Cash On Delivery,Cancelled,6039.64,23-12-25,26-12-25
ORD-003721,CUST-00515,PRD-00004,9,0,Marketplace,Credit Card,Cancelled,3744.22,02-05-25,02-08-25
ORD-002362,CUST-00330,PRD-00122,10,0,Mobile App,Credit Card,Pending,692.52,10-05-24,12-10-24
ORD-003890,CUST-00545,PRD-00156,10,0,Website,Cash On Delivery,Returned,250.31,05-04-23,07-04-23
ORD-002470,CUST-00341,PRD-00123,10,0,Mobile App,Wallet,Returned,83.93,16-04-25,20-04-25
ORD-005542,CUST-00758,PRD-00163,8,0,Marketplace,Installment,Cancelled,5049.75,13-04-25,17-04-25
ORD-002747,CUST-00374,PRD-00166,10,0,Website,Wallet,Pending,1361.3,26-05-23,27-05-23
ORD-001608,CUST-00215,PRD-00121,7,0,Marketplace,Cash On Delivery,Returned,307.1,25-02-25,03-01-25
ORD-004936,CUST-00671,PRD-00172,9,0,Mobile App,Credit Card,Pending,4391.94,26-01-24,28-01-24
ORD-004338,CUST-00603,PRD-00188,10,0,Mobile App,Cash On Delivery,Pending,235.83,03-02-24,08-02-24
ORD-003179,CUST-00439,PRD-00104,6,0,Website,Cash On Delivery,Cancelled,698.62,02-11-23,15-02-23
ORD-000855,CUST-00115,PRD-00085,9,0,Marketplace,Credit Card,Returned,265.37,16-01-23,19-01-23
ORD-005262,CUST-00719,PRD-00170,10,0,Website,Wallet,Cancelled,7690.28,25-10-25,26-10-25
ORD-000068,CUST-00007,PRD-00183,7,0,Mobile App,Wallet,Pending,6588.34,23-06-25,26-06-25
ORD-003765,CUST-00521,PRD-00169,8,0,Mobile App,Installment,Pending,3779.35,09-01-24,07-09-24
ORD-001776,CUST-00244,PRD-00076,6,0,Marketplace,Cash On Delivery,Pending,2045.06,14-07-24,21-07-24
ORD-002059,CUST-00291,PRD-00017,8,0,Marketplace,Installment,Pending,4224.65,13-09-24,16-09-24
ORD-000089,CUST-00011,PRD-00053,9,0,Marketplace,Cash On Delivery,Pending,933.2,16-07-25,21-07-25
ORD-004655,CUST-00637,PRD-00012,8,0,Mobile App,Cash On Delivery,Pending,9488.69,15-04-23,21-04-23
ORD-003780,CUST-00524,PRD-00178,7,0,Marketplace,Wallet,Cancelled,583.55,19-08-23,25-08-23
ORD-000428,CUST-00058,PRD-00127,6,0,Marketplace,Installment,Pending,252.66,09-07-23,10-07-23
ORD-001953,CUST-00279,PRD-00109,7,0,Website,Cash On Delivery,Cancelled,252.4,23-07-23,29-07-23
ORD-003006,CUST-00417,PRD-00015,8,0,Mobile App,Credit Card,Returned,5715.8,19-03-25,22-03-25
ORD-005357,CUST-00730,PRD-00100,8,0,Marketplace,Cash On Delivery,Pending,555.91,15-05-23,17-05-23
ORD-005492,CUST-00751,PRD-00009,7,0,Marketplace,Installment,Pending,1433.71,28-11-25,29-11-25
ORD-002203,CUST-00310,PRD-00026,6,0,Marketplace,Installment,Pending,13374.87,03-05-24,12-03-24
ORD-001062,CUST-00146,PRD-00025,9,0,Website,Wallet,Cancelled,15750.99,22-11-23,26-11-23
ORD-004085,CUST-00577,PRD-00086,8,0,Marketplace,Wallet,Pending,1754.49,11-05-23,15-05-23
ORD-004933,CUST-00671,PRD-00168,6,0,Marketplace,Wallet,Cancelled,3279.73,22-05-25,25-05-25
ORD-004150,CUST-00587,PRD-00128,10,0,Mobile App,Wallet,Pending,812.88,12-05-24,19-05-24
ORD-000022,CUST-00005,PRD-00025,8,0,Website,Installment,Cancelled,15750.99,08-03-24,03-12-24
ORD-004955,CUST-00673,PRD-00119,7,0,Website,Installment,Cancelled,898.59,21-03-25,23-03-25
ORD-000484,CUST-00065,PRD-00129,7,0,Marketplace,Wallet,Pending,23.89,12-02-25,14-02-25
ORD-000508,CUST-00069,PRD-00067,10,0,Website,Wallet,Cancelled,1590.28,09-01-23,13-01-23
ORD-003079,CUST-00429,PRD-00050,10,0,Website,Cash On Delivery,Returned,6188.03,24-11-23,30-11-23
ORD-005500,CUST-00751,PRD-00017,6,0,Marketplace,Credit Card,Cancelled,4224.65,13-10-25,18-10-25
ORD-002105,CUST-00295,PRD-00003,7,0,Marketplace,Installment,Cancelled,1534.69,08-02-25,02-11-25
ORD-002064,CUST-00291,PRD-00058,7,0,Marketplace,Credit Card,Pending,3308.87,30-08-23,09-04-23
ORD-000692,CUST-00092,PRD-00132,7,0,Website,Credit Card,Returned,436.68,04-10-24,15-04-24
ORD-002750,CUST-00374,PRD-00120,7,0,Marketplace,Credit Card,Cancelled,538.56,13-02-24,17-02-24
ORD-001860,CUST-00260,PRD-00062,9,0,Mobile App,Installment,Cancelled,271.83,27-02-25,04-03-25
ORD-001291,CUST-00174,PRD-00006,6,0,Website,Credit Card,Pending,4094.1,21-10-24,26-10-24
ORD-003016,CUST-00418,PRD-00119,8,0,Marketplace,Wallet,Returned,898.59,09-10-25,12-10-25
ORD-002053,CUST-00291,PRD-00044,9,0,Mobile App,Installment,Cancelled,3309.62,22-04-25,28-04-25
ORD-004668,CUST-00639,PRD-00154,6,0,Marketplace,Installment,Cancelled,175.83,14-08-24,19-08-24
ORD-000091,CUST-00011,PRD-00171,6,0,Marketplace,Credit Card,Returned,1117.84,04-08-24,09-08-24
ORD-004343,CUST-00603,PRD-00012,9,0,Marketplace,Installment,Returned,9488.69,16-04-24,23-04-24
ORD-005069,CUST-00688,PRD-00039,10,0,Website,Wallet,Returned,2748.05,21-10-25,24-10-25
ORD-000075,CUST-00009,PRD-00026,6,0,Mobile App,Credit Card,Returned,13374.87,11-11-24,12-11-24
ORD-002822,CUST-00382,PRD-00070,6,0,Marketplace,Credit Card,Returned,1062.89,05-01-24,01-09-24
ORD-005623,CUST-00771,PRD-00107,7,0,Website,Credit Card,Cancelled,803.85,20-12-23,23-12-23
ORD-003312,CUST-00458,PRD-00024,9,0,Mobile App,Wallet,Returned,8840.39,05-05-23,05-10-23
ORD-004334,CUST-00603,PRD-00044,6,0,Marketplace,Wallet,Pending,3309.62,15-06-23,19-06-23
ORD-004672,CUST-00639,PRD-00145,7,0,Website,Wallet,Returned,116.01,16-05-25,18-05-25
ORD-000465,CUST-00062,PRD-00069,6,0,Mobile App,Credit Card,Pending,1039.35,11-12-24,16-12-24
ORD-005544,CUST-00758,PRD-00087,8,0,Marketplace,Installment,Cancelled,937.05,29-06-23,05-07-23
ORD-004965,CUST-00673,PRD-00125,6,0,Mobile App,Credit Card,Returned,151.72,04-05-24,08-05-24
ORD-004998,CUST-00677,PRD-00142,8,0,Mobile App,Installment,Cancelled,29.02,24-01-25,26-01-25
ORD-002495,CUST-00343,PRD-00061,8,0,Marketplace,Cash On Delivery,Pending,1707.55,29-09-23,02-10-23
ORD-002812,CUST-00381,PRD-00123,10,0,Marketplace,Installment,Returned,83.93,20-09-23,26-09-23
ORD-002112,CUST-00296,PRD-00022,6,0,Mobile App,Installment,Cancelled,14193.82,24-04-24,27-04-24
ORD-004341,CUST-00603,PRD-00137,6,0,Mobile App,Installment,Returned,328.81,05-12-23,12-08-23
ORD-000139,CUST-00019,PRD-00067,10,0,Website,Cash On Delivery,Cancelled,1590.28,10-07-25,11-07-25
ORD-002020,CUST-00286,PRD-00164,6,0,Marketplace,Installment,Returned,6039.64,29-12-23,01-01-24
ORD-003905,CUST-00547,PRD-00166,7,0,Website,Wallet,Returned,1361.3,22-12-23,28-12-23
ORD-002356,CUST-00329,PRD-00062,7,0,Marketplace,Credit Card,Cancelled,271.83,07-02-23,12-02-23
ORD-002425,CUST-00336,PRD-00103,9,0,Website,Installment,Returned,275.52,04-05-23,05-08-23
ORD-004333,CUST-00603,PRD-00148,7,0,Website,Wallet,Cancelled,63.15,23-03-25,28-03-25
ORD-000420,CUST-00057,PRD-00028,8,0,Mobile App,Cash On Delivery,Returned,6404.22,19-06-23,23-06-23
ORD-003296,CUST-00457,PRD-00088,2,0,Mobile App,Installment,Cancelled,2384.43,29-01-23,03-02-23
ORD-001037,CUST-00143,PRD-00128,2,0,Mobile App,Credit Card,Pending,812.88,03-08-25,10-03-25
ORD-004063,CUST-00570,PRD-00007,2,0,Marketplace,Installment,Cancelled,5375.75,29-12-24,31-12-24
ORD-004234,CUST-00591,PRD-00007,2,0,Mobile App,Installment,Cancelled,5375.75,22-06-25,24-06-25
ORD-002189,CUST-00308,PRD-00088,2,0,Website,Wallet,Returned,2384.43,20-01-24,26-01-24
ORD-001609,CUST-00216,PRD-00152,2,0,Website,Installment,Returned,23.7,17-12-23,24-12-23
ORD-000681,CUST-00091,PRD-00029,2,0,Website,Cash On Delivery,Returned,1141.21,07-08-25,09-08-25
ORD-004238,CUST-00592,PRD-00128,2,0,Website,Credit Card,Returned,812.88,06-02-23,02-08-23
ORD-001268,CUST-00172,PRD-00128,2,0,Mobile App,Wallet,Pending,812.88,01-09-25,06-09-25
ORD-000235,CUST-00032,PRD-00122,2,0,Marketplace,Wallet,Cancelled,692.52,30-09-24,02-10-24
ORD-003202,CUST-00441,PRD-00085,2,0,Mobile App,Wallet,Cancelled,265.37,12-10-25,12-12-25
ORD-002400,CUST-00335,PRD-00051,2,0,Website,Wallet,Returned,4568.48,23-03-23,24-03-23
ORD-002166,CUST-00304,PRD-00174,2,0,Website,Cash On Delivery,Returned,2379.8,09-11-23,15-09-23
ORD-003143,CUST-00435,PRD-00062,2,0,Website,Credit Card,Cancelled,271.83,28-09-24,29-09-24
ORD-005729,CUST-00785,PRD-00026,2,0,Website,Cash On Delivery,Returned,13374.87,18-09-23,19-09-23
ORD-003130,CUST-00434,PRD-00148,2,0,Mobile App,Installment,Pending,63.15,02-12-24,07-12-24
ORD-001267,CUST-00172,PRD-00008,2,0,Website,Installment,Cancelled,13998.23,23-02-25,27-02-25
ORD-000131,CUST-00018,PRD-00079,2,0,Marketplace,Credit Card,Cancelled,646.3,29-11-24,05-12-24
ORD-004485,CUST-00617,PRD-00047,2,0,Website,Credit Card,Returned,3368.82,03-12-23,12-09-23
ORD-001729,CUST-00237,PRD-00116,2,0,Marketplace,Wallet,Cancelled,466.13,17-09-24,18-09-24
ORD-003122,CUST-00433,PRD-00153,2,0,Mobile App,Installment,Returned,321.69,15-10-24,22-10-24
ORD-002542,CUST-00351,PRD-00063,2,0,Marketplace,Wallet,Cancelled,3118.2,19-11-24,21-11-24
ORD-001470,CUST-00202,PRD-00156,2,0,Mobile App,Credit Card,Pending,250.31,06-11-24,18-06-24
ORD-000461,CUST-00061,PRD-00082,2,0,Marketplace,Wallet,Cancelled,1269.02,06-11-24,13-11-24
ORD-005821,CUST-00798,PRD-00180,2,0,Marketplace,Installment,Returned,6579.05,06-01-23,08-01-23
ORD-001201,CUST-00165,PRD-00144,2,0,Marketplace,Wallet,Cancelled,212.23,19-04-25,23-04-25
ORD-000995,CUST-00136,PRD-00004,2,0,Marketplace,Wallet,Returned,3744.22,02-06-25,06-06-25
ORD-003750,CUST-00520,PRD-00001,2,0,Marketplace,Installment,Cancelled,3019.28,23-08-23,28-08-23
ORD-005290,CUST-00722,PRD-00158,2,0,Website,Credit Card,Returned,308.65,28-04-24,29-04-24
ORD-004821,CUST-00657,PRD-00052,2,0,Marketplace,Cash On Delivery,Returned,4557.53,14-09-24,15-09-24
ORD-000102,CUST-00014,PRD-00085,2,0,Mobile App,Credit Card,Returned,265.37,12-11-24,15-11-24
ORD-001761,CUST-00240,PRD-00135,2,0,Mobile App,Wallet,Pending,55.83,04-06-24,06-11-24
ORD-003875,CUST-00543,PRD-00171,2,0,Mobile App,Installment,Pending,1117.84,20-08-25,21-08-25
ORD-003155,CUST-00437,PRD-00032,2,0,Mobile App,Wallet,Pending,1547.2,19-06-23,25-06-23
ORD-004591,CUST-00629,PRD-00133,2,0,Marketplace,Cash On Delivery,Cancelled,174.99,03-10-23,10-10-23
ORD-005177,CUST-00704,PRD-00162,2,0,Marketplace,Credit Card,Returned,1009.35,13-06-23,16-06-23
ORD-002394,CUST-00334,PRD-00149,2,0,Mobile App,Wallet,Cancelled,93.5,21-04-23,24-04-23
ORD-003037,CUST-00423,PRD-00109,2,0,Mobile App,Credit Card,Cancelled,252.4,25-11-25,01-12-25
ORD-002988,CUST-00415,PRD-00176,2,0,Mobile App,Credit Card,Returned,3014.74,04-05-25,04-12-25
ORD-002693,CUST-00371,PRD-00094,2,0,Mobile App,Credit Card,Cancelled,286.11,22-06-23,25-06-23
ORD-000149,CUST-00021,PRD-00002,2,0,Website,Installment,Pending,9414.07,02-09-24,07-09-24
ORD-004243,CUST-00593,PRD-00021,2,0,Marketplace,Installment,Returned,7707.69,26-11-24,27-11-24
ORD-005184,CUST-00704,PRD-00086,2,0,Mobile App,Wallet,Pending,1754.49,29-11-24,05-12-24
ORD-003265,CUST-00453,PRD-00143,2,0,Website,Credit Card,Pending,174.65,25-04-23,28-04-23
ORD-003909,CUST-00548,PRD-00046,2,0,Marketplace,Credit Card,Pending,1161.95,25-04-25,05-01-25
ORD-004916,CUST-00668,PRD-00117,2,0,Mobile App,Wallet,Returned,440.45,27-12-25,28-12-25
ORD-003364,CUST-00461,PRD-00139,2,0,Marketplace,Cash On Delivery,Cancelled,195.93,09-03-24,09-07-24
ORD-000123,CUST-00017,PRD-00149,2,0,Mobile App,Credit Card,Cancelled,93.5,03-08-24,06-08-24
ORD-000542,CUST-00073,PRD-00098,2,0,Website,Credit Card,Pending,718.7,20-11-25,23-11-25
ORD-003681,CUST-00506,PRD-00112,2,0,Website,Credit Card,Returned,422.18,08-12-25,19-08-25
ORD-003503,CUST-00483,PRD-00017,2,0,Website,Wallet,Cancelled,4224.65,28-01-25,31-01-25
ORD-000762,CUST-00101,PRD-00046,2,0,Mobile App,Installment,Returned,1161.95,04-10-25,05-10-25
ORD-001645,CUST-00223,PRD-00078,2,0,Marketplace,Credit Card,Pending,803.87,30-09-23,06-10-23
ORD-003732,CUST-00516,PRD-00180,2,0,Marketplace,Installment,Returned,6579.05,30-03-24,31-03-24
ORD-005475,CUST-00748,PRD-00156,2,0,Marketplace,Cash On Delivery,Pending,250.31,16-10-23,17-10-23
ORD-004744,CUST-00650,PRD-00182,2,0,Mobile App,Installment,Returned,4312.02,25-01-24,30-01-24
ORD-000531,CUST-00072,PRD-00006,2,0,Marketplace,Installment,Pending,4094.1,14-02-25,19-02-25
ORD-003390,CUST-00466,PRD-00020,2,0,Marketplace,Cash On Delivery,Cancelled,9661.76,26-10-25,11-01-25
ORD-000197,CUST-00027,PRD-00087,2,0,Website,Cash On Delivery,Pending,937.05,19-08-25,22-08-25
ORD-005534,CUST-00757,PRD-00078,2,0,Mobile App,Cash On Delivery,Pending,803.87,09-02-24,15-02-24
ORD-002832,CUST-00385,PRD-00045,2,0,Mobile App,Cash On Delivery,Cancelled,4956.18,28-07-24,02-08-24
ORD-003196,CUST-00441,PRD-00062,2,0,Marketplace,Wallet,Cancelled,271.83,25-06-24,27-06-24
ORD-003695,CUST-00510,PRD-00175,2,0,Mobile App,Installment,Pending,3144.98,13-03-25,19-03-25
ORD-001547,CUST-00209,PRD-00139,2,0,Marketplace,Credit Card,Pending,195.93,27-02-23,03-04-23
ORD-001696,CUST-00230,PRD-00017,2,0,Website,Installment,Returned,4224.65,09-06-24,13-06-24
ORD-005282,CUST-00720,PRD-00044,2,0,Website,Credit Card,Returned,3309.62,28-04-25,05-03-25
ORD-004310,CUST-00601,PRD-00014,2,0,Mobile App,Cash On Delivery,Cancelled,3474.75,02-08-24,05-08-24
ORD-003309,CUST-00457,PRD-00069,2,0,Marketplace,Installment,Cancelled,1039.35,13-06-23,15-06-23
ORD-002978,CUST-00414,PRD-00064,2,0,Marketplace,Installment,Pending,1338.56,31-07-23,07-08-23
ORD-004864,CUST-00665,PRD-00059,2,0,Marketplace,Cash On Delivery,Cancelled,1565.88,21-03-23,24-03-23
ORD-003559,CUST-00488,PRD-00139,2,0,Website,Credit Card,Returned,195.93,31-07-25,08-06-25
ORD-001057,CUST-00145,PRD-00113,2,0,Mobile App,Wallet,Cancelled,719.15,13-07-24,20-07-24
ORD-003649,CUST-00502,PRD-00035,2,0,Mobile App,Wallet,Pending,4561.67,25-09-23,27-09-23
ORD-001237,CUST-00169,PRD-00134,2,0,Mobile App,Cash On Delivery,Pending,165,28-05-25,29-05-25
ORD-004866,CUST-00665,PRD-00048,2,0,Website,Installment,Pending,616.54,04-06-25,10-06-25
ORD-003215,CUST-00443,PRD-00124,2,0,Marketplace,Installment,Pending,152.17,11-05-25,18-05-25
ORD-004610,CUST-00631,PRD-00183,2,0,Website,Cash On Delivery,Cancelled,6588.34,15-05-23,21-05-23
ORD-005120,CUST-00697,PRD-00148,2,0,Mobile App,Credit Card,Cancelled,63.15,03-12-25,08-12-25
ORD-001491,CUST-00205,PRD-00018,2,0,Mobile App,Wallet,Pending,8604.46,06-03-24,09-06-24
ORD-005573,CUST-00764,PRD-00031,2,0,Website,Wallet,Pending,376.78,19-10-24,25-10-24
ORD-000016,CUST-00004,PRD-00013,2,0,Marketplace,Wallet,Returned,5695.33,30-12-24,04-01-25
ORD-004810,CUST-00656,PRD-00115,2,0,Mobile App,Cash On Delivery,Cancelled,290.78,12-09-23,17-09-23
ORD-003423,CUST-00471,PRD-00175,2,0,Website,Installment,Cancelled,3144.98,18-03-23,21-03-23
ORD-001615,CUST-00216,PRD-00063,2,0,Marketplace,Installment,Pending,3118.2,10-01-24,13-01-24
ORD-000759,CUST-00101,PRD-00041,2,0,Mobile App,Wallet,Cancelled,1168.7,03-04-25,09-04-25
ORD-005748,CUST-00788,PRD-00078,2,0,Mobile App,Credit Card,Pending,803.87,08-04-24,06-08-24
ORD-005317,CUST-00724,PRD-00020,2,0,Mobile App,Credit Card,Pending,9661.76,20-08-23,24-08-23
ORD-000333,CUST-00041,PRD-00066,2,0,Marketplace,Wallet,Pending,531.75,17-05-25,24-05-25
ORD-002176,CUST-00305,PRD-00120,2,0,Mobile App,Installment,Returned,538.56,26-07-24,01-08-24
ORD-005818,CUST-00796,PRD-00055,2,0,Website,Credit Card,Returned,2089.61,14-06-24,16-06-24
ORD-002704,CUST-00371,PRD-00166,2,0,Mobile App,Wallet,Pending,1361.3,12-05-23,08-12-23
ORD-005423,CUST-00737,PRD-00104,2,0,Mobile App,Credit Card,Cancelled,698.62,06-02-24,11-02-24
ORD-002237,CUST-00313,PRD-00188,2,0,Mobile App,Wallet,Returned,235.83,23-12-25,28-12-25
ORD-003700,CUST-00511,PRD-00047,1,0,Mobile App,Wallet,Cancelled,3368.82,01-03-25,05-03-25
ORD-003474,CUST-00477,PRD-00060,1,0,Marketplace,Wallet,Returned,2586.89,10-09-23,15-10-23
ORD-002829,CUST-00383,PRD-00161,1,0,Mobile App,Wallet,Returned,1342.19,05-05-23,10-05-23
ORD-002953,CUST-00409,PRD-00023,1,0,Mobile App,Credit Card,Returned,11190.64,18-06-24,19-06-24
ORD-003564,CUST-00489,PRD-00087,1,0,Website,Credit Card,Pending,937.05,04-06-24,06-08-24
ORD-001616,CUST-00216,PRD-00093,1,0,Mobile App,Installment,Returned,327.87,03-12-24,05-12-24
ORD-004806,CUST-00656,PRD-00122,1,0,Website,Cash On Delivery,Cancelled,692.52,04-04-23,11-04-23
ORD-003916,CUST-00549,PRD-00166,1,0,Mobile App,Credit Card,Cancelled,1361.3,03-11-24,13-03-24
ORD-004894,CUST-00666,PRD-00163,1,0,Marketplace,Installment,Returned,5049.75,21-11-25,26-11-25
ORD-002522,CUST-00348,PRD-00113,1,0,Website,Cash On Delivery,Cancelled,719.15,02-05-25,03-05-25
ORD-003255,CUST-00452,PRD-00151,1,0,Mobile App,Wallet,Returned,125.16,02-04-24,04-04-24
ORD-005374,CUST-00731,PRD-00018,1,0,Marketplace,Installment,Returned,8604.46,09-09-24,11-09-24
ORD-003492,CUST-00481,PRD-00082,1,0,Website,Cash On Delivery,Cancelled,1269.02,02-08-24,05-08-24
ORD-001207,CUST-00165,PRD-00003,1,0,Marketplace,Installment,Returned,1534.69,26-12-23,02-01-24
ORD-004624,CUST-00635,PRD-00043,1,0,Mobile App,Cash On Delivery,Pending,670.88,04-12-23,17-04-23
ORD-005450,CUST-00742,PRD-00053,1,0,Mobile App,Cash On Delivery,Returned,933.2,31-05-24,03-06-24
ORD-000112,CUST-00015,PRD-00030,1,0,Marketplace,Cash On Delivery,Returned,6643.61,03-06-24,03-09-24
ORD-003354,CUST-00461,PRD-00071,1,0,Marketplace,Installment,Cancelled,657.42,09-06-23,11-06-23
ORD-000968,CUST-00133,PRD-00071,1,0,Website,Wallet,Pending,657.42,30-05-25,06-02-25
ORD-003424,CUST-00471,PRD-00053,1,0,Website,Cash On Delivery,Cancelled,933.2,25-04-23,05-02-23
ORD-003704,CUST-00512,PRD-00119,1,0,Marketplace,Cash On Delivery,Returned,898.59,15-04-24,16-04-24
ORD-004277,CUST-00598,PRD-00040,1,0,Marketplace,Credit Card,Returned,1977.22,27-01-25,28-01-25
ORD-005377,CUST-00731,PRD-00052,1,0,Website,Credit Card,Cancelled,4557.53,19-08-24,20-08-24
ORD-002883,CUST-00395,PRD-00047,1,0,Website,Credit Card,Pending,3368.82,10-08-23,13-08-23
ORD-003101,CUST-00431,PRD-00079,1,0,Marketplace,Cash On Delivery,Cancelled,646.3,13-11-25,16-11-25
ORD-002311,CUST-00322,PRD-00134,1,0,Marketplace,Installment,Cancelled,165,12-08-23,14-12-23
ORD-000911,CUST-00126,PRD-00179,1,0,Marketplace,Credit Card,Pending,2311.13,26-01-23,29-01-23
ORD-004110,CUST-00580,PRD-00109,1,0,Website,Cash On Delivery,Cancelled,252.4,06-06-25,10-06-25
ORD-002391,CUST-00334,PRD-00137,1,0,Mobile App,Credit Card,Cancelled,328.81,04-06-24,07-04-24
ORD-001163,CUST-00159,PRD-00146,1,0,Marketplace,Wallet,Cancelled,194.39,10-06-24,11-06-24
ORD-002799,CUST-00380,PRD-00149,1,0,Mobile App,Cash On Delivery,Cancelled,93.5,31-01-23,06-02-23
ORD-005089,CUST-00692,PRD-00135,1,0,Marketplace,Cash On Delivery,Pending,55.83,19-11-24,21-11-24
ORD-002959,CUST-00410,PRD-00114,1,0,Mobile App,Credit Card,Returned,864.91,26-03-25,31-03-25
ORD-004320,CUST-00601,PRD-00021,1,0,Mobile App,Wallet,Cancelled,7707.69,24-01-23,28-01-23
ORD-003404,CUST-00469,PRD-00064,1,0,Marketplace,Installment,Returned,1338.56,17-11-25,21-11-25
ORD-000678,CUST-00091,PRD-00004,1,0,Website,Credit Card,Returned,3744.22,27-07-24,01-08-24
ORD-003429,CUST-00471,PRD-00171,1,0,Website,Credit Card,Pending,1117.84,18-11-24,22-11-24
ORD-003864,CUST-00540,PRD-00010,1,0,Marketplace,Cash On Delivery,Returned,2297.75,10-07-24,08-10-24
ORD-000565,CUST-00076,PRD-00086,1,0,Mobile App,Cash On Delivery,Pending,1754.49,21-09-24,26-09-24
ORD-004816,CUST-00657,PRD-00089,1,0,Mobile App,Credit Card,Cancelled,370.11,30-09-24,01-10-24
ORD-000387,CUST-00049,PRD-00186,1,0,Website,Cash On Delivery,Returned,4878.71,25-07-24,30-07-24
ORD-003971,CUST-00558,PRD-00107,1,0,Mobile App,Credit Card,Returned,803.85,21-11-23,26-11-23
ORD-002684,CUST-00370,PRD-00057,1,0,Marketplace,Wallet,Pending,5493.06,20-05-25,23-05-25
ORD-003450,CUST-00475,PRD-00130,1,0,Marketplace,Cash On Delivery,Cancelled,93.92,17-02-25,23-02-25
ORD-003420,CUST-00471,PRD-00120,1,0,Website,Credit Card,Cancelled,538.56,05-11-23,06-11-23
ORD-004240,CUST-00593,PRD-00003,1,0,Mobile App,Installment,Returned,1534.69,03-08-24,13-03-24
ORD-000209,CUST-00028,PRD-00072,1,0,Mobile App,Installment,Cancelled,2087.47,22-07-24,26-07-24
ORD-004180,CUST-00588,PRD-00135,1,0,Marketplace,Wallet,Cancelled,55.83,03-09-24,11-03-24
ORD-003059,CUST-00426,PRD-00115,1,0,Mobile App,Installment,Pending,290.78,13-07-24,17-07-24
ORD-003914,CUST-00549,PRD-00137,1,0,Website,Cash On Delivery,Pending,328.81,05-01-25,12-01-25
ORD-001636,CUST-00222,PRD-00003,1,0,Marketplace,Credit Card,Cancelled,1534.69,12-12-24,18-12-24
ORD-000798,CUST-00107,PRD-00149,1,0,Marketplace,Installment,Cancelled,93.5,12-12-24,13-12-24
ORD-004233,CUST-00591,PRD-00026,1,0,Website,Wallet,Pending,13374.87,14-03-24,16-03-24
ORD-000543,CUST-00073,PRD-00082,1,0,Website,Installment,Returned,1269.02,28-12-23,04-01-24
ORD-004380,CUST-00605,PRD-00032,1,0,Website,Wallet,Pending,1547.2,13-05-24,19-05-24
ORD-004555,CUST-00626,PRD-00037,1,0,Mobile App,Installment,Returned,2145.36,01-11-23,07-11-23
ORD-003391,CUST-00466,PRD-00095,1,0,Marketplace,Installment,Pending,493.89,08-03-25,10-03-25
ORD-001638,CUST-00222,PRD-00177,1,0,Mobile App,Cash On Delivery,Pending,5234.78,01-04-25,06-01-25
ORD-000953,CUST-00131,PRD-00185,1,0,Marketplace,Wallet,Pending,2013.53,29-04-24,02-05-24
ORD-001702,CUST-00232,PRD-00183,1,0,Mobile App,Installment,Cancelled,6588.34,30-04-23,01-05-23
ORD-003868,CUST-00542,PRD-00097,1,0,Marketplace,Cash On Delivery,Pending,550.73,14-11-24,20-11-24
ORD-003496,CUST-00482,PRD-00004,1,0,Website,Wallet,Cancelled,3744.22,23-06-23,26-06-23
ORD-003167,CUST-00437,PRD-00104,1,0,Website,Credit Card,Pending,698.62,17-08-25,20-08-25
ORD-004535,CUST-00624,PRD-00068,1,0,Website,Installment,Returned,1186.92,28-12-23,04-01-24
ORD-002305,CUST-00320,PRD-00183,1,0,Website,Credit Card,Returned,6588.34,17-05-24,21-05-24
ORD-004659,CUST-00638,PRD-00126,1,0,Marketplace,Installment,Returned,340.64,24-05-24,27-05-24
ORD-004017,CUST-00564,PRD-00071,1,0,Mobile App,Credit Card,Cancelled,657.42,18-05-23,24-05-23
ORD-003190,CUST-00440,PRD-00118,1,0,Mobile App,Installment,Pending,341.03,15-03-24,21-03-24
ORD-002263,CUST-00317,PRD-00178,1,0,Marketplace,Installment,Cancelled,583.55,30-12-25,31-12-25
ORD-001219,CUST-00167,PRD-00007,1,0,Website,Wallet,Cancelled,5375.75,09-04-25,12-04-25
ORD-005174,CUST-00703,PRD-00024,1,0,Website,Installment,Returned,8840.39,16-04-25,17-04-25
ORD-004281,CUST-00598,PRD-00068,1,0,Mobile App,Cash On Delivery,Returned,1186.92,18-12-23,17-12-23
ORD-000049,CUST-00006,PRD-00177,1,0,Mobile App,Installment,Cancelled,5234.78,21-10-24,28-10-24
ORD-000545,CUST-00073,PRD-00181,1,0,Website,Credit Card,Pending,7757.56,18-09-25,23-09-25
ORD-002599,CUST-00357,PRD-00157,1,0,Website,Wallet,Returned,186.52,16-03-24,17-03-24
ORD-004373,CUST-00605,PRD-00052,1,0,Mobile App,Credit Card,Returned,4557.53,19-09-25,24-09-25
ORD-005742,CUST-00787,PRD-00172,1,0,Website,Installment,Returned,4391.94,10-06-23,11-06-23
ORD-003243,CUST-00450,PRD-00143,1,0,Mobile App,Wallet,Pending,174.65,11-05-24,13-05-24
ORD-003866,CUST-00542,PRD-00185,1,0,Marketplace,Credit Card,Cancelled,2013.53,04-10-24,10-06-24
ORD-004646,CUST-00636,PRD-00141,1,0,Mobile App,Credit Card,Returned,265.4,15-12-23,21-12-23
ORD-001671,CUST-00225,PRD-00168,1,0,Mobile App,Credit Card,Returned,3279.73,27-02-24,03-03-24
ORD-002529,CUST-00348,PRD-00025,1,0,Website,Wallet,Cancelled,15750.99,08-05-24,11-05-24
ORD-005040,CUST-00683,PRD-00083,1,0,Mobile App,Installment,Returned,1673.7,27-04-23,04-05-23
ORD-004799,CUST-00656,PRD-00187,1,0,Marketplace,Credit Card,Returned,5533.15,21-06-23,26-06-23
ORD-001263,CUST-00172,PRD-00015,1,0,Marketplace,Installment,Pending,5715.8,15-12-25,17-12-25
ORD-003032,CUST-00423,PRD-00161,1,0,Mobile App,Wallet,Returned,1342.19,14-10-25,17-10-25
ORD-001466,CUST-00202,PRD-00118,1,0,Website,Credit Card,Cancelled,341.03,07-12-24,14-07-24
ORD-001338,CUST-00180,PRD-00116,1,0,Website,Wallet,Returned,466.13,21-08-25,26-08-25
ORD-000278,CUST-00037,PRD-00154,1,0,Website,Installment,Cancelled,175.83,12-11-25,12-12-25
ORD-001614,CUST-00216,PRD-00099,1,0,Marketplace,Credit Card,Cancelled,152.23,24-11-24,25-11-24
ORD-005105,CUST-00695,PRD-00099,1,0,Marketplace,Credit Card,Cancelled,152.23,04-09-24,15-04-24
ORD-001903,CUST-00266,PRD-00118,1,0,Marketplace,Credit Card,Cancelled,341.03,25-07-23,01-08-23
ORD-001019,CUST-00139,PRD-00128,1,0,Marketplace,Credit Card,Cancelled,812.88,10-11-23,13-11-23
ORD-001968,CUST-00282,PRD-00024,1,0,Mobile App,Wallet,Cancelled,8840.39,07-12-24,11-12-24
ORD-004038,CUST-00566,PRD-00047,1,0,Mobile App,Credit Card,Returned,3368.82,26-06-23,01-07-23
ORD-004593,CUST-00629,PRD-00111,1,0,Marketplace,Wallet,Cancelled,291.55,27-10-24,30-10-24
ORD-004226,CUST-00591,PRD-00149,1,0,Mobile App,Cash On Delivery,Pending,93.5,14-05-25,17-05-25
ORD-005188,CUST-00705,PRD-00122,1,0,Marketplace,Installment,Returned,692.52,08-03-24,10-08-24
ORD-001784,CUST-00245,PRD-00072,1,0,Marketplace,Installment,Cancelled,2087.47,30-07-23,05-08-23
ORD-005412,CUST-00735,PRD-00003,1,0,Website,Cash On Delivery,Returned,1534.69,29-06-25,03-07-25
ORD-004370,CUST-00605,PRD-00076,4,0,Mobile App,Installment,Returned,2045.06,25-11-23,01-12-23
ORD-000645,CUST-00086,PRD-00134,4,0,Website,Installment,Pending,165,30-10-25,02-11-25
ORD-003191,CUST-00440,PRD-00161,4,0,Mobile App,Credit Card,Pending,1342.19,14-11-24,17-11-24
ORD-002340,CUST-00327,PRD-00125,4,0,Website,Installment,Cancelled,151.72,13-01-24,17-01-24
ORD-004583,CUST-00629,PRD-00050,4,0,Marketplace,Cash On Delivery,Returned,6188.03,30-11-24,05-12-24
ORD-005080,CUST-00691,PRD-00042,4,0,Mobile App,Installment,Pending,1460.4,23-02-24,24-02-24
ORD-003258,CUST-00452,PRD-00025,4,0,Marketplace,Installment,Cancelled,15750.99,27-03-23,31-03-23
ORD-001880,CUST-00263,PRD-00074,4,0,Website,Credit Card,Returned,396.44,20-04-24,25-04-24
ORD-000440,CUST-00059,PRD-00103,4,0,Marketplace,Installment,Cancelled,275.52,10-04-23,11-04-23
ORD-000536,CUST-00073,PRD-00186,4,0,Mobile App,Cash On Delivery,Cancelled,4878.71,19-12-23,26-12-23
ORD-004589,CUST-00629,PRD-00155,4,0,Website,Installment,Pending,228.62,30-03-24,04-01-24
ORD-000100,CUST-00014,PRD-00092,4,0,Website,Cash On Delivery,Cancelled,727.52,29-08-23,04-09-23
ORD-002546,CUST-00351,PRD-00118,4,0,Mobile App,Wallet,Returned,341.03,17-02-24,22-02-24
ORD-002446,CUST-00340,PRD-00007,4,0,Marketplace,Installment,Cancelled,5375.75,09-12-24,13-09-24
ORD-002503,CUST-00345,PRD-00075,4,0,Mobile App,Cash On Delivery,Returned,576.69,20-06-24,26-06-24
ORD-001756,CUST-00240,PRD-00086,4,0,Mobile App,Cash On Delivery,Cancelled,1754.49,08-12-24,14-08-24
ORD-005612,CUST-00769,PRD-00121,4,0,Website,Credit Card,Pending,307.1,26-03-25,28-03-25
ORD-000121,CUST-00016,PRD-00142,4,0,Website,Cash On Delivery,Cancelled,29.02,31-01-25,05-02-25
ORD-003414,CUST-00471,PRD-00099,4,0,Marketplace,Credit Card,Returned,152.23,19-03-24,20-03-24
ORD-002182,CUST-00307,PRD-00076,4,0,Marketplace,Wallet,Cancelled,2045.06,17-09-24,23-09-24
ORD-004813,CUST-00657,PRD-00004,4,0,Marketplace,Installment,Pending,3744.22,24-12-25,26-12-25
ORD-004117,CUST-00581,PRD-00119,4,0,Mobile App,Wallet,Returned,898.59,14-09-25,17-09-25
ORD-001524,CUST-00207,PRD-00069,4,0,Marketplace,Wallet,Returned,1039.35,26-12-24,28-12-24
ORD-003251,CUST-00450,PRD-00115,4,0,Marketplace,Wallet,Pending,290.78,21-02-23,22-02-23
ORD-000544,CUST-00073,PRD-00080,4,0,Website,Credit Card,Pending,1092.22,02-07-23,07-05-23
ORD-001688,CUST-00228,PRD-00133,4,0,Mobile App,Credit Card,Pending,174.99,03-10-25,05-10-25
ORD-003986,CUST-00560,PRD-00146,4,0,Marketplace,Installment,Returned,194.39,22-04-24,28-04-24
ORD-003184,CUST-00440,PRD-00172,4,0,Marketplace,Cash On Delivery,Returned,4391.94,15-03-24,21-03-24
ORD-003168,CUST-00437,PRD-00139,4,0,Marketplace,Installment,Cancelled,195.93,21-03-25,25-03-25
ORD-005121,CUST-00697,PRD-00069,4,0,Website,Credit Card,Cancelled,1039.35,24-05-25,30-05-25
ORD-004184,CUST-00588,PRD-00060,4,0,Website,Wallet,Returned,2586.89,09-07-23,13-07-23
ORD-002380,CUST-00333,PRD-00151,4,0,Marketplace,Installment,Returned,125.16,12-06-23,14-06-23
ORD-005063,CUST-00687,PRD-00047,4,0,Website,Wallet,Returned,3368.82,19-04-24,23-04-24
ORD-004187,CUST-00588,PRD-00092,4,0,Mobile App,Cash On Delivery,Cancelled,727.52,19-09-25,20-09-25
ORD-000229,CUST-00031,PRD-00186,4,0,Mobile App,Installment,Pending,4878.71,04-10-23,08-10-23
ORD-004616,CUST-00633,PRD-00065,4,0,Website,Cash On Delivery,Pending,1220.64,29-01-23,31-01-23
ORD-002859,CUST-00388,PRD-00142,4,0,Mobile App,Installment,Returned,29.02,28-05-23,01-06-23
ORD-000132,CUST-00018,PRD-00170,4,0,Marketplace,Wallet,Returned,7690.28,27-03-24,02-04-24
ORD-002044,CUST-00289,PRD-00024,4,0,Mobile App,Installment,Cancelled,8840.39,01-10-23,12-01-23
ORD-003950,CUST-00556,PRD-00019,4,0,Marketplace,Credit Card,Pending,5919.72,18-09-25,21-09-25
ORD-000134,CUST-00018,PRD-00076,4,0,Marketplace,Wallet,Returned,2045.06,02-11-24,31-10-24
ORD-003249,CUST-00450,PRD-00077,4,0,Marketplace,Credit Card,Returned,3228.9,14-12-25,17-12-25
ORD-003052,CUST-00425,PRD-00169,4,0,Website,Wallet,Cancelled,3779.35,25-04-25,22-04-25
ORD-001796,CUST-00245,PRD-00002,4,0,Mobile App,Credit Card,Cancelled,9414.07,24-04-25,26-04-25
ORD-004202,CUST-00589,PRD-00016,4,0,Website,Cash On Delivery,Cancelled,6150.02,30-06-25,02-07-25
ORD-002010,CUST-00286,PRD-00137,4,0,Website,Installment,Cancelled,328.81,16-08-25,17-08-25
ORD-001469,CUST-00202,PRD-00105,4,0,Mobile App,Wallet,Cancelled,840.93,30-08-24,09-04-24
ORD-000342,CUST-00042,PRD-00015,4,0,Mobile App,Credit Card,Cancelled,5715.8,14-08-24,19-08-24
ORD-003162,CUST-00437,PRD-00068,4,0,Website,Wallet,Cancelled,1186.92,03-03-24,04-03-24
ORD-005514,CUST-00754,PRD-00076,4,0,Mobile App,Wallet,Returned,2045.06,22-03-23,25-03-23
ORD-003752,CUST-00520,PRD-00093,4,0,Mobile App,Cash On Delivery,Returned,327.87,06-11-25,12-06-25
ORD-000863,CUST-00116,PRD-00027,4,0,Marketplace,Credit Card,Cancelled,6528.78,17-05-24,20-05-24
ORD-003586,CUST-00493,PRD-00031,4,0,Mobile App,Cash On Delivery,Cancelled,376.78,23-03-25,24-03-25
ORD-001644,CUST-00223,PRD-00145,4,0,Marketplace,Wallet,Pending,116.01,01-05-24,03-05-24
ORD-002397,CUST-00334,PRD-00130,4,0,Mobile App,Credit Card,Cancelled,93.92,25-09-23,28-09-23
ORD-002615,CUST-00358,PRD-00121,4,0,Mobile App,Credit Card,Returned,307.1,21-09-23,27-09-23
ORD-000892,CUST-00124,PRD-00025,4,0,Mobile App,Installment,Returned,15750.99,12-06-25,14-06-25
ORD-001156,CUST-00158,PRD-00120,4,0,Mobile App,Installment,Cancelled,538.56,25-09-24,01-10-24
ORD-001018,CUST-00139,PRD-00089,4,0,Website,Wallet,Pending,370.11,28-05-23,29-05-23
ORD-002173,CUST-00305,PRD-00150,4,0,Mobile App,Wallet,Cancelled,84.86,18-09-23,20-09-23
ORD-004838,CUST-00660,PRD-00032,4,0,Mobile App,Cash On Delivery,Pending,1547.2,21-03-24,25-03-24
ORD-002249,CUST-00313,PRD-00124,4,0,Marketplace,Cash On Delivery,Returned,152.17,03-11-25,14-03-25
ORD-003836,CUST-00537,PRD-00041,4,0,Website,Wallet,Pending,1168.7,21-11-24,25-11-24
ORD-003317,CUST-00459,PRD-00166,4,0,Marketplace,Installment,Pending,1361.3,26-11-24,02-12-24
ORD-003537,CUST-00487,PRD-00017,4,0,Mobile App,Installment,Pending,4224.65,21-11-25,24-11-25
ORD-004340,CUST-00603,PRD-00066,4,0,Mobile App,Cash On Delivery,Cancelled,531.75,29-05-24,03-06-24
ORD-004683,CUST-00641,PRD-00075,4,0,Mobile App,Wallet,Returned,576.69,14-04-24,17-04-24
ORD-001911,CUST-00267,PRD-00078,4,0,Mobile App,Wallet,Cancelled,803.87,11-09-23,15-09-23
ORD-002885,CUST-00395,PRD-00174,4,0,Website,Wallet,Returned,2379.8,18-03-25,19-03-25
ORD-000920,CUST-00128,PRD-00062,4,0,Mobile App,Credit Card,Returned,271.83,11-10-25,12-11-25
ORD-004825,CUST-00658,PRD-00079,4,0,Marketplace,Credit Card,Cancelled,646.3,28-01-23,29-01-23
ORD-004548,CUST-00625,PRD-00031,4,0,Mobile App,Installment,Returned,376.78,06-03-23,06-06-23
ORD-002278,CUST-00318,PRD-00033,4,0,Mobile App,Cash On Delivery,Cancelled,1947.05,29-05-23,01-06-23
ORD-005125,CUST-00698,PRD-00112,4,0,Website,Credit Card,Returned,422.18,01-01-25,04-01-25
ORD-000141,CUST-00019,PRD-00072,4,0,Mobile App,Cash On Delivery,Cancelled,2087.47,23-07-24,26-07-24
ORD-002656,CUST-00366,PRD-00033,4,0,Mobile App,Credit Card,Cancelled,1947.05,16-03-23,21-03-23
ORD-001851,CUST-00258,PRD-00188,4,0,Mobile App,Wallet,Returned,235.83,11-05-24,18-05-24
ORD-003605,CUST-00495,PRD-00143,4,0,Marketplace,Cash On Delivery,Returned,174.65,05-03-23,12-03-23
ORD-005796,CUST-00793,PRD-00105,4,0,Marketplace,Cash On Delivery,Pending,840.93,28-12-24,01-01-25
ORD-000588,CUST-00079,PRD-00003,4,0,Mobile App,Installment,Cancelled,1534.69,24-11-24,27-11-24
ORD-005413,CUST-00736,PRD-00009,4,0,Marketplace,Installment,Returned,1433.71,01-05-25,09-01-25
ORD-001990,CUST-00284,PRD-00118,4,0,Website,Installment,Pending,341.03,26-06-24,29-06-24
ORD-000586,CUST-00079,PRD-00180,4,0,Mobile App,Installment,Returned,6579.05,22-05-23,29-05-23
ORD-000602,CUST-00080,PRD-00122,4,0,Mobile App,Cash On Delivery,Pending,692.52,22-04-25,26-04-25
ORD-004275,CUST-00598,PRD-00023,4,0,Marketplace,Installment,Pending,11190.64,22-01-25,28-01-25
ORD-003867,CUST-00542,PRD-00150,4,0,Marketplace,Credit Card,Pending,84.86,01-04-24,01-09-24
ORD-002920,CUST-00401,PRD-00003,4,0,Website,Wallet,Cancelled,1534.69,15-10-24,22-10-24
ORD-001919,CUST-00269,PRD-00022,4,0,Website,Credit Card,Returned,14193.82,15-01-25,22-01-25
ORD-003776,CUST-00522,PRD-00150,4,0,Mobile App,Cash On Delivery,Pending,84.86,19-07-25,21-07-25
ORD-003889,CUST-00545,PRD-00178,4,0,Website,Installment,Cancelled,583.55,25-06-24,26-06-24
ORD-004415,CUST-00609,PRD-00166,4,0,Website,Cash On Delivery,Cancelled,1361.3,13-04-25,16-04-25
ORD-003257,CUST-00452,PRD-00093,4,0,Marketplace,Installment,Cancelled,327.87,21-04-25,23-04-25
ORD-005144,CUST-00699,PRD-00002,4,0,Marketplace,Wallet,Returned,9414.07,04-06-24,10-04-24
ORD-003592,CUST-00493,PRD-00019,4,0,Mobile App,Credit Card,Returned,5919.72,15-12-23,17-12-23
ORD-004598,CUST-00630,PRD-00051,4,0,Website,Cash On Delivery,Cancelled,4568.48,19-12-25,25-12-25
ORD-002561,CUST-00354,PRD-00038,4,0,Marketplace,Cash On Delivery,Cancelled,2707.61,19-05-23,20-05-23
ORD-004548,CUST-00625,PRD-00031,4,0,Mobile App,Installment,Returned,376.78,03-06-23,06-06-23
ORD-002308,CUST-00321,PRD-00004,4,0,Marketplace,Wallet,Returned,3744.22,23-07-24,26-07-24
ORD-003691,CUST-99999,PRD-00024,4,0,Website,Credit Card,Cancelled,8840.39,09-09-23,10-09-23
ORD-003819,CUST-00530,PRD-00165,4,0,Website,Wallet,Cancelled,1559.9,21-12-23,22-12-23
ORD-001211,CUST-00165,PRD-00086,4,0,Mobile App,Wallet,Pending,1754.49,02-07-23,09-07-23
ORD-002279,CUST-00318,PRD-00054,4,0,Mobile App,Credit Card,Pending,1277.14,21-04-24,23-04-24
ORD-002922,CUST-00401,PRD-00134,4,0,Website,Credit Card,Pending,165,30-09-25,02-10-25
ORD-000679,CUST-00091,PRD-00017,4,0,Website,Wallet,Cancelled,4224.65,12-09-23,16-09-23
ORD-004901,CUST-00667,PRD-00097,4,0,Mobile App,Wallet,Returned,550.73,02-10-24,04-10-24
ORD-003403,CUST-00469,PRD-00002,4,0,Website,Installment,Pending,9414.07,21-08-25,23-08-25
ORD-003685,CUST-00506,PRD-00034,4,0,Website,Installment,Cancelled,4894.09,07-01-23,01-10-23
ORD-000413,CUST-00056,PRD-00175,4,0,Website,Cash On Delivery,Returned,3144.98,05-11-24,15-05-24
ORD-003860,CUST-00540,PRD-00177,4,0,Mobile App,Credit Card,Pending,5234.78,02-12-25,09-12-25
ORD-002897,CUST-00398,PRD-00133,4,0,Website,Cash On Delivery,Cancelled,174.99,03-02-23,03-03-23
ORD-000257,CUST-00033,PRD-00012,4,0,Marketplace,Installment,Returned,9488.69,30-05-23,01-06-23
ORD-003627,CUST-00498,PRD-00098,4,0,Marketplace,Installment,Pending,718.7,12-03-24,17-03-24
ORD-002331,CUST-00326,PRD-00054,4,0,Mobile App,Credit Card,Cancelled,1277.14,05-09-23,10-09-23
ORD-002161,CUST-00303,PRD-00171,4,0,Marketplace,Credit Card,Pending,1117.84,11-08-24,17-08-24
ORD-002539,CUST-00350,PRD-00175,4,0,Website,Installment,Returned,3144.98,12-04-23,16-04-23
ORD-002207,CUST-00311,PRD-00093,4,0,Marketplace,Installment,Returned,327.87,24-07-25,29-07-25
ORD-000336,CUST-00042,PRD-00130,4,0,Mobile App,Credit Card,Pending,93.92,25-09-23,28-09-23
ORD-003144,CUST-00435,PRD-00069,4,0,Website,Installment,Returned,1039.35,08-01-23,01-10-23
ORD-001114,CUST-00152,PRD-00142,4,0,Mobile App,Credit Card,Pending,29.02,11-07-24,18-07-24
ORD-002260,CUST-00316,PRD-00181,4,0,Website,Cash On Delivery,Cancelled,7757.56,12-01-24,17-01-24
ORD-003448,CUST-00475,PRD-00024,4,0,Marketplace,Cash On Delivery,Cancelled,8840.39,02-08-25,10-02-25
ORD-001239,CUST-00169,PRD-00017,4,0,Website,Cash On Delivery,Returned,4224.65,30-05-25,06-06-25
ORD-001894,CUST-00263,PRD-00186,4,0,Website,Installment,Cancelled,4878.71,18-11-23,23-11-23
ORD-003520,CUST-00484,PRD-00047,4,0,Mobile App,Credit Card,Returned,3368.82,22-10-23,28-10-23
ORD-001021,CUST-00139,PRD-00143,4,0,Marketplace,Credit Card,Cancelled,174.65,14-09-23,15-09-23
ORD-005576,CUST-00764,PRD-00008,4,0,Mobile App,Installment,Cancelled,13998.23,05-09-24,12-05-24
ORD-004617,CUST-00633,PRD-00065,4,0,Website,Credit Card,Pending,1220.64,15-08-23,17-08-23
ORD-002998,CUST-00416,PRD-00019,4,0,Mobile App,Credit Card,Cancelled,5919.72,28-11-25,30-11-25
ORD-000714,CUST-00098,PRD-00116,5,0,Website,Installment,Returned,466.13,13-09-25,19-09-25
ORD-000448,CUST-00059,PRD-00180,5,0,Mobile App,Credit Card,Cancelled,6579.05,09-02-24,09-03-24
ORD-003077,CUST-00429,PRD-00049,5,0,Marketplace,Cash On Delivery,Returned,3627.21,15-04-24,19-04-24
ORD-001090,CUST-00149,PRD-00162,5,0,Website,Cash On Delivery,Returned,1009.35,06-06-23,08-06-23
ORD-000397,CUST-00050,PRD-00029,5,0,Mobile App,Credit Card,Returned,1141.21,18-01-24,21-01-24
ORD-004292,CUST-00600,PRD-00004,5,0,Mobile App,Credit Card,Pending,3744.22,21-02-24,25-02-24
ORD-003869,CUST-00542,PRD-00090,5,0,Website,Installment,Cancelled,1391.99,24-11-23,28-11-23
ORD-004835,CUST-00659,PRD-00140,5,0,Website,Installment,Cancelled,168.61,25-01-23,28-01-23
ORD-004215,CUST-00590,PRD-00124,5,0,Mobile App,Credit Card,Pending,152.17,28-11-24,03-12-24
ORD-004317,CUST-00601,PRD-00045,5,0,Website,Credit Card,Cancelled,4956.18,27-10-24,28-10-24
ORD-000600,CUST-00080,PRD-00015,5,0,Marketplace,Wallet,Cancelled,5715.8,24-02-25,01-03-25
ORD-004324,CUST-00601,PRD-00046,5,0,Mobile App,Installment,Cancelled,1161.95,15-08-24,20-08-24
ORD-001542,CUST-00208,PRD-00081,5,0,Website,Installment,Pending,2904.61,05-03-23,07-03-23
ORD-004179,CUST-00588,PRD-00028,5,0,Mobile App,Installment,Pending,6404.22,08-02-25,07-08-25
ORD-000367,CUST-00045,PRD-00174,5,0,Mobile App,Installment,Returned,2379.8,05-10-25,07-10-25
ORD-005224,CUST-00710,PRD-00102,5,0,Mobile App,Cash On Delivery,Cancelled,833.67,03-10-24,13-03-24
ORD-001190,CUST-00164,PRD-00047,5,0,Website,Cash On Delivery,Pending,3368.82,12-12-23,17-12-23
ORD-001622,CUST-00218,PRD-00135,5,0,Website,Wallet,Pending,55.83,21-10-24,27-10-24
ORD-002304,CUST-00320,PRD-00008,5,0,Website,Installment,Pending,13998.23,01-11-23,07-11-23
ORD-000307,CUST-00039,PRD-00012,5,0,Website,Installment,Cancelled,9488.69,08-02-24,11-02-24
ORD-005349,CUST-00729,PRD-00149,5,0,Marketplace,Credit Card,Pending,93.5,31-12-25,01-01-26
ORD-002284,CUST-00319,PRD-00109,5,0,Website,Installment,Cancelled,252.4,06-10-24,13-06-24
ORD-002879,CUST-00393,PRD-00068,5,0,Marketplace,Cash On Delivery,Returned,1186.92,07-01-23,14-01-23
ORD-004557,CUST-00626,PRD-00086,5,0,Marketplace,Cash On Delivery,Returned,1754.49,05-10-25,13-05-25
ORD-000696,CUST-00094,PRD-00054,5,0,Mobile App,Cash On Delivery,Pending,1277.14,25-02-24,01-03-24
ORD-003696,CUST-00510,PRD-00103,5,0,Marketplace,Installment,Pending,275.52,29-03-25,02-04-25
ORD-001544,CUST-00208,PRD-00165,5,0,Mobile App,Wallet,Returned,1559.9,28-12-24,04-01-25
ORD-002714,CUST-00372,PRD-00172,5,0,Marketplace,Wallet,Returned,4391.94,20-10-23,23-10-23
ORD-005683,CUST-00778,PRD-00046,5,0,Website,Installment,Pending,1161.95,17-07-23,18-07-23
ORD-005075,CUST-00690,PRD-00003,5,0,Mobile App,Credit Card,Cancelled,1534.69,28-07-23,04-08-23
ORD-001913,CUST-00268,PRD-00066,5,0,Website,Cash On Delivery,Pending,531.75,17-09-23,23-09-23
ORD-002638,CUST-00362,PRD-00108,5,0,Mobile App,Installment,Pending,230.98,03-02-24,05-02-24
ORD-004946,CUST-00671,PRD-00011,5,0,Mobile App,Wallet,Cancelled,2785.74,31-08-25,09-02-25
ORD-000752,CUST-00100,PRD-00018,5,0,Marketplace,Credit Card,Pending,8604.46,15-03-25,22-03-25
ORD-003232,CUST-00447,PRD-00090,5,0,Mobile App,Credit Card,Cancelled,1391.99,30-08-25,31-08-25
ORD-001697,CUST-00230,PRD-00143,5,0,Website,Installment,Cancelled,174.65,03-12-25,13-03-25
ORD-003371,CUST-00462,PRD-00188,5,0,Marketplace,Cash On Delivery,Returned,235.83,15-04-23,16-04-23
ORD-001587,CUST-00212,PRD-00138,5,0,Mobile App,Wallet,Pending,293.11,22-05-23,26-05-23
ORD-002677,CUST-00370,PRD-00166,5,0,Website,Cash On Delivery,Pending,1361.3,10-07-24,13-07-24
ORD-001662,CUST-00224,PRD-00151,5,0,Website,Wallet,Pending,125.16,05-12-24,07-12-24
ORD-004868,CUST-00665,PRD-00003,5,0,Mobile App,Cash On Delivery,Pending,1534.69,21-11-23,26-11-23
ORD-000218,CUST-00030,PRD-00047,5,0,Website,Installment,Returned,3368.82,16-06-23,21-06-23
ORD-004287,CUST-00599,PRD-00115,5,0,Marketplace,Credit Card,Cancelled,290.78,20-11-23,24-11-23
ORD-001985,CUST-00284,PRD-00176,5,0,Mobile App,Credit Card,Cancelled,3014.74,12-09-24,16-09-24
ORD-001400,CUST-00190,PRD-00100,5,0,Website,Installment,Returned,555.91,04-02-25,10-02-25
ORD-000569,CUST-00076,PRD-00032,5,0,Mobile App,Cash On Delivery,Pending,1547.2,12-03-25,14-03-25
ORD-003617,CUST-00497,PRD-00029,5,0,Website,Credit Card,Cancelled,1141.21,26-04-25,28-04-25
ORD-002095,CUST-00295,PRD-00053,5,0,Website,Cash On Delivery,Cancelled,933.2,04-11-23,08-11-23
ORD-005201,CUST-00705,PRD-00068,5,0,Mobile App,Installment,Pending,1186.92,28-02-25,03-03-25
ORD-004229,CUST-00591,PRD-00181,5,0,Marketplace,Wallet,Cancelled,7757.56,17-01-23,24-01-23
ORD-003992,CUST-00561,PRD-00088,5,0,Mobile App,Wallet,Pending,2384.43,31-01-25,02-05-25
ORD-005094,CUST-00694,PRD-00049,5,0,Marketplace,Credit Card,Returned,3627.21,01-02-23,07-01-23
ORD-003513,CUST-00484,PRD-00156,5,0,Marketplace,Cash On Delivery,Returned,250.31,23-03-23,29-03-23
ORD-005335,CUST-00727,PRD-00065,5,0,Marketplace,Credit Card,Pending,1220.64,12-04-24,14-04-24
ORD-000799,CUST-00107,PRD-00081,5,0,Website,Installment,Cancelled,2904.61,27-12-23,30-12-23
ORD-000474,CUST-00064,PRD-00055,5,0,Website,Wallet,Returned,2089.61,02-01-24,08-01-24
ORD-000549,CUST-00073,PRD-00003,5,0,Website,Installment,Pending,1534.69,19-10-23,20-10-23
ORD-001998,CUST-00284,PRD-00160,5,0,Website,Credit Card,Cancelled,214.1,19-10-23,21-10-23
ORD-000077,CUST-00009,PRD-00004,5,0,Marketplace,Credit Card,Returned,3744.22,05-11-23,12-11-23
ORD-004694,CUST-00642,PRD-00087,5,0,Website,Credit Card,Returned,937.05,25-09-24,30-09-24
ORD-002408,CUST-00335,PRD-00044,5,0,Website,Cash On Delivery,Cancelled,3309.62,19-02-24,26-02-24
ORD-005645,CUST-00773,PRD-00167,5,0,Mobile App,Cash On Delivery,Cancelled,741.81,12-02-23,06-12-23
ORD-005019,CUST-00682,PRD-00049,5,0,Marketplace,Wallet,Cancelled,3627.21,02-08-24,07-08-24
ORD-000870,CUST-00119,PRD-00044,5,0,Marketplace,Credit Card,Returned,3309.62,06-09-25,12-09-25
ORD-002454,CUST-00340,PRD-00179,5,0,Website,Installment,Pending,2311.13,22-07-25,23-07-25
ORD-001221,CUST-99999,PRD-00059,5,0,Website,Cash On Delivery,Pending,1565.88,12-08-25,11-12-25
ORD-002409,CUST-00335,PRD-00153,5,0,Marketplace,Installment,Returned,321.69,04-02-23,05-02-23
ORD-003212,CUST-00441,PRD-00121,5,0,Marketplace,Installment,Pending,307.1,26-11-24,03-12-24
ORD-003934,CUST-00553,PRD-00078,5,0,Website,Credit Card,Cancelled,803.87,28-09-24,29-09-24
ORD-005071,CUST-00689,PRD-00050,5,0,Mobile App,Installment,Pending,6188.03,26-01-25,30-01-25
ORD-002993,CUST-00416,PRD-00096,5,0,Website,Wallet,Returned,1013.61,22-01-23,24-01-23
ORD-004779,CUST-00654,PRD-00177,5,0,Marketplace,Wallet,Returned,5234.78,17-07-24,19-07-24
ORD-001296,CUST-00175,PRD-00006,5,0,Website,Cash On Delivery,Returned,4094.1,22-05-24,29-05-24
ORD-001198,CUST-00165,PRD-00045,5,0,Website,Credit Card,Cancelled,4956.18,29-07-25,05-08-25
ORD-002981,CUST-00414,PRD-00064,5,0,Marketplace,Credit Card,Returned,1338.56,12-02-24,08-12-24
ORD-002740,CUST-00373,PRD-00018,5,0,Marketplace,Cash On Delivery,Returned,8604.46,28-06-25,05-07-25
ORD-002914,CUST-00401,PRD-00149,5,0,Marketplace,Credit Card,Cancelled,93.5,27-11-24,01-12-24
ORD-001563,CUST-00210,PRD-00020,5,0,Website,Cash On Delivery,Cancelled,9661.76,03-06-25,01-06-25
ORD-001759,CUST-00240,PRD-00099,5,0,Website,Wallet,Pending,152.23,29-03-24,31-03-24
ORD-003987,CUST-00560,PRD-00025,5,0,Marketplace,Installment,Returned,15750.99,19-11-24,24-11-24
ORD-003924,CUST-00551,PRD-00185,5,0,Marketplace,Cash On Delivery,Pending,2013.53,16-06-24,23-06-24
ORD-003216,CUST-00443,PRD-00149,5,0,Marketplace,Wallet,Cancelled,93.5,18-07-25,20-07-25
ORD-004942,CUST-00671,PRD-00103,5,0,Website,Cash On Delivery,Pending,275.52,03-07-23,08-07-23
ORD-004171,CUST-00588,PRD-00050,5,0,Marketplace,Cash On Delivery,Cancelled,6188.03,27-06-24,03-07-24
ORD-004701,CUST-00643,PRD-00087,5,0,Mobile App,Wallet,Returned,937.05,05-01-24,10-01-24
ORD-005115,CUST-00696,PRD-00067,5,0,Marketplace,Wallet,Pending,1590.28,11-12-23,17-12-23
ORD-003111,CUST-00431,PRD-00020,5,0,Marketplace,Credit Card,Cancelled,9661.76,05-04-23,10-04-23
ORD-000797,CUST-00107,PRD-00074,5,0,Website,Cash On Delivery,Returned,396.44,06-02-25,03-06-25
ORD-001112,CUST-00152,PRD-00175,5,0,Website,Wallet,Pending,3144.98,16-09-25,23-09-25
ORD-000571,CUST-00078,PRD-00060,5,0,Marketplace,Installment,Returned,2586.89,21-11-25,22-11-25
ORD-001835,CUST-00255,PRD-00057,5,0,Website,Wallet,Pending,5493.06,19-10-24,25-10-24
ORD-003826,CUST-00534,PRD-00047,5,0,Website,Wallet,Pending,3368.82,07-02-23,10-02-23
ORD-004875,CUST-00665,PRD-00011,5,0,Website,Cash On Delivery,Cancelled,2785.74,11-03-23,09-11-23
ORD-000007,CUST-00002,PRD-00065,5,0,Website,Cash On Delivery,Pending,1220.64,22-04-25,24-04-25
ORD-005449,CUST-00742,PRD-00110,5,0,Website,Wallet,Pending,443.5,22-04-25,24-04-25
ORD-000312,CUST-00040,PRD-00181,5,0,Marketplace,Wallet,Cancelled,7757.56,24-02-25,22-02-25
ORD-000447,CUST-00059,PRD-00002,5,0,Mobile App,Installment,Returned,9414.07,04-12-25,18-04-25
ORD-002702,CUST-00371,PRD-00179,5,0,Marketplace,Credit Card,Returned,2311.13,22-11-24,28-11-24
ORD-000739,CUST-00099,PRD-00054,5,0,Marketplace,Cash On Delivery,Cancelled,1277.14,19-08-24,21-08-24
ORD-001574,CUST-00210,PRD-00096,5,0,Website,Wallet,Returned,1013.61,22-11-24,26-11-24
ORD-001455,CUST-00200,PRD-00169,5,0,Mobile App,Credit Card,Cancelled,3779.35,18-08-24,19-08-24
ORD-003051,CUST-00425,PRD-00111,5,0,Mobile App,Credit Card,Returned,291.55,13-12-25,15-12-25
ORD-004606,CUST-00631,PRD-00065,5,0,Mobile App,Cash On Delivery,Pending,1220.64,28-09-23,10-04-23
ORD-004798,CUST-00656,PRD-00006,5,0,Marketplace,Wallet,Returned,4094.1,12-04-23,12-01-23
ORD-002184,CUST-00307,PRD-00124,5,0,Website,Cash On Delivery,Returned,152.17,24-03-24,30-03-24
ORD-004850,CUST-00663,PRD-00026,5,0,Marketplace,Credit Card,Cancelled,13374.87,02-05-25,05-09-25
ORD-004633,CUST-00635,PRD-00049,5,0,Mobile App,Installment,Returned,3627.21,14-11-25,15-11-25
ORD-004059,CUST-00570,PRD-00176,5,0,Website,Cash On Delivery,Pending,3014.74,04-11-24,11-11-24
ORD-005741,CUST-00787,PRD-00076,5,0,Website,Cash On Delivery,Pending,2045.06,17-02-25,20-02-25
ORD-004567,CUST-00627,PRD-00159,5,0,Mobile App,Wallet,Pending,195.16,14-12-24,15-12-24
ORD-004007,CUST-00563,PRD-00138,5,0,Mobile App,Installment,Returned,293.11,09-12-25,12-12-25
ORD-001619,CUST-00217,PRD-00108,5,0,Marketplace,Cash On Delivery,Returned,230.98,01-11-23,15-01-23
ORD-001405,CUST-00191,PRD-00045,5,0,Marketplace,Wallet,Cancelled,4956.18,14-06-24,06-11-24
ORD-005132,CUST-00699,PRD-00162,5,0,Website,Credit Card,Returned,1009.35,29-10-25,04-11-25
ORD-000631,CUST-00084,PRD-00048,5,0,Mobile App,Wallet,Returned,616.54,04-02-23,06-04-23
ORD-002069,CUST-00292,PRD-00104,5,0,Marketplace,Cash On Delivery,Returned,698.62,03-03-24,10-03-24
ORD-004191,CUST-00589,PRD-00020,5,0,Mobile App,Cash On Delivery,Cancelled,9661.76,03-09-25,03-11-25
ORD-000947,CUST-00130,PRD-00103,5,0,Marketplace,Cash On Delivery,Pending,275.52,23-12-23,24-12-23
ORD-003441,CUST-00473,PRD-00051,5,0,Mobile App,Installment,Returned,4568.48,27-11-24,01-12-24
ORD-003293,CUST-00457,PRD-00137,5,0,Marketplace,Installment,Pending,328.81,10-04-25,11-04-25
ORD-001905,CUST-00266,PRD-00158,5,0,Mobile App,Credit Card,Pending,308.65,27-09-24,03-10-24
ORD-001060,CUST-00146,PRD-00141,5,0,Marketplace,Wallet,Cancelled,265.4,02-12-23,04-12-23
ORD-005720,CUST-00783,PRD-00089,5,0,Marketplace,Wallet,Cancelled,370.11,30-09-23,07-10-23
ORD-005052,CUST-00686,PRD-00088,5,0,Marketplace,Installment,Returned,2384.43,11-07-24,14-07-24
ORD-005678,CUST-00777,PRD-00083,5,0,Website,Cash On Delivery,Cancelled,1673.7,12-12-23,19-12-23
ORD-003116,CUST-00431,PRD-00021,5,0,Marketplace,Credit Card,Pending,7707.69,09-01-24,03-09-24
ORD-005558,CUST-00762,PRD-00088,5,0,Marketplace,Wallet,Returned,2384.43,31-12-23,04-01-24
ORD-005193,CUST-00705,PRD-00154,5,0,Website,Credit Card,Returned,175.83,14-06-23,18-06-23
ORD-004737,CUST-00649,PRD-00088,5,0,Mobile App,Credit Card,Pending,2384.43,21-12-24,23-12-24
ORD-001748,CUST-00239,PRD-00010,5,0,Mobile App,Cash On Delivery,Cancelled,2297.75,07-09-24,11-07-24
ORD-001143,CUST-00156,PRD-00060,5,0,Marketplace,Wallet,Returned,2586.89,14-08-25,18-08-25
ORD-004560,CUST-00626,PRD-00021,5,0,Mobile App,Credit Card,Pending,7707.69,05-08-24,12-08-24
ORD-005227,CUST-00710,PRD-00017,5,0,Website,Wallet,Returned,4224.65,22-02-25,23-02-25
ORD-002444,CUST-00339,PRD-00013,5,0,Marketplace,Wallet,Returned,5695.33,31-05-25,03-06-25
ORD-002267,CUST-00318,PRD-00150,5,0,Mobile App,Installment,Cancelled,84.86,16-08-23,19-08-23
ORD-004360,CUST-00604,PRD-00080,5,0,Website,Cash On Delivery,Returned,1092.22,05-06-25,06-12-25
ORD-000014,CUST-00004,PRD-00128,5,0,Website,Credit Card,Returned,812.88,27-01-25,02-01-25
ORD-004397,CUST-00607,PRD-00059,5,0,Mobile App,Installment,Pending,1565.88,07-06-23,08-06-23
ORD-001497,CUST-00205,PRD-00036,5,0,Mobile App,Installment,Pending,2503.62,18-03-25,19-03-25
ORD-005794,CUST-00793,PRD-00156,3,0,Mobile App,Installment,Pending,250.31,02-04-25,05-04-25
ORD-004996,CUST-00677,PRD-00108,3,0,Marketplace,Installment,Cancelled,230.98,27-07-23,01-08-23
ORD-003736,CUST-00516,PRD-00091,3,0,Mobile App,Wallet,Returned,1667.87,02-06-24,03-06-24
ORD-002457,CUST-00340,PRD-00168,3,0,Marketplace,Installment,Cancelled,3279.73,30-03-25,31-03-25
ORD-003539,CUST-00487,PRD-00101,3,0,Marketplace,Wallet,Returned,658.37,05-07-24,07-06-24
ORD-005609,CUST-00769,PRD-00085,3,0,Website,Cash On Delivery,Returned,265.37,29-07-23,05-08-23
ORD-001396,CUST-00189,PRD-00044,3,0,Marketplace,Wallet,Returned,3309.62,08-05-24,05-09-24
ORD-003165,CUST-00437,PRD-00126,3,0,Website,Installment,Returned,340.64,30-04-25,05-05-25
ORD-001918,CUST-00268,PRD-00137,3,0,Marketplace,Credit Card,Cancelled,328.81,30-05-23,06-04-23
ORD-004627,CUST-00635,PRD-00052,3,0,Website,Wallet,Cancelled,4557.53,15-10-23,19-10-23
ORD-002416,CUST-00336,PRD-00096,3,0,Website,Installment,Pending,1013.61,21-12-25,23-12-25
ORD-004011,CUST-00563,PRD-00092,3,0,Mobile App,Credit Card,Returned,727.52,08-08-23,12-08-23
ORD-001274,CUST-00172,PRD-00040,3,0,Mobile App,Wallet,Returned,1977.22,24-11-23,26-11-23
ORD-000495,CUST-00067,PRD-00110,3,0,Marketplace,Installment,Returned,443.5,29-01-25,30-01-25
ORD-001763,CUST-00240,PRD-00059,3,0,Website,Credit Card,Pending,1565.88,21-03-24,25-03-24
ORD-003102,CUST-00431,PRD-00094,3,0,Website,Credit Card,Pending,286.11,20-11-25,25-11-25
ORD-000275,CUST-00037,PRD-00091,3,0,Mobile App,Credit Card,Returned,1667.87,06-10-25,10-10-25
ORD-000699,CUST-00095,PRD-00018,3,0,Mobile App,Wallet,Cancelled,8604.46,15-05-23,18-05-23
ORD-002907,CUST-00401,PRD-00084,3,0,Mobile App,Cash On Delivery,Cancelled,600.09,05-08-24,07-08-24
ORD-003164,CUST-00437,PRD-00090,3,0,Marketplace,Wallet,Returned,1391.99,22-04-23,25-04-23
ORD-003268,CUST-00454,PRD-00099,3,0,Mobile App,Credit Card,Pending,152.23,01-11-25,08-11-25
ORD-004353,CUST-00604,PRD-00046,3,0,Website,Installment,Cancelled,1161.95,06-11-25,13-06-25
ORD-002741,CUST-00373,PRD-00088,3,0,Marketplace,Wallet,Returned,2384.43,25-03-25,30-03-25
ORD-001745,CUST-00238,PRD-00155,3,0,Mobile App,Credit Card,Returned,228.62,13-11-25,20-11-25
ORD-001684,CUST-00228,PRD-00150,3,0,Mobile App,Cash On Delivery,Returned,84.86,22-04-25,24-04-25
ORD-004775,CUST-00653,PRD-00144,3,0,Website,Cash On Delivery,Cancelled,212.23,12-05-24,19-05-24
ORD-002782,CUST-00378,PRD-00153,3,0,Marketplace,Credit Card,Cancelled,321.69,21-02-23,26-02-23
ORD-000094,CUST-00011,PRD-00027,3,0,Marketplace,Cash On Delivery,Returned,6528.78,30-03-25,01-04-25
ORD-004377,CUST-00605,PRD-00025,3,0,Marketplace,Cash On Delivery,Returned,15750.99,28-12-25,01-04-26
ORD-000736,CUST-00099,PRD-00111,3,0,Mobile App,Cash On Delivery,Returned,291.55,01-07-24,03-07-24
ORD-000270,CUST-00034,PRD-00095,3,0,Marketplace,Installment,Cancelled,493.89,25-07-23,29-07-23
ORD-003892,CUST-00546,PRD-00048,3,0,Marketplace,Installment,Returned,616.54,25-07-24,29-07-24
ORD-000867,CUST-00118,PRD-00111,3,0,Marketplace,Installment,Returned,291.55,28-09-25,29-09-25
ORD-001110,CUST-00152,PRD-00050,3,0,Marketplace,Installment,Pending,6188.03,08-02-23,15-02-23
ORD-004608,CUST-00631,PRD-00153,3,0,Website,Credit Card,Pending,321.69,05-08-23,08-10-23
ORD-002316,CUST-00322,PRD-00107,3,0,Mobile App,Installment,Returned,803.85,19-05-23,22-05-23
ORD-002934,CUST-00405,PRD-00004,3,0,Website,Credit Card,Cancelled,3744.22,23-01-25,24-01-25
ORD-003906,CUST-00547,PRD-00184,3,0,Website,Cash On Delivery,Pending,2621.44,06-09-24,13-09-24
ORD-004805,CUST-00656,PRD-00041,3,0,Website,Wallet,Pending,1168.7,25-12-23,27-12-23
ORD-003536,CUST-00487,PRD-00170,3,0,Marketplace,Credit Card,Returned,7690.28,11-11-23,11-12-23
ORD-003451,CUST-00475,PRD-00133,3,0,Marketplace,Credit Card,Returned,174.99,20-11-23,25-11-23
ORD-002900,CUST-00399,PRD-00099,3,0,Mobile App,Credit Card,Cancelled,152.23,05-08-24,10-05-24
ORD-005018,CUST-00682,PRD-00024,3,0,Marketplace,Wallet,Cancelled,8840.39,23-08-23,27-08-23
ORD-000290,CUST-00038,PRD-00004,3,0,Website,Cash On Delivery,Returned,3744.22,11-11-25,18-11-25
ORD-001580,CUST-00211,PRD-00069,3,0,Mobile App,Credit Card,Cancelled,1039.35,29-09-24,01-10-24
ORD-004877,CUST-00665,PRD-00061,3,0,Marketplace,Credit Card,Cancelled,1707.55,27-10-23,29-10-23
ORD-005164,CUST-00702,PRD-00116,3,0,Mobile App,Credit Card,Returned,466.13,10-10-24,13-10-24
ORD-003373,CUST-00462,PRD-00104,3,0,Website,Cash On Delivery,Pending,698.62,18-01-23,21-01-23
ORD-002418,CUST-00336,PRD-00098,3,0,Mobile App,Credit Card,Cancelled,718.7,30-12-23,04-01-24
ORD-002769,CUST-00375,PRD-00160,3,0,Website,Wallet,Pending,214.1,06-03-24,09-03-24
ORD-000011,CUST-00003,PRD-00055,3,0,Marketplace,Cash On Delivery,Cancelled,2089.61,03-08-24,08-10-24
ORD-005079,CUST-00691,PRD-00154,3,0,Mobile App,Wallet,Returned,175.83,12-08-23,16-08-23
ORD-000775,CUST-00102,PRD-00165,3,0,Website,Credit Card,Pending,1559.9,03-05-24,10-05-24
ORD-003370,CUST-00462,PRD-00172,3,0,Mobile App,Wallet,Pending,4391.94,03-12-24,15-03-24
ORD-001173,CUST-00161,PRD-00178,3,0,Marketplace,Wallet,Returned,583.55,19-12-23,20-12-23
ORD-003601,CUST-00495,PRD-00035,3,0,Website,Cash On Delivery,Pending,4561.67,19-07-25,20-07-25
ORD-003303,CUST-00457,PRD-00152,3,0,Website,Cash On Delivery,Returned,23.7,08-12-25,13-12-25
ORD-005502,CUST-00752,PRD-00164,3,0,Marketplace,Installment,Cancelled,6039.64,09-05-25,11-05-25
ORD-005021,CUST-00682,PRD-00032,3,0,Website,Wallet,Pending,1547.2,07-06-24,11-07-24
ORD-005087,CUST-00692,PRD-00041,3,0,Mobile App,Installment,Pending,1168.7,03-09-25,09-09-25
ORD-001138,CUST-00154,PRD-00002,3,0,Marketplace,Wallet,Pending,9414.07,24-02-25,01-03-25
ORD-005383,CUST-00731,PRD-00058,3,0,Website,Cash On Delivery,Pending,3308.87,21-04-23,23-04-23
ORD-000948,CUST-00131,PRD-00048,3,0,Website,Wallet,Pending,616.54,11-06-24,13-06-24
ORD-004691,CUST-00641,PRD-00161,3,0,Marketplace,Credit Card,Cancelled,1342.19,29-09-23,02-10-23
ORD-002168,CUST-00304,PRD-00128,3,0,Website,Installment,Returned,812.88,18-08-24,20-08-24
ORD-003540,CUST-00487,PRD-00106,3,0,Website,Credit Card,Cancelled,1124.04,03-09-25,12-03-25
ORD-005684,CUST-00778,PRD-00163,3,0,Mobile App,Installment,Returned,5049.75,10-01-24,15-01-24
ORD-003636,CUST-00498,PRD-00037,3,0,Mobile App,Installment,Cancelled,2145.36,13-01-24,19-01-24
ORD-002121,CUST-00298,PRD-00091,3,0,Marketplace,Credit Card,Returned,1667.87,03-12-23,16-03-23
ORD-005769,CUST-00791,PRD-00029,3,0,Marketplace,Installment,Cancelled,1141.21,24-01-23,31-01-23
ORD-001331,CUST-00179,PRD-00185,3,0,Mobile App,Installment,Cancelled,2013.53,02-05-23,09-05-23
ORD-003270,CUST-00455,PRD-00153,3,0,Mobile App,Wallet,Returned,321.69,12-12-24,14-12-24
ORD-003682,CUST-00506,PRD-00039,3,0,Website,Installment,Returned,2748.05,01-10-25,03-10-25
ORD-004762,CUST-00651,PRD-00181,3,0,Website,Wallet,Cancelled,7757.56,29-11-25,03-12-25
ORD-004590,CUST-00629,PRD-00029,3,0,Marketplace,Cash On Delivery,Pending,1141.21,08-04-24,15-04-24
ORD-000425,CUST-00057,PRD-00161,3,0,Mobile App,Cash On Delivery,Cancelled,1342.19,23-12-23,25-12-23
ORD-000265,CUST-00033,PRD-00152,3,0,Mobile App,Cash On Delivery,Pending,23.7,18-11-25,20-11-25
ORD-000006,CUST-00001,PRD-00174,3,0,Marketplace,Wallet,Pending,2379.8,09-09-24,16-09-24
ORD-004491,CUST-00618,PRD-00001,3,0,Website,Installment,Cancelled,3019.28,14-03-23,18-03-23
ORD-002084,CUST-00294,PRD-00175,3,0,Website,Installment,Pending,3144.98,22-11-25,28-11-25
ORD-001757,CUST-00240,PRD-00020,3,0,Website,Installment,Cancelled,9661.76,27-06-25,03-07-25
ORD-002332,CUST-00326,PRD-00187,3,0,Mobile App,Cash On Delivery,Returned,5533.15,12-09-24,12-12-24
ORD-000838,CUST-00111,PRD-00061,3,0,Marketplace,Installment,Returned,1707.55,25-06-24,27-06-24
ORD-005805,CUST-00795,PRD-00127,3,0,Marketplace,Cash On Delivery,Pending,252.66,18-04-23,25-04-23
ORD-002530,CUST-00349,PRD-00178,3,0,Website,Credit Card,Pending,583.55,15-05-23,17-05-23
ORD-001837,CUST-00255,PRD-00080,3,0,Mobile App,Cash On Delivery,Cancelled,1092.22,11-12-25,15-11-25
ORD-003843,CUST-00539,PRD-00037,3,0,Marketplace,Cash On Delivery,Pending,2145.36,15-01-23,22-01-23
ORD-005752,CUST-00788,PRD-00078,3,0,Mobile App,Credit Card,Cancelled,803.87,27-11-23,12-03-23
ORD-003527,CUST-00485,PRD-00176,3,0,Marketplace,Cash On Delivery,Cancelled,3014.74,03-03-25,06-03-25
ORD-001628,CUST-00219,PRD-00078,3,0,Marketplace,Credit Card,Pending,803.87,31-05-24,03-06-24
ORD-005272,CUST-00719,PRD-00003,3,0,Mobile App,Credit Card,Cancelled,1534.69,15-03-25,17-03-25
ORD-002544,CUST-00351,PRD-00106,3,0,Website,Installment,Cancelled,1124.04,02-07-24,02-08-24
ORD-003132,CUST-00434,PRD-00130,3,0,Mobile App,Wallet,Returned,93.92,03-04-23,04-04-23
ORD-002154,CUST-00301,PRD-00006,3,0,Website,Installment,Returned,4094.1,11-10-25,15-11-25
ORD-001238,CUST-00169,PRD-00073,3,0,Mobile App,Installment,Cancelled,2603.44,19-06-25,23-06-25
ORD-003741,CUST-00517,PRD-00036,3,0,Marketplace,Installment,Cancelled,2503.62,13-10-25,19-10-25
ORD-004010,CUST-00563,PRD-00031,3,0,Website,Credit Card,Cancelled,376.78,25-12-24,26-12-24
ORD-005743,CUST-00788,PRD-00018,3,0,Website,Installment,Cancelled,8604.46,25-11-23,01-12-23
ORD-000576,CUST-00078,PRD-00176,3,0,Mobile App,Credit Card,Returned,3014.74,28-09-23,29-09-23
ORD-001812,CUST-00251,PRD-00188,3,0,Marketplace,Cash On Delivery,Cancelled,235.83,22-08-25,27-08-25
ORD-000625,CUST-00084,PRD-00034,3,0,Marketplace,Installment,Cancelled,4894.09,09-01-25,14-01-25
ORD-000124,CUST-00017,PRD-00096,3,0,Mobile App,Credit Card,Returned,1013.61,15-11-25,18-11-25
ORD-002160,CUST-00303,PRD-00013,3,0,Website,Wallet,Returned,5695.33,20-09-24,23-09-24
ORD-004830,CUST-00658,PRD-00046,3,0,Marketplace,Installment,Returned,1161.95,28-06-25,04-07-25
ORD-005628,CUST-00771,PRD-00034,3,0,Mobile App,Wallet,Returned,4894.09,18-07-24,22-07-24
ORD-000450,CUST-00059,PRD-00009,3,0,Website,Cash On Delivery,Pending,1433.71,18-11-25,25-11-25
ORD-000248,CUST-00032,PRD-00117,3,0,Marketplace,Cash On Delivery,Returned,440.45,12-07-25,15-07-25
ORD-000400,CUST-00052,PRD-00175,3,0,Website,Credit Card,Pending,3144.98,19-09-23,25-09-23
ORD-004253,CUST-00596,PRD-00004,3,0,Website,Cash On Delivery,Returned,3744.22,27-12-25,29-12-25
ORD-004808,CUST-00656,PRD-00088,3,0,Mobile App,Cash On Delivery,Pending,2384.43,18-03-25,25-03-25
ORD-005057,CUST-00686,PRD-00141,3,0,Marketplace,Installment,Cancelled,265.4,21-12-24,26-12-24
ORD-005048,CUST-00685,PRD-00024,3,0,Mobile App,Installment,Pending,8840.39,15-09-25,16-09-25
ORD-000615,CUST-00082,PRD-00093,3,0,Mobile App,Wallet,Returned,327.87,02-03-23,05-02-23
ORD-005092,CUST-00693,PRD-00024,3,0,Mobile App,Wallet,Cancelled,8840.39,07-07-24,14-07-24
ORD-001203,CUST-00165,PRD-00182,3,0,Mobile App,Installment,Cancelled,4312.02,18-07-23,19-07-23
ORD-005289,CUST-00722,PRD-00161,3,0,Mobile App,Credit Card,Pending,1342.19,25-01-24,29-01-24
ORD-000274,CUST-00037,PRD-00034,3,0,Website,Credit Card,Returned,4894.09,23-12-23,30-12-23
ORD-001433,CUST-00194,PRD-00038,3,0,Marketplace,Installment,Pending,2707.61,25-05-23,26-05-23
ORD-002264,CUST-00317,PRD-00054,3,0,Website,Installment,Returned,1277.14,06-05-25,05-10-25
ORD-000597,CUST-00080,PRD-00158,3,0,Marketplace,Cash On Delivery,Pending,308.65,09-04-25,13-04-25
ORD-000156,CUST-00022,PRD-00129,3,0,Mobile App,Credit Card,Cancelled,23.89,09-03-24,13-03-24
ORD-004975,CUST-00674,PRD-00094,3,0,Mobile App,Cash On Delivery,Returned,286.11,07-02-24,12-02-24
ORD-001805,CUST-00248,PRD-00111,3,0,Marketplace,Credit Card,Cancelled,291.55,10-03-25,10-06-25
ORD-000873,CUST-00120,PRD-00159,3,0,Mobile App,Credit Card,Returned,195.16,19-04-24,21-04-24
ORD-005578,CUST-00764,PRD-00005,3,0,Marketplace,Wallet,Pending,5870.09,19-07-24,24-07-24
ORD-002980,CUST-00414,PRD-00178,3,0,Marketplace,Installment,Cancelled,583.55,29-04-24,06-05-24
ORD-005183,CUST-00704,PRD-00015,3,0,Mobile App,Wallet,Pending,5715.8,09-06-23,10-09-23
ORD-003553,CUST-00487,PRD-00149,3,0,Marketplace,Credit Card,Pending,93.5,26-04-23,01-05-23
ORD-003028,CUST-00423,PRD-00046,3,0,Website,Installment,Pending,1161.95,16-03-25,17-03-25
ORD-003881,CUST-00544,PRD-00149,3,0,Website,Wallet,Pending,93.5,01-04-23,07-04-23
ORD-000512,CUST-00069,PRD-00004,3,0,Website,Wallet,Pending,3744.22,16-05-23,23-05-23
ORD-002841,CUST-00387,PRD-00066,3,0,Marketplace,Credit Card,Returned,531.75,07-07-25,09-07-25
ORD-005476,CUST-00748,PRD-00058,3,0,Marketplace,Installment,Returned,3308.87,27-02-25,04-03-25
ORD-002192,CUST-00308,PRD-00127,3,0,Mobile App,Credit Card,Cancelled,252.66,14-12-25,21-12-25
ORD-004018,CUST-00564,PRD-00067,3,0,Marketplace,Cash On Delivery,Cancelled,1590.28,18-06-24,21-06-24
ORD-001402,CUST-00190,PRD-00074,3,0,Mobile App,Wallet,Returned,396.44,30-11-25,04-12-25
ORD-003480,CUST-00479,PRD-00102,3,0,Marketplace,Credit Card,Pending,833.67,11-12-23,12-12-23
ORD-002524,CUST-00348,PRD-00080,3,0,Website,Wallet,Pending,1092.22,30-08-24,05-09-24
ORD-002800,CUST-00381,PRD-00028,3,0,Mobile App,Wallet,Returned,6404.22,08-03-25,03-12-25
ORD-000452,CUST-00060,PRD-00031,3,0,Website,Installment,Cancelled,376.78,08-04-24,11-04-24
ORD-002309,CUST-00321,PRD-00048,3,0,Marketplace,Cash On Delivery,Cancelled,616.54,25-12-24,31-12-24
ORD-003561,CUST-00488,PRD-00079,1,0.2,Mobile App,Installment,Pending,646.3,28-05-25,06-01-25
ORD-002518,CUST-00347,PRD-00150,4,0.2,Website,Cash On Delivery,Pending,84.86,26-12-24,02-01-25
ORD-002631,CUST-00361,PRD-00024,10,0.2,Mobile App,Credit Card,Pending,8840.39,19-01-25,22-01-25
ORD-000105,CUST-00014,PRD-00024,3,0.2,Marketplace,Credit Card,Pending,8840.39,03-06-24,08-06-24
ORD-003256,CUST-00452,PRD-00021,1,0.2,Mobile App,Installment,Pending,7707.69,23-05-23,27-05-23
ORD-004988,CUST-00677,PRD-00073,9,0.2,Mobile App,Installment,Pending,2603.44,14-09-23,15-09-23
ORD-005570,CUST-00763,PRD-00031,4,0.2,Mobile App,Installment,Pending,376.78,30-03-25,03-04-25
ORD-003509,CUST-00483,PRD-00055,4,0.2,Mobile App,Credit Card,Pending,2089.61,15-11-24,21-11-24
ORD-001480,CUST-00203,PRD-00137,2,0.2,Website,Installment,Pending,328.81,26-08-24,27-08-24
ORD-004551,CUST-00626,PRD-00138,2,0.2,Mobile App,Installment,Pending,293.11,07-04-23,10-04-23
ORD-002675,CUST-00370,PRD-00069,4,0.2,Website,Wallet,Pending,1039.35,10-12-24,16-12-24
ORD-003908,CUST-00548,PRD-00007,5,0.2,Marketplace,Cash On Delivery,Pending,5375.75,20-09-24,25-09-24
ORD-001094,CUST-00149,PRD-00154,3,0.2,Website,Installment,Pending,175.83,02-03-25,04-02-25
ORD-005431,CUST-00739,PRD-00087,4,0.2,Mobile App,Wallet,Pending,937.05,03-04-25,07-04-25
ORD-000656,CUST-00088,PRD-00067,3,0.2,Mobile App,Wallet,Pending,1590.28,12-01-23,15-01-23
ORD-003278,CUST-00455,PRD-00069,5,0.2,Mobile App,Wallet,Pending,1039.35,23-07-23,28-07-23
ORD-000222,CUST-00030,PRD-00165,4,0.2,Website,Installment,Pending,1559.9,17-02-23,20-02-23
ORD-004295,CUST-00600,PRD-00015,7,0.2,Marketplace,Cash On Delivery,Pending,5715.8,04-11-23,17-04-23
ORD-003127,CUST-00434,PRD-00114,1,0.2,Website,Cash On Delivery,Pending,864.91,18-02-24,23-02-24
ORD-005280,CUST-00720,PRD-00141,3,0.2,Marketplace,Cash On Delivery,Pending,265.4,05-05-24,08-05-24
ORD-003319,CUST-00459,PRD-00150,5,0.2,Website,Wallet,Pending,84.86,13-11-23,19-11-23
ORD-002464,CUST-00341,PRD-00034,10,0.2,Mobile App,Cash On Delivery,Pending,4894.09,09-06-24,14-06-24
ORD-001024,CUST-00140,PRD-00172,10,0.2,Website,Installment,Pending,4391.94,10-03-25,16-03-25
ORD-005178,CUST-00704,PRD-00038,5,0.2,Mobile App,Wallet,Pending,2707.61,12-05-25,07-12-25
ORD-002094,CUST-00295,PRD-00138,8,0.2,Mobile App,Cash On Delivery,Pending,293.11,04-08-23,05-08-23
ORD-000101,CUST-00014,PRD-00156,2,0.2,Marketplace,Installment,Pending,250.31,11-07-23,16-07-23
ORD-002165,CUST-00303,PRD-00006,4,0.2,Marketplace,Credit Card,Pending,4094.1,15-02-24,17-02-24
ORD-000314,CUST-00040,PRD-00165,4,0.2,Marketplace,Cash On Delivery,Pending,1559.9,13-05-25,19-05-25
ORD-003192,CUST-00440,PRD-00084,1,0.2,Mobile App,Installment,Pending,600.09,21-08-24,28-08-24
ORD-000113,CUST-00016,PRD-00006,9,0.2,Mobile App,Installment,Pending,4094.1,27-12-25,31-12-25
ORD-005059,CUST-00687,PRD-00101,5,0.2,Marketplace,Cash On Delivery,Pending,658.37,17-07-24,24-07-24
ORD-005056,CUST-00686,PRD-00049,7,0.2,Mobile App,Wallet,Pending,3627.21,16-09-23,19-09-23
ORD-005460,CUST-00744,PRD-00151,3,0.2,Mobile App,Cash On Delivery,Pending,125.16,14-04-24,19-04-24
ORD-003658,CUST-00503,PRD-00038,5,0.2,Marketplace,Cash On Delivery,Pending,2707.61,24-03-24,29-03-24
ORD-001463,CUST-00202,PRD-00135,1,0.2,Website,Cash On Delivery,Pending,55.83,25-04-25,28-04-25
ORD-003664,CUST-00505,PRD-00074,1,0.2,Marketplace,Cash On Delivery,Pending,396.44,30-04-24,05-03-24
ORD-001014,CUST-00139,PRD-00116,2,0.2,Marketplace,Credit Card,Pending,466.13,09-09-24,13-09-24
ORD-002958,CUST-00410,PRD-00055,3,0.2,Website,Credit Card,Pending,2089.61,11-12-23,16-11-23
ORD-002213,CUST-00312,PRD-00004,4,0.2,Mobile App,Wallet,Pending,3744.22,22-02-24,27-02-24
ORD-002347,CUST-00328,PRD-00081,8,0.2,Website,Cash On Delivery,Pending,2904.61,29-05-24,31-05-24
ORD-000974,CUST-00133,PRD-00010,1,0.2,Mobile App,Installment,Pending,2297.75,13-05-25,15-05-25
ORD-000910,CUST-00125,PRD-00014,4,0.2,Website,Credit Card,Pending,3474.75,14-11-24,18-11-24
ORD-004921,CUST-00669,PRD-00077,5,0.2,Mobile App,Installment,Pending,3228.9,22-12-24,24-12-24
ORD-004126,CUST-00584,PRD-00001,6,0.2,Mobile App,Cash On Delivery,Pending,3019.28,09-10-25,11-10-25
ORD-005257,CUST-00717,PRD-00168,3,0.2,Marketplace,Cash On Delivery,Pending,3279.73,24-12-24,31-12-24
ORD-000180,CUST-00024,PRD-00150,4,0.2,Website,Cash On Delivery,Pending,84.86,11-10-25,17-10-25
ORD-000846,CUST-00112,PRD-00174,3,0.2,Marketplace,Cash On Delivery,Pending,2379.8,26-07-24,29-07-24
ORD-004855,CUST-00664,PRD-00093,2,0.2,Marketplace,Cash On Delivery,Pending,327.87,14-01-23,17-01-23
ORD-004354,CUST-00604,PRD-00088,2,0.2,Mobile App,Installment,Pending,2384.43,03-12-25,15-03-25
ORD-002244,CUST-00313,PRD-00065,1,0.2,Mobile App,Installment,Pending,1220.64,26-09-24,02-10-24
ORD-004931,CUST-00671,PRD-00004,5,0.2,Marketplace,Cash On Delivery,Pending,3744.22,23-11-23,25-11-23
ORD-000170,CUST-00022,PRD-00009,5,0.2,Website,Cash On Delivery,Pending,1433.71,01-12-24,12-02-24
ORD-002061,CUST-00291,PRD-00143,6,0.2,Mobile App,Installment,Pending,174.65,30-09-25,06-10-25
ORD-002236,CUST-00313,PRD-00113,4,0.2,Mobile App,Installment,Pending,719.15,07-04-24,08-04-24
ORD-001214,CUST-00165,PRD-00114,2,0.2,Mobile App,Wallet,Pending,864.91,02-07-25,07-08-25
ORD-005217,CUST-00709,PRD-00086,3,0.2,Website,Credit Card,Pending,1754.49,18-03-23,22-03-23
ORD-000228,CUST-00030,PRD-00018,1,0.2,Marketplace,Installment,Pending,8604.46,23-12-24,26-12-24
ORD-005829,CUST-00799,PRD-00160,7,0.2,Mobile App,Cash On Delivery,Returned,214.1,18-09-24,22-09-24
ORD-003038,CUST-00424,PRD-00134,6,0.2,Marketplace,Cash On Delivery,Returned,165,06-02-23,04-06-23
ORD-000411,CUST-00055,PRD-00044,3,0.2,Website,Credit Card,Returned,3309.62,28-04-25,30-04-25
ORD-004527,CUST-00623,PRD-00142,5,0.2,Marketplace,Cash On Delivery,Returned,29.02,10-06-24,06-12-24
ORD-002119,CUST-00298,PRD-00093,3,0.2,Mobile App,Credit Card,Returned,327.87,22-05-25,29-05-25
ORD-000056,CUST-00007,PRD-00059,3,0.2,Website,Cash On Delivery,Returned,1565.88,19-07-24,24-07-24
ORD-001955,CUST-00279,PRD-00185,8,0.2,Mobile App,Installment,Returned,2013.53,23-08-23,27-08-23
ORD-001039,CUST-00144,PRD-00029,8,0.2,Marketplace,Cash On Delivery,Returned,1141.21,22-08-25,27-08-25
ORD-005417,CUST-00737,PRD-00011,2,0.2,Website,Credit Card,Returned,2785.74,22-05-23,29-05-23
ORD-003194,CUST-00440,PRD-00102,3,0.2,Marketplace,Cash On Delivery,Returned,833.67,13-12-24,14-12-24
ORD-003719,CUST-00515,PRD-00087,5,0.2,Website,Wallet,Returned,937.05,26-07-24,31-07-24
ORD-002777,CUST-00376,PRD-00101,5,0.2,Website,Installment,Returned,658.37,29-11-24,03-12-24
ORD-000288,CUST-00038,PRD-00093,10,0.2,Marketplace,Installment,Returned,327.87,06-02-25,02-08-25
ORD-004661,CUST-00638,PRD-00059,5,0.2,Website,Wallet,Returned,1565.88,06-10-23,11-06-23
ORD-004729,CUST-00647,PRD-00041,3,0.2,Marketplace,Cash On Delivery,Returned,1168.7,16-06-23,20-06-23
ORD-001523,CUST-00207,PRD-00018,4,0.2,Marketplace,Installment,Returned,8604.46,19-09-24,20-09-24
ORD-003571,CUST-00491,PRD-00026,5,0.2,Mobile App,Credit Card,Returned,13374.87,07-12-23,08-12-23
ORD-001569,CUST-00210,PRD-00039,5,0.2,Mobile App,Credit Card,Returned,2748.05,18-06-24,20-06-24
ORD-005477,CUST-00748,PRD-00113,4,0.2,Website,Credit Card,Returned,719.15,02-12-24,04-12-24
ORD-003372,CUST-00462,PRD-00049,4,0.2,Marketplace,Installment,Returned,3627.21,16-12-24,19-12-24
ORD-002940,CUST-00407,PRD-00172,5,0.2,Mobile App,Cash On Delivery,Returned,4391.94,29-04-24,05-05-24
ORD-005197,CUST-00705,PRD-00058,1,0.2,Mobile App,Wallet,Returned,3308.87,24-04-24,28-04-24
ORD-002765,CUST-00375,PRD-00044,5,0.2,Mobile App,Installment,Returned,3309.62,31-07-24,08-01-24
ORD-003472,CUST-00477,PRD-00058,4,0.2,Marketplace,Credit Card,Returned,3308.87,14-02-23,20-02-23
ORD-001485,CUST-00203,PRD-00166,1,0.2,Mobile App,Cash On Delivery,Returned,1361.3,13-12-23,20-12-23
ORD-004144,CUST-00586,PRD-00178,8,0.2,Marketplace,Cash On Delivery,Returned,583.55,21-02-23,25-02-23
ORD-003458,CUST-00477,PRD-00059,5,0.2,Mobile App,Installment,Returned,1565.88,16-06-25,19-06-25
ORD-004568,CUST-00627,PRD-00022,3,0.2,Mobile App,Wallet,Returned,14193.82,30-01-24,31-01-24
ORD-001120,CUST-00153,PRD-00106,9,0.2,Marketplace,Credit Card,Returned,1124.04,29-06-25,07-02-25
ORD-000297,CUST-00038,PRD-00155,4,0.2,Marketplace,Wallet,Returned,228.62,25-01-24,29-01-24
ORD-004576,CUST-00629,PRD-00025,5,0.2,Website,Credit Card,Returned,15750.99,09-08-25,11-08-25
ORD-002492,CUST-00343,PRD-00105,3,0.2,Mobile App,Cash On Delivery,Returned,840.93,08-03-23,13-03-23
ORD-005359,CUST-00730,PRD-00122,3,0.2,Mobile App,Credit Card,Returned,692.52,09-12-23,12-11-23
ORD-003757,CUST-00520,PRD-00011,1,0.2,Marketplace,Wallet,Returned,2785.74,12-03-25,13-03-25
ORD-003603,CUST-00495,PRD-00017,2,0.2,Mobile App,Installment,Returned,4224.65,27-05-25,02-06-25
ORD-004796,CUST-00656,PRD-00053,4,0.2,Marketplace,Cash On Delivery,Returned,933.2,05-05-24,05-06-24
ORD-005497,CUST-00751,PRD-00028,4,0.2,Marketplace,Wallet,Returned,6404.22,14-01-24,15-01-24
ORD-005671,CUST-00776,PRD-00138,7,0.2,Website,Wallet,Returned,293.11,06-06-24,06-12-24
ORD-004088,CUST-00577,PRD-00120,8,0.2,Marketplace,Installment,Returned,538.56,07-07-25,11-07-25
ORD-001054,CUST-00145,PRD-00040,2,0.2,Marketplace,Cash On Delivery,Returned,1977.22,25-09-23,29-09-23
ORD-004699,CUST-00643,PRD-00088,1,0.2,Website,Cash On Delivery,Returned,2384.43,08-10-23,14-10-23
ORD-005824,CUST-00798,PRD-00060,1,0.2,Mobile App,Wallet,Returned,2586.89,04-11-24,09-11-24
ORD-004612,CUST-00631,PRD-00067,1,0.2,Marketplace,Credit Card,Returned,1590.28,24-07-23,26-07-23
ORD-002727,CUST-00373,PRD-00007,5,0.2,Mobile App,Cash On Delivery,Returned,5375.75,01-12-24,12-02-24
ORD-002612,CUST-00357,PRD-00084,4,0.2,Mobile App,Installment,Returned,600.09,22-12-23,24-12-23
ORD-003633,CUST-00498,PRD-00143,2,0.2,Website,Wallet,Returned,174.65,02-09-23,08-09-23
ORD-001681,CUST-00226,PRD-00044,9,0.2,Website,Wallet,Returned,3309.62,15-06-25,22-06-25
ORD-004904,CUST-00667,PRD-00033,1,0.2,Marketplace,Cash On Delivery,Returned,1947.05,03-06-24,06-05-24
ORD-003619,CUST-00497,PRD-00008,3,0.2,Marketplace,Installment,Returned,13998.23,13-10-23,14-10-23
ORD-005070,CUST-00688,PRD-00055,3,0.2,Website,Installment,Returned,2089.61,23-11-24,27-11-24
ORD-003217,CUST-00443,PRD-00033,2,0.2,Marketplace,Wallet,Returned,1947.05,03-04-25,08-04-25
ORD-005640,CUST-00773,PRD-00080,3,0.2,Website,Cash On Delivery,Returned,1092.22,21-05-23,22-05-23
ORD-002971,CUST-00411,PRD-00050,9,0.2,Mobile App,Installment,Returned,6188.03,07-06-23,12-06-23
ORD-002560,CUST-00354,PRD-00007,1,0.2,Website,Installment,Returned,5375.75,13-05-25,19-05-25
ORD-001813,CUST-00251,PRD-00006,4,0.2,Website,Cash On Delivery,Returned,4094.1,21-07-25,22-07-25
ORD-004135,CUST-00585,PRD-00044,10,0.2,Mobile App,Cash On Delivery,Returned,3309.62,22-04-23,26-04-23
ORD-003285,CUST-00455,PRD-00108,5,0.2,Website,Installment,Returned,230.98,14-09-24,17-09-24
ORD-002558,CUST-00353,PRD-00099,5,0.2,Mobile App,Wallet,Returned,152.23,18-10-23,20-10-23
ORD-003663,CUST-00505,PRD-00045,4,0.2,Mobile App,Wallet,Returned,4956.18,23-11-23,25-11-23
ORD-001287,CUST-00174,PRD-00166,8,0.2,Website,Cash On Delivery,Returned,1361.3,17-10-25,20-10-25
ORD-001599,CUST-00214,PRD-00180,3,0.2,Mobile App,Credit Card,Returned,6579.05,15-11-23,18-11-23
ORD-004732,CUST-00648,PRD-00098,4,0.2,Mobile App,Wallet,Returned,718.7,01-04-25,06-04-25
ORD-004515,CUST-00622,PRD-00024,3,0.2,Marketplace,Cash On Delivery,Returned,8840.39,28-06-23,02-07-23
ORD-003305,CUST-00457,PRD-00166,4,0.2,Mobile App,Installment,Returned,1361.3,04-04-25,08-04-25
ORD-005546,CUST-99999,PRD-00157,8,0.2,Mobile App,Credit Card,Returned,186.52,14-08-23,19-08-23
ORD-000045,CUST-00006,PRD-00015,5,0.2,Marketplace,Wallet,Returned,5715.8,16-02-25,23-02-25
ORD-000813,CUST-00109,PRD-00115,3,0.2,Marketplace,Credit Card,Returned,290.78,19-07-24,20-07-24
ORD-003985,CUST-00560,PRD-00020,5,0.2,Marketplace,Wallet,Returned,9661.76,16-02-25,23-02-25
ORD-003462,CUST-00477,PRD-00035,4,0.2,Website,Credit Card,Cancelled,4561.67,21-03-25,23-03-25
ORD-002517,CUST-00347,PRD-00054,4,0.2,Marketplace,Cash On Delivery,Cancelled,1277.14,26-12-23,28-12-23
ORD-004092,CUST-00577,PRD-00022,3,0.2,Mobile App,Installment,Cancelled,14193.82,18-01-25,23-01-25
ORD-002621,CUST-00358,PRD-00062,2,0.2,Mobile App,Installment,Cancelled,271.83,01-01-24,08-01-24
ORD-001708,CUST-00233,PRD-00035,5,0.2,Mobile App,Cash On Delivery,Cancelled,4561.67,14-12-23,11-12-23
ORD-000386,CUST-00049,PRD-00051,4,0.2,Mobile App,Wallet,Cancelled,4568.48,24-02-23,01-03-23
ORD-003211,CUST-00441,PRD-00055,1,0.2,Website,Cash On Delivery,Cancelled,2089.61,23-01-25,27-01-25
ORD-004438,CUST-00611,PRD-00106,5,0.2,Mobile App,Cash On Delivery,Cancelled,1124.04,07-12-25,14-07-25
ORD-003800,CUST-00528,PRD-00124,5,0.2,Marketplace,Cash On Delivery,Cancelled,152.17,18-08-25,22-08-25
ORD-003444,CUST-00473,PRD-00073,1,0.2,Marketplace,Cash On Delivery,Cancelled,2603.44,04-06-23,08-04-23
ORD-000389,CUST-00050,PRD-00055,8,0.2,Mobile App,Wallet,Cancelled,2089.61,31-10-23,11-04-23
ORD-005780,CUST-00791,PRD-00020,4,0.2,Website,Installment,Cancelled,9661.76,17-03-23,18-03-23
ORD-005202,CUST-00705,PRD-00029,1,0.2,Marketplace,Wallet,Cancelled,1141.21,11-04-23,16-04-23
ORD-004540,CUST-00624,PRD-00052,3,0.2,Mobile App,Installment,Cancelled,4557.53,04-09-24,10-09-24
ORD-001169,CUST-00160,PRD-00144,1,0.2,Marketplace,Credit Card,Cancelled,212.23,31-01-24,06-02-24
ORD-002819,CUST-00381,PRD-00174,8,0.2,Website,Installment,Cancelled,2379.8,28-10-23,03-11-23
ORD-000455,CUST-00060,PRD-00188,3,0.2,Website,Installment,Cancelled,235.83,20-07-25,21-07-25
ORD-003352,CUST-00461,PRD-00006,1,0.2,Marketplace,Wallet,Cancelled,4094.1,26-03-23,01-04-23
ORD-003626,CUST-00498,PRD-00021,4,0.2,Marketplace,Cash On Delivery,Cancelled,7707.69,08-01-23,15-01-23
ORD-000962,CUST-00132,PRD-00162,10,0.2,Marketplace,Credit Card,Cancelled,1009.35,26-06-25,29-06-25
ORD-004142,CUST-00586,PRD-00141,8,0.2,Mobile App,Credit Card,Cancelled,265.4,23-02-24,29-02-24
ORD-001936,CUST-00275,PRD-00163,2,0.2,Website,Credit Card,Cancelled,5049.75,12-09-24,17-09-24
ORD-001132,CUST-00153,PRD-00005,3,0.2,Mobile App,Wallet,Cancelled,5870.09,18-03-25,20-03-25
ORD-004463,CUST-00614,PRD-00048,9,0.2,Marketplace,Cash On Delivery,Cancelled,616.54,22-02-25,27-02-25
ORD-004335,CUST-00603,PRD-00092,3,0.2,Website,Installment,Cancelled,727.52,24-07-24,29-07-24
ORD-002428,CUST-00336,PRD-00082,5,0.2,Website,Installment,Cancelled,1269.02,18-03-23,20-03-23
ORD-000791,CUST-00105,PRD-00137,5,0.2,Website,Wallet,Cancelled,328.81,12-10-23,14-10-23
ORD-000267,CUST-00033,PRD-00113,5,0.2,Mobile App,Wallet,Cancelled,719.15,18-09-25,19-09-25
ORD-001240,CUST-00169,PRD-00065,2,0.2,Marketplace,Installment,Cancelled,1220.64,23-02-25,03-01-25
ORD-005662,CUST-00776,PRD-00149,7,0.2,Mobile App,Wallet,Cancelled,93.5,22-03-25,24-03-25
ORD-000388,CUST-00050,PRD-00168,3,0.2,Marketplace,Wallet,Cancelled,3279.73,16-11-23,21-11-23
ORD-003207,CUST-00441,PRD-00066,2,0.2,Website,Installment,Cancelled,531.75,14-12-23,15-12-23
ORD-001802,CUST-00247,PRD-00009,6,0.2,Marketplace,Wallet,Cancelled,1433.71,07-03-25,14-03-25
ORD-004409,CUST-00608,PRD-00120,9,0.2,Mobile App,Credit Card,Cancelled,538.56,15-06-25,16-06-25
ORD-001136,CUST-00154,PRD-00152,7,0.2,Website,Cash On Delivery,Cancelled,23.7,13-08-23,18-08-23
ORD-001695,CUST-00230,PRD-00088,4,0.2,Marketplace,Installment,Cancelled,2384.43,22-03-23,27-03-23
ORD-001314,CUST-00176,PRD-00094,4,0.2,Mobile App,Wallet,Cancelled,286.11,14-04-24,20-04-24
ORD-002232,CUST-00313,PRD-00165,1,0.2,Website,Installment,Cancelled,1559.9,02-04-23,09-04-23
ORD-002723,CUST-00372,PRD-00162,1,0.2,Marketplace,Credit Card,Cancelled,1009.35,09-03-25,09-10-25
ORD-001320,CUST-00177,PRD-00098,2,0.2,Website,Cash On Delivery,Cancelled,718.7,14-02-23,20-02-23
ORD-004247,CUST-00594,PRD-00035,5,0.2,Marketplace,Credit Card,Cancelled,4561.67,04-02-23,07-02-23
ORD-004073,CUST-00573,PRD-00186,7,0.2,Mobile App,Credit Card,Cancelled,4878.71,31-07-25,05-08-25
ORD-001666,CUST-00224,PRD-00138,10,0.2,Mobile App,Cash On Delivery,Cancelled,293.11,20-07-25,22-07-25
ORD-002815,CUST-00381,PRD-00188,8,0.2,Website,Wallet,Cancelled,235.83,21-09-24,25-09-24
ORD-003820,CUST-00531,PRD-00177,6,0.2,Website,Cash On Delivery,Cancelled,5234.78,07-04-23,11-04-23
ORD-004267,CUST-00598,PRD-00091,4,0.2,Website,Credit Card,Cancelled,1667.87,05-07-25,09-05-25
ORD-005230,CUST-00712,PRD-00147,1,0.2,Website,Credit Card,Cancelled,222.8,07-11-24,11-09-24
ORD-004469,CUST-00617,PRD-00010,1,0.2,Marketplace,Wallet,Cancelled,2297.75,27-08-24,03-09-24
ORD-002708,CUST-00371,PRD-00120,4,0.2,Website,Wallet,Cancelled,538.56,21-01-25,26-01-25
ORD-002902,CUST-00400,PRD-00177,4,0.2,Website,Cash On Delivery,Cancelled,5234.78,31-12-23,03-01-24
ORD-002243,CUST-00313,PRD-00141,5,0.2,Website,Wallet,Cancelled,265.4,14-12-23,18-12-23
ORD-000320,CUST-00041,PRD-00105,3,0.2,Website,Cash On Delivery,Cancelled,840.93,18-05-24,25-05-24
ORD-003383,CUST-00464,PRD-00142,3,0.2,Marketplace,Installment,Cancelled,29.02,28-12-24,30-12-24
ORD-000566,CUST-00076,PRD-00163,4,0.2,Mobile App,Installment,Cancelled,5049.75,13-02-25,20-02-25
ORD-002866,CUST-00388,PRD-00016,5,0.2,Website,Cash On Delivery,Cancelled,6150.02,19-12-24,25-12-24
ORD-004939,CUST-00671,PRD-00038,4,0.2,Marketplace,Cash On Delivery,Cancelled,2707.61,14-12-25,18-12-25
ORD-005532,CUST-00757,PRD-00023,5,0.2,Mobile App,Installment,Cancelled,11190.64,27-04-25,04-05-25
ORD-000394,CUST-00050,PRD-00086,3,0.2,Marketplace,Cash On Delivery,Cancelled,1754.49,05-12-23,09-12-23
ORD-004471,CUST-00617,PRD-00052,1,0.2,Marketplace,Wallet,Cancelled,4557.53,05-12-23,14-05-23
ORD-000154,CUST-00022,PRD-00188,10,0.2,Mobile App,Credit Card,Cancelled,235.83,29-03-24,31-03-24
ORD-001334,CUST-00180,PRD-00174,1,0.2,Marketplace,Installment,Cancelled,2379.8,05-10-24,10-10-24
ORD-001848,CUST-00258,PRD-00049,5,0.2,Website,Installment,Cancelled,3627.21,17-06-24,23-06-24
ORD-004328,CUST-00602,PRD-00029,4,0.2,Mobile App,Credit Card,Cancelled,1141.21,25-09-23,29-09-23
ORD-005487,CUST-00751,PRD-00015,8,0.2,Marketplace,Installment,Cancelled,5715.8,29-11-25,05-12-25
ORD-000299,CUST-00038,PRD-00107,8,0.2,Website,Wallet,Cancelled,803.85,03-11-25,16-03-25
ORD-003396,CUST-00467,PRD-00040,5,0.2,Marketplace,Installment,Cancelled,1977.22,12-05-25,19-05-25
ORD-001562,CUST-00210,PRD-00088,8,0.2,Website,Installment,Cancelled,2384.43,12-12-24,14-12-24
ORD-004302,CUST-00600,PRD-00184,6,0.2,Website,Wallet,Cancelled,2621.44,11-03-23,14-03-23
ORD-002115,CUST-00296,PRD-00097,6,0.2,Marketplace,Wallet,Cancelled,550.73,02-03-25,08-03-25
ORD-003277,CUST-00455,PRD-00009,4,0.2,Mobile App,Installment,Cancelled,1433.71,11-11-25,15-11-25
ORD-000823,CUST-00110,PRD-00094,5,0.2,Marketplace,Installment,Cancelled,286.11,05-09-23,09-09-23
ORD-001362,CUST-00182,PRD-00128,4,0.2,Marketplace,Installment,Cancelled,812.88,30-09-25,10-07-25
ORD-004339,CUST-00603,PRD-00170,9,0.2,Mobile App,Installment,Cancelled,7690.28,13-04-24,17-04-24
ORD-001170,CUST-00160,PRD-00172,1,0.2,Mobile App,Installment,Cancelled,4391.94,06-03-24,10-03-24
ORD-001388,CUST-00188,PRD-99999,4,0.2,Marketplace,Installment,Cancelled,174.99,30-10-23,05-11-23
ORD-002630,CUST-00361,PRD-00011,6,0.2,Mobile App,Installment,Cancelled,2785.74,20-12-25,25-12-25
ORD-002365,CUST-00331,PRD-00018,3,0.2,Mobile App,Credit Card,Cancelled,8604.46,07-04-25,04-10-25
ORD-004004,CUST-00563,PRD-00152,5,0.2,Marketplace,Cash On Delivery,Cancelled,23.7,28-12-25,29-12-25
ORD-000777,CUST-00103,PRD-00105,7,0.2,Mobile App,Wallet,Cancelled,840.93,20-04-25,21-04-25
ORD-002077,CUST-00292,PRD-00070,1,0.2,Marketplace,Credit Card,Cancelled,1062.89,23-08-23,30-08-23
ORD-004588,CUST-00629,PRD-00067,3,0.2,Mobile App,Wallet,Cancelled,1590.28,19-02-25,26-02-25
ORD-000456,CUST-00060,PRD-00066,4,0.2,Marketplace,Credit Card,Cancelled,531.75,19-11-25,22-11-25
ORD-004678,CUST-00640,PRD-00018,8,0.2,Marketplace,Credit Card,Cancelled,8604.46,10-11-23,16-11-23
ORD-000921,CUST-00129,PRD-00058,4,0.2,Website,Credit Card,Cancelled,3308.87,29-08-25,01-09-25
ORD-001475,CUST-00203,PRD-00167,5,0.2,Marketplace,Credit Card,Cancelled,741.81,13-01-25,17-01-25
ORD-003181,CUST-00439,PRD-00023,3,0.2,Mobile App,Credit Card,Cancelled,11190.64,24-02-25,03-03-25
ORD-005200,CUST-00705,PRD-00184,2,0.2,Marketplace,Cash On Delivery,Cancelled,2621.44,09-02-24,16-02-24
ORD-003886,CUST-00545,PRD-00170,5,0.2,Website,Installment,Cancelled,7690.28,04-02-25,03-04-25
ORD-002607,CUST-00357,PRD-00108,3,0.2,Mobile App,Cash On Delivery,Cancelled,230.98,15-11-24,20-11-24
ORD-001653,CUST-00223,PRD-00043,3,0.2,Mobile App,Installment,Cancelled,670.88,20-08-23,24-08-23
ORD-000682,CUST-00091,PRD-00170,1,0.2,Mobile App,Wallet,Cancelled,7690.28,08-05-23,14-05-23
ORD-000595,CUST-00080,PRD-00112,1,0.2,Marketplace,Installment,Cancelled,422.18,09-10-25,14-10-25
ORD-000627,CUST-00084,PRD-00155,1,0.2,Website,Wallet,Cancelled,228.62,18-06-24,19-06-24
ORD-005140,CUST-00699,PRD-00047,10,0.15,Marketplace,Installment,Pending,3368.82,01-05-23,06-05-23
ORD-003487,CUST-00481,PRD-00162,1,0.15,Website,Cash On Delivery,Pending,1009.35,02-11-23,11-08-23
ORD-002928,CUST-00403,PRD-00014,4,0.15,Marketplace,Cash On Delivery,Cancelled,3474.75,16-11-24,19-11-24
ORD-000716,CUST-00098,PRD-00066,7,0.15,Mobile App,Credit Card,Cancelled,531.75,08-10-25,10-09-25
ORD-005620,CUST-00771,PRD-00027,8,0.15,Website,Installment,Cancelled,6528.78,08-10-25,12-10-25
ORD-003505,CUST-00483,PRD-00165,3,0.15,Website,Installment,Returned,1559.9,24-10-25,30-10-25
ORD-002148,CUST-00301,PRD-00100,2,0.15,Website,Credit Card,Pending,555.91,16-07-25,21-07-25
ORD-003321,CUST-00459,PRD-00124,2,0.15,Website,Cash On Delivery,Returned,152.17,16-12-25,17-12-25
ORD-001047,CUST-00144,PRD-00030,7,0.15,Mobile App,Wallet,Pending,6643.61,08-10-24,16-08-24
ORD-002068,CUST-00292,PRD-00096,1,0.15,Website,Credit Card,Returned,1013.61,15-09-24,22-09-24
ORD-004745,CUST-00650,PRD-00091,3,0.15,Website,Credit Card,Returned,1667.87,16-03-24,22-03-24
ORD-003408,CUST-00469,PRD-00150,2,0.15,Marketplace,Installment,Cancelled,84.86,27-04-24,28-04-24
ORD-003252,CUST-00451,PRD-00015,3,0.15,Mobile App,Cash On Delivery,Pending,5715.8,29-05-24,01-06-24
ORD-001490,CUST-00205,PRD-00077,1,0.15,Website,Wallet,Cancelled,3228.9,12-09-24,19-09-24
ORD-005385,CUST-00731,PRD-00094,1,0.15,Mobile App,Wallet,Pending,286.11,04-04-24,07-04-24
ORD-001349,CUST-00181,PRD-00136,5,0.15,Mobile App,Credit Card,Pending,310.7,11-04-25,13-04-25
ORD-004123,CUST-00583,PRD-00175,5,0.15,Mobile App,Cash On Delivery,Cancelled,3144.98,30-01-25,02-04-25
ORD-003887,CUST-00545,PRD-00025,6,0.15,Website,Installment,Pending,15750.99,10-03-25,13-03-25
ORD-000801,CUST-00107,PRD-00146,2,0.15,Marketplace,Installment,Returned,194.39,16-09-25,22-09-25
ORD-003662,CUST-00504,PRD-00145,1,0.15,Mobile App,Wallet,Pending,116.01,27-09-23,03-10-23
ORD-003554,CUST-00488,PRD-00048,1,0.15,Website,Wallet,Cancelled,616.54,27-02-24,01-03-24
ORD-003475,CUST-00478,PRD-00095,2,0.15,Marketplace,Wallet,Returned,493.89,07-02-23,13-02-23
ORD-004393,CUST-00606,PRD-00125,3,0.15,Website,Wallet,Returned,151.72,15-02-24,22-02-24
ORD-000160,CUST-00022,PRD-00158,5,0.15,Website,Wallet,Returned,308.65,31-05-23,07-06-23
ORD-000599,CUST-00080,PRD-00067,1,0.15,Website,Installment,Pending,1590.28,19-07-23,20-07-23
ORD-003943,CUST-00556,PRD-00043,7,0.15,Website,Credit Card,Returned,670.88,12-02-24,13-02-24
ORD-002851,CUST-00388,PRD-00118,1,0.15,Website,Credit Card,Cancelled,341.03,02-02-24,02-08-24
ORD-002443,CUST-00339,PRD-00023,2,0.15,Website,Credit Card,Pending,11190.64,10-05-24,17-05-24
ORD-002601,CUST-00357,PRD-00065,5,0.15,Website,Credit Card,Cancelled,1220.64,10-11-23,16-10-23
ORD-001641,CUST-00222,PRD-00051,4,0.15,Mobile App,Credit Card,Cancelled,4568.48,03-03-25,03-10-25
ORD-000950,CUST-00131,PRD-00027,2,0.15,Website,Installment,Cancelled,6528.78,17-03-23,19-03-23
ORD-004689,CUST-00641,PRD-00159,10,0.15,Website,Cash On Delivery,Pending,195.16,08-10-23,15-10-23
ORD-000839,CUST-00111,PRD-00021,4,0.15,Website,Wallet,Cancelled,7707.69,13-03-24,19-03-24
ORD-002670,CUST-00369,PRD-00043,2,0.15,Marketplace,Credit Card,Cancelled,670.88,26-09-24,27-09-24
ORD-005142,CUST-00699,PRD-00012,10,0.15,Mobile App,Installment,Returned,9488.69,28-03-24,29-03-24
ORD-002749,CUST-00374,PRD-00027,5,0.15,Mobile App,Wallet,Cancelled,6528.78,01-04-23,10-01-23
ORD-002557,CUST-00353,PRD-00059,3,0.15,Website,Credit Card,Cancelled,1565.88,07-09-24,11-07-24
ORD-003300,CUST-00457,PRD-00140,1,0.15,Marketplace,Cash On Delivery,Returned,168.61,23-05-25,24-05-25
ORD-000899,CUST-00124,PRD-00081,3,0.15,Marketplace,Installment,Cancelled,2904.61,11-01-24,05-11-24
ORD-000926,CUST-00129,PRD-00119,5,0.15,Website,Cash On Delivery,Pending,898.59,06-01-25,08-06-25
ORD-003755,CUST-00520,PRD-00007,1,0.15,Website,Installment,Pending,5375.75,27-11-24,30-11-24
ORD-005531,CUST-00757,PRD-00048,5,0.15,Marketplace,Installment,Cancelled,616.54,15-09-23,17-09-23
ORD-002085,CUST-00294,PRD-00019,1,0.15,Website,Cash On Delivery,Returned,5919.72,08-11-24,14-11-24
ORD-003550,CUST-00487,PRD-00171,5,0.15,Marketplace,Credit Card,Returned,1117.84,31-08-25,03-09-25
ORD-003044,CUST-00425,PRD-00065,3,0.15,Marketplace,Installment,Pending,1220.64,12-02-23,17-02-23
ORD-002775,CUST-00376,PRD-00180,3,0.15,Marketplace,Wallet,Cancelled,6579.05,19-03-23,24-03-23
ORD-000039,CUST-00006,PRD-00001,3,0.15,Mobile App,Wallet,Returned,3019.28,14-03-25,21-03-25
ORD-000187,CUST-00025,PRD-00153,3,0.15,Marketplace,Wallet,Cancelled,321.69,12-10-25,13-10-25
ORD-000046,CUST-00006,PRD-00156,1,0.15,Marketplace,Wallet,Cancelled,250.31,20-11-24,24-11-24
ORD-001185,CUST-00163,PRD-00185,2,0.15,Marketplace,Cash On Delivery,Returned,2013.53,09-12-23,13-09-23
ORD-002949,CUST-00408,PRD-00044,4,0.15,Marketplace,Cash On Delivery,Returned,3309.62,04-03-25,03-11-25
ORD-004083,CUST-00575,PRD-00125,4,0.15,Marketplace,Credit Card,Cancelled,151.72,10-05-23,17-05-23
ORD-003150,CUST-00437,PRD-00001,1,0.15,Marketplace,Credit Card,Returned,3019.28,27-08-24,28-08-24
ORD-000717,CUST-00098,PRD-00030,6,0.15,Website,Installment,Pending,6643.61,19-02-24,21-02-24
ORD-001557,CUST-00209,PRD-00023,4,0.15,Marketplace,Installment,Cancelled,11190.64,07-02-25,02-08-25
ORD-002933,CUST-00405,PRD-00126,2,0.15,Marketplace,Installment,Pending,340.64,30-09-25,03-10-25
ORD-002312,CUST-00322,PRD-00090,5,0.15,Mobile App,Credit Card,Cancelled,1391.99,28-01-24,29-01-24
ORD-002336,CUST-00326,PRD-00021,3,0.15,Mobile App,Wallet,Cancelled,7707.69,24-07-24,30-07-24
ORD-001066,CUST-00146,PRD-00105,10,0.15,Mobile App,Cash On Delivery,Returned,840.93,31-12-23,04-01-24
ORD-004565,CUST-00627,PRD-00033,4,0.15,Website,Credit Card,Returned,1947.05,11-02-23,15-02-23
ORD-000929,CUST-00129,PRD-00016,5,0.15,Website,Installment,Pending,6150.02,09-12-25,10-12-25
ORD-004537,CUST-00624,PRD-00032,4,0.15,Marketplace,Installment,Cancelled,1547.2,24-11-25,29-11-25
ORD-003795,CUST-00527,PRD-00057,4,0.15,Marketplace,Installment,Pending,5493.06,01-09-24,06-09-24
ORD-002954,CUST-00410,PRD-00041,1,0.15,Marketplace,Cash On Delivery,Pending,1168.7,26-06-23,07-01-23
ORD-000354,CUST-00043,PRD-00142,6,0.15,Website,Wallet,Pending,29.02,24-01-25,25-01-25
ORD-004160,CUST-00587,PRD-00182,6,0.15,Marketplace,Credit Card,Cancelled,4312.02,10-09-23,15-09-23
ORD-003248,CUST-00450,PRD-00061,1,0.15,Mobile App,Credit Card,Pending,1707.55,30-05-24,04-06-24
ORD-002547,CUST-00351,PRD-00009,3,0.15,Marketplace,Installment,Pending,1433.71,26-06-24,30-06-24
ORD-000262,CUST-00033,PRD-00005,8,0.15,Marketplace,Cash On Delivery,Cancelled,5870.09,28-06-23,05-07-23
ORD-000344,CUST-00043,PRD-00016,7,0.15,Mobile App,Cash On Delivery,Pending,6150.02,10-01-25,04-10-25
ORD-005658,CUST-00776,PRD-00116,5,0.15,Website,Credit Card,Cancelled,466.13,06-12-23,09-12-23
ORD-001153,CUST-00157,PRD-00160,6,0.15,Mobile App,Wallet,Returned,214.1,13-07-23,16-07-23
ORD-001543,CUST-00208,PRD-00169,5,0.15,Marketplace,Installment,Pending,3779.35,08-05-24,15-05-24
ORD-002007,CUST-00286,PRD-00108,5,0.15,Website,Credit Card,Pending,230.98,24-02-25,28-02-25
ORD-001013,CUST-00138,PRD-00145,1,0.15,Website,Credit Card,Pending,116.01,13-09-23,11-09-23
ORD-001391,CUST-00189,PRD-00084,4,0.15,Marketplace,Wallet,Returned,600.09,20-11-23,27-11-23
ORD-002735,CUST-00373,PRD-00166,2,0.15,Website,Credit Card,Returned,1361.3,30-12-25,01-02-26
ORD-005214,CUST-00709,PRD-00051,1,0.15,Mobile App,Credit Card,Cancelled,4568.48,14-02-24,15-02-24
ORD-003198,CUST-00441,PRD-00055,5,0.15,Marketplace,Credit Card,Cancelled,2089.61,14-10-23,20-10-23
ORD-001386,CUST-00188,PRD-00006,5,0.15,Mobile App,Installment,Returned,4094.1,01-10-24,03-10-24
ORD-003483,CUST-00480,PRD-00053,4,0.15,Mobile App,Cash On Delivery,Cancelled,933.2,31-03-25,04-01-25
ORD-002132,CUST-00300,PRD-00094,3,0.15,Mobile App,Credit Card,Pending,286.11,02-11-24,07-11-24
ORD-004314,CUST-00601,PRD-00077,3,0.15,Mobile App,Installment,Pending,3228.9,11-02-25,14-02-25
ORD-001003,CUST-00137,PRD-00001,7,0.15,Website,Wallet,Pending,3019.28,25-02-25,26-02-25
ORD-000003,CUST-00001,PRD-00034,5,0.15,Marketplace,Installment,Pending,4894.09,28-10-24,29-10-24
ORD-003107,CUST-00431,PRD-00007,5,0.15,Marketplace,Cash On Delivery,Returned,5375.75,05-06-25,06-02-25
ORD-003705,CUST-00512,PRD-00070,5,0.15,Marketplace,Wallet,Pending,1062.89,07-02-25,09-02-25
ORD-004125,CUST-00583,PRD-00089,5,0.15,Website,Cash On Delivery,Returned,370.11,28-07-25,31-07-25
ORD-000852,CUST-00112,PRD-00147,1,0.15,Website,Credit Card,Cancelled,222.8,28-05-25,31-05-25
ORD-002936,CUST-00406,PRD-00186,3,0.15,Marketplace,Cash On Delivery,Returned,4878.71,16-02-24,22-02-24
ORD-005567,CUST-00763,PRD-00020,1,0.15,Marketplace,Wallet,Cancelled,9661.76,09-01-24,09-06-24
ORD-004895,CUST-00666,PRD-00090,2,0.15,Website,Wallet,Pending,1391.99,19-10-24,22-10-24
ORD-004763,CUST-00652,PRD-00162,7,0.15,Mobile App,Cash On Delivery,Cancelled,1009.35,10-10-24,12-10-24
ORD-002679,CUST-00370,PRD-00017,3,0.15,Marketplace,Wallet,Cancelled,4224.65,13-05-25,18-05-25
ORD-002706,CUST-00371,PRD-00121,3,0.15,Mobile App,Credit Card,Returned,307.1,18-03-23,22-03-23
ORD-003022,CUST-00419,PRD-00070,1,0.15,Mobile App,Credit Card,Returned,1062.89,22-02-25,26-02-25
ORD-002392,CUST-00334,PRD-00071,4,0.15,Mobile App,Cash On Delivery,Cancelled,657.42,11-02-23,08-11-23
ORD-001086,CUST-00148,PRD-00083,1,0.15,Mobile App,Credit Card,Returned,1673.7,21-10-24,24-10-24
ORD-005515,CUST-00754,PRD-00069,10,0.15,Mobile App,Wallet,Cancelled,1039.35,26-03-25,31-03-25
ORD-004786,CUST-00655,PRD-00046,3,0.15,Mobile App,Wallet,Returned,1161.95,03-12-23,05-12-23
ORD-003382,CUST-00464,PRD-00114,3,0.15,Website,Credit Card,Cancelled,864.91,17-03-25,24-03-25
ORD-002452,CUST-00340,PRD-00073,3,0.15,Marketplace,Cash On Delivery,Cancelled,2603.44,16-05-24,18-05-24
ORD-002310,CUST-00322,PRD-00170,2,0.15,Marketplace,Wallet,Pending,7690.28,11-10-24,12-10-24
ORD-005252,CUST-00715,PRD-00158,10,0.15,Website,Wallet,Pending,308.65,24-07-23,31-07-23
ORD-002658,CUST-00366,PRD-00165,4,0.15,Marketplace,Cash On Delivery,Cancelled,1559.9,29-04-25,05-06-25
ORD-002395,CUST-00334,PRD-00117,4,0.15,Mobile App,Installment,Pending,440.45,20-08-25,25-08-25
ORD-002846,CUST-00387,PRD-00026,1,0.15,Website,Credit Card,Pending,13374.87,29-07-23,02-08-23
ORD-003772,CUST-00522,PRD-00054,4,0.15,Website,Cash On Delivery,Returned,1277.14,14-01-25,20-01-25
ORD-001494,CUST-00205,PRD-00184,5,0.15,Website,Wallet,Returned,2621.44,17-11-24,20-11-24
ORD-004286,CUST-00599,PRD-00059,6,0.15,Mobile App,Cash On Delivery,Returned,1565.88,30-06-24,07-04-24
ORD-005031,CUST-00683,PRD-00141,3,0.15,Mobile App,Credit Card,Pending,265.4,15-12-25,21-12-25
ORD-005689,CUST-00779,PRD-00187,5,0.15,Mobile App,Installment,Pending,5533.15,30-11-23,05-12-23
ORD-003558,CUST-00488,PRD-00095,5,0.15,Mobile App,Installment,Pending,493.89,16-10-25,20-10-25
ORD-003804,CUST-00528,PRD-00151,5,0.15,Marketplace,Installment,Cancelled,125.16,01-12-24,08-12-24
ORD-003490,CUST-00481,PRD-00099,3,0.15,Website,Installment,Pending,152.23,14-03-23,18-03-23
ORD-005276,CUST-00719,PRD-00178,4,0.15,Marketplace,Credit Card,Cancelled,583.55,02-12-23,04-12-23
ORD-003174,CUST-00439,PRD-00054,5,0.15,Mobile App,Credit Card,Returned,1277.14,22-06-24,28-06-24
ORD-005515,CUST-00754,PRD-00069,10,0.15,Mobile App,Wallet,Cancelled,1039.35,26-03-25,31-03-25
ORD-003980,CUST-00559,PRD-00099,2,0.15,Mobile App,Credit Card,Returned,152.23,23-11-25,27-11-25
ORD-005670,CUST-00776,PRD-00007,7,0.15,Mobile App,Credit Card,Cancelled,5375.75,24-06-24,30-06-24
ORD-002637,CUST-00362,PRD-00003,4,0.15,Website,Wallet,Returned,1534.69,05-11-24,10-11-24
ORD-002925,CUST-00402,PRD-00158,6,0.15,Mobile App,Wallet,Cancelled,308.65,17-10-24,23-10-24
ORD-000436,CUST-00059,PRD-00059,4,0.15,Website,Credit Card,Cancelled,1565.88,30-07-24,02-08-24
ORD-000561,CUST-00075,PRD-00008,1,0.15,Website,Cash On Delivery,Returned,13998.23,12-05-24,13-05-24
ORD-002261,CUST-00316,PRD-00057,5,0.15,Mobile App,Installment,Cancelled,5493.06,01-11-24,02-11-24
ORD-001406,CUST-00191,PRD-00005,9,0.15,Website,Wallet,Pending,5870.09,26-08-25,29-08-25
ORD-005600,CUST-00765,PRD-00127,5,0.15,Mobile App,Wallet,Pending,252.66,04-01-25,07-01-25
ORD-001130,CUST-00153,PRD-00124,3,0.15,Marketplace,Cash On Delivery,Cancelled,152.17,02-02-25,04-02-25
ORD-002596,CUST-00357,PRD-00147,5,0.15,Marketplace,Installment,Pending,222.8,21-11-25,27-11-25
ORD-004056,CUST-00570,PRD-00166,5,0.15,Website,Installment,Cancelled,1361.3,27-01-25,30-01-25
ORD-000470,CUST-00063,PRD-00139,5,0.15,Mobile App,Installment,Returned,195.93,04-04-25,05-04-25
ORD-001087,CUST-00148,PRD-00031,4,0.15,Marketplace,Cash On Delivery,Pending,376.78,08-04-24,13-04-24
ORD-000424,CUST-00057,PRD-00001,10,0.15,Marketplace,Cash On Delivery,Pending,3019.28,18-01-23,23-01-23
ORD-002853,CUST-00388,PRD-00131,1,0.15,Mobile App,Installment,Pending,361.41,17-03-25,20-03-25
ORD-001852,CUST-00258,PRD-00066,3,0.15,Mobile App,Cash On Delivery,Returned,531.75,13-04-23,19-04-23
ORD-000836,CUST-00111,PRD-00058,3,0.15,Website,Cash On Delivery,Cancelled,3308.87,19-09-23,20-09-23
ORD-004220,CUST-00590,PRD-00051,6,0.15,Marketplace,Credit Card,Cancelled,4568.48,30-08-24,31-08-24
ORD-004619,CUST-00633,PRD-00052,2,0.15,Website,Installment,Returned,4557.53,25-04-23,26-04-23
ORD-001322,CUST-00177,PRD-00160,3,0.15,Website,Installment,Pending,214.1,09-03-23,16-03-23
ORD-001951,CUST-00278,PRD-00138,6,0.15,Mobile App,Installment,Returned,293.11,20-11-24,22-11-24
ORD-003758,CUST-00520,PRD-00066,1,0.15,Mobile App,Wallet,Returned,531.75,12-11-25,16-11-25
ORD-004898,CUST-00667,PRD-00091,4,0.15,Mobile App,Wallet,Pending,1667.87,02-01-24,08-02-24
ORD-003023,CUST-00420,PRD-00124,5,0.15,Website,Wallet,Cancelled,152.17,03-01-23,04-01-23
ORD-004631,CUST-00635,PRD-00006,1,0.15,Mobile App,Credit Card,Pending,4094.1,10-10-23,11-10-23
ORD-004260,CUST-00597,PRD-00088,7,0.15,Website,Cash On Delivery,Pending,2384.43,28-09-24,03-10-24
ORD-005329,CUST-00727,PRD-00077,8,0.15,Website,Cash On Delivery,Returned,3228.9,05-12-24,07-12-24
ORD-000098,CUST-00013,PRD-00086,3,0.15,Mobile App,Installment,Cancelled,1754.49,17-11-23,23-11-23
ORD-004258,CUST-00597,PRD-00170,9,0.15,Website,Wallet,Pending,7690.28,18-10-23,24-10-23
ORD-003891,CUST-00545,PRD-00109,6,0.15,Mobile App,Installment,Returned,252.4,24-12-23,29-12-23
ORD-002735,CUST-00373,PRD-00166,2,0.15,Website,Credit Card,Returned,1361.3,30-12-25,02-01-26
ORD-001914,CUST-00268,PRD-00046,2,0.15,Website,Credit Card,Pending,1161.95,24-06-24,25-06-24
ORD-002604,CUST-00357,PRD-00094,3,0.15,Mobile App,Cash On Delivery,Returned,286.11,06-09-25,12-09-25
ORD-003093,CUST-00430,PRD-00153,5,0.15,Marketplace,Wallet,Returned,321.69,12-11-25,14-12-25
ORD-002923,CUST-00401,PRD-00040,7,0.15,Marketplace,Credit Card,Pending,1977.22,04-07-24,09-07-24
ORD-003001,CUST-00417,PRD-00014,8,0.15,Website,Installment,Returned,3474.75,16-02-25,18-02-25
ORD-002141,CUST-00300,PRD-00078,10,0.15,Mobile App,Cash On Delivery,Cancelled,803.87,22-02-24,26-02-24
ORD-003897,CUST-00547,PRD-00003,7,0.15,Website,Wallet,Returned,1534.69,11-08-23,18-08-23
ORD-003039,CUST-00424,PRD-00086,10,0.15,Marketplace,Credit Card,Cancelled,1754.49,09-06-25,08-06-25
ORD-000332,CUST-00041,PRD-00087,2,0.15,Mobile App,Credit Card,Returned,937.05,07-10-24,11-10-24
ORD-001381,CUST-00186,PRD-00137,5,0.15,Mobile App,Credit Card,Pending,328.81,26-10-24,29-10-24
ORD-001009,CUST-00138,PRD-00087,4,0.15,Mobile App,Cash On Delivery,Returned,937.05,27-12-23,01-03-24
ORD-004448,CUST-00614,PRD-00010,9,0.15,Mobile App,Wallet,Returned,2297.75,08-11-24,10-11-24
ORD-001345,CUST-00180,PRD-00107,2,0.15,Mobile App,Credit Card,Cancelled,803.85,05-09-24,05-12-24
ORD-003054,CUST-00425,PRD-00072,4,0.15,Marketplace,Installment,Pending,2087.47,17-10-25,21-10-25
ORD-000050,CUST-00006,PRD-00147,2,0.15,Mobile App,Credit Card,Pending,222.8,06-04-25,10-04-25
ORD-005299,CUST-00723,PRD-00041,10,0.15,Website,Installment,Pending,1168.7,19-05-23,26-05-23
ORD-003653,CUST-00502,PRD-00053,4,0.15,Mobile App,Installment,Cancelled,933.2,31-07-23,04-08-23
ORD-005237,CUST-00713,PRD-00156,2,0.15,Mobile App,Wallet,Cancelled,250.31,12-12-24,13-12-24
ORD-001651,CUST-00223,PRD-00045,4,0.15,Marketplace,Wallet,Returned,4956.18,28-01-24,31-01-24
ORD-004450,CUST-00614,PRD-00125,9,0.15,Website,Installment,Pending,151.72,26-05-24,31-05-24
ORD-002955,CUST-00410,PRD-00020,4,0.15,Website,Credit Card,Cancelled,9661.76,23-02-24,24-02-24
ORD-004182,CUST-00588,PRD-00113,4,0.15,Website,Wallet,Returned,719.15,25-11-25,28-11-25
ORD-004716,CUST-00645,PRD-00046,3,0.15,Website,Credit Card,Cancelled,1161.95,16-05-24,17-05-24
ORD-003173,CUST-00439,PRD-00125,5,0.15,Mobile App,Wallet,Pending,151.72,21-12-24,24-12-24
ORD-000161,CUST-00022,PRD-00061,4,0.15,Marketplace,Wallet,Pending,1707.55,01-08-24,08-08-24
ORD-005111,CUST-00695,PRD-00012,5,0.15,Marketplace,Wallet,Pending,9488.69,06-09-23,09-11-23
ORD-000514,CUST-00069,PRD-99999,4,0.15,Website,Cash On Delivery,Pending,7690.28,23-04-23,27-04-23
ORD-001065,CUST-00146,PRD-00105,10,0.15,Website,Wallet,Pending,840.93,10-03-25,11-03-25
ORD-003169,CUST-00437,PRD-00029,5,0.15,Mobile App,Cash On Delivery,Pending,1141.21,25-03-24,27-03-24
ORD-004599,CUST-00630,PRD-00181,3,0.15,Marketplace,Wallet,Cancelled,7757.56,09-12-24,12-10-24
ORD-004478,CUST-00617,PRD-00109,5,0.15,Website,Installment,Cancelled,252.4,15-08-25,19-08-25
ORD-000433,CUST-00058,PRD-00159,8,0.15,Mobile App,Cash On Delivery,Returned,195.16,19-11-23,20-11-23
ORD-004105,CUST-00579,PRD-00159,6,0.15,Mobile App,Cash On Delivery,Returned,195.16,24-09-24,30-09-24
ORD-004489,CUST-00617,PRD-00167,1,0.15,Mobile App,Wallet,Cancelled,741.81,09-08-23,11-08-23
ORD-001193,CUST-00164,PRD-00175,10,0.15,Marketplace,Credit Card,Pending,3144.98,10-02-25,17-02-25
ORD-002196,CUST-00308,PRD-00157,2,0.15,Website,Credit Card,Pending,186.52,08-06-23,08-08-23
ORD-004048,CUST-00568,PRD-00068,4,0.15,Mobile App,Installment,Pending,1186.92,25-07-23,01-08-23
ORD-000215,CUST-00029,PRD-00040,2,0.15,Website,Cash On Delivery,Cancelled,1977.22,18-02-23,21-02-23
ORD-003411,CUST-00470,PRD-00005,5,0.15,Mobile App,Wallet,Returned,5870.09,02-07-25,07-03-25
ORD-005307,CUST-00723,PRD-00087,3,0.15,Website,Cash On Delivery,Pending,937.05,08-10-23,17-08-23
ORD-004043,CUST-00567,PRD-00065,4,0.15,Marketplace,Wallet,Cancelled,1220.64,02-01-24,03-01-24
ORD-002040,CUST-00289,PRD-00104,3,0.15,Website,Installment,Cancelled,698.62,30-07-24,01-08-24
ORD-000407,CUST-00055,PRD-00080,5,0.15,Website,Cash On Delivery,Cancelled,1092.22,29-07-23,08-02-23
ORD-004016,CUST-00564,PRD-00123,3,0.15,Website,Wallet,Cancelled,83.93,14-03-25,16-03-25
ORD-005414,CUST-00737,PRD-00134,1,0.15,Marketplace,Installment,Returned,165,21-03-25,22-03-25
ORD-000054,CUST-00007,PRD-00005,3,0.15,Mobile App,Wallet,Returned,5870.09,01-04-25,03-04-25
ORD-003456,CUST-00477,PRD-00016,1,0.15,Mobile App,Wallet,Pending,6150.02,27-07-25,30-07-25
ORD-004020,CUST-00564,PRD-00025,1,0.15,Mobile App,Installment,Cancelled,15750.99,28-02-24,05-03-24
ORD-000083,CUST-00010,PRD-00022,1,0.15,Website,Credit Card,Cancelled,14193.82,30-11-24,01-12-24
ORD-001958,CUST-00279,PRD-00080,5,0.15,Website,Credit Card,Returned,1092.22,02-02-25,09-02-25
ORD-001341,CUST-00180,PRD-00087,5,0.15,Marketplace,Wallet,Pending,937.05,19-09-25,26-09-25
ORD-005693,CUST-00780,PRD-00090,5,0.15,Website,Wallet,Pending,1391.99,27-07-23,30-07-23
ORD-004449,CUST-00614,PRD-00016,5,0.15,Website,Cash On Delivery,Returned,6150.02,17-08-24,23-08-24
ORD-001954,CUST-00279,PRD-00139,4,0.15,Marketplace,Credit Card,Cancelled,195.93,04-12-23,11-12-23
ORD-001967,CUST-00282,PRD-00012,2,0.15,Marketplace,Credit Card,Returned,9488.69,24-07-25,27-07-25
ORD-002458,CUST-00340,PRD-00043,4,0.15,Website,Credit Card,Pending,670.88,07-11-25,14-11-25
ORD-004387,CUST-00605,PRD-00145,1,0.15,Website,Cash On Delivery,Pending,116.01,20-07-23,21-07-23
ORD-001971,CUST-00282,PRD-00090,3,0.15,Mobile App,Installment,Pending,1391.99,20-02-24,21-02-24
ORD-000403,CUST-00054,PRD-00004,5,0.15,Mobile App,Credit Card,Cancelled,3744.22,09-03-25,05-09-25
ORD-005245,CUST-00714,PRD-00149,1,0.05,Mobile App,Credit Card,Cancelled,93.5,14-12-24,21-12-24
ORD-004544,CUST-00625,PRD-00061,6,0.05,Website,Credit Card,Returned,1707.55,27-04-24,30-04-24
ORD-000750,CUST-00100,PRD-00010,4,0.05,Mobile App,Installment,Returned,2297.75,23-02-23,25-02-23
ORD-004876,CUST-00665,PRD-00146,2,0.05,Marketplace,Wallet,Returned,194.39,05-12-24,18-05-24
ORD-002616,CUST-00358,PRD-00136,3,0.05,Mobile App,Installment,Returned,310.7,21-09-24,25-09-24
ORD-000437,CUST-00059,PRD-00139,9,0.05,Marketplace,Wallet,Pending,195.93,18-07-24,20-07-24
ORD-004176,CUST-00588,PRD-00183,1,0.05,Marketplace,Installment,Returned,6588.34,14-02-25,19-02-25
ORD-002337,CUST-00326,PRD-00116,5,0.05,Website,Cash On Delivery,Returned,466.13,21-04-23,28-04-23
ORD-004174,CUST-00588,PRD-00111,2,0.05,Mobile App,Installment,Cancelled,291.55,26-03-25,02-04-25
ORD-001247,CUST-00169,PRD-00152,4,0.05,Marketplace,Wallet,Cancelled,23.7,08-11-25,09-11-25
ORD-000476,CUST-00064,PRD-00008,10,0.05,Marketplace,Cash On Delivery,Cancelled,13998.23,29-09-23,28-09-23
ORD-000515,CUST-00069,PRD-00110,4,0.05,Marketplace,Cash On Delivery,Cancelled,443.5,29-09-24,06-10-24
ORD-002625,CUST-00360,PRD-00070,7,0.05,Mobile App,Cash On Delivery,Pending,1062.89,03-10-23,03-12-23
ORD-004475,CUST-00617,PRD-00029,3,0.05,Website,Cash On Delivery,Pending,1141.21,01-03-24,04-01-24
ORD-004257,CUST-00596,PRD-00089,5,0.05,Website,Credit Card,Cancelled,370.11,12-04-23,17-04-23
ORD-001023,CUST-00139,PRD-00176,4,0.05,Marketplace,Installment,Returned,3014.74,09-07-25,14-07-25
ORD-001408,CUST-00191,PRD-00049,8,0.05,Marketplace,Wallet,Cancelled,3627.21,03-12-25,12-08-25
ORD-002982,CUST-00414,PRD-00111,5,0.05,Mobile App,Wallet,Returned,291.55,13-03-23,18-03-23
ORD-000246,CUST-00032,PRD-00176,2,0.05,Website,Wallet,Returned,3014.74,18-12-23,24-12-23
ORD-001008,CUST-00138,PRD-00174,5,0.05,Website,Wallet,Cancelled,2379.8,01-02-25,01-08-25
ORD-002118,CUST-00298,PRD-00040,2,0.05,Mobile App,Wallet,Returned,1977.22,18-05-25,21-05-25
ORD-005300,CUST-00723,PRD-00140,9,0.05,Marketplace,Wallet,Pending,168.61,26-04-24,29-04-24
ORD-004734,CUST-00648,PRD-00094,5,0.05,Mobile App,Cash On Delivery,Pending,286.11,16-07-24,18-07-24
ORD-000557,CUST-00075,PRD-00152,2,0.05,Mobile App,Cash On Delivery,Pending,23.7,06-01-24,13-01-24
ORD-004231,CUST-00591,PRD-00152,1,0.05,Mobile App,Cash On Delivery,Pending,23.7,08-03-23,09-08-23
ORD-004107,CUST-00579,PRD-00031,8,0.05,Marketplace,Credit Card,Returned,376.78,12-06-25,12-09-25
ORD-003106,CUST-00431,PRD-00112,2,0.05,Marketplace,Wallet,Returned,422.18,13-09-24,19-09-24
ORD-001703,CUST-00232,PRD-00055,4,0.05,Marketplace,Installment,Returned,2089.61,20-03-23,24-03-23
ORD-000891,CUST-00124,PRD-00127,3,0.05,Marketplace,Wallet,Returned,252.66,26-10-24,28-10-24
ORD-004065,CUST-00571,PRD-00128,5,0.05,Website,Installment,Pending,812.88,21-08-24,23-08-24
ORD-005439,CUST-00741,PRD-00079,10,0.05,Marketplace,Wallet,Cancelled,646.3,13-03-25,15-03-25
ORD-000422,CUST-00057,PRD-00059,5,0.05,Website,Wallet,Cancelled,1565.88,22-08-23,23-08-23
ORD-004319,CUST-00601,PRD-00109,1,0.05,Website,Wallet,Pending,252.4,19-03-23,26-03-23
ORD-003779,CUST-00523,PRD-00011,7,0.05,Marketplace,Wallet,Returned,2785.74,02-04-24,05-04-24
ORD-001092,CUST-00149,PRD-00127,5,0.05,Mobile App,Wallet,Pending,252.66,12-11-23,12-12-23
ORD-000957,CUST-00132,PRD-00146,7,0.05,Marketplace,Wallet,Cancelled,194.39,02-06-23,06-09-23
ORD-000084,CUST-00010,PRD-00056,3,0.05,Mobile App,Cash On Delivery,Pending,1260.88,13-09-24,18-09-24
ORD-001084,CUST-00147,PRD-00048,1,0.05,Mobile App,Credit Card,Pending,616.54,29-07-24,08-03-24
ORD-000035,CUST-00005,PRD-00146,3,0.05,Mobile App,Credit Card,Pending,194.39,19-02-24,26-02-24
ORD-003805,CUST-00528,PRD-00087,3,0.05,Marketplace,Installment,Cancelled,937.05,24-08-23,26-08-23
ORD-002334,CUST-00326,PRD-00158,5,0.05,Marketplace,Wallet,Cancelled,308.65,11-03-25,16-03-25
ORD-004722,CUST-00645,PRD-00043,5,0.05,Marketplace,Installment,Cancelled,670.88,24-07-23,31-07-23
ORD-000317,CUST-00041,PRD-00021,4,0.05,Marketplace,Credit Card,Returned,7707.69,20-03-25,21-03-25
ORD-005313,CUST-00724,PRD-00042,5,0.05,Marketplace,Credit Card,Cancelled,1460.4,04-07-23,07-07-23
ORD-001828,CUST-00254,PRD-00173,1,0.05,Website,Cash On Delivery,Cancelled,1584.06,16-03-25,21-03-25
ORD-004620,CUST-00633,PRD-00016,1,0.05,Mobile App,Credit Card,Pending,6150.02,08-12-23,10-12-23
ORD-001059,CUST-00146,PRD-00058,10,0.05,Mobile App,Wallet,Pending,3308.87,31-10-23,03-11-23
ORD-001507,CUST-00206,PRD-00173,4,0.05,Marketplace,Installment,Pending,1584.06,29-11-24,05-12-24
ORD-003870,CUST-00542,PRD-00042,5,0.05,Mobile App,Cash On Delivery,Pending,1460.4,24-09-24,28-09-24
ORD-003400,CUST-00468,PRD-00102,5,0.05,Website,Cash On Delivery,Cancelled,833.67,27-12-24,29-12-24
ORD-002246,CUST-00313,PRD-00119,5,0.05,Website,Cash On Delivery,Cancelled,898.59,12-10-24,16-10-24
ORD-000315,CUST-00041,PRD-00001,5,0.05,Website,Wallet,Cancelled,3019.28,20-06-25,27-06-25
ORD-001316,CUST-00176,PRD-00125,5,0.05,Mobile App,Cash On Delivery,Returned,151.72,28-05-24,02-06-24
ORD-002350,CUST-00329,PRD-00137,4,0.05,Mobile App,Installment,Pending,328.81,18-12-24,25-12-24
ORD-000874,CUST-00120,PRD-00160,2,0.05,Mobile App,Wallet,Returned,214.1,25-08-24,01-09-24
ORD-003965,CUST-00558,PRD-00083,2,0.05,Website,Wallet,Pending,1673.7,14-03-23,17-03-23
ORD-004322,CUST-00601,PRD-00010,4,0.05,Mobile App,Wallet,Returned,2297.75,04-09-24,15-04-24
ORD-004731,CUST-00648,PRD-00184,2,0.05,Marketplace,Installment,Returned,2621.44,13-03-24,15-03-24
ORD-000700,CUST-00095,PRD-00065,5,0.05,Website,Cash On Delivery,Pending,1220.64,09-10-24,17-09-24
ORD-004399,CUST-00607,PRD-00146,2,0.05,Website,Installment,Returned,194.39,31-07-25,06-08-25
ORD-005206,CUST-00705,PRD-00004,4,0.05,Mobile App,Cash On Delivery,Returned,3744.22,18-05-25,20-05-25
ORD-001933,CUST-00273,PRD-00045,2,0.05,Website,Wallet,Cancelled,4956.18,21-06-23,28-06-23
ORD-002533,CUST-00349,PRD-00061,5,0.05,Marketplace,Installment,Cancelled,1707.55,12-05-23,16-05-23
ORD-000941,CUST-00129,PRD-00082,5,0.05,Mobile App,Installment,Pending,1269.02,30-04-23,03-05-23
ORD-002968,CUST-00411,PRD-00161,3,0.05,Mobile App,Credit Card,Returned,1342.19,15-12-24,17-12-24
ORD-002526,CUST-00348,PRD-00122,3,0.05,Marketplace,Credit Card,Pending,692.52,04-08-23,10-08-23
ORD-004867,CUST-00665,PRD-00184,1,0.05,Mobile App,Wallet,Pending,2621.44,11-11-23,17-11-23
ORD-000774,CUST-00102,PRD-00183,1,0.05,Marketplace,Credit Card,Cancelled,6588.34,19-11-24,21-11-24
ORD-000532,CUST-00073,PRD-00149,5,0.05,Marketplace,Cash On Delivery,Cancelled,93.5,04-07-25,08-04-25
ORD-004052,CUST-00568,PRD-00062,2,0.05,Marketplace,Installment,Cancelled,271.83,08-09-25,09-12-25
ORD-001192,CUST-00164,PRD-00057,8,0.05,Mobile App,Credit Card,Pending,5493.06,22-02-25,25-02-25
ORD-005348,CUST-00729,PRD-00004,2,0.05,Mobile App,Installment,Pending,3744.22,10-11-24,11-11-24
ORD-002270,CUST-00318,PRD-00024,7,0.05,Marketplace,Wallet,Pending,8840.39,31-03-23,04-02-23
ORD-002709,CUST-00371,PRD-00072,1,0.05,Marketplace,Credit Card,Returned,2087.47,19-09-24,21-09-24
ORD-003091,CUST-00430,PRD-00041,4,0.05,Website,Wallet,Cancelled,1168.7,20-05-23,22-05-23
ORD-004840,CUST-00660,PRD-00172,10,0.05,Marketplace,Wallet,Pending,4391.94,06-07-23,13-07-23
ORD-002652,CUST-00365,PRD-00030,1,0.05,Mobile App,Credit Card,Returned,6643.61,26-04-23,28-04-23
ORD-001340,CUST-00180,PRD-00104,4,0.05,Marketplace,Cash On Delivery,Cancelled,698.62,21-11-25,22-11-25
ORD-002348,CUST-00328,PRD-00187,9,0.05,Website,Wallet,Returned,5533.15,03-11-24,12-03-24
ORD-003115,CUST-00431,PRD-00086,1,0.05,Marketplace,Credit Card,Returned,1754.49,23-10-25,27-10-25
ORD-003990,CUST-00561,PRD-00092,4,0.05,Website,Credit Card,Returned,727.52,30-12-24,01-02-25
ORD-005584,CUST-00765,PRD-00063,1,0.05,Mobile App,Cash On Delivery,Pending,3118.2,15-03-25,18-03-25
ORD-001709,CUST-00233,PRD-00098,8,0.05,Marketplace,Wallet,Cancelled,718.7,08-10-24,15-10-24
ORD-002440,CUST-00339,PRD-00003,1,0.05,Website,Credit Card,Returned,1534.69,03-04-24,04-08-24
ORD-004730,CUST-00647,PRD-00084,1,0.05,Website,Cash On Delivery,Cancelled,600.09,11-12-24,12-12-24
ORD-005647,CUST-00773,PRD-00133,5,0.05,Marketplace,Cash On Delivery,Returned,174.99,13-06-24,17-06-24
ORD-003146,CUST-00436,PRD-00089,6,0.05,Website,Credit Card,Cancelled,370.11,30-09-24,10-01-24
ORD-005639,CUST-00773,PRD-00085,1,0.05,Mobile App,Credit Card,Cancelled,265.37,22-06-23,27-06-23
ORD-003562,CUST-00488,PRD-00078,1,0.05,Marketplace,Installment,Cancelled,803.87,05-12-24,06-12-24
ORD-005169,CUST-00702,PRD-00187,1,0.05,Marketplace,Installment,Cancelled,5533.15,03-02-25,09-02-25
ORD-002673,CUST-00370,PRD-00096,2,0.05,Mobile App,Cash On Delivery,Pending,1013.61,05-11-25,11-08-25
ORD-003972,CUST-00558,PRD-00129,2,0.05,Mobile App,Installment,Pending,23.89,12-11-23,13-11-23
ORD-004718,CUST-00645,PRD-00029,5,0.05,Mobile App,Wallet,Cancelled,1141.21,04-03-24,04-10-24
ORD-003110,CUST-00431,PRD-00168,1,0.05,Marketplace,Wallet,Pending,3279.73,09-05-23,10-05-23
ORD-001529,CUST-00207,PRD-00044,5,0.05,Website,Credit Card,Pending,3309.62,17-05-24,22-05-24
ORD-004705,CUST-00643,PRD-00084,2,0.05,Mobile App,Cash On Delivery,Cancelled,600.09,25-10-23,30-10-23
ORD-000128,CUST-00017,PRD-00161,4,0.05,Website,Wallet,Cancelled,1342.19,15-06-24,16-06-24
ORD-004651,CUST-00637,PRD-00085,9,0.05,Marketplace,Installment,Returned,265.37,19-11-24,22-11-24
ORD-000328,CUST-00041,PRD-00087,3,0.05,Website,Cash On Delivery,Returned,937.05,26-12-25,27-12-25
ORD-001168,CUST-00160,PRD-00118,2,0.05,Website,Installment,Returned,341.03,20-01-25,23-01-25
ORD-003348,CUST-00460,PRD-00142,5,0.05,Mobile App,Wallet,Pending,29.02,09-01-25,08-09-25
ORD-001178,CUST-00162,PRD-00081,5,0.05,Marketplace,Credit Card,Pending,2904.61,30-07-24,06-08-24
ORD-004501,CUST-00620,PRD-00159,6,0.05,Website,Credit Card,Cancelled,195.16,20-02-24,22-02-24
ORD-003135,CUST-00435,PRD-00024,3,0.05,Website,Wallet,Returned,8840.39,12-05-24,09-05-24
ORD-002588,CUST-00356,PRD-00021,5,0.05,Website,Installment,Cancelled,7707.69,25-06-24,07-01-24
ORD-002662,CUST-00368,PRD-00002,4,0.05,Marketplace,Wallet,Returned,9414.07,17-03-23,23-03-23
ORD-001774,CUST-00243,PRD-00030,2,0.05,Website,Cash On Delivery,Pending,6643.61,19-09-23,22-09-23
ORD-005508,CUST-00753,PRD-00170,3,0.05,Marketplace,Wallet,Pending,7690.28,02-09-24,06-09-24
ORD-001809,CUST-00250,PRD-00079,3,0.05,Mobile App,Wallet,Returned,646.3,17-11-23,21-11-23
ORD-004833,CUST-00659,PRD-00179,5,0.05,Mobile App,Wallet,Pending,2311.13,05-04-24,06-04-24
ORD-002896,CUST-00398,PRD-00183,4,0.05,Website,Cash On Delivery,Cancelled,6588.34,09-02-24,11-02-24
ORD-001493,CUST-00205,PRD-00095,4,0.05,Marketplace,Installment,Cancelled,493.89,18-03-24,23-03-24
ORD-002875,CUST-00393,PRD-00002,6,0.05,Website,Wallet,Cancelled,9414.07,10-03-24,03-12-24
ORD-004765,CUST-00652,PRD-00082,8,0.05,Website,Wallet,Cancelled,1269.02,19-10-23,21-10-23
ORD-001044,CUST-00144,PRD-00132,6,0.05,Mobile App,Installment,Cancelled,436.68,10-05-23,16-05-23
ORD-003749,CUST-00520,PRD-00026,5,0.05,Mobile App,Installment,Returned,13374.87,07-12-23,12-11-23
ORD-002404,CUST-00335,PRD-00102,1,0.05,Mobile App,Credit Card,Cancelled,833.67,06-03-24,06-09-24
ORD-003623,CUST-00498,PRD-00170,2,0.05,Website,Installment,Cancelled,7690.28,13-03-24,18-03-24
ORD-000822,CUST-00110,PRD-00099,3,0.05,Website,Installment,Pending,152.23,27-03-25,29-03-25
ORD-000620,CUST-00083,PRD-00110,1,0.05,Website,Cash On Delivery,Returned,443.5,03-04-24,07-04-24
ORD-005436,CUST-00740,PRD-00149,7,0.05,Mobile App,Wallet,Returned,93.5,29-09-23,05-10-23
ORD-003821,CUST-00532,PRD-00007,3,0.05,Website,Credit Card,Returned,5375.75,29-12-25,04-01-26
ORD-001643,CUST-00222,PRD-00019,3,0.05,Marketplace,Credit Card,Returned,5919.72,13-05-24,16-05-24
ORD-001789,CUST-00245,PRD-00087,5,0.05,Website,Installment,Cancelled,937.05,13-10-25,17-10-25
ORD-003159,CUST-00437,PRD-00155,4,0.05,Marketplace,Installment,Returned,228.62,05-01-24,08-01-24
ORD-000822,CUST-00110,PRD-00099,3,0.05,Website,Installment,Pending,152.23,27-03-25,29-03-25
ORD-005151,CUST-00701,PRD-00013,5,0.05,Mobile App,Wallet,Cancelled,5695.33,22-08-24,29-08-24
ORD-002045,CUST-00290,PRD-00166,3,0.05,Mobile App,Credit Card,Returned,1361.3,20-12-23,25-12-23
ORD-000959,CUST-00132,PRD-00168,9,0.05,Website,Installment,Pending,3279.73,12-06-24,11-12-24
ORD-004461,CUST-00614,PRD-00151,7,0.05,Marketplace,Installment,Pending,125.16,19-01-25,25-01-25
ORD-005298,CUST-00723,PRD-00184,7,0.05,Website,Wallet,Returned,2621.44,08-08-23,13-08-23
ORD-004884,CUST-00666,PRD-00174,4,0.05,Marketplace,Installment,Pending,2379.8,12-07-25,19-07-25
ORD-001363,CUST-00182,PRD-00139,4,0.05,Website,Installment,Pending,195.93,31-03-23,05-04-23
ORD-004294,CUST-00600,PRD-00163,7,0.05,Marketplace,Cash On Delivery,Pending,5049.75,10-03-25,07-10-25
ORD-002042,CUST-00289,PRD-00026,3,0.05,Marketplace,Credit Card,Cancelled,13374.87,12-12-24,17-12-24
ORD-000943,CUST-00130,PRD-00170,8,0.05,Mobile App,Installment,Pending,7690.28,10-09-24,12-09-24
ORD-002475,CUST-00342,PRD-00020,7,0.05,Marketplace,Cash On Delivery,Pending,9661.76,25-11-24,27-11-24
ORD-004227,CUST-00591,PRD-00079,3,0.05,Website,Credit Card,Pending,646.3,01-12-24,05-12-24
ORD-004429,CUST-00611,PRD-00149,8,0.05,Mobile App,Cash On Delivery,Pending,93.5,19-03-23,23-03-23
ORD-005288,CUST-00722,PRD-00152,3,0.05,Mobile App,Wallet,Returned,23.7,05-09-23,09-11-23
ORD-002901,CUST-00400,PRD-00126,10,0.05,Marketplace,Installment,Pending,340.64,03-02-23,02-07-23
ORD-003508,CUST-00483,PRD-00091,1,0.05,Website,Cash On Delivery,Pending,1667.87,06-04-25,10-04-25
ORD-002712,CUST-00372,PRD-00110,4,0.05,Website,Installment,Pending,443.5,23-01-24,29-01-24
ORD-001155,CUST-00157,PRD-00129,6,0.05,Mobile App,Installment,Pending,23.89,08-12-24,12-09-24
ORD-005246,CUST-00714,PRD-00023,5,0.05,Website,Cash On Delivery,Returned,11190.64,31-08-25,02-09-25
ORD-004190,CUST-00589,PRD-00122,1,0.05,Marketplace,Installment,Cancelled,692.52,09-12-25,14-12-25
ORD-004702,CUST-00643,PRD-00119,5,0.05,Marketplace,Cash On Delivery,Cancelled,898.59,07-09-24,14-07-24
ORD-001154,CUST-00157,PRD-00165,4,0.05,Website,Installment,Pending,1559.9,22-07-24,25-07-24
ORD-000833,CUST-00110,PRD-00101,3,0.05,Marketplace,Installment,Cancelled,658.37,31-08-24,04-09-24
ORD-002245,CUST-00313,PRD-00005,3,0.05,Mobile App,Installment,Pending,5870.09,26-05-24,24-05-24
ORD-004736,CUST-00648,PRD-00117,4,0.05,Marketplace,Installment,Pending,440.45,31-08-24,04-09-24
ORD-001570,CUST-00210,PRD-00023,8,0.05,Website,Credit Card,Pending,11190.64,06-11-24,09-11-24
ORD-003748,CUST-00520,PRD-00113,5,0.05,Mobile App,Installment,Returned,719.15,08-05-24,05-10-24
ORD-001901,CUST-00266,PRD-00017,2,0.05,Marketplace,Installment,Returned,4224.65,21-06-23,25-06-23
ORD-002171,CUST-00305,PRD-00170,2,0.05,Mobile App,Credit Card,Pending,7690.28,07-06-23,07-08-23
ORD-002291,CUST-00319,PRD-00010,9,0.05,Mobile App,Installment,Cancelled,2297.75,16-07-23,18-07-23
ORD-000578,CUST-00078,PRD-00097,10,0.05,Mobile App,Wallet,Returned,550.73,13-04-25,15-04-25
ORD-003269,CUST-00454,PRD-00160,2,0.05,Marketplace,Cash On Delivery,Returned,214.1,04-10-25,10-09-25
ORD-002252,CUST-00315,PRD-00084,8,0.05,Marketplace,Cash On Delivery,Cancelled,600.09,22-02-25,23-02-25
ORD-004566,CUST-00627,PRD-00070,5,0.05,Website,Credit Card,Cancelled,1062.89,18-10-25,25-10-25
ORD-004841,CUST-00660,PRD-00160,9,0.05,Marketplace,Installment,Pending,214.1,27-11-24,01-12-24
ORD-002153,CUST-00301,PRD-00177,3,0.05,Mobile App,Installment,Cancelled,5234.78,17-03-23,19-03-23
ORD-002092,CUST-00295,PRD-00012,9,0.05,Marketplace,Credit Card,Pending,9488.69,07-12-24,12-09-24
ORD-003055,CUST-00425,PRD-00176,3,0.05,Mobile App,Wallet,Returned,3014.74,30-04-23,03-05-23
ORD-004915,CUST-00668,PRD-00177,1,0.05,Marketplace,Wallet,Pending,5234.78,27-05-25,30-05-25
ORD-000487,CUST-00066,PRD-00163,3,0.05,Mobile App,Cash On Delivery,Cancelled,5049.75,13-07-24,18-07-24
ORD-004902,CUST-00667,PRD-00101,5,0.05,Mobile App,Wallet,Pending,658.37,12-04-24,10-12-24
ORD-001174,CUST-00161,PRD-00005,4,0.05,Website,Cash On Delivery,Cancelled,5870.09,27-10-25,03-11-25
ORD-004460,CUST-00614,PRD-00002,6,0.05,Marketplace,Credit Card,Pending,9414.07,03-10-24,08-10-24
ORD-005618,CUST-00771,PRD-00187,4,0.05,Mobile App,Installment,Cancelled,5533.15,05-08-24,11-08-24
ORD-003854,CUST-00540,PRD-00156,4,0.05,Marketplace,Installment,Returned,250.31,21-06-23,18-06-23
ORD-001590,CUST-00213,PRD-00121,4,0.05,Marketplace,Credit Card,Cancelled,307.1,23-05-24,30-05-24
ORD-003118,CUST-00431,PRD-00071,2,0.05,Mobile App,Wallet,Cancelled,657.42,20-02-24,21-02-24
ORD-003320,CUST-00459,PRD-00058,5,0.05,Website,Cash On Delivery,Cancelled,3308.87,16-07-24,23-07-24
ORD-005523,CUST-00755,PRD-00058,1,0.05,Marketplace,Credit Card,Returned,3308.87,17-10-25,18-10-25
ORD-002481,CUST-00343,PRD-00116,10,0.05,Website,Installment,Pending,466.13,22-02-25,26-02-25
ORD-000087,CUST-00011,PRD-00057,5,0.05,Mobile App,Cash On Delivery,Pending,5493.06,01-08-24,08-08-24
ORD-003142,CUST-00435,PRD-00110,3,0.05,Mobile App,Wallet,Cancelled,443.5,11-12-23,17-12-23
ORD-000842,CUST-00111,PRD-00011,5,0.05,Website,Installment,Cancelled,2785.74,05-01-24,01-11-24
ORD-001089,CUST-00149,PRD-00053,5,0.05,Mobile App,Credit Card,Cancelled,933.2,07-11-24,12-07-24
ORD-005247,CUST-00714,PRD-00013,3,0.05,Mobile App,Installment,Cancelled,5695.33,23-02-25,27-02-25
ORD-004148,CUST-00586,PRD-00064,7,0.05,Mobile App,Credit Card,Returned,1338.56,29-01-24,04-02-24
ORD-005253,CUST-00715,PRD-00138,8,0.05,Website,Installment,Cancelled,293.11,05-01-25,01-07-25
ORD-005226,CUST-00710,PRD-00099,2,0.05,Website,Credit Card,Returned,152.23,06-10-23,13-10-23
ORD-000661,CUST-00088,PRD-00153,1,0.05,Marketplace,Installment,Pending,321.69,24-03-24,30-03-24
ORD-001436,CUST-00194,PRD-00166,1,0.05,Marketplace,Installment,Returned,1361.3,22-12-23,23-12-23
ORD-001414,CUST-00191,PRD-00067,7,0.05,Marketplace,Installment,Cancelled,1590.28,26-11-25,29-11-25
ORD-003491,CUST-00481,PRD-00020,4,0.05,Marketplace,Credit Card,Pending,9661.76,30-03-25,02-04-25
ORD-002327,CUST-00324,PRD-00005,10,0.05,Mobile App,Cash On Delivery,Returned,5870.09,14-11-25,21-11-25
ORD-003915,CUST-00549,PRD-00157,4,0.05,Website,Wallet,Pending,186.52,29-01-24,01-02-24
ORD-004465,CUST-00615,PRD-00021,10,0.05,Website,Credit Card,Pending,7707.69,07-05-25,05-12-25
ORD-003339,CUST-00460,PRD-00113,3,0.05,Marketplace,Installment,Pending,719.15,31-12-23,04-01-24
ORD-003301,CUST-00457,PRD-00163,1,0.05,Marketplace,Cash On Delivery,Cancelled,5049.75,15-05-24,19-05-24
ORD-005422,CUST-00737,PRD-00004,5,0.05,Website,Credit Card,Cancelled,3744.22,23-08-23,26-08-23
ORD-005822,CUST-00798,PRD-00155,4,0.05,Mobile App,Installment,Pending,228.62,08-01-25,01-12-25
ORD-001046,CUST-00144,PRD-00129,3,0.05,Mobile App,Cash On Delivery,Returned,23.89,25-09-25,01-10-25
ORD-004389,CUST-00605,PRD-00149,1,0.05,Website,Wallet,Pending,93.5,14-02-25,21-02-25
ORD-002681,CUST-00370,PRD-00042,3,0.05,Marketplace,Wallet,Returned,1460.4,25-10-23,29-10-23
ORD-003161,CUST-00437,PRD-00158,5,0.05,Website,Credit Card,Returned,308.65,16-06-24,17-06-24
ORD-000073,CUST-00009,PRD-00081,3,0.05,Mobile App,Credit Card,Returned,2904.61,07-12-24,13-12-24
ORD-003123,CUST-00433,PRD-00012,5,0.05,Mobile App,Installment,Cancelled,9488.69,28-08-24,02-09-24
ORD-004367,CUST-00604,PRD-00077,2,0.05,Website,Cash On Delivery,Returned,3228.9,11-12-24,14-11-24
ORD-002548,CUST-00352,PRD-00042,3,0.05,Marketplace,Cash On Delivery,Returned,1460.4,09-11-25,10-11-25
ORD-005156,CUST-00702,PRD-00119,5,0.05,Mobile App,Cash On Delivery,Returned,898.59,29-04-24,03-05-24
ORD-000851,CUST-00112,PRD-00088,2,0.05,Marketplace,Credit Card,Cancelled,2384.43,04-03-25,07-03-25
ORD-004934,CUST-00671,PRD-00016,5,0.05,Marketplace,Wallet,Cancelled,6150.02,29-06-25,03-07-25
ORD-000090,CUST-00011,PRD-00016,4,0.1,Website,Installment,Cancelled,6150.02,03-11-25,07-11-25
ORD-002720,CUST-00372,PRD-00012,3,0.1,Website,Cash On Delivery,Returned,9488.69,25-11-25,01-12-25
ORD-004771,CUST-00653,PRD-00093,1,0.1,Marketplace,Wallet,Cancelled,327.87,12-04-24,14-04-24
ORD-002135,CUST-00300,PRD-00085,4,0.1,Marketplace,Wallet,Pending,265.37,15-01-25,16-01-25
ORD-004040,CUST-00566,PRD-00179,1,0.1,Marketplace,Credit Card,Pending,2311.13,05-10-23,10-10-23
ORD-003927,CUST-00553,PRD-00049,8,0.1,Marketplace,Installment,Pending,3627.21,17-04-24,18-04-24
ORD-003665,CUST-00505,PRD-00033,2,0.1,Mobile App,Installment,Cancelled,1947.05,20-11-23,26-11-23
ORD-004096,CUST-00577,PRD-00051,5,0.1,Mobile App,Installment,Cancelled,4568.48,23-12-23,29-12-23
ORD-005393,CUST-00732,PRD-00120,5,0.1,Mobile App,Installment,Pending,538.56,28-12-25,31-12-25
ORD-004526,CUST-00623,PRD-00020,1,0.1,Website,Installment,Cancelled,9661.76,01-01-25,01-07-25
ORD-002685,CUST-00370,PRD-00103,4,0.1,Website,Credit Card,Returned,275.52,18-04-25,22-04-25
ORD-000426,CUST-99999,PRD-00049,7,0.1,Marketplace,Credit Card,Pending,3627.21,25-11-23,27-11-23
ORD-004005,CUST-00563,PRD-00048,4,0.1,Marketplace,Installment,Pending,616.54,19-03-23,22-03-23
ORD-002873,CUST-00392,PRD-00019,4,0.1,Mobile App,Installment,Cancelled,5919.72,01-07-25,06-07-25
ORD-004185,CUST-00588,PRD-00080,3,0.1,Website,Credit Card,Pending,1092.22,13-01-25,17-01-25
ORD-002772,CUST-00375,PRD-00057,5,0.1,Marketplace,Wallet,Returned,5493.06,26-01-25,31-01-25
ORD-000977,CUST-00133,PRD-00115,2,0.1,Marketplace,Cash On Delivery,Pending,290.78,12-09-24,13-09-24
ORD-001027,CUST-00142,PRD-00089,4,0.1,Mobile App,Wallet,Cancelled,370.11,14-08-25,18-08-25
ORD-000843,CUST-00112,PRD-00009,3,0.1,Mobile App,Credit Card,Returned,1433.71,31-07-24,02-08-24
ORD-001833,CUST-00255,PRD-00051,4,0.1,Marketplace,Wallet,Pending,4568.48,18-08-24,25-08-24
ORD-000986,CUST-00134,PRD-00016,4,0.1,Website,Credit Card,Cancelled,6150.02,25-05-25,31-05-25
ORD-004366,CUST-00604,PRD-00075,1,0.1,Marketplace,Installment,Cancelled,576.69,23-11-25,28-11-25
ORD-001518,CUST-00206,PRD-00116,4,0.1,Marketplace,Credit Card,Returned,466.13,15-05-25,19-05-25
ORD-000574,CUST-00078,PRD-00150,5,0.1,Mobile App,Wallet,Cancelled,84.86,01-01-24,05-01-24
ORD-003399,CUST-00468,PRD-00150,1,0.1,Mobile App,Installment,Cancelled,84.86,22-04-24,24-04-24
ORD-003521,CUST-00485,PRD-00186,2,0.1,Mobile App,Installment,Pending,4878.71,03-05-25,07-05-25
ORD-003340,CUST-00460,PRD-00188,1,0.1,Marketplace,Cash On Delivery,Cancelled,235.83,15-06-24,18-06-24
ORD-004629,CUST-00635,PRD-00185,3,0.1,Marketplace,Wallet,Cancelled,2013.53,16-02-23,22-02-23
ORD-004525,CUST-00623,PRD-00083,2,0.1,Website,Credit Card,Cancelled,1673.7,24-09-25,25-09-25
ORD-002193,CUST-00308,PRD-00073,3,0.1,Mobile App,Wallet,Returned,2603.44,12-08-23,14-12-23
ORD-002545,CUST-00351,PRD-00080,1,0.1,Website,Wallet,Pending,1092.22,22-05-23,24-05-23
ORD-004316,CUST-00601,PRD-00021,1,0.1,Marketplace,Wallet,Cancelled,7707.69,10-05-23,13-05-23
ORD-005045,CUST-00684,PRD-00174,5,0.1,Website,Installment,Pending,2379.8,12-04-25,15-04-25
ORD-000001,CUST-00001,PRD-00046,4,0.1,Website,Credit Card,Pending,1161.95,07-04-25,10-04-25
ORD-005109,CUST-00695,PRD-00138,5,0.1,Mobile App,Cash On Delivery,Pending,293.11,23-06-25,26-06-25
ORD-004574,CUST-00629,PRD-00045,1,0.1,Website,Cash On Delivery,Pending,4956.18,22-10-23,29-10-23
ORD-004640,CUST-00635,PRD-00010,5,0.1,Mobile App,Credit Card,Pending,2297.75,16-08-25,19-08-25
ORD-002961,CUST-00410,PRD-00100,1,0.1,Website,Installment,Cancelled,555.91,22-12-23,25-12-23
ORD-004973,CUST-00673,PRD-00093,4,0.1,Marketplace,Installment,Pending,327.87,28-04-25,30-04-25
ORD-002852,CUST-00388,PRD-00159,5,0.1,Website,Wallet,Cancelled,195.16,12-03-25,18-03-25
ORD-002629,CUST-00361,PRD-00185,9,0.1,Website,Credit Card,Pending,2013.53,26-05-24,31-05-24
ORD-000493,CUST-00067,PRD-00025,2,0.1,Marketplace,Installment,Returned,15750.99,06-11-24,11-10-24
ORD-001421,CUST-00191,PRD-00167,10,0.1,Website,Cash On Delivery,Returned,741.81,16-06-23,22-06-23
ORD-005488,CUST-00751,PRD-00158,5,0.1,Website,Installment,Cancelled,308.65,16-04-23,17-04-23
ORD-001492,CUST-00205,PRD-00171,4,0.1,Website,Installment,Cancelled,1117.84,13-04-24,19-04-24
ORD-002849,CUST-00387,PRD-00182,5,0.1,Marketplace,Installment,Returned,4312.02,04-03-25,08-03-25
ORD-002640,CUST-00363,PRD-00091,6,0.1,Website,Installment,Cancelled,1667.87,23-12-24,29-12-24
ORD-002505,CUST-00345,PRD-00036,1,0.1,Mobile App,Wallet,Cancelled,2503.62,22-12-24,29-12-24
ORD-002537,CUST-00350,PRD-00186,3,0.1,Mobile App,Wallet,Cancelled,4878.71,29-03-23,04-04-23
ORD-001109,CUST-00152,PRD-00178,3,0.1,Mobile App,Cash On Delivery,Cancelled,583.55,07-04-25,06-07-25
ORD-005644,CUST-00773,PRD-00019,3,0.1,Marketplace,Cash On Delivery,Pending,5919.72,02-09-24,16-02-24
ORD-005410,CUST-00735,PRD-00074,4,0.1,Marketplace,Credit Card,Cancelled,396.44,14-01-23,18-01-23
ORD-004704,CUST-00643,PRD-00078,2,0.1,Mobile App,Installment,Returned,803.87,15-05-24,18-05-24
ORD-005591,CUST-00765,PRD-00171,5,0.1,Marketplace,Credit Card,Returned,1117.84,05-11-23,09-11-23
ORD-003698,CUST-00511,PRD-00074,2,0.1,Marketplace,Installment,Returned,396.44,18-01-23,24-01-23
ORD-005401,CUST-00734,PRD-00126,10,0.1,Mobile App,Wallet,Returned,340.64,28-09-23,30-09-23
ORD-004245,CUST-00594,PRD-00010,1,0.1,Mobile App,Credit Card,Returned,2297.75,30-05-24,04-06-24
ORD-000883,CUST-00123,PRD-00075,2,0.1,Marketplace,Credit Card,Cancelled,576.69,12-08-24,14-12-24
ORD-000553,CUST-00074,PRD-00045,4,0.1,Website,Cash On Delivery,Cancelled,4956.18,18-07-25,20-07-25
ORD-001165,CUST-00160,PRD-00160,5,0.1,Mobile App,Credit Card,Returned,214.1,22-01-25,26-01-25
ORD-003979,CUST-00558,PRD-00049,4,0.1,Website,Installment,Cancelled,3627.21,13-11-23,17-11-23
ORD-004580,CUST-00629,PRD-00059,2,0.1,Website,Credit Card,Cancelled,1565.88,20-03-25,22-03-25
ORD-004509,CUST-00621,PRD-00121,3,0.1,Marketplace,Credit Card,Returned,307.1,16-12-23,21-12-23
ORD-005399,CUST-00734,PRD-00109,10,0.1,Marketplace,Installment,Returned,252.4,10-12-23,16-12-23
ORD-005470,CUST-00747,PRD-00059,2,0.1,Marketplace,Cash On Delivery,Cancelled,1565.88,03-11-23,11-05-23
ORD-004256,CUST-00596,PRD-00003,4,0.1,Mobile App,Cash On Delivery,Cancelled,1534.69,30-06-24,05-07-24
ORD-004162,CUST-00587,PRD-00159,8,0.1,Marketplace,Wallet,Returned,195.16,18-05-24,22-05-24
ORD-004664,CUST-00638,PRD-00023,3,0.1,Mobile App,Installment,Cancelled,11190.64,13-08-25,19-08-25
ORD-000935,CUST-00129,PRD-00104,7,0.1,Marketplace,Installment,Pending,698.62,19-11-25,25-11-25
ORD-002839,CUST-00386,PRD-00029,1,0.1,Mobile App,Wallet,Pending,1141.21,23-11-23,27-11-23
ORD-002913,CUST-00401,PRD-00030,3,0.1,Mobile App,Credit Card,Returned,6643.61,19-08-24,23-08-24
ORD-005159,CUST-00702,PRD-00188,3,0.1,Marketplace,Installment,Returned,235.83,28-10-24,03-11-24
ORD-001807,CUST-00249,PRD-00069,3,0.1,Marketplace,Installment,Returned,1039.35,18-11-25,19-11-25
ORD-003747,CUST-00520,PRD-00011,4,0.1,Mobile App,Credit Card,Pending,2785.74,20-09-23,21-09-23
ORD-000854,CUST-00114,PRD-00090,9,0.1,Marketplace,Installment,Returned,1391.99,28-12-24,01-02-25
ORD-005221,CUST-00709,PRD-00054,3,0.1,Marketplace,Credit Card,Cancelled,1277.14,08-06-25,14-06-25
ORD-001109,CUST-00152,PRD-00178,3,0.1,Mobile App,Cash On Delivery,Cancelled,583.55,07-04-25,06-07-25
ORD-001623,CUST-00218,PRD-00092,1,0.1,Marketplace,Credit Card,Cancelled,727.52,26-05-24,06-01-24
ORD-004504,CUST-00620,PRD-00017,9,0.1,Marketplace,Wallet,Returned,4224.65,19-08-24,21-08-24
ORD-005681,CUST-00778,PRD-00067,3,0.1,Mobile App,Cash On Delivery,Returned,1590.28,20-07-24,23-07-24
ORD-003313,CUST-00458,PRD-00062,4,0.1,Mobile App,Cash On Delivery,Pending,271.83,20-04-23,23-04-23
ORD-002216,CUST-00312,PRD-00017,2,0.1,Marketplace,Installment,Pending,4224.65,26-11-24,03-12-24
ORD-000164,CUST-00022,PRD-00012,3,0.1,Mobile App,Cash On Delivery,Pending,9488.69,01-11-23,05-11-23
ORD-000507,CUST-00069,PRD-00118,7,0.1,Mobile App,Cash On Delivery,Pending,341.03,25-03-24,28-03-24
ORD-001377,CUST-00186,PRD-00138,1,0.1,Website,Installment,Pending,293.11,03-04-25,10-04-25
ORD-002275,CUST-00318,PRD-00129,3,0.1,Mobile App,Cash On Delivery,Returned,23.89,12-07-23,15-07-23
ORD-002942,CUST-00408,PRD-00126,5,0.1,Mobile App,Installment,Cancelled,340.64,19-11-24,23-11-24
ORD-000350,CUST-00043,PRD-00056,4,0.1,Mobile App,Wallet,Cancelled,1260.88,16-06-25,22-06-25
ORD-003637,CUST-00498,PRD-00019,1,0.1,Mobile App,Cash On Delivery,Cancelled,5919.72,03-05-24,08-05-24
ORD-004812,CUST-00657,PRD-00107,4,0.1,Marketplace,Installment,Returned,803.85,17-07-25,18-07-25
ORD-004961,CUST-00673,PRD-00063,4,0.1,Marketplace,Installment,Pending,3118.2,14-11-24,19-11-24
ORD-000719,CUST-00098,PRD-00074,3,0.1,Marketplace,Installment,Cancelled,396.44,21-05-23,28-05-23
ORD-002034,CUST-00288,PRD-00013,3,0.1,Website,Wallet,Cancelled,5695.33,09-05-24,10-05-24
ORD-003809,CUST-00529,PRD-00087,3,0.1,Mobile App,Cash On Delivery,Returned,937.05,21-09-25,27-09-25
ORD-002620,CUST-00358,PRD-00150,5,0.1,Website,Installment,Returned,84.86,12-05-24,07-12-24
ORD-002222,CUST-00312,PRD-00085,3,0.1,Marketplace,Wallet,Cancelled,265.37,13-07-23,20-07-23
ORD-000167,CUST-00022,PRD-00169,4,0.1,Mobile App,Installment,Returned,3779.35,27-06-25,28-06-25
ORD-004802,CUST-00656,PRD-00075,4,0.1,Marketplace,Wallet,Returned,576.69,07-06-25,06-11-25
ORD-004015,CUST-00564,PRD-00042,1,0.1,Marketplace,Wallet,Cancelled,1460.4,27-03-25,01-04-25
ORD-003069,CUST-00427,PRD-00153,3,0.1,Marketplace,Wallet,Cancelled,321.69,14-11-24,18-11-24
ORD-002764,CUST-00375,PRD-00168,5,0.1,Website,Cash On Delivery,Returned,3279.73,12-02-24,12-09-24
ORD-001350,CUST-00181,PRD-00070,5,0.1,Marketplace,Cash On Delivery,Cancelled,1062.89,06-10-24,10-10-24
ORD-002655,CUST-00366,PRD-00020,7,0.1,Website,Credit Card,Cancelled,9661.76,14-05-23,21-05-23
ORD-005090,CUST-00693,PRD-00012,8,0.1,Mobile App,Installment,Cancelled,9488.69,29-06-24,30-06-24
ORD-004999,CUST-00677,PRD-00176,3,0.1,Mobile App,Credit Card,Pending,3014.74,22-01-24,26-01-24
ORD-000552,CUST-00073,PRD-00138,2,0.1,Website,Installment,Returned,293.11,20-01-25,27-01-25
ORD-005082,CUST-00691,PRD-00142,3,0.1,Mobile App,Cash On Delivery,Cancelled,29.02,11-04-23,07-11-23
ORD-001810,CUST-00250,PRD-00148,7,0.1,Mobile App,Cash On Delivery,Cancelled,63.15,11-12-25,17-11-25
ORD-002450,CUST-00340,PRD-00052,1,0.1,Website,Credit Card,Pending,4557.53,17-09-23,24-09-23
ORD-000335,CUST-00042,PRD-00121,5,0.1,Mobile App,Credit Card,Returned,307.1,15-11-24,16-11-24
ORD-005545,CUST-00759,PRD-00123,4,0.1,Marketplace,Installment,Pending,83.93,20-08-24,21-08-24
ORD-001668,CUST-00224,PRD-00096,3,0.1,Website,Installment,Pending,1013.61,16-02-24,22-02-24
ORD-004103,CUST-00578,PRD-00035,1,0.1,Marketplace,Credit Card,Cancelled,4561.67,23-12-24,30-12-24
ORD-003813,CUST-00529,PRD-00179,4,0.1,Website,Cash On Delivery,Cancelled,2311.13,29-03-23,04-04-23
ORD-004573,CUST-00629,PRD-00093,1,0.1,Marketplace,Wallet,Returned,327.87,16-05-24,17-05-24
ORD-003369,CUST-00462,PRD-00111,2,0.1,Website,Installment,Cancelled,291.55,10-11-24,11-11-24
ORD-005827,CUST-00799,PRD-99999,6,0.1,Website,Credit Card,Pending,340.64,12-12-24,16-12-24
ORD-005326,CUST-00726,PRD-00113,8,0.1,Marketplace,Cash On Delivery,Returned,719.15,28-02-25,07-03-25
ORD-000423,CUST-00057,PRD-00185,5,0.1,Website,Wallet,Returned,2013.53,03-01-25,03-07-25
ORD-005028,CUST-00683,PRD-00183,2,0.1,Mobile App,Wallet,Pending,6588.34,26-11-25,29-11-25
ORD-004114,CUST-00580,PRD-00103,2,0.1,Mobile App,Cash On Delivery,Pending,275.52,23-09-24,25-09-24
ORD-003017,CUST-00419,PRD-00157,3,0.1,Website,Wallet,Returned,186.52,16-01-23,18-01-23
ORD-000166,CUST-00022,PRD-00074,6,0.1,Mobile App,Wallet,Pending,396.44,08-05-23,12-08-23
ORD-004219,CUST-00590,PRD-00019,10,0.1,Website,Installment,Pending,5919.72,10-07-23,12-10-23
ORD-005533,CUST-00757,PRD-00021,2,0.1,Mobile App,Wallet,Cancelled,7707.69,17-11-24,24-11-24
ORD-000513,CUST-00069,PRD-00022,3,0.1,Mobile App,Credit Card,Cancelled,14193.82,02-09-24,04-09-24
ORD-004132,CUST-00584,PRD-00042,9,0.1,Website,Installment,Pending,1460.4,14-09-24,18-09-24
ORD-000994,CUST-00136,PRD-00010,1,0.1,Marketplace,Cash On Delivery,Pending,2297.75,20-08-25,23-08-25
ORD-002844,CUST-00387,PRD-00124,3,0.1,Mobile App,Credit Card,Cancelled,152.17,30-12-25,06-01-26
ORD-002986,CUST-00415,PRD-00088,5,0.1,Mobile App,Cash On Delivery,Returned,2384.43,13-11-23,16-11-23
ORD-002791,CUST-00378,PRD-00159,1,0.1,Marketplace,Installment,Cancelled,195.16,19-06-25,20-06-25
ORD-002360,CUST-00330,PRD-00178,5,0.1,Website,Credit Card,Pending,583.55,22-01-24,23-01-24
ORD-004647,CUST-00636,PRD-00039,1,0.1,Mobile App,Credit Card,Returned,2748.05,19-06-24,24-06-24
ORD-004297,CUST-00600,PRD-00047,8,0.1,Mobile App,Credit Card,Returned,3368.82,19-03-23,26-03-23
ORD-002424,CUST-00336,PRD-00178,6,0.1,Website,Cash On Delivery,Pending,583.55,24-05-25,27-05-25
ORD-001025,CUST-00141,PRD-00085,2,0.1,Marketplace,Credit Card,Cancelled,265.37,11-05-23,08-11-23
ORD-002513,CUST-00347,PRD-00101,8,0.1,Mobile App,Installment,Returned,658.37,21-03-25,25-03-25
ORD-000503,CUST-00067,PRD-00027,5,0.1,Website,Installment,Returned,6528.78,12-09-25,07-12-25
ORD-002025,CUST-00287,PRD-00020,2,0.1,Mobile App,Wallet,Cancelled,9661.76,25-09-25,26-09-25
ORD-004708,CUST-00644,PRD-00016,5,0.1,Marketplace,Credit Card,Cancelled,6150.02,19-10-25,26-10-25
ORD-000185,CUST-00024,PRD-00093,8,0.1,Mobile App,Installment,Pending,327.87,07-02-25,05-07-25
ORD-000837,CUST-99999,PRD-00067,1,0.1,Marketplace,Credit Card,Cancelled,1590.28,21-10-23,25-10-23
ORD-005314,CUST-00724,PRD-00168,5,0.1,Website,Cash On Delivery,Pending,3279.73,28-06-23,01-07-23
ORD-000844,CUST-00112,PRD-00030,1,0.1,Marketplace,Credit Card,Pending,6643.61,03-04-23,09-03-23
ORD-001465,CUST-00202,PRD-00002,3,0.1,Marketplace,Wallet,Returned,9414.07,11-11-23,18-11-23
ORD-000192,CUST-00025,PRD-00009,4,0.1,Marketplace,Installment,Cancelled,1433.71,12-08-24,16-08-24
ORD-000489,CUST-00066,PRD-00169,2,0.1,Marketplace,Cash On Delivery,Cancelled,3779.35,18-12-23,24-12-23
ORD-005286,CUST-00721,PRD-00140,4,0.1,Website,Wallet,Pending,168.61,26-11-25,30-11-25
ORD-001091,CUST-00149,PRD-00023,5,0.1,Marketplace,Cash On Delivery,Cancelled,11190.64,27-10-25,28-10-25
ORD-003588,CUST-00493,PRD-00042,5,0.1,Marketplace,Wallet,Cancelled,1460.4,22-08-24,29-08-24
ORD-004047,CUST-00568,PRD-00027,4,0.1,Mobile App,Wallet,Returned,6528.78,19-09-24,22-09-24
ORD-005605,CUST-00766,PRD-00034,2,0.1,Website,Installment,Cancelled,4894.09,10-04-24,12-04-24
ORD-000730,CUST-00099,PRD-00011,3,0.1,Mobile App,Wallet,Returned,2785.74,19-06-23,24-06-23
ORD-000230,CUST-00031,PRD-00082,7,0.1,Mobile App,Cash On Delivery,Returned,1269.02,05-10-24,07-10-24
ORD-001333,CUST-00180,PRD-00142,3,0.1,Website,Installment,Pending,29.02,05-02-25,05-05-25
ORD-001931,CUST-00272,PRD-00002,2,0.1,Website,Credit Card,Cancelled,9414.07,03-08-24,09-08-24
ORD-005037,CUST-00683,PRD-00021,3,0.1,Mobile App,Credit Card,Pending,7707.69,24-07-25,30-07-25
ORD-000900,CUST-00124,PRD-00013,4,0.1,Marketplace,Cash On Delivery,Returned,5695.33,26-10-23,27-10-23
ORD-003139,CUST-00435,PRD-00062,3,0.1,Mobile App,Wallet,Cancelled,271.83,28-11-24,05-12-24
ORD-001947,CUST-00278,PRD-00163,10,0.1,Website,Wallet,Pending,5049.75,30-05-24,01-06-24
ORD-005810,CUST-00795,PRD-00063,5,0.1,Mobile App,Installment,Pending,3118.2,25-10-24,11-01-24
ORD-004516,CUST-00622,PRD-00177,10,0.1,Website,Cash On Delivery,Cancelled,5234.78,27-02-25,03-03-25
ORD-005598,CUST-00765,PRD-00017,1,0.1,Mobile App,Credit Card,Pending,4224.65,25-12-25,28-12-25
ORD-000252,CUST-00032,PRD-00077,1,0.1,Mobile App,Wallet,Returned,3228.9,14-04-25,19-04-25
ORD-001215,CUST-00166,PRD-00043,3,0.1,Website,Cash On Delivery,Returned,670.88,16-01-24,23-01-24
ORD-003447,CUST-00474,PRD-00059,9,0.1,Website,Wallet,Cancelled,1565.88,04-04-25,11-04-25
ORD-003239,CUST-00449,PRD-00032,4,0.1,Marketplace,Wallet,Cancelled,1547.2,07-08-25,11-08-25
ORD-003935,CUST-00554,PRD-00152,8,0.1,Mobile App,Credit Card,Pending,23.7,11-12-23,14-12-23
ORD-005786,CUST-00792,PRD-00185,6,0.1,Marketplace,Installment,Returned,2013.53,05-03-25,10-03-25
ORD-003747,CUST-00520,PRD-00011,4,0.1,Mobile App,Credit Card,Pending,2785.74,20-09-23,21-09-23
ORD-002715,CUST-00372,PRD-00080,4,0.1,Marketplace,Credit Card,Cancelled,1092.22,14-12-24,21-12-24
ORD-000313,CUST-00040,PRD-00047,3,0.1,Website,Wallet,Pending,3368.82,29-07-23,04-08-23
ORD-002026,CUST-00287,PRD-00126,5,0.1,Marketplace,Cash On Delivery,Pending,340.64,18-05-25,21-05-25
ORD-001424,CUST-00191,PRD-00005,3,0.1,Website,Credit Card,Pending,5870.09,29-03-23,05-04-23
ORD-000353,CUST-00043,PRD-00075,10,0.1,Website,Wallet,Returned,576.69,22-04-23,24-04-23
ORD-003683,CUST-00506,PRD-00168,4,0.1,Mobile App,Wallet,Returned,3279.73,17-03-23,21-03-23
ORD-000347,CUST-00043,PRD-00157,6,0.1,Mobile App,Cash On Delivery,Returned,186.52,04-03-25,07-03-25
ORD-002653,CUST-00366,PRD-00182,8,0.1,Mobile App,Installment,Cancelled,4312.02,21-10-24,28-10-24
ORD-002509,CUST-00346,PRD-00059,7,0.1,Website,Wallet,Pending,1565.88,30-07-24,31-07-24
ORD-000742,CUST-00100,PRD-00017,9,0.1,Website,Installment,Pending,4224.65,21-09-25,25-09-25
ORD-003882,CUST-00544,PRD-00079,3,0.1,Mobile App,Installment,Cancelled,646.3,28-01-25,30-01-25
ORD-001467,CUST-00202,PRD-00127,5,0.1,Mobile App,Installment,Cancelled,252.66,26-12-23,01-02-24
ORD-004094,CUST-00577,PRD-00038,6,0.1,Mobile App,Installment,Pending,2707.61,18-03-25,21-03-25
ORD-002904,CUST-00401,PRD-00098,8,0.1,Marketplace,Installment,Returned,718.7,23-12-25,30-12-25
ORD-000779,CUST-00103,PRD-00016,9,0.1,Marketplace,Credit Card,Returned,6150.02,01-05-25,05-07-25
ORD-001598,CUST-00214,PRD-00114,5,0.1,Marketplace,Wallet,Returned,864.91,08-04-24,10-04-24
ORD-000483,CUST-00065,PRD-00004,7,0.1,Marketplace,Cash On Delivery,Cancelled,3744.22,25-12-23,30-12-23
ORD-005615,CUST-00769,PRD-00186,9,0.1,Mobile App,Installment,Cancelled,4878.71,18-03-25,21-03-25
ORD-000173,CUST-00022,PRD-00174,8,0.1,Mobile App,Installment,Returned,2379.8,27-05-24,06-01-24
ORD-002622,CUST-00359,PRD-00016,4,0.1,Website,Wallet,Returned,6150.02,31-12-23,04-01-24
ORD-000993,CUST-00135,PRD-00172,2,0.1,Marketplace,Cash On Delivery,Returned,4391.94,13-02-23,14-02-23
ORD-003040,CUST-00424,PRD-00061,8,0.1,Mobile App,Credit Card,Returned,1707.55,21-10-23,28-10-23
ORD-004717,CUST-00645,PRD-00136,4,0.1,Website,Credit Card,Returned,310.7,07-11-24,15-07-24
ORD-000008,CUST-00003,PRD-00034,5,0.1,Marketplace,Installment,Cancelled,4894.09,14-07-23,21-07-23
ORD-002468,CUST-00341,PRD-00053,9,0.1,Website,Cash On Delivery,Pending,933.2,27-03-24,28-03-24
ORD-005296,CUST-00723,PRD-00116,8,0.25,Website,Wallet,Cancelled,466.13,24-03-25,29-03-25
ORD-003359,CUST-00461,PRD-00005,1,0.25,Website,Credit Card,Cancelled,5870.09,17-06-25,19-06-25
ORD-000198,CUST-00027,PRD-00105,5,0.25,Marketplace,Credit Card,Cancelled,840.93,02-07-25,09-07-25
ORD-003612,CUST-00497,PRD-00187,3,0.25,Website,Installment,Pending,5533.15,09-03-24,15-03-24
ORD-000529,CUST-00072,PRD-00086,5,0.25,Website,Cash On Delivery,Returned,1754.49,12-08-24,12-12-24
ORD-000395,CUST-00050,PRD-00106,6,0.25,Marketplace,Installment,Returned,1124.04,23-04-23,27-04-23
ORD-003148,CUST-00436,PRD-00130,7,0.25,Marketplace,Wallet,Pending,93.92,01-11-24,03-11-24
ORD-001224,CUST-00168,PRD-00022,7,0.25,Mobile App,Cash On Delivery,Cancelled,14193.82,31-10-25,06-11-25
ORD-005744,CUST-00788,PRD-00112,3,0.25,Mobile App,Wallet,Returned,422.18,28-07-25,31-07-25
ORD-000720,CUST-00098,PRD-00064,4,0.25,Mobile App,Wallet,Pending,1338.56,19-03-24,26-03-24
ORD-000271,CUST-00035,PRD-00131,8,0.25,Mobile App,Installment,Returned,361.41,28-12-25,01-01-26
ORD-002869,CUST-00391,PRD-00131,5,0.25,Website,Installment,Cancelled,361.41,10-12-24,16-12-24
ORD-001181,CUST-00163,PRD-00059,4,0.25,Marketplace,Installment,Pending,1565.88,01-02-25,07-02-25
ORD-001191,CUST-00164,PRD-00094,6,0.25,Mobile App,Credit Card,Returned,286.11,03-07-25,12-03-25
ORD-001516,CUST-00206,PRD-00153,3,0.25,Marketplace,Installment,Cancelled,321.69,12-04-25,18-04-25
ORD-005027,CUST-00683,PRD-00055,3,0.25,Marketplace,Installment,Pending,2089.61,05-11-24,18-05-24
ORD-001893,CUST-00263,PRD-00086,3,0.25,Mobile App,Wallet,Returned,1754.49,10-06-25,17-06-25
ORD-000706,CUST-00096,PRD-00188,1,0.25,Mobile App,Credit Card,Cancelled,235.83,08-08-24,12-08-24
ORD-005727,CUST-00785,PRD-00117,4,0.25,Marketplace,Installment,Cancelled,440.45,13-11-25,17-11-25
ORD-000697,CUST-00094,PRD-00041,4,0.25,Mobile App,Wallet,Pending,1168.7,05-05-24,10-05-24
ORD-004881,CUST-00666,PRD-00041,4,0.25,Marketplace,Cash On Delivery,Pending,1168.7,12-06-25,19-06-25
ORD-005799,CUST-00794,PRD-00067,7,0.25,Marketplace,Installment,Pending,1590.28,17-05-24,20-05-24
ORD-001133,CUST-00153,PRD-00017,8,0.25,Website,Installment,Returned,4224.65,13-05-25,19-05-25
ORD-002107,CUST-00296,PRD-00159,3,0.25,Mobile App,Wallet,Cancelled,195.16,22-10-23,24-10-23
ORD-003066,CUST-00427,PRD-00023,8,0.25,Mobile App,Installment,Cancelled,11190.64,21-03-25,24-03-25
ORD-002426,CUST-00336,PRD-00095,8,0.25,Mobile App,Installment,Cancelled,493.89,19-11-24,20-11-24
ORD-000946,CUST-00130,PRD-00165,3,0.25,Mobile App,Cash On Delivery,Pending,1559.9,15-03-23,20-03-23
ORD-004159,CUST-00587,PRD-00187,8,0.25,Website,Credit Card,Cancelled,5533.15,13-11-23,18-11-23
ORD-001938,CUST-00275,PRD-00169,4,0.25,Website,Installment,Cancelled,3779.35,30-11-24,05-12-24
ORD-000618,CUST-00083,PRD-00105,3,0.25,Marketplace,Wallet,Returned,840.93,21-05-25,22-05-25
ORD-004604,CUST-00630,PRD-00119,1,0.25,Marketplace,Wallet,Pending,898.59,13-04-23,18-04-23
ORD-004847,CUST-00661,PRD-00076,8,0.25,Mobile App,Wallet,Pending,2045.06,06-09-24,13-09-24
ORD-002320,CUST-00323,PRD-00071,2,0.25,Marketplace,Installment,Cancelled,657.42,18-09-23,19-09-23
ORD-003545,CUST-00487,PRD-00176,1,0.25,Marketplace,Installment,Pending,3014.74,19-10-25,23-10-25
ORD-002520,CUST-00348,PRD-00083,5,0.25,Marketplace,Installment,Returned,1673.7,14-07-23,16-07-23
ORD-003259,CUST-00452,PRD-00007,5,0.25,Website,Wallet,Cancelled,5375.75,24-05-23,27-05-23
ORD-000906,CUST-00125,PRD-00056,3,0.25,Marketplace,Wallet,Pending,1260.88,08-06-25,08-08-25
ORD-001413,CUST-00191,PRD-00011,3,0.25,Website,Installment,Pending,2785.74,28-05-23,06-01-23
ORD-000879,CUST-00122,PRD-00001,3,0.25,Marketplace,Installment,Returned,3019.28,12-05-24,08-12-24
ORD-005312,CUST-00724,PRD-00171,3,0.25,Marketplace,Cash On Delivery,Pending,1117.84,24-07-24,27-07-24
ORD-001685,CUST-00228,PRD-00144,1,0.25,Website,Wallet,Cancelled,212.23,25-03-24,26-03-24
ORD-000357,CUST-00043,PRD-00130,7,0.25,Mobile App,Credit Card,Cancelled,93.92,10-04-24,16-04-24
ORD-004136,CUST-00585,PRD-00163,6,0.25,Mobile App,Installment,Returned,5049.75,08-09-24,11-08-24
ORD-003901,CUST-00547,PRD-00164,4,0.25,Mobile App,Installment,Returned,6039.64,03-07-25,07-05-25
ORD-000282,CUST-00038,PRD-00120,3,0.25,Website,Credit Card,Pending,538.56,16-09-23,19-09-23
ORD-005550,CUST-00761,PRD-00080,4,0.25,Mobile App,Wallet,Pending,1092.22,30-08-24,05-09-24
ORD-002555,CUST-00353,PRD-00004,3,0.25,Mobile App,Wallet,Cancelled,3744.22,21-03-25,22-03-25
ORD-000975,CUST-00133,PRD-00040,2,0.25,Marketplace,Installment,Cancelled,1977.22,12-06-25,16-06-25
ORD-001843,CUST-00256,PRD-00084,3,0.25,Marketplace,Credit Card,Returned,600.09,27-01-23,28-01-23
ORD-001698,CUST-00230,PRD-00062,3,0.25,Marketplace,Installment,Pending,271.83,06-12-23,10-12-23
ORD-005696,CUST-00780,PRD-00004,3,0.25,Mobile App,Credit Card,Cancelled,3744.22,07-04-24,09-04-24
ORD-004254,CUST-00596,PRD-00107,4,0.25,Marketplace,Credit Card,Returned,803.85,02-10-25,09-10-25
ORD-004692,CUST-00642,PRD-00107,3,0.25,Website,Cash On Delivery,Returned,803.85,26-10-24,02-11-24
ORD-005521,CUST-00755,PRD-00017,4,0.25,Marketplace,Installment,Returned,4224.65,03-12-23,06-12-23
ORD-000496,CUST-00067,PRD-00115,4,0.25,Mobile App,Wallet,Cancelled,290.78,01-04-24,08-04-24
ORD-004680,CUST-00640,PRD-00118,5,0.25,Marketplace,Cash On Delivery,Cancelled,341.03,14-06-23,21-06-23
ORD-002485,CUST-00343,PRD-00075,8,0.25,Mobile App,Cash On Delivery,Cancelled,576.69,09-11-23,15-11-23
ORD-005563,CUST-00762,PRD-00187,6,0.25,Marketplace,Installment,Pending,5533.15,14-11-23,18-11-23
ORD-003140,CUST-00435,PRD-00145,4,0.25,Website,Installment,Pending,116.01,20-08-24,22-08-24
ORD-002705,CUST-00371,PRD-00025,2,0.25,Marketplace,Wallet,Returned,15750.99,14-02-25,20-02-25
ORD-000027,CUST-00005,PRD-00029,6,0.25,Website,Cash On Delivery,Pending,1141.21,31-05-25,03-06-25
ORD-001504,CUST-00206,PRD-00069,3,0.25,Marketplace,Credit Card,Pending,1039.35,25-12-25,31-12-25
ORD-005403,CUST-00734,PRD-00149,3,0.25,Website,Wallet,Pending,93.5,19-03-24,21-03-24
ORD-005426,CUST-00739,PRD-00138,3,0.25,Website,Wallet,Returned,293.11,29-02-24,03-03-24
ORD-002455,CUST-00340,PRD-00001,3,0.25,Website,Cash On Delivery,Pending,3019.28,22-04-24,29-04-24
ORD-005180,CUST-00704,PRD-00025,4,0.25,Mobile App,Cash On Delivery,Pending,15750.99,20-06-23,24-06-23
ORD-000755,CUST-00101,PRD-00131,1,0.25,Mobile App,Cash On Delivery,Pending,361.41,07-07-24,11-07-24
ORD-001358,CUST-00182,PRD-00014,5,0.25,Website,Installment,Cancelled,3474.75,11-01-23,18-01-23
ORD-002177,CUST-00305,PRD-00041,4,0.25,Marketplace,Credit Card,Cancelled,1168.7,24-08-23,25-08-23
ORD-000369,CUST-00046,PRD-00073,2,0.25,Mobile App,Wallet,Cancelled,2603.44,14-04-23,19-04-23
ORD-000325,CUST-00041,PRD-00030,2,0.25,Mobile App,Credit Card,Cancelled,6643.61,12-04-25,18-04-25
ORD-001839,CUST-00255,PRD-00062,5,0.25,Mobile App,Installment,Pending,271.83,15-08-23,17-08-23
ORD-001004,CUST-00137,PRD-00027,9,0.25,Marketplace,Cash On Delivery,Pending,6528.78,14-11-24,20-11-24
ORD-003298,CUST-00457,PRD-00109,3,0.25,Marketplace,Wallet,Pending,252.4,26-05-24,28-05-24
ORD-003624,CUST-00498,PRD-00030,5,0.25,Marketplace,Installment,Pending,6643.61,31-10-24,11-04-24
ORD-000047,CUST-00006,PRD-00184,5,0.25,Marketplace,Credit Card,Pending,2621.44,07-08-23,12-08-23
ORD-005196,CUST-00705,PRD-00138,2,0.25,Mobile App,Credit Card,Pending,293.11,15-04-23,18-04-23
ORD-003189,CUST-00440,PRD-00105,1,0.25,Marketplace,Cash On Delivery,Pending,840.93,16-06-23,22-06-23
ORD-000713,CUST-00098,PRD-00033,5,0.25,Website,Wallet,Pending,1947.05,08-11-24,10-11-24
ORD-003655,CUST-00503,PRD-00012,3,0.25,Marketplace,Installment,Pending,9488.69,03-12-23,04-12-23
ORD-005113,CUST-00696,PRD-00002,4,0.25,Website,Cash On Delivery,Cancelled,9414.07,15-04-25,21-04-25
ORD-002784,CUST-00378,PRD-00080,2,0.25,Mobile App,Cash On Delivery,Returned,1092.22,16-10-25,17-10-25
ORD-003712,CUST-00515,PRD-00096,10,0.25,Website,Wallet,Returned,1013.61,04-03-25,08-04-25
ORD-000146,CUST-00020,PRD-00043,1,0.25,Website,Wallet,Pending,670.88,06-03-23,08-03-23
ORD-003551,CUST-00487,PRD-00075,1,0.25,Marketplace,Credit Card,Returned,576.69,06-10-25,09-10-25
ORD-001307,CUST-00176,PRD-00052,6,0.25,Marketplace,Credit Card,Cancelled,4557.53,01-10-25,10-07-25
ORD-005198,CUST-00705,PRD-00022,3,0.25,Marketplace,Cash On Delivery,Cancelled,14193.82,02-08-25,05-08-25
ORD-005485,CUST-00751,PRD-00083,4,0.25,Website,Credit Card,Cancelled,1673.7,22-11-23,29-11-23
ORD-003744,CUST-00519,PRD-00066,10,0.25,Website,Credit Card,Cancelled,531.75,05-09-24,09-09-24
ORD-003895,CUST-00546,PRD-00064,3,0.25,Marketplace,Installment,Pending,1338.56,05-01-23,01-12-23
ORD-001865,CUST-00260,PRD-00106,4,0.25,Mobile App,Cash On Delivery,Pending,1124.04,16-07-23,21-07-23
ORD-005030,CUST-00683,PRD-00082,2,0.25,Mobile App,Cash On Delivery,Pending,1269.02,04-07-23,04-08-23
ORD-005398,CUST-00734,PRD-00184,8,0.25,Marketplace,Cash On Delivery,Cancelled,2621.44,06-01-23,09-01-23
ORD-001385,CUST-00188,PRD-00121,5,0.25,Mobile App,Credit Card,Returned,307.1,09-07-24,15-07-24
ORD-005005,CUST-00677,PRD-00068,7,0.25,Website,Installment,Returned,1186.92,24-11-23,30-11-23
ORD-002979,CUST-00414,PRD-00151,2,0.25,Mobile App,Installment,Pending,125.16,01-02-24,09-01-24
ORD-004935,CUST-00671,PRD-00085,3,0.25,Marketplace,Installment,Returned,265.37,30-04-23,03-05-23
ORD-002857,CUST-00388,PRD-00042,1,0.25,Website,Credit Card,Cancelled,1460.4,05-04-25,10-05-25
ORD-004723,CUST-00645,PRD-00031,4,0.25,Mobile App,Wallet,Pending,376.78,04-09-23,14-04-23
ORD-005061,CUST-00687,PRD-00061,4,0.25,Marketplace,Installment,Pending,1707.55,15-03-23,18-03-23
ORD-004106,CUST-00579,PRD-00139,8,0.25,Mobile App,Installment,Returned,195.93,14-09-25,21-09-25
ORD-000819,CUST-00110,PRD-00109,1,0.25,Marketplace,Cash On Delivery,Returned,252.4,16-05-25,17-05-25
ORD-001607,CUST-00215,PRD-00173,9,0.25,Website,Credit Card,Pending,1584.06,25-07-24,30-07-24
ORD-005271,CUST-00719,PRD-00030,7,0.25,Website,Credit Card,Pending,6643.61,25-08-24,27-08-24
ORD-003011,CUST-00418,PRD-00131,3,0.25,Website,Cash On Delivery,Pending,361.41,23-08-25,30-08-25
ORD-005402,CUST-00734,PRD-00149,10,0.25,Marketplace,Installment,Returned,93.5,14-01-25,15-01-25
ORD-000723,CUST-00099,PRD-00003,5,0.25,Mobile App,Credit Card,Returned,1534.69,05-05-24,05-08-24
ORD-005812,CUST-00795,PRD-00184,5,0.25,Mobile App,Installment,Returned,2621.44,30-10-25,04-11-25
ORD-000500,CUST-00067,PRD-00069,4,0.25,Marketplace,Credit Card,Cancelled,1039.35,07-11-23,11-11-23
ORD-002553,CUST-00353,PRD-00159,4,0.25,Marketplace,Wallet,Returned,195.16,04-09-24,07-09-24
ORD-004550,CUST-00625,PRD-00180,3,0.25,Mobile App,Wallet,Cancelled,6579.05,21-07-24,25-07-24
ORD-002667,CUST-00369,PRD-00161,1,0.25,Marketplace,Wallet,Cancelled,1342.19,04-04-25,04-07-25
ORD-005337,CUST-00727,PRD-00136,10,0.25,Marketplace,Credit Card,Cancelled,310.7,01-03-25,06-03-25
ORD-003976,CUST-00558,PRD-00001,1,0.25,Website,Cash On Delivery,Cancelled,3019.28,12-11-25,17-11-25
ORD-004896,CUST-00666,PRD-00161,5,0.25,Mobile App,Cash On Delivery,Returned,1342.19,07-03-24,14-03-24
ORD-001762,CUST-00240,PRD-00164,3,0.25,Website,Installment,Pending,6039.64,10-01-25,07-10-25
ORD-002049,CUST-00290,PRD-00049,6,0.25,Mobile App,Wallet,Returned,3627.21,14-02-24,21-02-24
ORD-003138,CUST-00435,PRD-00085,1,0.25,Marketplace,Cash On Delivery,Cancelled,265.37,10-05-25,10-06-25
ORD-001299,CUST-00175,PRD-00098,2,0.25,Mobile App,Wallet,Returned,718.7,17-06-23,22-06-23
ORD-004811,CUST-00656,PRD-00144,1,0.25,Website,Wallet,Pending,212.23,14-03-24,21-03-24
ORD-003172,CUST-00438,PRD-00092,1,0.25,Marketplace,Installment,Cancelled,727.52,09-07-24,14-07-24
ORD-005688,CUST-00778,PRD-00100,3,0.25,Mobile App,Cash On Delivery,Returned,555.91,14-02-25,18-02-25
ORD-001661,CUST-00224,PRD-00022,3,0.25,Marketplace,Credit Card,Returned,14193.82,09-02-25,10-02-25
ORD-000242,CUST-00032,PRD-00024,1,0.25,Marketplace,Wallet,Returned,8840.39,11-09-24,16-09-24
ORD-005773,CUST-00791,PRD-00164,9,0.25,Marketplace,Wallet,Cancelled,6039.64,23-08-25,27-08-25
ORD-001126,CUST-00153,PRD-00005,3,0.25,Mobile App,Credit Card,Pending,5870.09,09-05-25,14-05-25
ORD-001773,CUST-00242,PRD-00040,2,0.25,Mobile App,Cash On Delivery,Pending,1977.22,31-03-23,04-06-23
ORD-005220,CUST-00709,PRD-00074,5,0.25,Mobile App,Credit Card,Cancelled,396.44,01-12-24,05-12-24
ORD-001792,CUST-00245,PRD-00141,5,0.25,Mobile App,Credit Card,Cancelled,265.4,31-08-25,07-09-25
ORD-004585,CUST-00629,PRD-00031,3,0.25,Website,Cash On Delivery,Cancelled,376.78,18-08-23,21-08-23
ORD-001393,CUST-00189,PRD-00146,2,0.25,Mobile App,Installment,Cancelled,194.39,07-04-24,10-04-24
ORD-003392,CUST-00466,PRD-00021,5,0.25,Marketplace,Cash On Delivery,Pending,7707.69,15-11-24,16-11-24
ORD-004581,CUST-00629,PRD-00081,3,0.25,Website,Wallet,Pending,2904.61,08-11-24,18-08-24
ORD-003326,CUST-00459,PRD-00038,1,0.25,Marketplace,Wallet,Pending,2707.61,27-09-23,02-10-23
ORD-005624,CUST-00771,PRD-00013,7,0.25,Mobile App,Credit Card,Pending,5695.33,11-03-25,15-03-25
ORD-000707,CUST-00096,PRD-00069,4,0.25,Website,Credit Card,Returned,1039.35,02-11-25,06-11-25
ORD-004464,CUST-00614,PRD-00004,4,0.25,Marketplace,Credit Card,Cancelled,3744.22,25-04-24,27-04-24
ORD-002303,CUST-00320,PRD-00043,5,0.25,Marketplace,Credit Card,Cancelled,670.88,26-12-25,31-12-25
ORD-000405,CUST-00055,PRD-00053,6,0.25,Mobile App,Installment,Returned,933.2,18-06-24,23-06-24
ORD-004940,CUST-00671,PRD-00102,8,0.25,Marketplace,Installment,Returned,833.67,01-08-23,04-08-23
ORD-001550,CUST-00209,PRD-00030,5,0.25,Marketplace,Installment,Cancelled,6643.61,17-12-24,18-12-24
ORD-005256,CUST-00716,PRD-00088,5,0.25,Marketplace,Wallet,Pending,2384.43,22-10-23,28-10-23
ORD-005756,CUST-00789,PRD-00069,6,0.25,Mobile App,Credit Card,Cancelled,1039.35,06-09-23,09-09-23
ORD-002860,CUST-00388,PRD-00095,4,0.25,Marketplace,Installment,Returned,493.89,16-04-23,20-04-23
ORD-002618,CUST-00358,PRD-00048,1,0.25,Marketplace,Installment,Returned,616.54,06-07-24,12-07-24
ORD-002484,CUST-00343,PRD-00141,7,0.25,Website,Wallet,Pending,265.4,09-09-23,15-09-23
ORD-001546,CUST-00209,PRD-00099,1,0.25,Mobile App,Credit Card,Cancelled,152.23,13-04-24,15-04-24
ORD-001560,CUST-00210,PRD-00020,3,0.25,Website,Installment,Pending,9661.76,30-12-24,03-01-25
ORD-001823,CUST-00252,PRD-00072,1,0.25,Mobile App,Cash On Delivery,Pending,2087.47,01-11-25,05-11-25
ORD-000770,CUST-00101,PRD-00065,1,0.25,Website,Wallet,Pending,1220.64,03-05-25,05-09-25
ORD-000280,CUST-00037,PRD-00034,3,0.25,Website,Installment,Returned,4894.09,25-11-24,02-12-24
ORD-004781,CUST-00654,PRD-00065,5,0.25,Mobile App,Wallet,Pending,1220.64,14-12-24,19-12-24
ORD-004778,CUST-00654,PRD-00172,5,0.25,Marketplace,Wallet,Returned,4391.94,14-04-24,15-04-24
ORD-004211,CUST-00590,PRD-00108,10,0.25,Website,Wallet,Returned,230.98,27-03-25,04-01-25
ORD-002507,CUST-00345,PRD-00062,3,0.25,Website,Installment,Cancelled,271.83,19-04-23,24-04-23
ORD-002985,CUST-00415,PRD-00125,5,0.25,Mobile App,Credit Card,Returned,151.72,02-08-25,10-02-25
ORD-000223,CUST-00030,PRD-00179,4,0.25,Website,Credit Card,Cancelled,2311.13,26-04-25,30-04-25
ORD-001891,CUST-00263,PRD-00115,3,0.25,Mobile App,Credit Card,Cancelled,290.78,25-02-23,03-04-23
ORD-003083,CUST-00430,PRD-00093,3,0.25,Marketplace,Wallet,Cancelled,327.87,13-04-25,16-04-25
ORD-001423,CUST-00191,PRD-00044,8,0.25,Marketplace,Wallet,Returned,3309.62,10-08-24,16-08-24
ORD-001302,CUST-00176,PRD-00085,3,0.25,Marketplace,Credit Card,Returned,265.37,20-09-24,26-09-24
ORD-002164,CUST-00303,PRD-00128,4,0.25,Website,Wallet,Returned,812.88,08-04-23,04-12-23
ORD-004039,CUST-00566,PRD-00076,1,0.25,Website,Wallet,Pending,2045.06,18-12-24,19-12-24
ORD-000734,CUST-00099,PRD-00143,5,0.25,Marketplace,Installment,Pending,174.65,06-09-23,11-09-23
ORD-004920,CUST-00669,PRD-00115,2,0.25,Mobile App,Credit Card,Pending,290.78,18-10-24,22-10-24
ORD-002698,CUST-00371,PRD-00188,2,0.25,Website,Credit Card,Returned,235.83,23-02-25,02-03-25
ORD-004066,CUST-00571,PRD-00094,1,0.25,Mobile App,Installment,Returned,286.11,16-05-23,23-05-23
ORD-004276,CUST-00598,PRD-00180,5,0.25,Marketplace,Credit Card,Cancelled,6579.05,08-12-25,09-12-25
ORD-001483,CUST-00203,PRD-00134,1,0.25,Marketplace,Wallet,Pending,165,01-03-23,05-03-23
ORD-003292,CUST-00456,PRD-00074,9,0.25,Mobile App,Wallet,Returned,396.44,17-07-25,24-07-25
ORD-000183,CUST-00024,PRD-00056,4,0.25,Mobile App,Cash On Delivery,Returned,1260.88,27-12-25,02-01-26
ORD-003160,CUST-00437,PRD-00003,5,0.25,Website,Credit Card,Pending,1534.69,05-08-25,11-05-25
ORD-001146,CUST-00156,PRD-00048,10,0.25,Mobile App,Installment,Pending,616.54,13-12-23,16-12-23
ORD-003973,CUST-00558,PRD-00177,3,0.25,Mobile App,Wallet,Returned,5234.78,03-12-25,09-12-25
ORD-005775,CUST-00791,PRD-00185,4,0.25,Website,Installment,Cancelled,2013.53,10-03-24,15-03-24
ORD-004742,CUST-00650,PRD-00035,1,0.25,Marketplace,Wallet,Pending,4561.67,22-03-23,28-03-23
ORD-003428,CUST-00471,PRD-99999,4,0.25,Mobile App,Credit Card,Cancelled,3019.28,16-09-23,19-09-23
ORD-002824,CUST-00383,PRD-00168,3,0.25,Marketplace,Wallet,Returned,3279.73,14-06-24,16-06-24
ORD-004457,CUST-00614,PRD-00166,5,0.25,Marketplace,Wallet,Cancelled,1361.3,29-07-25,01-08-25
ORD-000499,CUST-00067,PRD-00002,3,0.25,Mobile App,Credit Card,Cancelled,9414.07,13-09-25,14-09-25
ORD-002792,CUST-00378,PRD-00137,4,0.25,Mobile App,Cash On Delivery,Pending,328.81,27-10-23,01-11-23
ORD-001881,CUST-00263,PRD-00003,2,0.25,Mobile App,Credit Card,Pending,1534.69,20-06-24,21-06-24
ORD-002669,CUST-00369,PRD-00036,5,0.25,Mobile App,Installment,Cancelled,2503.62,03-05-25,07-03-25
ORD-001549,CUST-00209,PRD-00093,1,0.25,Mobile App,Installment,Cancelled,327.87,16-04-25,17-04-25
ORD-003991,CUST-00561,PRD-00139,1,0.25,Marketplace,Installment,Returned,195.93,12-01-24,19-01-24
ORD-004989,CUST-00677,PRD-00117,10,0.25,Website,Credit Card,Returned,440.45,10-07-24,11-10-24
ORD-005763,CUST-00791,PRD-00188,6,0.25,Website,Wallet,Returned,235.83,12-01-23,06-12-23
ORD-003666,CUST-00505,PRD-00156,2,0.25,Marketplace,Wallet,Pending,250.31,14-05-23,16-05-23
ORD-003041,CUST-00424,PRD-00095,8,0.25,Mobile App,Installment,Pending,493.89,14-01-24,21-01-24
ORD-005364,CUST-00730,PRD-00132,8,0.25,Marketplace,Credit Card,Pending,436.68,30-06-25,05-07-25
ORD-002565,CUST-00354,PRD-00187,2,0.25,Website,Cash On Delivery,Returned,5533.15,30-10-25,06-11-25
ORD-004601,CUST-00630,PRD-00011,5,0.25,Marketplace,Credit Card,Pending,2785.74,25-04-24,27-04-24
ORD-002228,CUST-00312,PRD-00126,5,0.25,Marketplace,Credit Card,Returned,340.64,16-09-25,17-09-25
ORD-000778,CUST-00103,PRD-00014,7,,Mobile App,Cash On Delivery,Cancelled,3474.75,02-02-23,02-07-23
ORD-003761,CUST-00521,PRD-00146,8,,Mobile App,Installment,Returned,194.39,11-04-23,11-11-23
ORD-001581,CUST-00211,PRD-00182,3,,Mobile App,Credit Card,Pending,4312.02,24-10-24,25-10-24
ORD-003667,CUST-00505,PRD-00044,4,,Website,Wallet,Cancelled,3309.62,28-10-23,29-10-23
ORD-001906,CUST-00266,PRD-00082,5,,Marketplace,Installment,Returned,1269.02,11-11-24,14-11-24
ORD-003260,CUST-00452,PRD-00155,1,,Mobile App,Wallet,Cancelled,228.62,28-07-24,01-08-24
ORD-002746,CUST-00373,PRD-00061,4,,Website,Cash On Delivery,Returned,1707.55,22-10-24,26-10-24
ORD-002689,CUST-00370,PRD-00086,2,,Website,Wallet,Returned,1754.49,26-05-25,02-06-25
ORD-001250,CUST-00169,PRD-00163,1,,Mobile App,Credit Card,Pending,5049.75,03-09-23,05-09-23
ORD-004892,CUST-00666,PRD-00172,5,,Website,Cash On Delivery,Pending,4391.94,27-11-25,30-11-25
ORD-003479,CUST-00478,PRD-00064,1,,Mobile App,Cash On Delivery,Returned,1338.56,01-03-23,08-03-23
ORD-002368,CUST-00331,PRD-00170,2,,Website,Wallet,Pending,7690.28,10-05-24,13-05-24
ORD-001140,CUST-00155,PRD-00018,5,,Website,Cash On Delivery,Pending,8604.46,17-08-24,23-08-24
ORD-003170,CUST-00437,PRD-00152,1,,Mobile App,Installment,Pending,23.7,25-06-24,29-06-24
ORD-004684,CUST-00641,PRD-00039,10,,Marketplace,Installment,Pending,2748.05,11-09-25,15-11-25
ORD-001874,CUST-00261,PRD-00090,5,,Mobile App,Cash On Delivery,Cancelled,1391.99,01-04-23,02-04-23
ORD-002568,CUST-00354,PRD-00087,1,,Marketplace,Cash On Delivery,Cancelled,937.05,13-08-25,15-08-25
ORD-005649,CUST-00774,PRD-00077,4,,Marketplace,Credit Card,Pending,3228.9,29-09-23,10-02-23
ORD-005228,CUST-00711,PRD-00030,5,,Marketplace,Cash On Delivery,Pending,6643.61,20-05-23,26-05-23
ORD-002047,CUST-00290,PRD-00023,3,,Mobile App,Cash On Delivery,Returned,11190.64,26-02-25,28-02-25
ORD-001352,CUST-00181,PRD-00032,2,,Marketplace,Installment,Cancelled,1547.2,28-02-25,07-03-25
ORD-005663,CUST-00776,PRD-00034,8,,Website,Cash On Delivery,Cancelled,4894.09,06-05-23,06-07-23
ORD-004091,CUST-00577,PRD-00123,4,,Marketplace,Credit Card,Cancelled,83.93,01-04-25,05-04-25
ORD-002256,CUST-00316,PRD-00135,3,,Marketplace,Installment,Cancelled,55.83,05-11-23,07-11-23
ORD-000409,CUST-00055,PRD-00139,7,,Marketplace,Cash On Delivery,Returned,195.93,15-03-24,18-03-24
ORD-002973,CUST-00413,PRD-00149,1,,Mobile App,Credit Card,Pending,93.5,27-05-24,25-05-24
ORD-003308,CUST-00457,PRD-00128,5,,Mobile App,Cash On Delivery,Cancelled,812.88,27-08-25,28-08-25
ORD-004893,CUST-00666,PRD-00141,2,,Website,Installment,Returned,265.4,01-12-25,03-12-25
ORD-005051,CUST-00686,PRD-00028,5,,Marketplace,Cash On Delivery,Cancelled,6404.22,27-11-23,04-12-23
ORD-001539,CUST-00207,PRD-00183,9,,Mobile App,Wallet,Pending,6588.34,19-03-24,26-03-24
ORD-000621,CUST-00084,PRD-00083,1,,Website,Wallet,Cancelled,1673.7,28-09-25,02-10-25
ORD-005425,CUST-00738,PRD-00016,2,,Mobile App,Wallet,Cancelled,6150.02,28-10-25,29-10-25
ORD-001342,CUST-00180,PRD-00090,5,,Website,Wallet,Cancelled,1391.99,24-03-23,25-03-23
ORD-001715,CUST-00234,PRD-00146,2,,Website,Credit Card,Returned,194.39,12-12-23,13-12-23
ORD-002462,CUST-00340,PRD-00020,4,,Marketplace,Installment,Pending,9661.76,05-08-25,08-09-25
ORD-004044,CUST-00567,PRD-00005,1,,Mobile App,Installment,Returned,5870.09,13-08-25,19-08-25
ORD-000902,CUST-00125,PRD-00113,4,,Website,Installment,Returned,719.15,22-07-25,28-07-25
ORD-000219,CUST-00030,PRD-00124,5,,Marketplace,Wallet,Pending,152.17,30-08-24,03-09-24
ORD-001270,CUST-00172,PRD-00004,3,,Website,Cash On Delivery,Returned,3744.22,28-04-24,30-04-24
ORD-004298,CUST-00600,PRD-00129,8,,Mobile App,Wallet,Pending,23.89,16-02-23,17-02-23
ORD-001373,CUST-00185,PRD-00169,4,,Marketplace,Wallet,Returned,3779.35,05-08-25,10-08-25
ORD-003449,CUST-00475,PRD-00005,4,,Website,Installment,Pending,5870.09,22-03-24,29-03-24
ORD-001962,CUST-00280,PRD-00004,1,,Mobile App,Wallet,Pending,3744.22,02-11-23,05-11-23
ORD-004776,CUST-00653,PRD-00011,3,,Marketplace,Wallet,Cancelled,2785.74,10-04-25,16-04-25
ORD-002817,CUST-00381,PRD-00127,3,,Website,Wallet,Returned,252.66,17-10-25,23-10-25
ORD-003534,CUST-00487,PRD-00027,1,,Website,Cash On Delivery,Cancelled,6528.78,13-02-25,18-02-25
ORD-002617,CUST-00358,PRD-00140,4,,Mobile App,Cash On Delivery,Cancelled,168.61,07-08-23,13-08-23
ORD-004032,CUST-00566,PRD-00150,1,,Marketplace,Installment,Cancelled,84.86,27-06-24,02-07-24
ORD-004425,CUST-00611,PRD-00108,8,,Mobile App,Wallet,Returned,230.98,24-01-25,28-01-25
ORD-004130,CUST-00584,PRD-00059,6,,Mobile App,Credit Card,Pending,1565.88,19-06-24,23-06-24
ORD-004313,CUST-00601,PRD-00113,5,,Marketplace,Installment,Pending,719.15,26-11-24,27-11-24
ORD-002163,CUST-00303,PRD-00052,5,,Website,Wallet,Returned,4557.53,09-04-24,10-04-24
ORD-002806,CUST-00381,PRD-00157,3,,Marketplace,Cash On Delivery,Returned,186.52,24-03-23,31-03-23
ORD-005607,CUST-00767,PRD-00084,4,,Mobile App,Installment,Pending,600.09,08-08-25,14-08-25
ORD-000590,CUST-00079,PRD-00115,4,,Marketplace,Cash On Delivery,Cancelled,290.78,05-11-23,09-11-23
ORD-005702,CUST-00781,PRD-00118,7,,Mobile App,Credit Card,Pending,341.03,06-03-25,07-03-25
ORD-000711,CUST-00097,PRD-00013,1,,Website,Wallet,Pending,5695.33,24-08-23,28-08-23
ORD-005820,CUST-00797,PRD-00008,4,,Marketplace,Credit Card,Returned,13998.23,09-06-23,12-09-23
ORD-003495,CUST-00482,PRD-00164,1,,Website,Wallet,Pending,6039.64,24-03-24,30-03-24
ORD-001016,CUST-00139,PRD-00109,3,,Website,Credit Card,Cancelled,252.4,28-12-25,30-12-25
ORD-000939,CUST-00129,PRD-00176,8,,Marketplace,Installment,Returned,3014.74,31-05-24,07-06-24
ORD-004788,CUST-00655,PRD-00078,10,,Marketplace,Credit Card,Returned,803.87,07-12-24,12-08-24
ORD-000177,CUST-00023,PRD-00095,8,,Website,Wallet,Returned,493.89,21-06-25,27-06-25
ORD-001346,CUST-00180,PRD-00161,4,,Mobile App,Credit Card,Returned,1342.19,25-12-24,30-12-24
ORD-004803,CUST-00656,PRD-00134,1,,Marketplace,Installment,Pending,165,02-05-24,09-05-24
ORD-002870,CUST-00391,PRD-00168,5,,Website,Wallet,Cancelled,3279.73,19-02-23,24-02-23
ORD-001928,CUST-00270,PRD-00135,5,,Marketplace,Cash On Delivery,Cancelled,55.83,19-01-23,25-01-23
ORD-005065,CUST-00687,PRD-00086,1,,Website,Installment,Returned,1754.49,29-10-24,31-10-24
ORD-003375,CUST-00462,PRD-00002,3,,Mobile App,Wallet,Pending,9414.07,01-11-23,07-11-23
ORD-001551,CUST-00209,PRD-00018,3,1.2,Mobile App,Installment,Delivered,8604.46,07-05-25,08-05-25
ORD-000366,CUST-00045,PRD-00002,1,1.2,Mobile App,Installment,Delivered,9414.07,14-04-24,19-04-24
ORD-003956,CUST-00557,PRD-00071,8,2,Website,Cash On Delivery,Delivered,657.42,10-03-23,15-03-23
ORD-005819,CUST-00797,PRD-00142,1,1.2,Website,Installment,Delivered,29.02,30-10-24,04-11-24
ORD-004834,CUST-00659,PRD-00085,4,2,Website,Cash On Delivery,Delivered,265.37,28-10-23,30-10-23
ORD-000960,CUST-00132,PRD-00179,9,,Marketplace,Credit Card,Delivered,2311.13,21-09-25,19-09-25
ORD-005668,CUST-00776,PRD-00141,5,,Website,Wallet,Delivered,265.4,29-08-25,03-09-25
ORD-005686,CUST-00778,PRD-00147,4,,Mobile App,Credit Card,Delivered,222.8,14-10-24,19-10-24
ORD-002893,CUST-00398,PRD-00138,3,,Marketplace,Wallet,Delivered,293.11,07-07-24,11-07-24
ORD-000238,CUST-00032,PRD-00112,4,,Mobile App,Installment,Delivered,422.18,26-09-25,30-09-25
ORD-000754,CUST-00101,PRD-00011,4,,Marketplace,Credit Card,Delivered,2785.74,14-06-24,17-06-24
ORD-000831,CUST-00110,PRD-00050,4,,Marketplace,Installment,Delivered,6188.03,20-03-25,21-03-25
ORD-001217,CUST-00167,PRD-00113,2,,Mobile App,Installment,Delivered,719.15,30-12-25,28-12-25
ORD-003552,CUST-00487,PRD-00154,3,,Website,Credit Card,Delivered,175.83,30-10-23,06-11-23
ORD-002427,CUST-00336,PRD-00180,6,,Website,Credit Card,Delivered,6579.05,26-10-23,02-11-23
ORD-001765,CUST-00240,PRD-00072,5,,Mobile App,Installment,Delivered,2087.47,13-07-25,18-07-25
ORD-002514,CUST-00347,PRD-00097,8,,Marketplace,Credit Card,Delivered,550.73,01-09-24,02-09-24
ORD-001525,CUST-00207,PRD-00129,7,,Website,Installment,Delivered,23.89,12-06-24,19-06-24
ORD-003395,CUST-00467,PRD-00110,9,,Mobile App,Credit Card,Delivered,443.5,05-10-24,07-10-24
ORD-000560,CUST-00075,PRD-00163,5,,Website,Cash On Delivery,Delivered,5049.75,06-04-24,04-10-24
ORD-002156,CUST-00302,PRD-00046,5,,Mobile App,Credit Card,Delivered,1161.95,30-01-24,03-02-24
ORD-004167,CUST-00587,PRD-00165,4,,Mobile App,Credit Card,Delivered,1559.9,26-01-23,29-01-23
ORD-005446,CUST-00742,PRD-00122,4,,Marketplace,Credit Card,Delivered,692.52,01-07-23,07-07-23
ORD-000301,CUST-00039,PRD-00106,3,,Mobile App,Wallet,Delivered,1124.04,15-11-24,20-11-24
ORD-004062,CUST-00570,PRD-00074,1,,Marketplace,Cash On Delivery,Delivered,396.44,25-01-23,28-01-23
ORD-000020,CUST-00005,PRD-00044,9,,Mobile App,Cash On Delivery,Delivered,3309.62,11-06-25,06-12-25
ORD-000800,CUST-00107,PRD-00091,3,,Mobile App,Credit Card,Delivered,1667.87,10-07-25,13-07-25
ORD-001058,CUST-00146,PRD-00033,8,,Marketplace,Wallet,Delivered,1947.05,29-01-25,01-02-25
ORD-004571,CUST-00628,PRD-00034,3,,Marketplace,Cash On Delivery,Delivered,4894.09,27-04-24,02-05-24
ORD-001395,CUST-00189,PRD-00078,4,,Website,Credit Card,Delivered,803.87,11-12-24,18-12-24
ORD-000176,CUST-00023,PRD-00011,5,,Mobile App,Wallet,Delivered,2785.74,02-02-24,02-07-24
ORD-003737,CUST-00517,PRD-00036,2,,Website,Credit Card,Delivered,2503.62,25-06-24,29-06-24
ORD-004442,CUST-00612,PRD-00068,10,,Marketplace,Wallet,Delivered,1186.92,27-01-24,29-01-24
ORD-003650,CUST-00502,PRD-00115,4,,Website,Wallet,Delivered,290.78,15-06-24,19-06-24
ORD-002074,CUST-00292,PRD-00087,1,,Marketplace,Cash On Delivery,Delivered,937.05,26-11-24,30-11-24
ORD-001107,CUST-00152,PRD-00088,4,,Marketplace,Credit Card,Delivered,2384.43,31-12-23,05-01-24
ORD-005650,CUST-00774,PRD-00041,3,,Mobile App,Installment,Delivered,1168.7,30-09-25,01-10-25
ORD-002227,CUST-00312,PRD-00065,4,,Mobile App,Wallet,Delivered,1220.64,22-07-23,28-07-23
ORD-002831,CUST-00384,PRD-00096,7,,Marketplace,Cash On Delivery,Delivered,1013.61,15-08-25,21-08-25
ORD-002078,CUST-00292,PRD-00028,4,,Marketplace,Cash On Delivery,Delivered,6404.22,30-09-24,04-10-24
ORD-001269,CUST-00172,PRD-00099,5,,Marketplace,Installment,Delivered,152.23,21-07-23,24-07-23
ORD-002721,CUST-00372,PRD-00152,4,,Website,Installment,Delivered,23.7,01-02-25,07-02-25
ORD-002867,CUST-00389,PRD-00182,1,,Website,Wallet,Delivered,4312.02,09-04-24,04-11-24
ORD-002054,CUST-00291,PRD-00079,10,,Marketplace,Wallet,Delivered,646.3,17-12-23,19-12-23
ORD-005278,CUST-00720,PRD-00144,5,,Website,Cash On Delivery,Delivered,212.23,17-06-23,21-06-23
ORD-002745,CUST-00373,PRD-00016,4,,Mobile App,Installment,Delivered,6150.02,25-06-23,02-07-23
ORD-001392,CUST-00189,PRD-00161,1,,Mobile App,Cash On Delivery,Delivered,1342.19,19-06-24,25-06-24
ORD-000231,CUST-00031,PRD-00186,6,,Mobile App,Credit Card,Delivered,4878.71,29-06-24,30-06-24
ORD-000292,CUST-00038,PRD-00070,9,,Website,Cash On Delivery,Delivered,1062.89,06-02-25,10-02-25
ORD-001788,CUST-00245,PRD-00180,4,,Marketplace,Installment,Delivered,6579.05,05-11-23,11-06-23
ORD-002713,CUST-00372,PRD-00051,2,,Website,Cash On Delivery,Delivered,4568.48,02-06-23,06-06-23
ORD-004660,CUST-00638,PRD-00053,2,,Marketplace,Credit Card,Delivered,933.2,06-08-25,11-08-25
ORD-000556,CUST-00075,PRD-00094,5,,Website,Credit Card,Delivered,286.11,13-03-25,16-03-25
ORD-005236,CUST-00713,PRD-00149,4,,Website,Cash On Delivery,Delivered,93.5,23-11-25,25-11-25
ORD-004964,CUST-00673,PRD-00057,9,,Marketplace,Installment,Delivered,5493.06,30-07-25,31-07-25
ORD-002317,CUST-00322,PRD-00167,3,,Website,Wallet,Delivered,741.81,18-03-25,24-03-25
ORD-004845,CUST-00661,PRD-00044,4,,Website,Credit Card,Delivered,3309.62,06-09-23,07-09-23
ORD-001451,CUST-00197,PRD-00065,1,,Marketplace,Wallet,Delivered,1220.64,03-08-24,10-08-24
ORD-003793,CUST-00527,PRD-00054,5,,Marketplace,Cash On Delivery,Delivered,1277.14,28-06-25,05-07-25
ORD-001301,CUST-00176,PRD-00075,8,,Mobile App,Wallet,Delivered,576.69,08-05-24,08-08-24
ORD-004408,CUST-00608,PRD-00159,7,,Marketplace,Wallet,Delivered,195.16,10-09-25,15-09-25
ORD-002014,CUST-00286,PRD-00067,8,,Marketplace,Installment,Delivered,1590.28,16-04-23,20-04-23
ORD-005124,CUST-00698,PRD-00140,5,,Mobile App,Wallet,Delivered,168.61,12-03-24,14-03-24
ORD-004102,CUST-00578,PRD-00053,1,,Marketplace,Installment,Delivered,933.2,01-04-23,04-03-23
ORD-005249,CUST-00714,PRD-00132,3,,Website,Installment,Delivered,436.68,31-05-25,05-06-25
ORD-003670,CUST-00506,PRD-00187,4,,Marketplace,Credit Card,Delivered,5533.15,04-07-25,11-07-25
ORD-003555,CUST-00488,PRD-00129,1,,Marketplace,Credit Card,Delivered,23.89,22-02-25,24-02-25
ORD-000718,CUST-00098,PRD-00010,8,,Marketplace,Wallet,Delivered,2297.75,31-10-24,01-11-24
ORD-001061,CUST-00146,PRD-00057,9,,Mobile App,Installment,Delivered,5493.06,17-03-24,20-03-24
ORD-000876,CUST-00120,PRD-00010,2,,Marketplace,Wallet,Delivered,2297.75,03-05-23,04-05-23
ORD-002126,CUST-00299,PRD-00016,10,,Website,Wallet,Delivered,6150.02,17-12-23,24-12-23
ORD-002463,CUST-00340,PRD-00101,5,,Marketplace,Wallet,Delivered,658.37,15-07-25,16-07-25
ORD-003084,CUST-00430,PRD-00042,2,,Marketplace,Credit Card,Delivered,1460.4,23-03-25,25-03-25
ORD-005691,CUST-00779,PRD-00097,4,,Website,Wallet,Delivered,550.73,16-02-25,17-02-25
ORD-001829,CUST-00254,PRD-00020,3,,Marketplace,Installment,Delivered,9661.76,23-05-24,28-05-24
ORD-000214,CUST-00029,PRD-00013,5,,Marketplace,Cash On Delivery,Delivered,5695.33,06-01-24,06-07-24
ORD-001795,CUST-00245,PRD-00103,5,,Website,Wallet,Delivered,275.52,17-11-25,23-11-25
ORD-000787,CUST-00104,PRD-00100,4,,Website,Installment,Delivered,555.91,13-12-24,14-12-24
ORD-004111,CUST-00580,PRD-00079,3,,Mobile App,Credit Card,Delivered,646.3,29-07-25,30-07-25
ORD-002768,CUST-00375,PRD-00008,3,,Marketplace,Installment,Delivered,13998.23,06-10-23,12-06-23
ORD-001664,CUST-00224,PRD-00060,10,,Mobile App,Installment,Delivered,2586.89,10-12-25,19-10-25
ORD-003197,CUST-00441,PRD-00152,1,,Website,Wallet,Delivered,23.7,17-02-23,24-02-23
ORD-001486,CUST-00203,PRD-00152,1,,Website,Credit Card,Delivered,23.7,17-11-23,21-11-23
ORD-004662,CUST-00638,PRD-00112,3,,Mobile App,Credit Card,Delivered,422.18,23-05-25,26-05-25
ORD-004710,CUST-00644,PRD-00027,3,,Website,Installment,Delivered,6528.78,05-01-25,01-12-25
ORD-001618,CUST-00217,PRD-00024,9,,Website,Installment,Delivered,8840.39,01-01-25,06-01-25
ORD-004822,CUST-00658,PRD-00083,1,,Marketplace,Cash On Delivery,Delivered,1673.7,02-08-25,08-08-25
ORD-004166,CUST-00587,PRD-00124,7,,Mobile App,Cash On Delivery,Delivered,152.17,24-04-24,29-04-24
ORD-002156,CUST-00302,PRD-00046,5,,Mobile App,Credit Card,Delivered,1161.95,30-01-24,03-02-24
ORD-001836,CUST-00255,PRD-00181,4,,Mobile App,Credit Card,Delivered,7757.56,15-11-23,20-11-23
ORD-004880,CUST-00666,PRD-00005,2,,Mobile App,Installment,Delivered,5870.09,18-03-25,20-03-25
ORD-000196,CUST-00026,PRD-00072,1,,Marketplace,Wallet,Delivered,2087.47,28-09-24,05-10-24
ORD-001108,CUST-00152,PRD-00051,4,,Website,Wallet,Delivered,4568.48,18-08-24,22-08-24
ORD-004230,CUST-00591,PRD-00119,5,,Mobile App,Wallet,Delivered,898.59,09-10-25,14-10-25
ORD-003768,CUST-00521,PRD-00060,5,,Website,Cash On Delivery,Delivered,2586.89,03-05-23,05-07-23
ORD-004707,CUST-00644,PRD-00012,9,,Marketplace,Credit Card,Delivered,9488.69,21-09-25,28-09-25
ORD-001822,CUST-00252,PRD-00126,4,,Website,Cash On Delivery,Delivered,340.64,23-03-23,25-03-23
ORD-004584,CUST-00629,PRD-00014,2,,Marketplace,Installment,Delivered,3474.75,25-08-25,01-09-25
ORD-001718,CUST-00235,PRD-00120,3,,Website,Cash On Delivery,Delivered,538.56,04-09-25,11-09-25
ORD-001847,CUST-00258,PRD-00096,3,,Marketplace,Installment,Delivered,1013.61,18-02-24,20-02-24
ORD-004863,CUST-00665,PRD-00180,4,,Marketplace,Credit Card,Delivered,6579.05,26-12-24,27-12-24
ORD-004364,CUST-00604,PRD-00004,2,,Mobile App,Credit Card,Delivered,3744.22,25-09-25,30-09-25
ORD-003785,CUST-00526,PRD-00015,5,,Mobile App,Cash On Delivery,Delivered,5715.8,04-01-23,11-01-23
ORD-000909,CUST-00125,PRD-00049,3,,Marketplace,Credit Card,Delivered,3627.21,20-04-24,22-04-24
ORD-005233,CUST-00712,PRD-00174,5,,Marketplace,Cash On Delivery,Delivered,2379.8,30-01-23,04-02-23
ORD-001487,CUST-00203,PRD-00095,4,,Mobile App,Credit Card,Delivered,493.89,29-05-25,02-06-25
ORD-003073,CUST-00427,PRD-00062,9,,Marketplace,Installment,Delivered,271.83,06-05-24,08-05-24
ORD-001850,CUST-00258,PRD-00108,5,,Marketplace,Credit Card,Delivered,230.98,26-11-23,12-03-23
ORD-003966,CUST-00558,PRD-00008,5,,Marketplace,Wallet,Delivered,13998.23,15-05-25,16-05-25
ORD-002842,CUST-00387,PRD-00065,1,,Marketplace,Wallet,Delivered,1220.64,30-11-25,05-12-25
ORD-005468,CUST-00746,PRD-00173,6,,Mobile App,Cash On Delivery,Delivered,1584.06,09-04-25,10-09-25
ORD-002760,CUST-00375,PRD-00011,5,,Marketplace,Credit Card,Delivered,2785.74,15-11-24,18-11-24
ORD-001499,CUST-00206,PRD-00054,3,,Website,Credit Card,Delivered,1277.14,30-12-24,31-12-24
ORD-002563,CUST-00354,PRD-00063,5,,Website,Installment,Delivered,3118.2,26-12-24,29-12-24
ORD-000573,CUST-00078,PRD-00134,6,,Marketplace,Cash On Delivery,Delivered,165,27-03-24,02-04-24
ORD-004865,CUST-00665,PRD-00024,5,,Marketplace,Wallet,Delivered,8840.39,13-07-23,18-07-23
ORD-003205,CUST-00441,PRD-00079,3,,Marketplace,Wallet,Delivered,646.3,17-10-24,21-10-24
ORD-001324,CUST-00178,PRD-00123,10,,Marketplace,Wallet,Delivered,83.93,06-09-25,15-06-25
ORD-000419,CUST-00057,PRD-00154,4,,Website,Credit Card,Delivered,175.83,09-03-23,07-09-23
ORD-001751,CUST-00239,PRD-00177,8,,Mobile App,Installment,Delivered,5234.78,19-04-23,23-04-23
ORD-005150,CUST-00700,PRD-00057,2,,Website,Installment,Delivered,5493.06,04-04-23,06-04-23
ORD-003158,CUST-00437,PRD-00160,5,,Marketplace,Cash On Delivery,Delivered,214.1,26-03-24,31-03-24
ORD-002111,CUST-00296,PRD-00131,8,,Marketplace,Cash On Delivery,Delivered,361.41,20-01-23,26-01-23
ORD-005316,CUST-00724,PRD-00176,3,,Website,Credit Card,Delivered,3014.74,01-12-24,07-12-24
ORD-000519,CUST-00069,PRD-00120,3,,Mobile App,Credit Card,Delivered,538.56,04-08-23,08-08-23
ORD-001912,CUST-00268,PRD-00002,2,,Marketplace,Credit Card,Delivered,9414.07,17-07-24,22-07-24
ORD-004358,CUST-00604,PRD-00058,1,,Marketplace,Cash On Delivery,Delivered,3308.87,15-10-24,20-10-24
ORD-002551,CUST-00353,PRD-00038,5,,Mobile App,Installment,Delivered,2707.61,26-04-25,28-04-25
ORD-000915,CUST-00126,PRD-00046,5,,Website,Credit Card,Delivered,1161.95,30-06-25,01-07-25
ORD-003121,CUST-00433,PRD-00065,1,,Marketplace,Installment,Delivered,1220.64,05-06-23,06-06-23
ORD-001994,CUST-00284,PRD-00153,2,,Mobile App,Cash On Delivery,Delivered,321.69,04-08-25,09-08-25
ORD-005273,CUST-00719,PRD-00186,7,,Website,Wallet,Delivered,4878.71,26-12-25,29-12-25
ORD-002610,CUST-00357,PRD-00115,1,,Website,Credit Card,Delivered,290.78,01-07-25,01-09-25
ORD-002023,CUST-00286,PRD-00182,4,,Marketplace,Credit Card,Delivered,4312.02,12-06-24,12-09-24
ORD-001186,CUST-00163,PRD-00137,3,,Website,Cash On Delivery,Delivered,328.81,29-06-23,05-07-23
ORD-003644,CUST-00501,PRD-00160,3,,Marketplace,Wallet,Delivered,214.1,03-06-24,10-06-24
ORD-001286,CUST-00174,PRD-00074,5,,Website,Installment,Delivered,396.44,01-04-23,02-04-23
ORD-001434,CUST-00194,PRD-00136,4,,Website,Cash On Delivery,Delivered,310.7,28-02-25,02-03-25
ORD-001071,CUST-00146,PRD-00012,6,,Mobile App,Cash On Delivery,Delivered,9488.69,29-03-23,04-02-23
ORD-002215,CUST-00312,PRD-00055,3,,Marketplace,Cash On Delivery,Delivered,2089.61,28-11-25,04-12-25
ORD-003981,CUST-00559,PRD-00109,5,,Website,Wallet,Delivered,252.4,15-11-25,22-11-25
ORD-001566,CUST-00210,PRD-00048,10,,Mobile App,Wallet,Delivered,616.54,24-01-23,25-01-23
ORD-004609,CUST-00631,PRD-00063,5,,Mobile App,Installment,Delivered,3118.2,07-01-25,08-01-25
ORD-001188,CUST-00163,PRD-00158,4,,Website,Cash On Delivery,Delivered,308.65,15-09-23,17-09-23
ORD-004249,CUST-00596,PRD-00074,4,,Marketplace,Wallet,Delivered,396.44,14-12-23,18-12-23
ORD-001831,CUST-00255,PRD-00174,5,,Mobile App,Cash On Delivery,Delivered,2379.8,20-10-24,26-10-24
ORD-002238,CUST-00313,PRD-00016,2,,Website,Cash On Delivery,Delivered,6150.02,22-05-25,26-05-25
ORD-002494,CUST-00343,PRD-00049,8,,Mobile App,Credit Card,Delivered,3627.21,09-10-24,15-09-24
ORD-000705,CUST-00096,PRD-00047,2,,Website,Credit Card,Delivered,3368.82,30-05-23,06-06-23
ORD-003818,CUST-00529,PRD-00010,1,,Website,Installment,Delivered,2297.75,04-11-24,15-04-24
ORD-000820,CUST-00110,PRD-00019,3,,Marketplace,Credit Card,Delivered,5919.72,01-07-23,04-07-23
ORD-002990,CUST-00415,PRD-00041,5,,Website,Cash On Delivery,Delivered,1168.7,24-06-24,28-06-24
ORD-001329,CUST-00178,PRD-00177,4,,Mobile App,Wallet,Delivered,5234.78,25-11-23,27-11-23
ORD-002858,CUST-00388,PRD-00177,5,,Website,Wallet,Delivered,5234.78,13-12-24,20-12-24
ORD-000454,CUST-00060,PRD-00123,4,,Website,Wallet,Delivered,83.93,31-12-25,05-01-26
ORD-003671,CUST-00506,PRD-00069,1,,Marketplace,Installment,Delivered,1039.35,10-03-25,17-03-25
ORD-001626,CUST-00219,PRD-00025,2,,Marketplace,Cash On Delivery,Delivered,15750.99,12-10-24,15-10-24
ORD-002729,CUST-00373,PRD-00054,1,0.05,Marketplace,Credit Card,Delivered,1277.14,24-02-25,28-02-25
ORD-004738,CUST-00649,PRD-00081,1,0.05,Marketplace,Credit Card,Delivered,2904.61,14-01-23,19-01-23
ORD-002798,CUST-00380,PRD-00183,1,0.05,Mobile App,Installment,Delivered,6588.34,08-08-24,09-08-24
ORD-004098,CUST-00577,PRD-00166,6,0.05,Mobile App,Installment,Delivered,1361.3,23-08-24,28-08-24
ORD-001530,CUST-00207,PRD-00075,8,0.05,Mobile App,Wallet,Delivered,576.69,18-04-24,23-04-24
ORD-004093,CUST-00577,PRD-00155,10,0.05,Mobile App,Cash On Delivery,Delivered,228.62,24-03-24,29-03-24
ORD-002005,CUST-00286,PRD-00184,8,0.05,Mobile App,Credit Card,Delivered,2621.44,24-08-23,26-08-23
ORD-000805,CUST-00108,PRD-00171,8,0.05,Marketplace,Credit Card,Delivered,1117.84,31-03-24,01-04-24
ORD-000289,CUST-00038,PRD-00116,9,0.05,Website,Cash On Delivery,Delivered,466.13,04-01-25,07-04-25
ORD-005053,CUST-00686,PRD-00104,8,0.05,Mobile App,Wallet,Delivered,698.62,13-03-25,17-03-25
ORD-000829,CUST-00110,PRD-00037,2,0.05,Mobile App,Credit Card,Delivered,2145.36,03-09-23,09-05-23
ORD-000965,CUST-00132,PRD-00050,6,0.05,Mobile App,Credit Card,Delivered,6188.03,19-05-23,22-05-23
ORD-005044,CUST-00684,PRD-00174,1,0.05,Marketplace,Cash On Delivery,Delivered,2379.8,21-11-23,25-11-23
ORD-001575,CUST-00210,PRD-00139,8,0.05,Website,Credit Card,Delivered,195.93,08-01-25,13-01-25
ORD-000013,CUST-00003,PRD-00130,2,0.05,Website,Wallet,Delivered,93.92,15-11-24,20-11-24
ORD-005635,CUST-00772,PRD-00004,2,0.05,Mobile App,Cash On Delivery,Delivered,3744.22,10-12-24,15-12-24
ORD-000497,CUST-00067,PRD-00183,2,0.05,Marketplace,Credit Card,Delivered,6588.34,07-03-24,14-03-24
ORD-002354,CUST-00329,PRD-00027,10,0.05,Website,Installment,Delivered,6528.78,30-10-24,05-11-24
ORD-005155,CUST-00701,PRD-00077,7,0.05,Website,Installment,Delivered,3228.9,25-01-24,23-01-24
ORD-000767,CUST-00101,PRD-00107,1,0.05,Mobile App,Installment,Delivered,803.85,27-02-25,02-03-25
ORD-000431,CUST-00058,PRD-00055,10,0.05,Website,Cash On Delivery,Delivered,2089.61,13-04-24,19-04-24
ORD-003086,CUST-00430,PRD-00014,2,0.05,Mobile App,Wallet,Delivered,3474.75,12-01-24,03-12-24
ORD-005823,CUST-00798,PRD-00039,1,0.05,Marketplace,Wallet,Delivered,2748.05,06-04-23,07-06-23
ORD-005176,CUST-00704,PRD-00098,2,0.05,Website,Cash On Delivery,Delivered,718.7,10-08-25,13-08-25
ORD-001538,CUST-00207,PRD-00168,6,0.05,Website,Credit Card,Delivered,3279.73,22-12-24,25-12-24
ORD-000748,CUST-00100,PRD-00017,9,0.05,Mobile App,Installment,Delivered,4224.65,02-05-25,05-07-25
ORD-000610,CUST-00082,PRD-00108,9,0.05,Marketplace,Credit Card,Delivered,230.98,30-07-23,08-05-23
ORD-002050,CUST-00290,PRD-00161,8,0.05,Marketplace,Wallet,Delivered,1342.19,02-10-24,04-10-24
ORD-004177,CUST-00588,PRD-00187,1,0.05,Website,Installment,Delivered,5533.15,03-12-23,15-03-23
ORD-003938,CUST-00554,PRD-00016,8,0.05,Marketplace,Credit Card,Delivered,6150.02,11-05-24,11-07-24
ORD-004978,CUST-00674,PRD-00159,1,0.05,Website,Wallet,Delivered,195.16,23-12-24,30-12-24
ORD-001078,CUST-00147,PRD-00088,1,0.05,Mobile App,Cash On Delivery,Delivered,2384.43,22-12-23,28-12-23
ORD-005060,CUST-00687,PRD-00110,2,0.05,Website,Cash On Delivery,Delivered,443.5,01-09-25,16-01-25
ORD-004394,CUST-00606,PRD-00045,2,0.05,Mobile App,Wallet,Delivered,4956.18,24-11-23,26-11-23
ORD-001710,CUST-00234,PRD-00147,2,0.05,Marketplace,Wallet,Delivered,222.8,11-06-25,11-12-25
ORD-002660,CUST-00367,PRD-00102,6,0.05,Mobile App,Credit Card,Delivered,833.67,09-08-25,10-08-25
ORD-005619,CUST-00771,PRD-00020,8,0.05,Website,Installment,Delivered,9661.76,04-10-24,16-04-24
ORD-002515,CUST-00347,PRD-00167,6,0.05,Website,Installment,Delivered,741.81,25-08-24,26-08-24
ORD-001694,CUST-00230,PRD-00022,2,0.05,Website,Cash On Delivery,Delivered,14193.82,27-10-24,28-10-24
ORD-001354,CUST-00181,PRD-00136,2,0.05,Mobile App,Cash On Delivery,Delivered,310.7,01-04-24,04-04-24
ORD-003497,CUST-00482,PRD-00141,1,0.05,Website,Installment,Delivered,265.4,12-03-23,17-03-23
ORD-004675,CUST-00640,PRD-00081,9,0.05,Mobile App,Cash On Delivery,Delivered,2904.61,27-07-24,30-07-24
ORD-004193,CUST-00589,PRD-00176,1,0.05,Mobile App,Wallet,Delivered,3014.74,20-01-25,23-01-25
ORD-002665,CUST-00369,PRD-00094,2,0.05,Website,Installment,Delivered,286.11,18-01-24,20-01-24
ORD-000190,CUST-00025,PRD-00001,7,0.05,Marketplace,Installment,Delivered,3019.28,24-04-23,26-04-23
ORD-005190,CUST-00705,PRD-00121,2,0.05,Mobile App,Wallet,Delivered,307.1,19-02-25,26-02-25
ORD-004337,CUST-00603,PRD-00030,6,0.05,Website,Wallet,Delivered,6643.61,13-08-23,16-08-23
ORD-004558,CUST-00626,PRD-00026,1,0.05,Marketplace,Cash On Delivery,Delivered,13374.87,30-10-24,11-02-24
ORD-004910,CUST-00668,PRD-00092,2,0.05,Mobile App,Cash On Delivery,Delivered,727.52,08-05-25,12-05-25
ORD-000286,CUST-00038,PRD-00175,10,0.05,Mobile App,Cash On Delivery,Delivered,3144.98,12-12-25,19-12-25
ORD-000884,CUST-00123,PRD-00171,1,0.05,Marketplace,Credit Card,Delivered,1117.84,13-09-24,18-09-24
ORD-002889,CUST-00397,PRD-00018,1,0.05,Website,Wallet,Delivered,8604.46,30-09-24,10-06-24
ORD-002180,CUST-00306,PRD-00027,10,0.05,Marketplace,Credit Card,Delivered,6528.78,15-04-24,16-04-24
ORD-002090,CUST-00294,PRD-00079,2,0.05,Website,Wallet,Delivered,646.3,28-02-24,06-03-24
ORD-005394,CUST-00733,PRD-00154,2,0.05,Marketplace,Installment,Delivered,175.83,30-12-23,31-12-23
ORD-004849,CUST-00663,PRD-00079,10,0.05,Website,Credit Card,Delivered,646.3,22-08-24,25-08-24
ORD-005804,CUST-00795,PRD-00045,1,0.05,Website,Credit Card,Delivered,4956.18,27-07-25,03-08-25
ORD-003325,CUST-00459,PRD-00131,2,0.05,Website,Wallet,Delivered,361.41,09-09-23,15-09-23
ORD-000647,CUST-00086,PRD-00184,2,0.05,Website,Installment,Delivered,2621.44,02-04-24,06-04-24
ORD-001649,CUST-00223,PRD-00043,2,0.05,Website,Credit Card,Delivered,670.88,22-11-24,24-11-24
ORD-003573,CUST-00491,PRD-00117,10,0.05,Website,Wallet,Delivered,440.45,07-03-25,04-03-25
ORD-001917,CUST-00268,PRD-00057,1,0.05,Website,Cash On Delivery,Delivered,5493.06,23-02-24,24-02-24
ORD-003773,CUST-00522,PRD-00107,2,0.05,Website,Installment,Delivered,803.85,15-08-23,22-08-23
ORD-005367,CUST-00730,PRD-00113,6,0.05,Website,Cash On Delivery,Delivered,719.15,07-04-23,07-07-23
ORD-000635,CUST-00084,PRD-00131,1,0.05,Website,Wallet,Delivered,361.41,08-12-24,12-09-24
ORD-005608,CUST-00768,PRD-00043,1,0.05,Mobile App,Wallet,Delivered,670.88,30-07-25,04-08-25
ORD-000564,CUST-00076,PRD-00042,2,0.05,Website,Installment,Delivered,1460.4,01-07-25,01-11-25
ORD-000404,CUST-00054,PRD-00142,2,0.05,Mobile App,Installment,Delivered,29.02,26-05-24,28-05-24
ORD-000204,CUST-00027,PRD-00064,1,0.05,Website,Credit Card,Delivered,1338.56,17-07-23,21-07-23
ORD-001360,CUST-00182,PRD-00016,10,0.05,Mobile App,Cash On Delivery,Delivered,6150.02,24-06-24,28-06-24
ORD-005513,CUST-00754,PRD-00059,6,0.05,Website,Cash On Delivery,Delivered,1565.88,16-04-24,17-04-24
ORD-004262,CUST-00597,PRD-00037,10,0.05,Mobile App,Wallet,Delivered,2145.36,04-09-24,05-09-24
ORD-000174,CUST-00023,PRD-00096,8,0.05,Mobile App,Cash On Delivery,Delivered,1013.61,22-11-24,24-11-24
ORD-002183,CUST-00307,PRD-00145,1,0.05,Marketplace,Installment,Delivered,116.01,02-07-25,11-02-25
ORD-000773,CUST-00102,PRD-00059,2,0.05,Mobile App,Credit Card,Delivered,1565.88,18-01-25,19-01-25
ORD-001227,CUST-00168,PRD-00143,7,0.05,Marketplace,Credit Card,Delivered,174.65,12-01-23,16-01-23
ORD-000064,CUST-00007,PRD-00079,8,0.05,Marketplace,Wallet,Delivered,646.3,12-07-24,16-07-24
ORD-003064,CUST-00426,PRD-00181,2,0.05,Mobile App,Installment,Delivered,7757.56,09-12-24,15-12-24
ORD-002448,CUST-00340,PRD-00160,2,0.05,Website,Credit Card,Delivered,214.1,02-09-24,08-09-24
ORD-003538,CUST-00487,PRD-00040,1,0.05,Marketplace,Installment,Delivered,1977.22,03-02-24,02-05-24
ORD-005292,CUST-00722,PRD-00007,1,0.05,Website,Credit Card,Delivered,5375.75,28-11-24,30-11-24
ORD-001288,CUST-00174,PRD-00056,8,0.05,Marketplace,Cash On Delivery,Delivered,1260.88,11-08-24,14-08-24
ORD-002703,CUST-00371,PRD-00051,2,0.05,Mobile App,Credit Card,Delivered,4568.48,06-10-24,07-10-24
ORD-005806,CUST-00795,PRD-00163,1,0.05,Mobile App,Cash On Delivery,Delivered,5049.75,05-01-25,05-04-25
ORD-000548,CUST-00073,PRD-00035,1,0.05,Mobile App,Credit Card,Delivered,4561.67,24-12-25,26-12-25
ORD-000380,CUST-00048,PRD-00035,2,0.05,Mobile App,Cash On Delivery,Delivered,4561.67,29-09-23,02-10-23
ORD-001228,CUST-00168,PRD-00179,9,0.05,Website,Cash On Delivery,Delivered,2311.13,14-06-25,17-06-25
ORD-000276,CUST-00037,PRD-00101,1,0.05,Mobile App,Credit Card,Delivered,658.37,07-12-24,09-12-24
ORD-002820,CUST-00382,PRD-00069,8,0.05,Marketplace,Cash On Delivery,Delivered,1039.35,26-10-23,28-10-23
ORD-004087,CUST-00577,PRD-00065,6,0.05,Website,Cash On Delivery,Delivered,1220.64,28-02-25,03-02-25
ORD-004836,CUST-00659,PRD-00143,1,0.05,Website,Installment,Delivered,174.65,30-01-24,02-02-24
ORD-001452,CUST-00198,PRD-00122,2,0.05,Website,Installment,Delivered,692.52,27-07-25,28-07-25
ORD-003238,CUST-00449,PRD-00166,1,0.05,Website,Credit Card,Delivered,1361.3,13-12-24,15-12-24
ORD-001104,CUST-00150,PRD-00008,7,0.05,Website,Installment,Delivered,13998.23,05-01-24,09-01-24
ORD-001258,CUST-00171,PRD-00164,6,0.05,Marketplace,Cash On Delivery,Delivered,6039.64,16-09-23,20-09-23
ORD-001781,CUST-00245,PRD-00018,1,0.05,Website,Credit Card,Delivered,8604.46,05-08-23,10-08-23
ORD-005085,CUST-00692,PRD-00173,1,0.05,Website,Wallet,Delivered,1584.06,11-05-25,18-05-25
ORD-001161,CUST-00159,PRD-00161,1,0.05,Mobile App,Credit Card,Delivered,1342.19,05-08-23,10-05-23
ORD-003410,CUST-00469,PRD-00051,1,0.05,Mobile App,Wallet,Delivered,4568.48,29-12-25,02-01-26
ORD-005505,CUST-00753,PRD-00098,2,0.05,Website,Cash On Delivery,Delivered,718.7,12-07-23,14-12-23
ORD-000239,CUST-00032,PRD-00110,1,0.05,Mobile App,Cash On Delivery,Delivered,443.5,15-01-25,17-01-25
ORD-002482,CUST-00343,PRD-00142,7,0.05,Mobile App,Cash On Delivery,Delivered,29.02,19-12-24,22-12-24
ORD-005024,CUST-00682,PRD-00049,10,0.05,Mobile App,Installment,Delivered,3627.21,19-12-23,21-12-23
ORD-000881,CUST-00123,PRD-00163,2,0.05,Website,Cash On Delivery,Delivered,5049.75,12-12-25,15-12-25
ORD-004714,CUST-00644,PRD-00022,8,0.05,Website,Wallet,Delivered,14193.82,17-12-23,21-12-23
ORD-005427,CUST-00739,PRD-00150,2,0.05,Website,Wallet,Delivered,84.86,11-12-25,12-12-25
ORD-002396,CUST-00334,PRD-00120,2,0.05,Marketplace,Wallet,Delivered,538.56,24-12-24,26-12-24
ORD-004348,CUST-00603,PRD-00106,7,0.05,Marketplace,Wallet,Delivered,1124.04,18-10-25,22-10-25
ORD-003778,CUST-00523,PRD-00080,7,0.05,Website,Credit Card,Delivered,1092.22,17-12-23,15-12-23
ORD-003541,CUST-00487,PRD-00095,1,0.05,Mobile App,Credit Card,Delivered,493.89,08-05-25,15-05-25
ORD-004721,CUST-00645,PRD-00094,6,0.05,Website,Installment,Delivered,286.11,22-10-23,26-10-23
ORD-000189,CUST-00025,PRD-00162,7,0.05,Mobile App,Installment,Delivered,1009.35,08-12-24,15-12-24
ORD-003435,CUST-00473,PRD-00020,2,0.05,Mobile App,Wallet,Delivered,9661.76,15-12-23,17-12-23
ORD-000159,CUST-00022,PRD-00098,10,0.05,Website,Installment,Delivered,718.7,30-12-23,31-12-23
ORD-003694,CUST-00510,PRD-00087,1,0.05,Website,Cash On Delivery,Delivered,937.05,17-03-24,22-03-24
ORD-005695,CUST-00780,PRD-00103,1,0.05,Marketplace,Wallet,Delivered,275.52,14-12-23,16-12-23
ORD-000182,CUST-00024,PRD-00021,6,0.05,Website,Credit Card,Delivered,7707.69,14-05-25,16-05-25
ORD-005776,CUST-00791,PRD-00168,7,0.05,Mobile App,Credit Card,Delivered,3279.73,09-11-23,16-11-23
ORD-005434,CUST-00740,PRD-00186,9,0.05,Marketplace,Credit Card,Delivered,4878.71,11-11-24,17-11-24
ORD-000206,CUST-00027,PRD-00062,2,0.05,Marketplace,Wallet,Delivered,271.83,31-12-23,01-01-24
ORD-001272,CUST-00172,PRD-00007,1,0.05,Marketplace,Installment,Delivered,5375.75,25-02-25,27-02-25
ORD-004101,CUST-00577,PRD-00157,9,0.05,Mobile App,Cash On Delivery,Delivered,186.52,21-09-25,24-09-25
ORD-001246,CUST-00169,PRD-00187,2,0.05,Mobile App,Installment,Delivered,5533.15,30-08-25,03-09-25
ORD-001285,CUST-00173,PRD-00024,8,0.05,Marketplace,Installment,Delivered,8840.39,30-06-24,02-07-24
ORD-005137,CUST-00699,PRD-00003,9,0.05,Mobile App,Cash On Delivery,Delivered,1534.69,09-05-25,12-05-25
ORD-005022,CUST-00682,PRD-00033,7,0.05,Mobile App,Cash On Delivery,Delivered,1947.05,20-06-24,27-06-24
ORD-001159,CUST-00159,PRD-00108,2,0.05,Marketplace,Wallet,Delivered,230.98,24-10-24,26-10-24
ORD-001407,CUST-00191,PRD-00056,10,0.05,Mobile App,Cash On Delivery,Delivered,1260.88,14-03-23,19-03-23
ORD-005100,CUST-00694,PRD-00112,2,0.05,Marketplace,Installment,Delivered,422.18,26-10-25,29-10-25
ORD-003563,CUST-00489,PRD-00138,2,0.05,Mobile App,Installment,Delivered,293.11,20-04-23,24-04-23
ORD-004307,CUST-00600,PRD-00100,6,0.05,Marketplace,Credit Card,Delivered,555.91,06-08-25,13-08-25
ORD-004927,CUST-00670,PRD-00111,1,0.05,Website,Credit Card,Delivered,291.55,07-03-24,09-03-24
ORD-005002,CUST-00677,PRD-00152,7,0.05,Website,Wallet,Delivered,23.7,18-05-24,22-05-24
ORD-001926,CUST-00270,PRD-00116,6,0.05,Mobile App,Cash On Delivery,Delivered,466.13,23-11-25,27-11-25
ORD-005336,CUST-00727,PRD-00140,7,0.05,Marketplace,Wallet,Delivered,168.61,18-11-24,19-11-24
ORD-005435,CUST-00740,PRD-00124,9,0.05,Marketplace,Wallet,Delivered,152.17,11-09-24,12-09-24
ORD-004263,CUST-00597,PRD-00008,9,0.05,Marketplace,Wallet,Delivered,13998.23,25-04-25,26-04-25
ORD-002486,CUST-00343,PRD-00142,9,0.05,Marketplace,Wallet,Delivered,29.02,20-09-23,24-09-23
ORD-000886,CUST-00123,PRD-00090,1,0.05,Marketplace,Wallet,Delivered,1391.99,14-04-24,16-04-24
ORD-005719,CUST-00783,PRD-00011,2,0.05,Marketplace,Wallet,Delivered,2785.74,29-01-25,04-02-25
ORD-003790,CUST-00527,PRD-00028,1,0.05,Mobile App,Credit Card,Delivered,6404.22,18-05-23,22-05-23
ORD-000431,CUST-00058,PRD-00055,10,0.05,Website,Cash On Delivery,Delivered,2089.61,13-04-24,19-04-24
ORD-003360,CUST-00461,PRD-00137,1,0.05,Marketplace,Credit Card,Delivered,328.81,07-06-25,13-07-25
ORD-001705,CUST-00233,PRD-00030,9,0.05,Marketplace,Installment,Delivered,6643.61,29-01-25,03-02-25
ORD-003402,CUST-00469,PRD-00181,2,0.05,Mobile App,Installment,Delivered,7757.56,19-05-25,25-05-25
ORD-002272,CUST-00318,PRD-00133,8,0.05,Mobile App,Credit Card,Delivered,174.99,05-06-24,05-09-24
ORD-002965,CUST-00410,PRD-00110,1,0.05,Mobile App,Installment,Delivered,443.5,28-12-25,03-01-26
ORD-000116,CUST-00016,PRD-00151,9,0.05,Mobile App,Wallet,Delivered,125.16,01-07-24,08-07-24
ORD-002202,CUST-00310,PRD-00006,7,0.05,Website,Installment,Delivered,4094.1,26-11-25,29-11-25
ORD-005632,CUST-00771,PRD-00113,10,0.05,Website,Installment,Delivered,719.15,18-07-24,24-07-24
ORD-000379,CUST-00048,PRD-00105,2,0.05,Website,Credit Card,Delivered,840.93,15-08-23,16-08-23
ORD-001279,CUST-00173,PRD-00076,10,0.05,Marketplace,Cash On Delivery,Delivered,2045.06,27-12-23,28-12-23
ORD-003560,CUST-00488,PRD-00061,1,0.05,Mobile App,Credit Card,Delivered,1707.55,20-12-24,23-12-24
ORD-002403,CUST-00335,PRD-00177,1,0.05,Mobile App,Cash On Delivery,Delivered,5234.78,10-07-24,07-12-24
ORD-001939,CUST-00276,PRD-00006,8,0.05,Website,Wallet,Delivered,4094.1,02-05-25,12-02-25
ORD-002589,CUST-00356,PRD-00177,6,0.05,Mobile App,Cash On Delivery,Delivered,5234.78,22-03-25,28-03-25
ORD-001266,CUST-00172,PRD-00042,2,0.05,Mobile App,Installment,Delivered,1460.4,25-12-23,29-12-23
ORD-001096,CUST-00149,PRD-00112,2,0.05,Mobile App,Installment,Delivered,422.18,21-03-23,28-03-23
ORD-003076,CUST-00429,PRD-00127,6,0.05,Marketplace,Wallet,Delivered,252.66,29-07-24,31-07-24
ORD-000343,CUST-00043,PRD-00028,10,0.05,Marketplace,Cash On Delivery,Delivered,6404.22,15-11-23,22-11-23
ORD-000538,CUST-00073,PRD-00124,2,0.05,Website,Wallet,Delivered,152.17,05-11-23,11-11-23
ORD-002770,CUST-00375,PRD-00127,1,0.05,Marketplace,Installment,Delivered,252.66,28-11-23,05-12-23
ORD-005241,CUST-00714,PRD-00175,1,0.05,Website,Installment,Delivered,3144.98,16-04-23,18-04-23
ORD-002809,CUST-00381,PRD-00158,10,0.05,Marketplace,Credit Card,Delivered,308.65,15-01-24,18-01-24
ORD-001750,CUST-00239,PRD-00073,7,0.05,Mobile App,Credit Card,Delivered,2603.44,28-02-25,03-03-25
ORD-002204,CUST-00311,PRD-00155,1,0.05,Mobile App,Cash On Delivery,Delivered,228.62,28-01-23,30-01-23
ORD-003003,CUST-00417,PRD-00040,3,0.05,Marketplace,Installment,Delivered,1977.22,03-04-24,04-08-24
ORD-003036,CUST-00423,PRD-00184,3,0.05,Website,Wallet,Delivered,2621.44,19-05-23,23-05-23
ORD-005016,CUST-00681,PRD-00053,3,0.05,Marketplace,Credit Card,Delivered,933.2,05-10-24,13-05-24
ORD-002371,CUST-00333,PRD-00071,3,0.05,Marketplace,Wallet,Delivered,657.42,25-08-24,30-08-24
ORD-004122,CUST-00583,PRD-00059,3,0.05,Mobile App,Installment,Delivered,1565.88,17-11-24,24-11-24
ORD-005376,CUST-00731,PRD-00132,3,0.05,Mobile App,Credit Card,Delivered,436.68,01-02-24,02-02-24
ORD-003920,CUST-00550,PRD-00083,3,0.05,Marketplace,Cash On Delivery,Delivered,1673.7,16-07-24,20-07-24
ORD-002843,CUST-00387,PRD-00042,3,0.05,Website,Installment,Delivered,1460.4,17-12-23,23-12-23
ORD-005444,CUST-00742,PRD-00058,3,0.05,Marketplace,Cash On Delivery,Delivered,3308.87,29-09-24,05-10-24
ORD-000858,CUST-00115,PRD-00174,3,0.05,Marketplace,Installment,Delivered,2379.8,06-03-24,13-03-24
ORD-001690,CUST-00229,PRD-00063,3,0.05,Marketplace,Credit Card,Delivered,3118.2,11-11-23,14-11-23
ORD-000224,CUST-00030,PRD-00117,3,0.05,Mobile App,Credit Card,Delivered,440.45,04-08-25,09-08-25
ORD-004003,CUST-00563,PRD-00007,3,0.05,Marketplace,Installment,Delivered,5375.75,05-06-25,06-11-25
ORD-003894,CUST-00546,PRD-00093,3,0.05,Mobile App,Installment,Delivered,327.87,16-01-25,21-01-25
ORD-001202,CUST-00165,PRD-00087,3,0.05,Website,Cash On Delivery,Delivered,937.05,23-01-25,28-01-25
ORD-000715,CUST-00098,PRD-00130,3,0.05,Mobile App,Installment,Delivered,93.92,25-11-23,29-11-23
ORD-001899,CUST-00265,PRD-00126,3,0.05,Mobile App,Cash On Delivery,Delivered,340.64,28-12-23,01-01-24
ORD-002619,CUST-00358,PRD-00124,3,0.05,Marketplace,Wallet,Delivered,152.17,26-01-24,02-02-24
ORD-001764,CUST-00240,PRD-00031,3,0.05,Website,Credit Card,Delivered,376.78,22-04-23,26-04-23
ORD-005114,CUST-00696,PRD-00002,3,0.05,Marketplace,Wallet,Delivered,9414.07,29-10-24,30-10-24
ORD-003565,CUST-00490,PRD-00113,3,0.05,Marketplace,Wallet,Delivered,719.15,02-08-24,08-06-24
ORD-004492,CUST-00618,PRD-00145,3,0.05,Marketplace,Installment,Delivered,116.01,10-07-24,12-07-24
ORD-004971,CUST-00673,PRD-00014,3,0.05,Website,Cash On Delivery,Delivered,3474.75,11-05-23,14-05-23
ORD-000029,CUST-00005,PRD-00182,3,0.05,Website,Credit Card,Delivered,4312.02,24-08-25,29-08-25
ORD-003384,CUST-00465,PRD-00083,3,0.05,Marketplace,Credit Card,Delivered,1673.7,16-11-24,23-11-24
ORD-004807,CUST-00656,PRD-00158,3,0.05,Mobile App,Wallet,Delivered,308.65,16-02-23,19-02-23
ORD-000724,CUST-00099,PRD-00025,3,0.05,Mobile App,Cash On Delivery,Delivered,15750.99,01-01-25,08-01-25
ORD-005589,CUST-00765,PRD-00127,3,0.05,Website,Cash On Delivery,Delivered,252.66,16-09-24,21-09-24
ORD-002957,CUST-00410,PRD-00093,3,0.05,Mobile App,Credit Card,Delivered,327.87,13-02-25,16-02-25
ORD-005463,CUST-00744,PRD-00147,3,0.05,Website,Wallet,Delivered,222.8,14-04-24,17-04-24
ORD-002639,CUST-00362,PRD-00044,3,0.05,Website,Credit Card,Delivered,3309.62,13-09-24,17-09-24
ORD-004924,CUST-00669,PRD-00170,3,0.05,Mobile App,Wallet,Delivered,7690.28,17-08-23,18-08-23
ORD-002265,CUST-00317,PRD-99999,3,0.05,Mobile App,Credit Card,Delivered,1117.84,31-10-25,02-11-25
ORD-005291,CUST-00722,PRD-00031,3,0.05,Marketplace,Cash On Delivery,Delivered,376.78,10-07-24,09-10-24
ORD-001431,CUST-00194,PRD-00094,3,0.05,Mobile App,Installment,Delivered,286.11,08-11-23,13-11-23
ORD-004749,CUST-00651,PRD-00109,3,0.05,Website,Cash On Delivery,Delivered,252.4,11-03-25,16-03-25
ORD-005231,CUST-00712,PRD-00105,3,0.05,Mobile App,Credit Card,Delivered,840.93,09-01-23,08-09-23
ORD-004472,CUST-00617,PRD-00101,3,0.05,Website,Wallet,Delivered,658.37,19-01-25,22-01-25
ORD-003310,CUST-00458,PRD-00171,3,0.05,Mobile App,Cash On Delivery,Delivered,1117.84,04-02-24,05-04-24
ORD-004090,CUST-00577,PRD-00022,3,0.05,Marketplace,Installment,Delivered,14193.82,13-01-23,14-01-23
ORD-004886,CUST-00666,PRD-00006,3,0.05,Mobile App,Wallet,Delivered,4094.1,24-08-24,27-08-24
ORD-002748,CUST-00374,PRD-00177,3,0.05,Website,Installment,Delivered,5234.78,14-07-24,18-07-24
ORD-000547,CUST-00073,PRD-00117,3,0.05,Website,Installment,Delivered,440.45,17-12-25,19-12-25
ORD-005792,CUST-00793,PRD-00142,3,0.05,Website,Credit Card,Delivered,29.02,10-01-24,10-02-24
ORD-005268,CUST-00719,PRD-00040,3,0.05,Marketplace,Installment,Delivered,1977.22,09-06-25,15-06-25
ORD-004531,CUST-00623,PRD-00080,3,0.05,Marketplace,Wallet,Delivered,1092.22,19-03-23,26-03-23
ORD-005309,CUST-00724,PRD-00019,3,0.05,Marketplace,Installment,Delivered,5919.72,16-12-24,23-12-24
ORD-003839,CUST-00538,PRD-00086,3,0.05,Mobile App,Wallet,Delivered,1754.49,27-05-25,06-02-25
ORD-002137,CUST-00300,PRD-00021,3,0.05,Mobile App,Cash On Delivery,Delivered,7707.69,03-02-23,02-07-23
ORD-004679,CUST-00640,PRD-00055,3,0.05,Website,Credit Card,Delivered,2089.61,16-03-24,17-03-24
ORD-004795,CUST-00656,PRD-00112,3,0.05,Mobile App,Credit Card,Delivered,422.18,04-10-23,14-04-23
ORD-000371,CUST-00046,PRD-00055,3,0.05,Marketplace,Cash On Delivery,Delivered,2089.61,19-03-23,24-03-23
ORD-001817,CUST-00252,PRD-00181,3,0.05,Marketplace,Credit Card,Delivered,7757.56,06-06-23,06-07-23
ORD-002127,CUST-00299,PRD-00187,3,0.05,Mobile App,Wallet,Delivered,5533.15,31-03-24,07-04-24
ORD-001883,CUST-00263,PRD-00027,3,0.05,Marketplace,Installment,Delivered,6528.78,26-10-23,29-10-23
ORD-004228,CUST-00591,PRD-00186,3,0.05,Mobile App,Credit Card,Delivered,4878.71,28-09-23,01-10-23
ORD-000875,CUST-00120,PRD-00121,3,0.05,Marketplace,Credit Card,Delivered,307.1,20-02-24,26-02-24
ORD-004398,CUST-00607,PRD-00048,3,0.05,Marketplace,Wallet,Delivered,616.54,17-11-24,18-11-24
ORD-002051,CUST-00290,PRD-00036,3,0.05,Marketplace,Installment,Delivered,2503.62,10-12-24,14-12-24
ORD-001856,CUST-00259,PRD-00052,3,0.05,Website,Installment,Delivered,4557.53,27-01-25,03-02-25
ORD-004164,CUST-00587,PRD-00137,3,0.05,Website,Cash On Delivery,Delivered,328.81,10-02-24,05-10-24
ORD-000651,CUST-00087,PRD-00083,3,0.05,Marketplace,Credit Card,Delivered,1673.7,06-11-24,12-11-24
ORD-002627,CUST-00361,PRD-00129,3,0.05,Mobile App,Credit Card,Delivered,23.89,09-09-25,16-09-25
ORD-005350,CUST-00729,PRD-00109,3,0.05,Marketplace,Installment,Delivered,252.4,17-05-24,20-05-24
ORD-005604,CUST-00766,PRD-00028,3,0.05,Marketplace,Installment,Delivered,6404.22,07-11-23,16-07-23
ORD-002329,CUST-00326,PRD-00136,5,0.05,Website,Cash On Delivery,Delivered,310.7,20-02-24,27-02-24
ORD-001568,CUST-00210,PRD-00022,5,0.05,Website,Installment,Delivered,14193.82,20-05-25,27-05-25
ORD-004170,CUST-00588,PRD-00153,5,0.05,Marketplace,Cash On Delivery,Delivered,321.69,20-04-24,23-04-24
ORD-000103,CUST-00014,PRD-00076,5,0.05,Mobile App,Wallet,Delivered,2045.06,17-08-25,23-08-25
ORD-004500,CUST-00620,PRD-00159,5,0.05,Marketplace,Installment,Delivered,195.16,14-03-24,18-03-24
ORD-004818,CUST-00657,PRD-00108,5,0.05,Mobile App,Wallet,Delivered,230.98,18-03-25,21-03-25
ORD-001111,CUST-00152,PRD-00055,5,0.05,Website,Wallet,Delivered,2089.61,22-12-23,23-12-23
ORD-000689,CUST-00091,PRD-00177,5,0.05,Website,Wallet,Delivered,5234.78,02-08-24,08-09-24
ORD-004505,CUST-00620,PRD-00132,5,0.05,Marketplace,Credit Card,Delivered,436.68,20-10-23,27-10-23
ORD-000740,CUST-00099,PRD-00182,5,0.05,Mobile App,Wallet,Delivered,4312.02,18-08-25,20-08-25
ORD-000143,CUST-00020,PRD-00006,5,0.05,Mobile App,Installment,Delivered,4094.1,11-10-24,11-11-24
ORD-004635,CUST-00635,PRD-00182,5,0.05,Website,Installment,Delivered,4312.02,31-07-25,06-08-25
ORD-005714,CUST-00782,PRD-00177,5,0.05,Marketplace,Wallet,Delivered,5234.78,09-08-23,11-08-23
ORD-001832,CUST-00255,PRD-00060,5,0.05,Marketplace,Installment,Delivered,2586.89,11-11-24,18-11-24
ORD-004941,CUST-00671,PRD-00141,5,0.05,Website,Cash On Delivery,Delivered,265.4,05-09-24,14-05-24
ORD-002021,CUST-00286,PRD-00158,5,0.05,Mobile App,Cash On Delivery,Delivered,308.65,01-11-24,07-11-24
ORD-002716,CUST-00372,PRD-00037,5,0.05,Marketplace,Credit Card,Delivered,2145.36,02-08-24,08-09-24
ORD-002315,CUST-00322,PRD-00043,5,0.05,Marketplace,Credit Card,Delivered,670.88,19-04-23,24-04-23
ORD-001194,CUST-00165,PRD-00156,5,0.05,Website,Credit Card,Delivered,250.31,08-05-25,13-05-25
ORD-004761,CUST-00651,PRD-00007,5,0.05,Website,Installment,Delivered,5375.75,19-12-23,20-12-23
ORD-000790,CUST-00105,PRD-00183,5,0.05,Mobile App,Installment,Delivered,6588.34,09-10-24,12-10-24
ORD-004618,CUST-00633,PRD-00134,5,0.05,Website,Credit Card,Delivered,165,28-01-25,04-02-25
ORD-000887,CUST-00123,PRD-00065,5,0.05,Website,Cash On Delivery,Delivered,1220.64,08-11-25,11-10-25
ORD-000684,CUST-00091,PRD-00052,5,0.05,Website,Installment,Delivered,4557.53,18-03-25,19-03-25
ORD-004239,CUST-00592,PRD-00015,5,0.05,Mobile App,Installment,Delivered,5715.8,22-02-25,23-02-25
ORD-005195,CUST-00705,PRD-00065,5,0.05,Website,Cash On Delivery,Delivered,1220.64,28-02-25,04-03-25
ORD-003811,CUST-00529,PRD-00114,5,0.05,Mobile App,Installment,Delivered,864.91,27-12-23,03-01-24
ORD-002363,CUST-00330,PRD-00104,5,0.05,Website,Cash On Delivery,Delivered,698.62,03-07-25,05-07-25
ORD-005122,CUST-00697,PRD-00087,5,0.05,Marketplace,Credit Card,Delivered,937.05,10-06-25,16-06-25
ORD-005371,CUST-00730,PRD-00007,5,0.05,Marketplace,Cash On Delivery,Delivered,5375.75,29-06-25,01-07-25
ORD-001429,CUST-00194,PRD-00142,5,0.05,Mobile App,Installment,Delivered,29.02,25-01-25,28-01-25
ORD-001540,CUST-00207,PRD-00156,5,0.05,Mobile App,Wallet,Delivered,250.31,08-11-25,11-11-25
ORD-005131,CUST-00699,PRD-00128,5,0.05,Marketplace,Installment,Delivered,812.88,11-01-25,11-04-25
ORD-003863,CUST-00540,PRD-00051,5,0.05,Website,Wallet,Delivered,4568.48,29-09-25,03-10-25
ORD-001652,CUST-00223,PRD-00122,5,0.05,Marketplace,Wallet,Delivered,692.52,22-12-24,26-12-24
ORD-005392,CUST-00732,PRD-00103,5,0.05,Marketplace,Cash On Delivery,Delivered,275.52,07-07-25,14-07-25
ORD-003786,CUST-00526,PRD-00017,5,0.05,Mobile App,Wallet,Delivered,4224.65,31-07-24,01-08-24
ORD-001515,CUST-00206,PRD-00080,5,0.05,Website,Credit Card,Delivered,1092.22,17-05-25,22-05-25
ORD-001932,CUST-00272,PRD-00135,5,0.05,Marketplace,Installment,Delivered,55.83,18-04-23,25-04-23
ORD-001937,CUST-00275,PRD-00107,5,0.05,Marketplace,Cash On Delivery,Delivered,803.85,22-07-24,25-07-24
ORD-003621,CUST-00498,PRD-00107,5,0.05,Marketplace,Wallet,Delivered,803.85,23-03-25,29-03-25
ORD-003594,CUST-00493,PRD-00027,5,0.05,Website,Wallet,Delivered,6528.78,23-02-23,25-02-23
ORD-000216,CUST-00029,PRD-00078,5,0.05,Marketplace,Installment,Delivered,803.87,26-11-23,03-12-23
ORD-002282,CUST-00319,PRD-00187,5,0.05,Marketplace,Credit Card,Delivered,5533.15,19-05-24,21-05-24
ORD-001791,CUST-00245,PRD-00182,5,0.05,Mobile App,Wallet,Delivered,4312.02,19-12-24,24-12-24
ORD-003445,CUST-00473,PRD-00124,5,0.05,Marketplace,Wallet,Delivered,152.17,05-06-25,06-06-25
ORD-001394,CUST-00189,PRD-00115,5,0.05,Website,Cash On Delivery,Delivered,290.78,15-11-24,22-11-24
ORD-003523,CUST-00485,PRD-00151,5,0.05,Marketplace,Wallet,Delivered,125.16,28-03-24,29-03-24
ORD-003151,CUST-00437,PRD-00112,5,0.05,Marketplace,Wallet,Delivered,422.18,24-11-24,28-11-24
ORD-004758,CUST-00651,PRD-00088,5,0.05,Website,Credit Card,Delivered,2384.43,18-02-23,25-02-23
ORD-001093,CUST-00149,PRD-00040,5,0.05,Mobile App,Cash On Delivery,Delivered,1977.22,20-11-23,27-11-23
ORD-005690,CUST-00779,PRD-00051,5,0.05,Website,Credit Card,Delivered,4568.48,28-07-23,04-08-23
ORD-000491,CUST-00067,PRD-00004,5,0.05,Marketplace,Installment,Delivered,3744.22,20-06-23,22-06-23
ORD-001887,CUST-00263,PRD-00006,5,0.05,Website,Cash On Delivery,Delivered,4094.1,18-03-25,20-03-25
ORD-001472,CUST-00203,PRD-00187,5,0.05,Marketplace,Credit Card,Delivered,5533.15,30-05-24,05-06-24
ORD-001355,CUST-00181,PRD-00185,5,0.05,Marketplace,Credit Card,Delivered,2013.53,25-11-23,28-11-23
ORD-001909,CUST-00267,PRD-00102,5,0.05,Website,Credit Card,Delivered,833.67,24-02-25,03-03-25
ORD-002672,CUST-00370,PRD-00071,5,0.05,Mobile App,Credit Card,Delivered,657.42,19-04-24,25-04-24
ORD-005207,CUST-00706,PRD-00182,5,0.05,Marketplace,Wallet,Delivered,4312.02,01-12-24,05-12-24
ORD-002206,CUST-00311,PRD-00042,5,0.05,Marketplace,Credit Card,Delivered,1460.4,08-10-25,08-11-25
ORD-005499,CUST-00751,PRD-00069,5,0.05,Marketplace,Credit Card,Delivered,1039.35,03-04-25,08-03-25
ORD-002407,CUST-00335,PRD-00027,5,0.05,Marketplace,Wallet,Delivered,6528.78,13-11-23,14-11-23
ORD-003837,CUST-00538,PRD-00187,5,0.05,Marketplace,Wallet,Delivered,5533.15,26-10-24,01-11-24
ORD-003327,CUST-00459,PRD-00171,5,0.05,Mobile App,Credit Card,Delivered,1117.84,09-09-23,09-11-23
ORD-003263,CUST-00453,PRD-00011,5,0.05,Marketplace,Installment,Delivered,2785.74,08-09-24,14-09-24
ORD-002707,CUST-00371,PRD-00011,5,0.05,Marketplace,Cash On Delivery,Delivered,2785.74,21-04-23,24-04-23
ORD-003815,CUST-00529,PRD-00001,5,0.05,Website,Wallet,Delivered,3019.28,18-06-25,19-06-25
ORD-002570,CUST-00354,PRD-00106,5,0.05,Mobile App,Cash On Delivery,Delivered,1124.04,27-08-25,02-09-25
ORD-002226,CUST-00312,PRD-00089,5,0.05,Mobile App,Installment,Delivered,370.11,12-02-23,03-12-23
ORD-000406,CUST-00055,PRD-00030,4,0.05,Marketplace,Installment,Delivered,6643.61,13-11-23,19-11-23
ORD-004552,CUST-00626,PRD-00088,4,0.05,Marketplace,Cash On Delivery,Delivered,2384.43,25-07-23,27-07-23
ORD-001771,CUST-00240,PRD-00056,4,0.05,Marketplace,Credit Card,Delivered,1260.88,06-01-24,08-01-24
ORD-004817,CUST-00657,PRD-00177,4,0.05,Mobile App,Wallet,Delivered,5234.78,17-06-24,23-06-24
ORD-002460,CUST-00340,PRD-00148,4,0.05,Mobile App,Credit Card,Delivered,63.15,26-04-24,05-03-24
ORD-002952,CUST-00408,PRD-00134,4,0.05,Marketplace,Wallet,Delivered,165,21-07-24,22-07-24
ORD-000652,CUST-00087,PRD-00023,4,0.05,Marketplace,Cash On Delivery,Delivered,11190.64,16-02-25,21-02-25
ORD-005039,CUST-00683,PRD-00012,4,0.05,Website,Cash On Delivery,Delivered,9488.69,23-05-24,24-05-24
ORD-002071,CUST-00292,PRD-00028,4,0.05,Marketplace,Wallet,Delivered,6404.22,30-07-25,08-04-25
ORD-002797,CUST-00380,PRD-00110,4,0.05,Marketplace,Installment,Delivered,443.5,20-09-24,21-09-24
ORD-004000,CUST-00562,PRD-00044,4,0.05,Marketplace,Wallet,Delivered,3309.62,17-07-23,20-07-23
ORD-002695,CUST-00371,PRD-00184,4,0.05,Marketplace,Credit Card,Delivered,2621.44,31-10-24,11-02-24
ORD-005637,CUST-00773,PRD-00089,4,0.05,Marketplace,Credit Card,Delivered,370.11,12-06-24,07-12-24
ORD-002821,CUST-00382,PRD-00107,4,0.05,Marketplace,Credit Card,Delivered,803.85,21-06-23,22-06-23
ORD-005050,CUST-00686,PRD-00123,4,0.05,Mobile App,Credit Card,Delivered,83.93,21-01-25,28-01-25
ORD-005166,CUST-00702,PRD-00146,4,0.05,Website,Cash On Delivery,Delivered,194.39,13-10-24,15-10-24
ORD-000646,CUST-00086,PRD-00049,4,0.05,Mobile App,Credit Card,Delivered,3627.21,31-10-23,01-11-23
ORD-005538,CUST-00758,PRD-00070,4,0.05,Marketplace,Installment,Delivered,1062.89,27-04-24,30-04-24
ORD-001701,CUST-00232,PRD-00092,4,0.05,Mobile App,Installment,Delivered,727.52,23-02-23,02-03-23
ORD-003693,CUST-00510,PRD-00109,4,0.05,Mobile App,Wallet,Delivered,252.4,21-12-23,23-12-23
ORD-001399,CUST-00190,PRD-00011,4,0.05,Mobile App,Cash On Delivery,Delivered,2785.74,02-10-23,17-02-23
ORD-003104,CUST-00431,PRD-00170,4,0.05,Website,Cash On Delivery,Delivered,7690.28,04-06-25,11-06-25
ORD-005610,CUST-00769,PRD-00045,4,0.05,Website,Wallet,Delivered,4956.18,21-11-24,25-11-24
ORD-002916,CUST-00401,PRD-00056,4,0.05,Marketplace,Wallet,Delivered,1260.88,10-02-23,03-10-23
ORD-002785,CUST-00378,PRD-00162,4,0.05,Mobile App,Wallet,Delivered,1009.35,01-11-25,02-11-25
ORD-001658,CUST-00223,PRD-00008,4,0.05,Website,Cash On Delivery,Delivered,13998.23,07-08-25,08-08-25
ORD-004061,CUST-00570,PRD-00029,4,0.05,Mobile App,Installment,Delivered,1141.21,12-10-24,12-12-24
ORD-003654,CUST-00503,PRD-00137,4,0.05,Mobile App,Wallet,Delivered,328.81,13-05-24,18-05-24
ORD-004549,CUST-00625,PRD-00182,4,0.05,Mobile App,Installment,Delivered,4312.02,09-10-23,12-09-23
ORD-001890,CUST-00263,PRD-00163,4,0.05,Marketplace,Credit Card,Delivered,5049.75,29-07-23,04-08-23
ORD-001935,CUST-00274,PRD-00104,4,0.05,Mobile App,Credit Card,Delivered,698.62,24-11-25,25-11-25
ORD-003193,CUST-00440,PRD-00021,4,0.05,Mobile App,Wallet,Delivered,7707.69,20-01-25,26-01-25
ORD-005458,CUST-00743,PRD-00161,4,0.05,Marketplace,Installment,Delivered,1342.19,18-12-24,25-12-24
ORD-004897,CUST-00666,PRD-00009,4,0.05,Mobile App,Wallet,Delivered,1433.71,30-06-23,02-07-23
ORD-001184,CUST-00163,PRD-00014,4,0.05,Mobile App,Credit Card,Delivered,3474.75,17-10-23,21-10-23
ORD-004436,CUST-00611,PRD-00172,4,0.05,Website,Cash On Delivery,Delivered,4391.94,22-11-23,28-11-23
ORD-002175,CUST-00305,PRD-00023,4,0.05,Website,Cash On Delivery,Delivered,11190.64,17-03-23,24-03-23
ORD-000598,CUST-00080,PRD-00046,4,0.05,Marketplace,Credit Card,Delivered,1161.95,01-12-24,08-12-24
ORD-001517,CUST-00206,PRD-00031,4,0.05,Website,Credit Card,Delivered,376.78,28-03-24,31-03-24
ORD-000148,CUST-00021,PRD-00170,4,0.05,Mobile App,Installment,Delivered,7690.28,28-11-24,30-11-24
ORD-001477,CUST-00203,PRD-00162,4,0.05,Website,Cash On Delivery,Delivered,1009.35,05-04-23,09-04-23
ORD-002502,CUST-00345,PRD-00099,4,0.05,Mobile App,Wallet,Delivered,152.23,19-01-25,20-01-25
ORD-004800,CUST-00656,PRD-00012,4,0.05,Mobile App,Installment,Delivered,9488.69,23-06-24,30-06-24
ORD-003307,CUST-00457,PRD-00080,4,0.05,Marketplace,Credit Card,Delivered,1092.22,26-12-25,27-12-25
ORD-002268,CUST-00318,PRD-00145,4,0.05,Marketplace,Credit Card,Delivered,116.01,26-11-23,12-03-23
ORD-002837,CUST-00385,PRD-00138,4,0.05,Website,Wallet,Delivered,293.11,05-03-24,08-03-24
ORD-002892,CUST-00398,PRD-00115,4,0.05,Mobile App,Installment,Delivered,290.78,24-01-25,31-01-25
ORD-001934,CUST-00274,PRD-00011,4,0.05,Marketplace,Wallet,Delivered,2785.74,05-11-24,11-12-24
ORD-002162,CUST-00303,PRD-00178,4,0.05,Marketplace,Installment,Delivered,583.55,05-04-23,09-04-23
ORD-003218,CUST-00443,PRD-00060,4,0.05,Website,Wallet,Delivered,2586.89,06-04-24,06-06-24
ORD-002378,CUST-00333,PRD-00158,4,0.05,Mobile App,Installment,Delivered,308.65,09-11-25,13-11-25
ORD-003602,CUST-00495,PRD-00166,4,0.05,Marketplace,Wallet,Delivered,1361.3,30-03-25,31-03-25
ORD-005179,CUST-00704,PRD-00184,4,0.05,Website,Installment,Delivered,2621.44,02-08-24,08-06-24
ORD-001553,CUST-00209,PRD-00185,4,0.05,Mobile App,Cash On Delivery,Delivered,2013.53,03-12-23,12-04-23
ORD-000630,CUST-00084,PRD-00004,4,0.05,Mobile App,Wallet,Delivered,3744.22,20-01-25,27-01-25
ORD-004653,CUST-00637,PRD-00172,4,0.05,Website,Cash On Delivery,Delivered,4391.94,29-01-24,30-01-24
ORD-001620,CUST-00217,PRD-00126,4,0.05,Mobile App,Installment,Delivered,340.64,10-12-25,14-10-25
ORD-000345,CUST-00043,PRD-00103,4,0.05,Website,Installment,Delivered,275.52,19-12-23,25-12-23
ORD-005173,CUST-00703,PRD-00069,4,0.05,Marketplace,Wallet,Delivered,1039.35,01-02-23,01-04-23
ORD-005152,CUST-00701,PRD-00074,4,0.05,Mobile App,Installment,Delivered,396.44,21-03-25,25-03-25
ORD-002969,CUST-00411,PRD-00018,4,0.05,Website,Cash On Delivery,Delivered,8604.46,15-03-23,19-03-23
ORD-002106,CUST-00295,PRD-00020,4,0.05,Marketplace,Cash On Delivery,Delivered,9661.76,07-12-24,18-07-24
ORD-002976,CUST-00414,PRD-00075,4,0.05,Mobile App,Credit Card,Delivered,576.69,21-06-23,22-06-23
ORD-001964,CUST-00281,PRD-00001,4,0.05,Mobile App,Installment,Delivered,3019.28,17-05-24,24-05-24
ORD-003782,CUST-00525,PRD-00169,4,0.05,Website,Installment,Delivered,3779.35,23-12-23,29-12-23
ORD-005318,CUST-00725,PRD-00067,4,0.05,Website,Credit Card,Delivered,1590.28,25-10-24,30-10-24
ORD-005666,CUST-00776,PRD-00077,4,0.05,Mobile App,Cash On Delivery,Delivered,3228.9,23-06-25,25-06-25
ORD-003261,CUST-00452,PRD-00124,4,0.05,Website,Cash On Delivery,Delivered,152.17,20-01-23,26-01-23
ORD-002235,CUST-00313,PRD-00125,4,0.05,Marketplace,Installment,Delivered,151.72,03-12-24,09-12-24
ORD-004644,CUST-00636,PRD-00155,4,0.05,Website,Installment,Delivered,228.62,25-03-23,26-03-23
ORD-000893,CUST-00124,PRD-00003,4,0.05,Website,Installment,Delivered,1534.69,19-02-24,26-02-24
ORD-005225,CUST-00710,PRD-00124,4,0.05,Marketplace,Wallet,Delivered,152.17,06-01-23,10-01-23
ORD-004782,CUST-00654,PRD-00094,4,0.05,Mobile App,Installment,Delivered,286.11,05-11-24,12-11-24
ORD-003287,CUST-00456,PRD-00065,4,0.2,Marketplace,Installment,Delivered,1220.64,27-01-24,02-02-24
ORD-003628,CUST-00498,PRD-00171,4,0.2,Website,Credit Card,Delivered,1117.84,13-05-25,15-05-25
ORD-000157,CUST-00022,PRD-00176,4,0.2,Mobile App,Cash On Delivery,Delivered,3014.74,20-02-23,27-02-23
ORD-003923,CUST-00551,PRD-00120,4,0.2,Website,Wallet,Delivered,538.56,28-03-25,31-03-25
ORD-004013,CUST-00564,PRD-00034,4,0.2,Mobile App,Cash On Delivery,Delivered,4894.09,26-09-25,30-09-25
ORD-004246,CUST-00594,PRD-00102,4,0.2,Marketplace,Wallet,Delivered,833.67,01-05-25,03-05-25
ORD-001882,CUST-00263,PRD-00032,4,0.2,Website,Cash On Delivery,Delivered,1547.2,13-03-25,19-03-25
ORD-004203,CUST-00589,PRD-00015,4,0.2,Mobile App,Installment,Delivered,5715.8,05-06-23,11-06-23
ORD-002027,CUST-00287,PRD-00025,4,0.2,Website,Installment,Delivered,15750.99,12-10-24,13-12-24
ORD-003597,CUST-00494,PRD-00040,4,0.2,Marketplace,Wallet,Delivered,1977.22,03-08-23,09-08-23
ORD-002674,CUST-00370,PRD-00115,4,0.2,Website,Credit Card,Delivered,290.78,21-08-24,22-08-24
ORD-001036,CUST-00143,PRD-00171,4,0.2,Mobile App,Cash On Delivery,Delivered,1117.84,20-12-25,25-12-25
ORD-000613,CUST-00082,PRD-00142,4,0.2,Website,Installment,Delivered,29.02,08-06-24,10-08-24
ORD-003567,CUST-00491,PRD-00075,4,0.2,Mobile App,Cash On Delivery,Delivered,576.69,18-10-24,23-10-24
ORD-003208,CUST-00441,PRD-00103,4,0.2,Website,Cash On Delivery,Delivered,275.52,12-04-25,07-12-25
ORD-005421,CUST-00737,PRD-00068,4,0.2,Mobile App,Installment,Delivered,1186.92,17-03-24,18-03-24
ORD-001827,CUST-00254,PRD-00160,4,0.2,Marketplace,Installment,Delivered,214.1,16-06-23,17-06-23
ORD-004458,CUST-00614,PRD-00029,4,0.2,Marketplace,Cash On Delivery,Delivered,1141.21,22-11-23,26-11-23
ORD-002323,CUST-00324,PRD-00058,4,0.2,Marketplace,Credit Card,Delivered,3308.87,29-11-25,04-12-25
ORD-000764,CUST-00101,PRD-00069,4,0.2,Marketplace,Installment,Delivered,1039.35,25-04-23,02-05-23
ORD-000330,CUST-00041,PRD-00171,4,0.2,Marketplace,Cash On Delivery,Delivered,1117.84,03-05-23,10-05-23
ORD-004232,CUST-00591,PRD-00030,4,0.2,Website,Credit Card,Delivered,6643.61,29-10-25,30-10-25
ORD-003438,CUST-00473,PRD-00044,4,0.2,Website,Cash On Delivery,Delivered,3309.62,15-01-25,17-01-25
ORD-003546,CUST-00487,PRD-00158,4,0.2,Marketplace,Installment,Delivered,308.65,02-07-24,06-07-24
ORD-005368,CUST-00730,PRD-00057,4,0.2,Website,Credit Card,Delivered,5493.06,02-10-25,08-10-25
ORD-002028,CUST-00287,PRD-00017,4,0.2,Website,Cash On Delivery,Delivered,4224.65,22-12-25,25-12-25
ORD-003879,CUST-00543,PRD-00019,4,0.2,Mobile App,Wallet,Delivered,5919.72,04-08-25,08-08-25
ORD-001404,CUST-00190,PRD-00167,4,0.2,Marketplace,Credit Card,Delivered,741.81,15-11-24,22-11-24
ORD-000283,CUST-00038,PRD-00014,4,0.2,Marketplace,Wallet,Delivered,3474.75,18-01-25,22-01-25
ORD-002865,CUST-00388,PRD-00123,4,0.2,Website,Credit Card,Delivered,83.93,20-04-25,26-04-25
ORD-001927,CUST-00270,PRD-00128,4,0.2,Mobile App,Cash On Delivery,Delivered,812.88,03-04-25,07-04-25
ORD-001680,CUST-00226,PRD-00181,4,0.2,Marketplace,Installment,Delivered,7757.56,31-08-25,02-09-25
ORD-000685,CUST-00091,PRD-00151,4,0.2,Mobile App,Credit Card,Delivered,125.16,16-09-24,18-09-24
ORD-003893,CUST-00546,PRD-00171,4,0.2,Website,Cash On Delivery,Delivered,1117.84,15-05-23,18-05-23
ORD-001870,CUST-00261,PRD-00021,4,0.2,Website,Credit Card,Delivered,7707.69,19-03-23,22-03-23
ORD-001888,CUST-00263,PRD-00170,4,0.2,Website,Installment,Delivered,7690.28,24-08-23,30-08-23
ORD-000761,CUST-00101,PRD-00147,4,0.2,Marketplace,Installment,Delivered,222.8,13-06-23,19-06-23
ORD-002659,CUST-00366,PRD-00069,4,0.2,Mobile App,Installment,Delivered,1039.35,31-03-24,02-04-24
ORD-001311,CUST-00176,PRD-00025,4,0.2,Website,Installment,Delivered,15750.99,11-04-25,14-04-25
ORD-003832,CUST-00534,PRD-00055,4,0.2,Mobile App,Credit Card,Delivered,2089.61,23-03-25,24-03-25
ORD-002948,CUST-00408,PRD-00005,4,0.2,Website,Wallet,Delivered,5870.09,02-04-23,03-04-23
ORD-001633,CUST-00221,PRD-00101,4,0.2,Mobile App,Cash On Delivery,Delivered,658.37,25-04-25,27-04-25
ORD-002761,CUST-00375,PRD-00057,4,0.2,Website,Installment,Delivered,5493.06,14-05-23,15-05-23
ORD-005390,CUST-00731,PRD-00145,4,0.2,Mobile App,Cash On Delivery,Delivered,116.01,20-12-25,24-12-25
ORD-000323,CUST-00041,PRD-00181,4,0.2,Marketplace,Installment,Delivered,7757.56,28-02-23,04-03-23
ORD-000331,CUST-00041,PRD-00057,4,0.2,Website,Wallet,Delivered,5493.06,09-11-24,16-11-24
ORD-005583,CUST-00765,PRD-00091,4,0.2,Marketplace,Installment,Delivered,1667.87,24-12-25,31-12-25
ORD-002802,CUST-00381,PRD-00082,4,0.2,Website,Credit Card,Delivered,1269.02,26-12-23,31-12-23
ORD-002906,CUST-00401,PRD-00143,4,0.2,Marketplace,Credit Card,Delivered,174.65,20-07-24,25-07-24
ORD-000129,CUST-00018,PRD-00008,4,0.2,Website,Wallet,Delivered,13998.23,05-01-23,01-06-23
ORD-000138,CUST-00019,PRD-00096,4,0.2,Marketplace,Cash On Delivery,Delivered,1013.61,06-10-23,13-06-23
ORD-000582,CUST-00079,PRD-00134,4,0.2,Marketplace,Installment,Delivered,165,22-06-25,25-06-25
ORD-000012,CUST-00003,PRD-00077,4,0.2,Mobile App,Credit Card,Delivered,3228.9,07-03-23,07-06-23
ORD-002190,CUST-00308,PRD-00038,4,0.2,Marketplace,Installment,Delivered,2707.61,24-06-23,27-06-23
ORD-001640,CUST-00222,PRD-00073,4,0.2,Website,Credit Card,Delivered,2603.44,16-12-23,17-12-23
ORD-001226,CUST-00168,PRD-00119,4,0.2,Mobile App,Installment,Delivered,898.59,22-03-25,27-03-25
ORD-004663,CUST-00638,PRD-00122,4,0.2,Website,Wallet,Delivered,692.52,16-06-23,23-06-23
ORD-004206,CUST-00590,PRD-00041,4,0.2,Mobile App,Credit Card,Delivered,1168.7,03-12-24,12-10-24
ORD-003082,CUST-00430,PRD-00188,4,0.2,Website,Installment,Delivered,235.83,10-07-24,10-10-24
ORD-000152,CUST-00021,PRD-00042,4,0.2,Website,Installment,Delivered,1460.4,14-12-24,15-12-24
ORD-002964,CUST-00410,PRD-00178,4,0.2,Marketplace,Wallet,Delivered,583.55,25-12-23,27-12-23
ORD-005285,CUST-00721,PRD-00066,4,0.2,Website,Cash On Delivery,Delivered,531.75,17-11-23,18-11-23
ORD-003547,CUST-00487,PRD-00142,4,0.2,Marketplace,Credit Card,Delivered,29.02,16-02-24,21-02-24
ORD-004783,CUST-00654,PRD-00182,4,0.2,Website,Cash On Delivery,Delivered,4312.02,05-03-24,03-11-24
ORD-002364,CUST-00330,PRD-00030,4,0.2,Marketplace,Cash On Delivery,Delivered,6643.61,17-06-24,20-06-24
ORD-001826,CUST-00254,PRD-00034,4,0.2,Website,Wallet,Delivered,4894.09,11-02-24,14-02-24
ORD-003337,CUST-00460,PRD-00044,4,0.2,Marketplace,Installment,Delivered,3309.62,13-01-24,18-01-24
ORD-002826,CUST-00383,PRD-00182,4,0.2,Website,Wallet,Delivered,4312.02,16-02-25,20-02-25
ORD-000570,CUST-00077,PRD-00009,3,0.2,Website,Credit Card,Delivered,1433.71,27-01-25,28-01-25
ORD-003798,CUST-00528,PRD-00078,3,0.2,Marketplace,Installment,Delivered,803.87,29-08-24,02-09-24
ORD-005046,CUST-00684,PRD-00121,3,0.2,Mobile App,Cash On Delivery,Delivered,307.1,19-11-23,25-11-23
ORD-004308,CUST-00601,PRD-00086,3,0.2,Marketplace,Wallet,Delivered,1754.49,03-09-24,09-05-24
ORD-004312,CUST-00601,PRD-00131,3,0.2,Marketplace,Credit Card,Delivered,361.41,26-10-23,31-10-23
ORD-004026,CUST-00565,PRD-00050,3,0.2,Website,Wallet,Delivered,6188.03,29-10-25,04-11-25
ORD-003010,CUST-00418,PRD-00011,3,0.2,Website,Cash On Delivery,Delivered,2785.74,15-10-23,17-10-23
ORD-001586,CUST-00212,PRD-00046,3,0.2,Mobile App,Cash On Delivery,Delivered,1161.95,23-12-24,25-12-24
ORD-001501,CUST-00206,PRD-00045,3,0.2,Website,Wallet,Delivered,4956.18,07-08-23,15-07-23
ORD-004244,CUST-00594,PRD-00103,3,0.2,Mobile App,Installment,Delivered,275.52,23-03-23,25-03-23
ORD-003439,CUST-00473,PRD-00061,3,0.2,Website,Credit Card,Delivered,1707.55,11-03-25,10-03-25
ORD-004759,CUST-00651,PRD-00169,3,0.2,Mobile App,Installment,Delivered,3779.35,11-02-24,18-02-24
ORD-000913,CUST-00126,PRD-00088,3,0.2,Mobile App,Cash On Delivery,Delivered,2384.43,20-02-23,27-02-23
ORD-000877,CUST-00120,PRD-00038,3,0.2,Marketplace,Installment,Delivered,2707.61,27-05-23,01-06-23
ORD-005243,CUST-00714,PRD-00085,3,0.2,Mobile App,Credit Card,Delivered,265.37,21-06-25,27-06-25
ORD-003018,CUST-00419,PRD-00128,3,0.2,Mobile App,Wallet,Delivered,812.88,11-06-24,15-06-24
ORD-001462,CUST-00202,PRD-00004,3,0.2,Website,Cash On Delivery,Delivered,3744.22,09-07-25,16-07-25
ORD-001878,CUST-00263,PRD-00029,3,0.2,Mobile App,Wallet,Delivered,1141.21,20-03-23,21-03-23
ORD-004888,CUST-00666,PRD-00177,3,0.2,Website,Wallet,Delivered,5234.78,08-01-24,05-01-24
ORD-003635,CUST-00498,PRD-00018,3,0.2,Marketplace,Wallet,Delivered,8604.46,27-05-24,03-06-24
ORD-000279,CUST-00037,PRD-00102,3,0.2,Mobile App,Wallet,Delivered,833.67,13-10-24,14-10-24
ORD-004801,CUST-00656,PRD-00051,3,0.2,Marketplace,Credit Card,Delivered,4568.48,16-12-25,20-12-25
ORD-000760,CUST-00101,PRD-00168,3,0.2,Marketplace,Cash On Delivery,Delivered,3279.73,03-11-25,09-11-25
ORD-000914,CUST-00126,PRD-00021,3,0.2,Marketplace,Installment,Delivered,7707.69,17-09-24,22-09-24
ORD-005706,CUST-00781,PRD-00044,3,0.2,Website,Cash On Delivery,Delivered,3309.62,25-06-23,27-06-23
ORD-003613,CUST-00497,PRD-00161,3,0.2,Website,Cash On Delivery,Delivered,1342.19,01-05-25,10-01-25
ORD-005275,CUST-00719,PRD-00107,3,0.2,Website,Cash On Delivery,Delivered,803.85,07-10-23,14-10-23
ORD-004035,CUST-00566,PRD-00069,3,0.2,Website,Credit Card,Delivered,1039.35,29-06-24,07-06-24
ORD-005234,CUST-00713,PRD-00017,3,0.2,Website,Installment,Delivered,4224.65,06-11-25,09-11-25
ORD-002717,CUST-00372,PRD-00043,3,0.2,Website,Wallet,Delivered,670.88,27-12-25,29-12-25
ORD-003294,CUST-00457,PRD-00018,3,0.2,Website,Installment,Delivered,8604.46,07-09-24,14-09-24
ORD-004223,CUST-00591,PRD-00060,3,0.2,Marketplace,Cash On Delivery,Delivered,2586.89,12-03-25,19-03-25
ORD-002401,CUST-00335,PRD-00028,3,0.2,Marketplace,Installment,Delivered,6404.22,08-06-24,11-06-24
ORD-003406,CUST-00469,PRD-00052,3,0.2,Marketplace,Installment,Delivered,4557.53,19-12-23,25-12-23
ORD-000815,CUST-00109,PRD-00074,3,0.2,Website,Cash On Delivery,Delivered,396.44,09-05-25,15-05-25
ORD-001103,CUST-00150,PRD-00041,3,0.2,Website,Credit Card,Delivered,1168.7,16-11-24,17-11-24
ORD-001770,CUST-00240,PRD-00186,3,0.2,Marketplace,Credit Card,Delivered,4878.71,28-07-23,29-07-23
ORD-000657,CUST-00088,PRD-00124,3,0.2,Website,Wallet,Delivered,152.17,13-12-23,16-12-23
ORD-004172,CUST-00588,PRD-00106,3,0.2,Website,Cash On Delivery,Delivered,1124.04,12-11-23,16-11-23
ORD-002941,CUST-00407,PRD-00141,3,0.2,Marketplace,Wallet,Delivered,265.4,17-11-23,22-11-23
ORD-003669,CUST-00505,PRD-00120,3,0.2,Mobile App,Cash On Delivery,Delivered,538.56,16-01-24,21-01-24
ORD-004188,CUST-00588,PRD-00134,3,0.2,Website,Installment,Delivered,165,25-11-24,28-11-24
ORD-001648,CUST-00223,PRD-00043,3,0.2,Website,Wallet,Delivered,670.88,04-04-25,04-06-25
ORD-001199,CUST-00165,PRD-00049,3,0.2,Marketplace,Installment,Delivered,3627.21,04-03-24,09-03-24
ORD-003707,CUST-00512,PRD-00009,3,0.2,Marketplace,Wallet,Delivered,1433.71,28-02-25,03-03-25
ORD-004097,CUST-00577,PRD-00048,3,0.2,Marketplace,Credit Card,Delivered,616.54,19-02-25,25-02-25
ORD-005004,CUST-00677,PRD-00006,3,0.2,Mobile App,Credit Card,Delivered,4094.1,29-08-23,03-09-23
ORD-000066,CUST-00007,PRD-00129,3,0.2,Marketplace,Credit Card,Delivered,23.89,10-10-24,10-11-24
ORD-005700,CUST-00780,PRD-00183,3,0.2,Marketplace,Wallet,Delivered,6588.34,04-05-25,06-05-25
ORD-004378,CUST-00605,PRD-00006,3,0.2,Marketplace,Credit Card,Delivered,4094.1,28-11-24,02-12-24
ORD-003955,CUST-00557,PRD-00109,3,0.2,Website,Credit Card,Delivered,252.4,30-05-24,06-06-24
ORD-005128,CUST-00698,PRD-00053,3,0.2,Mobile App,Cash On Delivery,Delivered,933.2,25-04-25,27-04-25
ORD-005387,CUST-00731,PRD-00118,3,0.2,Mobile App,Cash On Delivery,Delivered,341.03,29-10-24,11-01-24
ORD-002030,CUST-00288,PRD-00154,3,0.2,Website,Installment,Delivered,175.83,11-06-23,13-06-23
ORD-003625,CUST-00498,PRD-00084,3,0.2,Mobile App,Credit Card,Delivered,600.09,25-11-25,30-11-25
ORD-005073,CUST-00690,PRD-00110,3,0.2,Website,Credit Card,Delivered,443.5,25-09-23,27-09-23
ORD-002773,CUST-00376,PRD-00115,3,0.2,Website,Installment,Delivered,290.78,05-08-25,09-08-25
ORD-003019,CUST-00419,PRD-00045,3,0.2,Mobile App,Installment,Delivered,4956.18,28-12-24,01-01-25
ORD-003024,CUST-00421,PRD-00118,3,0.2,Marketplace,Wallet,Delivered,341.03,01-11-24,05-11-24
ORD-001076,CUST-00147,PRD-00186,3,0.2,Mobile App,Cash On Delivery,Delivered,4878.71,28-11-24,01-12-24
ORD-003486,CUST-00480,PRD-00179,3,0.2,Website,Installment,Delivered,2311.13,12-04-24,15-04-24
ORD-000127,CUST-00017,PRD-00003,3,0.2,Website,Installment,Delivered,1534.69,26-12-23,31-12-23
ORD-004922,CUST-00669,PRD-00012,3,0.2,Marketplace,Cash On Delivery,Delivered,9488.69,08-11-24,17-08-24
ORD-004266,CUST-00597,PRD-00061,3,0.2,Marketplace,Installment,Delivered,1707.55,15-02-25,19-02-25
ORD-003254,CUST-00452,PRD-00181,3,0.2,Mobile App,Installment,Delivered,7757.56,29-08-24,03-09-24
ORD-001528,CUST-00207,PRD-00085,3,0.2,Marketplace,Wallet,Delivered,265.37,12-09-23,16-12-23
ORD-001875,CUST-00262,PRD-00104,1,0.2,Mobile App,Cash On Delivery,Delivered,698.62,10-09-25,13-09-25
ORD-004848,CUST-00662,PRD-00016,2,0.2,Mobile App,Credit Card,Delivered,6150.02,03-03-25,04-03-25
ORD-004382,CUST-00605,PRD-00184,1,0.2,Mobile App,Cash On Delivery,Delivered,2621.44,25-11-25,01-12-25
ORD-001131,CUST-00153,PRD-00006,8,0.2,Website,Installment,Delivered,4094.1,04-08-23,06-08-23
ORD-004304,CUST-00600,PRD-00085,9,0.2,Website,Installment,Delivered,265.37,18-05-24,15-05-24
ORD-002480,CUST-00343,PRD-00111,8,0.2,Marketplace,Credit Card,Delivered,291.55,06-02-23,07-02-23
ORD-002724,CUST-00372,PRD-00045,1,0.2,Marketplace,Installment,Delivered,4956.18,27-05-25,06-01-25
ORD-005129,CUST-00698,PRD-00017,2,0.2,Mobile App,Credit Card,Delivered,4224.65,26-08-24,30-08-24
ORD-002037,CUST-00289,PRD-00001,2,0.2,Mobile App,Credit Card,Delivered,3019.28,01-05-25,10-01-25
ORD-005373,CUST-00731,PRD-00116,1,0.2,Mobile App,Credit Card,Delivered,466.13,28-06-25,30-06-25
ORD-005464,CUST-00745,PRD-00025,10,0.2,Marketplace,Wallet,Delivered,15750.99,03-02-23,10-02-23
ORD-000065,CUST-00007,PRD-00176,10,0.2,Website,Cash On Delivery,Delivered,3014.74,02-04-24,07-04-24
ORD-004019,CUST-00564,PRD-00144,1,0.2,Website,Credit Card,Delivered,212.23,30-04-25,03-05-25
ORD-000181,CUST-00024,PRD-00001,6,0.2,Mobile App,Credit Card,Delivered,3019.28,12-10-25,14-12-25
ORD-000763,CUST-00101,PRD-00120,2,0.2,Mobile App,Credit Card,Delivered,538.56,04-09-24,09-05-24
ORD-000585,CUST-00079,PRD-00095,2,0.2,Website,Cash On Delivery,Delivered,493.89,02-08-23,08-07-23
ORD-005266,CUST-00719,PRD-00024,7,0.2,Mobile App,Installment,Delivered,8840.39,22-02-23,23-02-23
ORD-002379,CUST-00333,PRD-00046,6,0.2,Website,Credit Card,Delivered,1161.95,03-09-23,10-09-23
ORD-002221,CUST-00312,PRD-00026,1,0.2,Marketplace,Cash On Delivery,Delivered,13374.87,11-06-24,11-11-24
ORD-005777,CUST-00791,PRD-00037,7,0.2,Mobile App,Cash On Delivery,Delivered,2145.36,19-04-23,26-04-23
ORD-003108,CUST-00431,PRD-00054,2,0.2,Website,Wallet,Delivered,1277.14,12-04-23,13-04-23
ORD-001871,CUST-00261,PRD-00065,1,0.2,Marketplace,Wallet,Delivered,1220.64,20-01-25,21-01-25
ORD-001559,CUST-00209,PRD-00075,1,0.2,Marketplace,Wallet,Delivered,576.69,14-08-23,17-08-23
ORD-005519,CUST-00755,PRD-00072,1,0.2,Website,Cash On Delivery,Delivered,2087.47,11-10-25,15-10-25
ORD-005629,CUST-00771,PRD-00112,6,0.2,Website,Cash On Delivery,Delivered,422.18,24-05-23,28-05-23
ORD-003572,CUST-00491,PRD-00008,6,0.2,Mobile App,Cash On Delivery,Delivered,13998.23,14-07-25,17-07-25
ORD-002863,CUST-00388,PRD-00098,1,0.2,Website,Cash On Delivery,Delivered,718.7,20-04-25,25-04-25
ORD-004466,CUST-00615,PRD-00028,6,0.2,Marketplace,Cash On Delivery,Delivered,6404.22,31-05-24,07-06-24
ORD-004173,CUST-00588,PRD-00060,1,0.2,Website,Cash On Delivery,Delivered,2586.89,04-01-24,01-10-24
ORD-002353,CUST-00329,PRD-00062,6,0.2,Marketplace,Credit Card,Delivered,271.83,24-06-23,30-06-23
ORD-002451,CUST-00340,PRD-00078,2,0.2,Website,Installment,Delivered,803.87,03-01-24,05-01-24
ORD-005129,CUST-00698,PRD-00017,2,0.2,Mobile App,Credit Card,Delivered,4224.65,26-08-24,30-08-24
ORD-004481,CUST-00617,PRD-00139,2,0.2,Website,Wallet,Delivered,195.93,08-07-23,07-12-23
ORD-005170,CUST-00702,PRD-00014,2,0.2,Website,Wallet,Delivered,3474.75,19-01-24,23-01-24
ORD-003784,CUST-00526,PRD-00075,7,0.2,Marketplace,Cash On Delivery,Delivered,576.69,21-11-23,28-11-23
ORD-000757,CUST-00101,PRD-00169,2,0.2,Website,Installment,Delivered,3779.35,18-07-24,22-07-24
ORD-005068,CUST-00688,PRD-00086,9,0.2,Mobile App,Cash On Delivery,Delivered,1754.49,18-12-25,23-12-25
ORD-004345,CUST-00603,PRD-00115,10,0.2,Website,Cash On Delivery,Delivered,290.78,04-04-24,04-11-24
ORD-004198,CUST-00589,PRD-00152,2,0.2,Mobile App,Credit Card,Delivered,23.7,21-12-25,28-12-25
ORD-004623,CUST-00634,PRD-00146,1,0.2,Website,Credit Card,Delivered,194.39,31-07-23,04-08-23
ORD-005708,CUST-00782,PRD-00172,2,0.2,Marketplace,Installment,Delivered,4391.94,03-09-25,11-03-25
ORD-002436,CUST-00338,PRD-00091,10,0.2,Website,Installment,Delivered,1667.87,04-05-23,11-05-23
ORD-002997,CUST-00416,PRD-00152,7,0.2,Mobile App,Credit Card,Delivered,23.7,13-03-24,18-03-24
ORD-000694,CUST-00093,PRD-00167,7,0.2,Mobile App,Wallet,Delivered,741.81,24-12-25,26-12-25
ORD-002101,CUST-00295,PRD-00057,10,0.2,Marketplace,Cash On Delivery,Delivered,5493.06,27-07-25,02-08-25
ORD-004222,CUST-00591,PRD-00072,1,0.2,Website,Cash On Delivery,Delivered,2087.47,22-03-23,26-03-23
ORD-005452,CUST-00743,PRD-00093,2,0.2,Mobile App,Cash On Delivery,Delivered,327.87,26-12-23,27-12-23
ORD-000737,CUST-00099,PRD-00100,2,0.2,Marketplace,Installment,Delivered,555.91,02-08-24,08-08-24
ORD-000212,CUST-00029,PRD-00156,1,0.2,Marketplace,Wallet,Delivered,250.31,23-11-24,25-11-24
ORD-000780,CUST-00103,PRD-00094,6,0.2,Mobile App,Installment,Delivered,286.11,31-10-24,04-11-24
ORD-000704,CUST-00096,PRD-00095,1,0.2,Marketplace,Cash On Delivery,Delivered,493.89,20-03-25,21-03-25
ORD-003998,CUST-00562,PRD-00026,6,0.2,Mobile App,Cash On Delivery,Delivered,13374.87,05-08-25,03-08-25
ORD-002375,CUST-00333,PRD-00114,7,0.2,Website,Wallet,Delivered,864.91,11-02-23,15-02-23
ORD-003501,CUST-00482,PRD-00183,2,0.2,Website,Credit Card,Delivered,6588.34,02-07-23,07-07-23
ORD-003177,CUST-00439,PRD-00019,10,0.2,Marketplace,Wallet,Delivered,5919.72,14-01-25,17-01-25
ORD-002062,CUST-00291,PRD-00094,10,0.2,Marketplace,Cash On Delivery,Delivered,286.11,21-08-24,25-08-24
ORD-004418,CUST-00609,PRD-00086,2,0.2,Website,Cash On Delivery,Delivered,1754.49,05-01-24,07-05-24
ORD-001520,CUST-00207,PRD-00121,10,0.2,Mobile App,Installment,Delivered,307.1,29-05-25,06-02-25
ORD-002808,CUST-00381,PRD-00065,6,0.2,Website,Wallet,Delivered,1220.64,28-05-25,06-01-25
ORD-003157,CUST-00437,PRD-00073,2,0.2,Website,Installment,Delivered,2603.44,14-12-24,20-12-24
ORD-002147,CUST-00301,PRD-00171,2,0.2,Mobile App,Installment,Delivered,1117.84,11-04-24,13-04-24
ORD-004985,CUST-00676,PRD-00177,2,0.2,Marketplace,Credit Card,Delivered,5234.78,14-07-25,15-07-25
ORD-001442,CUST-00195,PRD-00176,2,0.2,Website,Credit Card,Delivered,3014.74,09-04-25,10-04-25
ORD-004513,CUST-00621,PRD-00051,1,0.2,Website,Wallet,Delivered,4568.48,29-09-24,10-06-24
ORD-002519,CUST-00348,PRD-00149,2,0.2,Mobile App,Installment,Delivered,93.5,16-08-25,20-08-25
ORD-001782,CUST-00245,PRD-00056,1,0.2,Marketplace,Credit Card,Delivered,1260.88,15-10-25,19-10-25
ORD-003281,CUST-00455,PRD-00034,1,0.2,Mobile App,Credit Card,Delivered,4894.09,18-11-25,24-11-25
ORD-000117,CUST-00016,PRD-00077,9,0.2,Marketplace,Cash On Delivery,Delivered,3228.9,26-01-25,01-02-25
ORD-005352,CUST-00729,PRD-00080,1,0.2,Mobile App,Installment,Delivered,1092.22,23-04-24,25-04-24
ORD-000194,CUST-00025,PRD-00002,8,0.2,Marketplace,Cash On Delivery,Delivered,9414.07,22-12-25,24-12-25
ORD-000688,CUST-00091,PRD-00080,1,0.2,Mobile App,Installment,Delivered,1092.22,25-03-24,29-03-24
ORD-003730,CUST-00516,PRD-00072,2,0.2,Website,Cash On Delivery,Delivered,2087.47,09-02-25,10-02-25
ORD-003760,CUST-00520,PRD-00145,1,0.2,Marketplace,Credit Card,Delivered,116.01,29-01-25,05-02-25
ORD-001859,CUST-00260,PRD-00021,7,0.2,Website,Cash On Delivery,Delivered,7707.69,01-03-23,04-03-23
ORD-000076,CUST-00009,PRD-00138,8,0.2,Marketplace,Wallet,Delivered,293.11,01-10-25,12-01-25
ORD-004352,CUST-00604,PRD-00062,2,0.2,Mobile App,Wallet,Delivered,271.83,27-11-25,12-04-25
ORD-004347,CUST-00603,PRD-00162,8,0.2,Mobile App,Cash On Delivery,Delivered,1009.35,18-09-24,24-09-24
ORD-000432,CUST-00058,PRD-00043,7,0.2,Marketplace,Cash On Delivery,Delivered,670.88,31-01-25,03-02-25
ORD-001841,CUST-00256,PRD-00139,1,0.2,Mobile App,Credit Card,Delivered,195.93,19-06-24,26-06-24
ORD-002415,CUST-00336,PRD-00099,6,0.2,Mobile App,Installment,Delivered,152.23,08-02-23,11-02-23
ORD-002510,CUST-00346,PRD-00027,9,0.2,Website,Credit Card,Delivered,6528.78,11-03-23,13-03-23
ORD-003999,CUST-00562,PRD-00172,9,0.2,Website,Installment,Delivered,4391.94,11-10-24,15-11-24
ORD-004293,CUST-00600,PRD-00026,6,0.2,Website,Wallet,Delivered,13374.87,17-05-23,22-05-23
ORD-001372,CUST-00185,PRD-00006,1,0.2,Marketplace,Cash On Delivery,Delivered,4094.1,09-03-25,15-03-25
ORD-005274,CUST-00719,PRD-00147,10,0.2,Marketplace,Cash On Delivery,Delivered,222.8,22-06-25,23-06-25
ORD-004344,CUST-00603,PRD-00010,7,0.2,Mobile App,Installment,Delivered,2297.75,05-06-24,12-06-24
ORD-001800,CUST-00246,PRD-00043,2,0.2,Mobile App,Credit Card,Delivered,670.88,10-11-24,11-11-24
ORD-004756,CUST-00651,PRD-00169,2,0.2,Mobile App,Installment,Delivered,3779.35,27-12-23,02-01-24
ORD-003482,CUST-00480,PRD-00164,8,0.2,Website,Cash On Delivery,Delivered,6039.64,03-08-24,09-03-24
ORD-004498,CUST-00619,PRD-00108,2,0.2,Mobile App,Wallet,Delivered,230.98,06-11-25,11-12-25
ORD-001235,CUST-00169,PRD-00090,1,0.2,Marketplace,Wallet,Delivered,1391.99,13-09-25,18-09-25
ORD-001555,CUST-00209,PRD-00024,1,0.2,Mobile App,Cash On Delivery,Delivered,8840.39,20-10-25,27-10-25
ORD-004698,CUST-00642,PRD-00061,7,0.2,Website,Cash On Delivery,Delivered,1707.55,07-02-25,10-02-25
ORD-005342,CUST-00727,PRD-00132,8,0.2,Marketplace,Cash On Delivery,Delivered,436.68,03-02-25,10-02-25
ORD-004530,CUST-00623,PRD-00165,1,0.2,Mobile App,Installment,Delivered,1559.9,31-03-24,04-07-24
ORD-005528,CUST-00756,PRD-00025,1,0.2,Mobile App,Wallet,Delivered,15750.99,01-11-25,03-11-25
ORD-004296,CUST-00600,PRD-00008,6,0.2,Website,Wallet,Delivered,13998.23,15-02-25,22-02-25
ORD-004541,CUST-00624,PRD-00122,2,0.2,Mobile App,Wallet,Delivered,692.52,19-11-25,21-11-25
ORD-003932,CUST-00553,PRD-00128,7,0.2,Marketplace,Installment,Delivered,812.88,01-03-25,04-03-25
ORD-000415,CUST-00057,PRD-00135,7,0.2,Website,Credit Card,Delivered,55.83,29-12-23,02-01-24
ORD-001707,CUST-00233,PRD-00096,8,0.2,Marketplace,Credit Card,Delivered,1013.61,30-01-24,05-02-24
ORD-004985,CUST-00676,PRD-00177,2,0.2,Marketplace,Credit Card,Delivered,5234.78,14-07-25,15-07-25
ORD-002691,CUST-00371,PRD-00150,2,0.2,Marketplace,Cash On Delivery,Delivered,84.86,28-08-23,04-09-23
ORD-003031,CUST-00423,PRD-00162,1,0.2,Marketplace,Wallet,Delivered,1009.35,26-08-24,09-02-24
ORD-003952,CUST-00557,PRD-00001,9,0.2,Marketplace,Wallet,Delivered,3019.28,18-04-23,22-04-23
ORD-000384,CUST-00049,PRD-00160,1,0.2,Marketplace,Credit Card,Delivered,214.1,17-04-25,19-04-25
ORD-004412,CUST-00608,PRD-00056,8,0.2,Marketplace,Cash On Delivery,Delivered,1260.88,05-09-24,09-07-24
ORD-003291,CUST-00456,PRD-00056,7,0.2,Website,Credit Card,Delivered,1260.88,23-03-25,24-03-25
ORD-003356,CUST-00461,PRD-00093,1,0.2,Marketplace,Credit Card,Delivered,327.87,13-09-25,15-09-25
ORD-003817,CUST-00529,PRD-00082,2,0.2,Mobile App,Cash On Delivery,Delivered,1269.02,22-02-24,23-02-24
ORD-001162,CUST-00159,PRD-00119,2,0.2,Marketplace,Cash On Delivery,Delivered,898.59,02-05-25,04-05-25
ORD-003630,CUST-00498,PRD-00070,2,0.2,Marketplace,Credit Card,Delivered,1062.89,09-03-23,12-03-23
ORD-001753,CUST-00239,PRD-00188,6,0.2,Mobile App,Wallet,Delivered,235.83,29-06-23,02-07-23
ORD-000712,CUST-00097,PRD-00115,2,0.2,Marketplace,Wallet,Delivered,290.78,14-11-24,21-11-24
ORD-001895,CUST-00264,PRD-00029,2,0.2,Marketplace,Credit Card,Delivered,1141.21,06-03-25,03-11-25
ORD-000168,CUST-00022,PRD-00035,7,0.2,Marketplace,Wallet,Delivered,4561.67,27-11-25,12-01-25
ORD-003379,CUST-00463,PRD-00070,2,0.2,Mobile App,Wallet,Delivered,1062.89,13-02-24,17-02-24
ORD-000018,CUST-00005,PRD-00022,9,0.2,Marketplace,Credit Card,Delivered,14193.82,07-11-25,17-07-25
ORD-005409,CUST-00735,PRD-00119,1,0.2,Website,Wallet,Delivered,898.59,02-02-23,05-02-23
ORD-003080,CUST-00429,PRD-00101,8,0.2,Website,Wallet,Delivered,658.37,11-01-23,13-01-23
ORD-002487,CUST-00343,PRD-00022,10,0.2,Mobile App,Installment,Delivered,14193.82,23-12-24,30-12-24
ORD-003949,CUST-00556,PRD-00093,8,0.2,Marketplace,Installment,Delivered,327.87,10-10-24,15-10-24
ORD-004301,CUST-00600,PRD-00069,7,0.2,Mobile App,Cash On Delivery,Delivered,1039.35,26-05-25,01-06-25
ORD-000306,CUST-00039,PRD-00152,7,0.2,Marketplace,Installment,Delivered,23.7,13-04-23,15-04-23
ORD-005517,CUST-00754,PRD-00157,10,0.2,Mobile App,Wallet,Delivered,186.52,17-03-25,24-03-25
ORD-002254,CUST-00316,PRD-00068,1,0.2,Website,Wallet,Delivered,1186.92,27-03-25,31-03-25
ORD-005162,CUST-00702,PRD-00109,2,0.2,Website,Wallet,Delivered,252.4,24-07-24,25-07-24
ORD-005801,CUST-00794,PRD-00103,10,0.2,Website,Wallet,Delivered,275.52,31-01-24,07-02-24
ORD-001612,CUST-00216,PRD-00140,1,0.2,Marketplace,Wallet,Delivered,168.61,30-11-25,03-12-25
ORD-004391,CUST-00606,PRD-00155,2,0.2,Mobile App,Cash On Delivery,Delivered,228.62,03-12-24,13-03-24
ORD-001669,CUST-00225,PRD-00131,2,0.2,Marketplace,Cash On Delivery,Delivered,361.41,09-02-23,10-02-23
ORD-003098,CUST-00431,PRD-00007,2,0.2,Marketplace,Installment,Delivered,5375.75,28-08-25,29-08-25
ORD-002402,CUST-00335,PRD-00046,1,0.2,Website,Cash On Delivery,Delivered,1161.95,22-06-23,28-06-23
ORD-001825,CUST-00254,PRD-00113,2,0.2,Marketplace,Credit Card,Delivered,719.15,03-11-25,17-03-25
ORD-000744,CUST-00100,PRD-00012,9,0.2,Marketplace,Installment,Delivered,9488.69,14-06-23,18-06-23
ORD-005054,CUST-00686,PRD-00112,6,0.2,Mobile App,Wallet,Delivered,422.18,01-04-25,02-01-25
ORD-001460,CUST-00201,PRD-00164,7,0.2,Mobile App,Credit Card,Delivered,6039.64,19-10-23,21-10-23
ORD-004072,CUST-00573,PRD-00024,7,0.2,Mobile App,Cash On Delivery,Delivered,8840.39,11-12-23,19-11-23
ORD-003284,CUST-00455,PRD-00106,1,0.2,Website,Credit Card,Delivered,1124.04,02-10-24,04-10-24
ORD-002169,CUST-00304,PRD-00039,2,0.2,Mobile App,Cash On Delivery,Delivered,2748.05,07-06-24,10-06-24
ORD-002593,CUST-00357,PRD-00113,1,0.2,Mobile App,Wallet,Delivered,719.15,01-04-24,01-09-24
ORD-001080,CUST-00147,PRD-00052,2,0.2,Mobile App,Credit Card,Delivered,4557.53,25-03-24,30-03-24
ORD-003734,CUST-00516,PRD-00181,1,0.2,Mobile App,Wallet,Delivered,7757.56,15-06-24,22-06-24
ORD-004459,CUST-00614,PRD-00164,10,0.2,Website,Cash On Delivery,Delivered,6039.64,04-11-23,10-11-23
ORD-003331,CUST-00459,PRD-00062,2,0.2,Website,Credit Card,Delivered,271.83,22-09-24,26-09-24
ORD-000303,CUST-00039,PRD-00164,6,0.2,Mobile App,Wallet,Delivered,6039.64,05-09-23,14-05-23
ORD-000904,CUST-00125,PRD-00056,1,0.2,Website,Credit Card,Delivered,1260.88,22-02-25,25-02-25
ORD-002212,CUST-00312,PRD-00180,1,0.2,Website,Wallet,Delivered,6579.05,23-01-23,30-01-23
ORD-002497,CUST-00343,PRD-00075,6,0.2,Marketplace,Wallet,Delivered,576.69,16-07-25,23-07-25
ORD-005361,CUST-00730,PRD-00180,10,0.2,Website,Cash On Delivery,Delivered,6579.05,03-07-25,08-07-25
ORD-002814,CUST-00381,PRD-00171,7,0.2,Marketplace,Installment,Delivered,1117.84,08-12-25,15-12-25
ORD-000364,CUST-00044,PRD-00089,1,0.2,Marketplace,Credit Card,Delivered,370.11,28-11-23,05-12-23
ORD-003873,CUST-00542,PRD-00130,2,0.2,Mobile App,Cash On Delivery,Delivered,93.92,05-02-24,12-02-24
ORD-003824,CUST-00533,PRD-00167,2,0.2,Marketplace,Credit Card,Delivered,741.81,25-04-23,26-04-23
ORD-000468,CUST-00062,PRD-00159,6,0.2,Mobile App,Installment,Delivered,195.16,11-06-24,17-06-24
ORD-002293,CUST-00319,PRD-00083,9,0.2,Marketplace,Installment,Delivered,1673.7,12-01-24,03-12-24
ORD-005784,CUST-00792,PRD-00122,8,0.2,Website,Credit Card,Delivered,692.52,04-04-25,05-04-25
ORD-001727,CUST-00237,PRD-00031,1,0.2,Mobile App,Wallet,Delivered,376.78,14-07-24,16-07-24
ORD-002803,CUST-00381,PRD-00004,9,0.2,Marketplace,Installment,Delivered,3744.22,29-07-25,03-08-25
ORD-005110,CUST-00695,PRD-00016,2,0.2,Mobile App,Cash On Delivery,Delivered,6150.02,29-03-24,27-03-24
ORD-003062,CUST-00426,PRD-00002,2,0.2,Marketplace,Wallet,Delivered,9414.07,15-01-25,17-01-25
ORD-004401,CUST-00607,PRD-00027,2,0.2,Marketplace,Installment,Delivered,6528.78,24-03-23,25-03-23
ORD-003945,CUST-00556,PRD-00177,7,0.2,Mobile App,Credit Card,Delivered,5234.78,11-01-25,18-01-25
ORD-004192,CUST-00589,PRD-00139,2,0.2,Marketplace,Installment,Delivered,195.93,12-09-24,15-09-24
ORD-002113,CUST-00296,PRD-00017,8,0.2,Website,Wallet,Delivered,4224.65,17-06-24,21-06-24
ORD-005218,CUST-00709,PRD-00005,1,0.2,Website,Cash On Delivery,Delivered,5870.09,09-05-23,15-05-23
ORD-002082,CUST-00293,PRD-00177,1,0.2,Website,Installment,Delivered,5234.78,28-09-24,04-10-24
ORD-003185,CUST-00440,PRD-00026,2,0.2,Marketplace,Cash On Delivery,Delivered,13374.87,06-02-25,13-02-25
ORD-002191,CUST-00308,PRD-00070,2,0.2,Marketplace,Installment,Delivered,1062.89,04-05-25,06-05-25
ORD-005218,CUST-00709,PRD-00005,1,0.2,Website,Cash On Delivery,Delivered,5870.09,05-09-23,15-05-23
ORD-005723,CUST-00784,PRD-00102,7,0.2,Marketplace,Cash On Delivery,Delivered,833.67,25-12-24,28-12-24
ORD-003494,CUST-00481,PRD-00149,1,0.2,Marketplace,Credit Card,Delivered,93.5,16-03-25,21-03-25
ORD-005758,CUST-00789,PRD-00087,7,0.2,Website,Cash On Delivery,Delivered,937.05,05-10-24,10-12-24
ORD-003357,CUST-00461,PRD-00096,2,0.2,Website,Cash On Delivery,Delivered,1013.61,19-09-24,26-09-24
ORD-001790,CUST-00245,PRD-00028,5,0.2,Mobile App,Installment,Delivered,6404.22,27-07-24,01-08-24
ORD-002789,CUST-00378,PRD-00055,5,0.2,Marketplace,Installment,Delivered,2089.61,19-11-25,24-11-25
ORD-004031,CUST-00565,PRD-00058,5,0.2,Marketplace,Wallet,Delivered,3308.87,21-11-23,28-11-23
ORD-000472,CUST-00064,PRD-00038,5,0.2,Marketplace,Installment,Delivered,2707.61,01-05-24,06-05-24
ORD-002466,CUST-00341,PRD-00021,5,0.2,Mobile App,Cash On Delivery,Delivered,7707.69,31-12-25,04-01-26
ORD-005704,CUST-00781,PRD-00171,5,0.2,Mobile App,Cash On Delivery,Delivered,1117.84,22-09-23,29-09-23
ORD-001432,CUST-00194,PRD-00121,5,0.2,Website,Cash On Delivery,Delivered,307.1,28-05-24,06-02-24
ORD-005680,CUST-00778,PRD-00157,5,0.2,Website,Cash On Delivery,Delivered,186.52,10-06-23,07-10-23
ORD-004323,CUST-00601,PRD-00041,5,0.2,Mobile App,Cash On Delivery,Delivered,1168.7,27-06-23,30-06-23
ORD-003209,CUST-00441,PRD-00142,5,0.2,Mobile App,Cash On Delivery,Delivered,29.02,13-10-24,16-10-24
ORD-004639,CUST-00635,PRD-00091,5,0.2,Mobile App,Wallet,Delivered,1667.87,05-04-23,05-05-23
ORD-002058,CUST-00291,PRD-00063,5,0.2,Mobile App,Cash On Delivery,Delivered,3118.2,12-03-24,13-03-24
ORD-004728,CUST-00647,PRD-00052,5,0.2,Website,Cash On Delivery,Delivered,4557.53,21-03-23,28-03-23
ORD-003314,CUST-00459,PRD-00146,5,0.2,Website,Wallet,Delivered,194.39,11-05-25,08-11-25
ORD-005677,CUST-00777,PRD-00053,5,0.2,Mobile App,Credit Card,Delivered,933.2,10-12-23,14-12-23
ORD-004926,CUST-00670,PRD-00173,5,0.2,Marketplace,Cash On Delivery,Delivered,1584.06,13-02-24,20-02-24
ORD-005825,CUST-00799,PRD-00072,5,0.2,Marketplace,Cash On Delivery,Delivered,2087.47,10-08-24,13-08-24
ORD-003680,CUST-00506,PRD-00188,5,0.2,Website,Cash On Delivery,Delivered,235.83,19-11-24,24-11-24
ORD-003085,CUST-00430,PRD-00114,5,0.2,Marketplace,Installment,Delivered,864.91,05-11-23,08-11-23
ORD-003929,CUST-00553,PRD-00078,5,0.2,Website,Installment,Delivered,803.87,15-09-23,21-09-23
ORD-004829,CUST-00658,PRD-00031,5,0.2,Mobile App,Cash On Delivery,Delivered,376.78,07-03-25,13-03-25
ORD-003834,CUST-00536,PRD-00101,5,0.2,Website,Credit Card,Delivered,658.37,23-04-25,27-04-25
ORD-002718,CUST-00372,PRD-00044,5,0.2,Marketplace,Credit Card,Delivered,3309.62,23-02-25,27-02-25
ORD-005507,CUST-00753,PRD-00155,5,0.2,Mobile App,Installment,Delivered,228.62,05-04-24,12-04-24
ORD-000865,CUST-00117,PRD-00108,5,0.2,Marketplace,Credit Card,Delivered,230.98,25-05-24,27-05-24
ORD-003460,CUST-00477,PRD-00051,5,0.2,Website,Cash On Delivery,Delivered,4568.48,01-03-25,05-03-25
ORD-005602,CUST-00766,PRD-00012,5,0.2,Mobile App,Installment,Delivered,9488.69,15-03-24,18-03-24
ORD-004488,CUST-00617,PRD-00178,5,0.2,Marketplace,Cash On Delivery,Delivered,583.55,14-12-25,19-12-25
ORD-004780,CUST-00654,PRD-00125,5,0.2,Marketplace,Cash On Delivery,Delivered,151.72,27-12-23,29-12-23
ORD-004447,CUST-00614,PRD-00081,5,0.2,Website,Wallet,Delivered,2904.61,10-07-24,07-11-24
ORD-002795,CUST-00380,PRD-00002,5,0.2,Mobile App,Wallet,Delivered,9414.07,20-05-25,22-05-25
ORD-000868,CUST-00118,PRD-00121,5,0.2,Marketplace,Credit Card,Delivered,307.1,13-02-25,15-02-25
ORD-004553,CUST-00626,PRD-00025,5,0.2,Website,Wallet,Delivered,15750.99,23-12-24,24-12-24
ORD-000901,CUST-00125,PRD-00074,5,0.2,Mobile App,Credit Card,Delivered,396.44,24-12-23,29-12-23
ORD-005462,CUST-00744,PRD-00171,5,0.2,Marketplace,Cash On Delivery,Delivered,1117.84,03-04-25,11-03-25
ORD-004735,CUST-00648,PRD-00137,5,0.2,Mobile App,Wallet,Delivered,328.81,19-12-24,23-12-24
ORD-003289,CUST-00456,PRD-00042,5,0.2,Mobile App,Credit Card,Delivered,1460.4,04-03-24,04-08-24
ORD-003385,CUST-00466,PRD-00066,5,0.2,Marketplace,Cash On Delivery,Delivered,531.75,03-06-24,09-06-24
ORD-001712,CUST-00234,PRD-00077,5,0.2,Mobile App,Cash On Delivery,Delivered,3228.9,24-06-24,27-06-24
ORD-004872,CUST-00665,PRD-00029,5,0.2,Mobile App,Cash On Delivery,Delivered,1141.21,19-08-25,20-08-25
ORD-002895,CUST-00398,PRD-00179,5,0.2,Website,Cash On Delivery,Delivered,2311.13,04-01-23,09-01-23
ORD-000978,CUST-00133,PRD-00164,5,0.2,Marketplace,Wallet,Delivered,6039.64,27-04-23,04-05-23
ORD-002974,CUST-00413,PRD-00188,5,0.2,Website,Credit Card,Delivered,235.83,16-07-23,19-07-23
ORD-000980,CUST-00133,PRD-00162,5,0.2,Mobile App,Installment,Delivered,1009.35,27-10-24,31-10-24
ORD-004869,CUST-00665,PRD-00126,5,0.2,Mobile App,Wallet,Delivered,340.64,02-04-24,05-04-24
ORD-004607,CUST-00631,PRD-00144,5,0.2,Marketplace,Installment,Delivered,212.23,28-11-24,29-11-24
ORD-005066,CUST-00687,PRD-00076,5,0.2,Website,Credit Card,Delivered,2045.06,02-05-25,11-02-25
ORD-000895,CUST-00124,PRD-00047,5,0.2,Website,Wallet,Delivered,3368.82,30-09-23,10-03-23
ORD-005139,CUST-00699,PRD-00101,5,0.2,Mobile App,Credit Card,Delivered,658.37,13-03-24,19-03-24
ORD-002719,CUST-00372,PRD-00092,5,0.2,Marketplace,Cash On Delivery,Delivered,727.52,29-05-23,04-06-23
ORD-001930,CUST-00271,PRD-00157,5,0.2,Marketplace,Wallet,Delivered,186.52,23-09-24,27-09-24
ORD-001387,CUST-00188,PRD-00104,5,0.2,Mobile App,Installment,Delivered,698.62,15-04-24,16-04-24
ORD-001578,CUST-00211,PRD-00012,5,0.2,Website,Credit Card,Delivered,9488.69,27-12-24,28-12-24
ORD-005580,CUST-00765,PRD-00176,5,0.2,Mobile App,Cash On Delivery,Delivered,3014.74,20-03-25,24-03-25
ORD-002762,CUST-00375,PRD-00115,5,0.2,Website,Wallet,Delivered,290.78,08-05-24,12-05-24
ORD-004885,CUST-00666,PRD-00013,5,0.2,Website,Cash On Delivery,Delivered,5695.33,10-08-24,13-08-24
ORD-001030,CUST-00142,PRD-00058,5,0.2,Mobile App,Installment,Delivered,3308.87,07-06-24,08-06-24
ORD-000981,CUST-00133,PRD-00139,5,0.2,Marketplace,Credit Card,Delivered,195.93,07-08-25,09-07-25
ORD-004468,CUST-00617,PRD-00095,5,0.2,Mobile App,Installment,Delivered,493.89,29-11-25,02-12-25
ORD-000644,CUST-00086,PRD-00123,5,0.2,Mobile App,Wallet,Delivered,83.93,17-09-24,23-09-24
ORD-000024,CUST-00005,PRD-00186,5,0.2,Website,Cash On Delivery,Delivered,4878.71,24-06-24,28-06-24
ORD-005541,CUST-00758,PRD-00004,5,0.2,Mobile App,Cash On Delivery,Delivered,3744.22,14-11-23,18-11-23
ORD-000890,CUST-00124,PRD-00039,5,0.2,Marketplace,Wallet,Delivered,2748.05,31-07-24,03-08-24
ORD-004116,CUST-00581,PRD-00056,5,0.2,Website,Wallet,Delivered,1260.88,27-02-25,04-03-25
ORD-001820,CUST-00252,PRD-00047,5,0.2,Website,Wallet,Delivered,3368.82,31-12-24,06-01-25
ORD-005580,CUST-00765,PRD-00176,5,0.2,Mobile App,Cash On Delivery,Delivered,3014.74,20-03-25,24-03-25
ORD-000191,CUST-00025,PRD-00079,5,0.2,Marketplace,Cash On Delivery,Delivered,646.3,16-10-23,20-10-23
ORD-001081,CUST-00147,PRD-00040,5,0.2,Mobile App,Cash On Delivery,Delivered,1977.22,20-08-23,26-08-23
ORD-000897,CUST-00124,PRD-00166,5,0.2,Marketplace,Installment,Delivered,1361.3,21-04-23,24-04-23
ORD-003464,CUST-00477,PRD-00168,5,0.2,Marketplace,Cash On Delivery,Delivered,3279.73,26-09-25,10-03-25
ORD-005096,CUST-00694,PRD-00032,4,0.1,Marketplace,Cash On Delivery,Delivered,1547.2,13-12-23,17-12-23
ORD-002983,CUST-00415,PRD-00088,4,0.1,Mobile App,Cash On Delivery,Delivered,2384.43,02-03-25,04-03-25
ORD-000922,CUST-00129,PRD-00086,4,0.1,Mobile App,Wallet,Delivered,1754.49,17-10-23,24-10-23
ORD-000817,CUST-00110,PRD-00041,4,0.1,Marketplace,Wallet,Delivered,1168.7,17-10-25,23-10-25
ORD-005592,CUST-00765,PRD-00024,4,0.1,Marketplace,Credit Card,Delivered,8840.39,07-04-25,13-04-25
ORD-004346,CUST-00603,PRD-00130,4,0.1,Mobile App,Wallet,Delivered,93.92,24-11-25,30-11-25
ORD-003279,CUST-00455,PRD-00036,4,0.1,Website,Credit Card,Delivered,2503.62,05-03-23,04-05-23
ORD-001292,CUST-00174,PRD-00065,4,0.1,Marketplace,Credit Card,Delivered,1220.64,03-11-25,13-03-25
ORD-000111,CUST-00015,PRD-00138,4,0.1,Website,Wallet,Delivered,293.11,27-11-24,03-12-24
ORD-003416,CUST-00471,PRD-00046,4,0.1,Marketplace,Credit Card,Delivered,1161.95,02-04-23,09-02-23
ORD-000153,CUST-00021,PRD-00122,4,0.1,Website,Installment,Delivered,692.52,26-09-24,28-09-24
ORD-003094,CUST-00430,PRD-00079,4,0.1,Marketplace,Wallet,Delivered,646.3,26-10-24,29-10-24
ORD-000193,CUST-00025,PRD-00159,4,0.1,Marketplace,Credit Card,Delivered,195.16,12-09-25,18-09-25
ORD-003684,CUST-00506,PRD-00056,4,0.1,Mobile App,Cash On Delivery,Delivered,1260.88,16-07-25,18-07-25
ORD-002124,CUST-00299,PRD-00163,4,0.1,Mobile App,Wallet,Delivered,5049.75,01-06-24,07-06-24
ORD-003322,CUST-00459,PRD-00059,4,0.1,Marketplace,Installment,Delivered,1565.88,06-12-24,12-12-24
ORD-004628,CUST-00635,PRD-00035,4,0.1,Website,Credit Card,Delivered,4561.67,17-02-25,20-02-25
ORD-001558,CUST-00209,PRD-00097,4,0.1,Mobile App,Credit Card,Delivered,550.73,12-12-24,13-12-24
ORD-001706,CUST-00233,PRD-00157,4,0.1,Website,Installment,Delivered,186.52,09-02-23,10-02-23
ORD-000562,CUST-00075,PRD-00080,4,0.1,Mobile App,Credit Card,Delivered,1092.22,27-08-23,31-08-23
ORD-002411,CUST-00336,PRD-00129,4,0.1,Mobile App,Installment,Delivered,23.89,11-02-25,03-11-25
ORD-003034,CUST-00423,PRD-00140,4,0.1,Marketplace,Installment,Delivered,168.61,04-03-23,09-03-23
ORD-004686,CUST-00641,PRD-00067,4,0.1,Mobile App,Cash On Delivery,Delivered,1590.28,22-07-24,27-07-24
ORD-005294,CUST-00722,PRD-00187,4,0.1,Mobile App,Credit Card,Delivered,5533.15,05-12-25,12-12-25
ORD-005638,CUST-00773,PRD-00106,4,0.1,Website,Credit Card,Delivered,1124.04,25-11-25,27-11-25
ORD-004120,CUST-00581,PRD-00031,4,0.1,Mobile App,Wallet,Delivered,376.78,15-06-25,20-06-25
ORD-000803,CUST-00107,PRD-00012,4,0.1,Marketplace,Installment,Delivered,9488.69,11-08-24,18-08-24
ORD-001720,CUST-00235,PRD-00122,4,0.1,Marketplace,Installment,Delivered,692.52,17-08-24,20-08-24
ORD-003488,CUST-00481,PRD-00133,4,0.1,Website,Installment,Delivered,174.99,14-10-23,15-10-23
ORD-003471,CUST-00477,PRD-00169,4,0.1,Marketplace,Credit Card,Delivered,3779.35,02-02-24,02-08-24
ORD-002807,CUST-00381,PRD-00177,4,0.1,Marketplace,Wallet,Delivered,5234.78,23-10-24,25-10-24
ORD-002172,CUST-00305,PRD-00020,4,0.1,Mobile App,Credit Card,Delivered,9661.76,18-06-24,19-06-24
ORD-000373,CUST-00047,PRD-00058,4,0.1,Marketplace,Wallet,Delivered,3308.87,15-03-24,21-03-24
ORD-000418,CUST-00057,PRD-00063,4,0.1,Mobile App,Cash On Delivery,Delivered,3118.2,25-12-24,29-12-24
ORD-002324,CUST-00324,PRD-00153,4,0.1,Mobile App,Credit Card,Delivered,321.69,31-05-25,01-06-25
ORD-003925,CUST-00552,PRD-00075,4,0.1,Marketplace,Credit Card,Delivered,576.69,26-12-25,29-12-25
ORD-004890,CUST-00666,PRD-00091,4,0.1,Marketplace,Credit Card,Delivered,1667.87,10-01-24,09-01-24
ORD-001582,CUST-00212,PRD-00041,4,0.1,Website,Wallet,Delivered,1168.7,07-12-24,14-12-24
ORD-001412,CUST-00191,PRD-00008,4,0.1,Mobile App,Credit Card,Delivered,13998.23,01-02-25,02-03-25
ORD-000663,CUST-00089,PRD-00068,4,0.1,Mobile App,Credit Card,Delivered,1186.92,02-12-24,06-12-24
ORD-001032,CUST-00143,PRD-00073,4,0.1,Mobile App,Cash On Delivery,Delivered,2603.44,07-02-23,09-02-23
ORD-003533,CUST-00487,PRD-00132,4,0.1,Marketplace,Wallet,Delivered,436.68,19-07-25,26-07-25
ORD-004743,CUST-00650,PRD-00175,4,0.1,Website,Credit Card,Delivered,3144.98,09-07-23,07-10-23
ORD-002538,CUST-00350,PRD-00165,4,0.1,Mobile App,Installment,Delivered,1559.9,08-10-24,13-10-24
ORD-002149,CUST-00301,PRD-00036,4,0.1,Mobile App,Wallet,Delivered,2503.62,23-10-25,30-10-25
ORD-000052,CUST-00006,PRD-00069,4,0.1,Mobile App,Credit Card,Delivered,1039.35,13-08-25,17-08-25
ORD-004362,CUST-00604,PRD-00163,4,0.1,Marketplace,Credit Card,Delivered,5049.75,25-11-24,12-01-24
ORD-000150,CUST-00021,PRD-00008,4,0.1,Mobile App,Cash On Delivery,Delivered,13998.23,14-10-23,20-10-23
ORD-004882,CUST-00666,PRD-00153,4,0.1,Marketplace,Wallet,Delivered,321.69,19-03-23,22-03-23
ORD-000967,CUST-00133,PRD-00073,4,0.1,Mobile App,Installment,Delivered,2603.44,23-01-25,26-01-25
ORD-005015,CUST-00680,PRD-00029,4,0.1,Mobile App,Wallet,Delivered,1141.21,16-07-25,21-07-25
ORD-003639,CUST-00498,PRD-00076,4,0.1,Marketplace,Cash On Delivery,Delivered,2045.06,14-09-24,21-09-24
ORD-000726,CUST-00099,PRD-00017,4,0.1,Website,Cash On Delivery,Delivered,4224.65,19-02-25,26-02-25
ORD-005527,CUST-00755,PRD-00008,4,0.1,Website,Cash On Delivery,Delivered,13998.23,22-12-25,24-12-25
ORD-004506,CUST-00620,PRD-00051,4,0.1,Marketplace,Wallet,Delivered,4568.48,15-10-24,19-10-24
ORD-003816,CUST-00529,PRD-00147,4,0.1,Mobile App,Wallet,Delivered,222.8,21-01-25,23-01-25
ORD-000069,CUST-00007,PRD-00185,4,0.1,Mobile App,Installment,Delivered,2013.53,26-09-24,27-09-24
ORD-001857,CUST-00259,PRD-00004,4,0.1,Marketplace,Cash On Delivery,Delivered,3744.22,20-05-24,25-05-24
ORD-000251,CUST-00032,PRD-00092,4,0.1,Marketplace,Installment,Delivered,727.52,14-11-25,18-11-25
ORD-001252,CUST-00170,PRD-00016,4,0.1,Mobile App,Credit Card,Delivered,6150.02,07-04-23,08-04-23
ORD-003871,CUST-00542,PRD-00008,4,0.1,Marketplace,Wallet,Delivered,13998.23,26-08-23,28-08-23
ORD-004960,CUST-00673,PRD-00142,4,0.1,Website,Wallet,Delivered,29.02,10-03-25,07-10-25
ORD-000551,CUST-00073,PRD-00099,4,0.1,Mobile App,Credit Card,Delivered,152.23,07-02-25,10-02-25
ORD-001631,CUST-00221,PRD-00136,4,0.1,Marketplace,Cash On Delivery,Delivered,310.7,04-04-23,05-04-23
ORD-001220,CUST-00167,PRD-00124,4,0.1,Mobile App,Cash On Delivery,Delivered,152.17,01-01-24,05-01-24
ORD-003775,CUST-00522,PRD-00023,1,0.1,Mobile App,Cash On Delivery,Delivered,11190.64,17-02-23,19-02-23
ORD-001617,CUST-00217,PRD-00158,10,0.1,Marketplace,Cash On Delivery,Delivered,308.65,27-06-25,30-06-25
ORD-003754,CUST-00520,PRD-00144,1,0.1,Website,Credit Card,Delivered,212.23,03-06-23,08-03-23
ORD-000004,CUST-00001,PRD-00179,1,0.1,Website,Credit Card,Delivered,2311.13,26-04-24,29-04-24
ORD-001811,CUST-00251,PRD-00005,8,0.1,Website,Credit Card,Delivered,5870.09,25-08-23,28-08-23
ORD-001312,CUST-00176,PRD-00153,8,0.1,Mobile App,Credit Card,Delivered,321.69,25-12-23,27-12-23
ORD-004768,CUST-00653,PRD-00064,3,0.1,Mobile App,Installment,Delivered,1338.56,21-02-23,28-02-23
ORD-000210,CUST-00028,PRD-00107,1,0.1,Website,Installment,Delivered,803.85,14-04-24,18-04-24
ORD-002758,CUST-00375,PRD-00153,2,0.1,Website,Credit Card,Delivered,321.69,04-07-23,04-12-23
ORD-000916,CUST-00126,PRD-00102,2,0.1,Marketplace,Installment,Delivered,833.67,22-06-25,25-06-25
ORD-000130,CUST-00018,PRD-00086,1,0.1,Marketplace,Wallet,Delivered,1754.49,15-10-24,16-10-24
ORD-004767,CUST-00652,PRD-00079,10,0.1,Website,Cash On Delivery,Delivered,646.3,05-07-23,13-05-23
ORD-003000,CUST-00417,PRD-00009,8,0.1,Mobile App,Wallet,Delivered,1433.71,08-02-25,11-02-25
ORD-005626,CUST-00771,PRD-00114,3,0.1,Website,Cash On Delivery,Delivered,864.91,05-05-25,10-05-25
ORD-005388,CUST-00731,PRD-00033,3,0.1,Marketplace,Credit Card,Delivered,1947.05,09-12-24,12-12-24
ORD-003156,CUST-00437,PRD-00111,2,0.1,Marketplace,Wallet,Delivered,291.55,14-07-25,16-07-25
ORD-001849,CUST-00258,PRD-00015,2,0.1,Marketplace,Installment,Delivered,5715.8,30-09-24,01-10-24
ORD-002635,CUST-00362,PRD-00170,1,0.1,Mobile App,Installment,Delivered,7690.28,01-01-23,08-01-23
ORD-000847,CUST-00112,PRD-00162,3,0.1,Website,Cash On Delivery,Delivered,1009.35,18-03-23,19-03-23
ORD-000034,CUST-00005,PRD-00038,8,0.1,Mobile App,Wallet,Delivered,2707.61,10-11-24,10-12-24
ORD-001579,CUST-00211,PRD-00098,3,0.1,Website,Installment,Delivered,718.7,07-07-23,13-07-23
ORD-002847,CUST-00387,PRD-00183,2,0.1,Website,Credit Card,Delivered,6588.34,11-10-25,15-10-25
ORD-000653,CUST-00087,PRD-00032,2,0.1,Mobile App,Cash On Delivery,Delivered,1547.2,06-10-23,10-08-23
ORD-003128,CUST-00434,PRD-00081,2,0.1,Marketplace,Wallet,Delivered,2904.61,22-07-25,27-07-25
ORD-000243,CUST-00032,PRD-00144,1,0.1,Mobile App,Installment,Delivered,212.23,21-02-25,26-02-25
ORD-000085,CUST-00011,PRD-00107,7,0.1,Mobile App,Cash On Delivery,Delivered,803.85,13-12-25,15-12-25
ORD-000988,CUST-00134,PRD-00140,7,0.1,Website,Installment,Delivered,168.61,05-07-24,05-08-24
ORD-004981,CUST-00675,PRD-00095,7,0.1,Marketplace,Cash On Delivery,Delivered,493.89,02-06-25,11-02-25
ORD-001738,CUST-00238,PRD-00159,10,0.1,Mobile App,Installment,Delivered,195.16,04-12-23,12-10-23
ORD-000010,CUST-00003,PRD-00180,3,0.1,Marketplace,Wallet,Delivered,6579.05,15-09-23,19-09-23
ORD-000789,CUST-00104,PRD-00078,3,0.1,Marketplace,Cash On Delivery,Delivered,803.87,15-11-23,20-11-23
ORD-001410,CUST-00191,PRD-00136,9,0.1,Website,Cash On Delivery,Delivered,310.7,21-08-25,22-08-25
ORD-000861,CUST-00115,PRD-00087,7,0.1,Mobile App,Credit Card,Delivered,937.05,06-08-23,11-08-23
ORD-004693,CUST-00642,PRD-00067,9,0.1,Website,Wallet,Delivered,1590.28,29-08-23,01-09-23
ORD-000273,CUST-00037,PRD-00025,1,0.1,Website,Wallet,Delivered,15750.99,22-09-24,26-09-24
ORD-005404,CUST-00734,PRD-00013,7,0.1,Website,Credit Card,Delivered,5695.33,16-04-25,20-04-25
ORD-004827,CUST-00658,PRD-00019,1,0.1,Website,Cash On Delivery,Delivered,5919.72,01-04-25,06-04-25
ORD-001015,CUST-00139,PRD-00073,2,0.1,Website,Credit Card,Delivered,2603.44,23-06-23,30-06-23
ORD-003791,CUST-00527,PRD-00164,2,0.1,Website,Cash On Delivery,Delivered,6039.64,15-07-25,16-07-25
ORD-000738,CUST-00099,PRD-00018,1,0.1,Marketplace,Installment,Delivered,8604.46,07-12-25,12-12-25
ORD-002501,CUST-00344,PRD-00178,3,0.1,Mobile App,Wallet,Delivered,583.55,15-07-23,21-07-23
ORD-005814,CUST-00795,PRD-00115,2,0.1,Mobile App,Installment,Delivered,290.78,03-12-25,07-12-25
ORD-003751,CUST-00520,PRD-00111,1,0.1,Marketplace,Cash On Delivery,Delivered,291.55,07-04-24,07-11-24
ORD-002009,CUST-00286,PRD-00019,10,0.1,Marketplace,Installment,Delivered,5919.72,20-11-24,21-11-24
ORD-000383,CUST-00049,PRD-00127,2,0.1,Website,Credit Card,Delivered,252.66,10-07-24,13-07-24
ORD-002381,CUST-00333,PRD-00054,9,0.1,Website,Wallet,Delivered,1277.14,11-03-25,17-03-25
ORD-002004,CUST-00286,PRD-00095,8,0.1,Mobile App,Credit Card,Delivered,493.89,15-09-25,17-09-25
ORD-005267,CUST-00719,PRD-00162,8,0.1,Mobile App,Cash On Delivery,Delivered,1009.35,05-02-23,11-02-23
ORD-005556,CUST-00761,PRD-00006,10,0.1,Website,Wallet,Delivered,4094.1,11-08-23,14-08-23
ORD-005656,CUST-00774,PRD-00084,6,0.1,Marketplace,Installment,Delivered,600.09,16-11-25,17-11-25
ORD-000067,CUST-00007,PRD-00087,3,0.1,Mobile App,Cash On Delivery,Delivered,937.05,22-04-24,26-04-24
ORD-004889,CUST-00666,PRD-00080,1,0.1,Marketplace,Installment,Delivered,1092.22,18-08-24,21-08-24
ORD-003997,CUST-00562,PRD-00083,8,0.1,Website,Installment,Delivered,1673.7,08-10-23,16-08-23
ORD-000363,CUST-00044,PRD-00049,1,0.1,Marketplace,Cash On Delivery,Delivered,3627.21,14-08-25,21-08-25
ORD-003334,CUST-00460,PRD-00091,1,0.1,Marketplace,Cash On Delivery,Delivered,1667.87,19-01-25,22-01-25
ORD-004774,CUST-00653,PRD-00160,1,0.1,Marketplace,Cash On Delivery,Delivered,214.1,08-10-24,10-10-24
ORD-002970,CUST-00411,PRD-00049,7,0.1,Marketplace,Cash On Delivery,Delivered,3627.21,24-05-23,30-05-23
ORD-001082,CUST-00147,PRD-00029,1,0.1,Marketplace,Installment,Delivered,1141.21,04-01-23,05-01-23
ORD-000710,CUST-00097,PRD-00006,1,0.1,Mobile App,Cash On Delivery,Delivered,4094.1,30-06-24,03-07-24
ORD-005235,CUST-00713,PRD-00066,2,0.1,Mobile App,Cash On Delivery,Delivered,531.75,02-07-23,07-06-23
ORD-003618,CUST-00497,PRD-00147,10,0.1,Website,Cash On Delivery,Delivered,222.8,23-02-25,24-02-25
ORD-001992,CUST-00284,PRD-00157,1,0.1,Marketplace,Credit Card,Delivered,186.52,26-03-25,02-04-25
ORD-001124,CUST-00153,PRD-00067,9,0.1,Website,Installment,Delivered,1590.28,05-03-24,05-07-24
ORD-003525,CUST-00485,PRD-00073,1,0.1,Marketplace,Credit Card,Delivered,2603.44,02-06-24,08-06-24
ORD-003524,CUST-00485,PRD-00103,3,0.1,Mobile App,Credit Card,Delivered,275.52,08-01-23,10-01-23
ORD-000459,CUST-00061,PRD-00023,2,0.1,Mobile App,Wallet,Delivered,11190.64,27-01-24,28-01-24
ORD-000061,CUST-00007,PRD-00134,7,0.1,Mobile App,Installment,Delivered,165,05-04-25,12-04-25
ORD-001232,CUST-00169,PRD-00055,2,0.1,Website,Wallet,Delivered,2089.61,15-10-25,17-10-25
ORD-003230,CUST-00445,PRD-00008,8,0.1,Marketplace,Credit Card,Delivered,13998.23,07-10-24,12-10-24
ORD-004127,CUST-00584,PRD-00160,7,0.1,Website,Wallet,Delivered,214.1,23-07-23,25-07-23
ORD-005469,CUST-00746,PRD-00115,7,0.1,Marketplace,Installment,Delivered,290.78,12-09-23,14-09-23
ORD-004521,CUST-00622,PRD-00092,8,0.1,Marketplace,Cash On Delivery,Delivered,727.52,18-09-25,19-09-25
ORD-005490,CUST-00751,PRD-00031,9,0.1,Mobile App,Cash On Delivery,Delivered,376.78,25-09-24,29-09-24
ORD-005694,CUST-00780,PRD-00056,2,0.1,Marketplace,Wallet,Delivered,1260.88,22-01-23,27-01-23
ORD-002333,CUST-00326,PRD-00065,2,0.1,Mobile App,Installment,Delivered,1220.64,28-03-23,29-03-23
ORD-002763,CUST-00375,PRD-00023,1,0.1,Website,Installment,Delivered,11190.64,11-03-24,07-11-24
ORD-003117,CUST-00431,PRD-00091,1,0.1,Website,Credit Card,Delivered,1667.87,30-03-25,02-04-25
ORD-001390,CUST-00189,PRD-00182,2,0.1,Website,Wallet,Delivered,4312.02,01-09-25,15-01-25
ORD-003262,CUST-00453,PRD-00105,2,0.1,Marketplace,Installment,Delivered,840.93,26-07-25,29-07-25
ORD-000898,CUST-00124,PRD-00109,3,0.1,Website,Wallet,Delivered,252.4,10-02-23,10-06-23
ORD-002422,CUST-00336,PRD-00149,3,0.1,Marketplace,Cash On Delivery,Delivered,93.5,20-07-23,27-07-23
ORD-004666,CUST-00639,PRD-00179,3,0.1,Mobile App,Installment,Delivered,2311.13,23-05-24,29-05-24
ORD-005764,CUST-00791,PRD-00175,3,0.1,Website,Credit Card,Delivered,3144.98,03-11-24,17-03-24
ORD-001591,CUST-00213,PRD-00114,1,0.1,Mobile App,Cash On Delivery,Delivered,864.91,09-04-25,12-04-25
ORD-004428,CUST-00611,PRD-00040,3,0.1,Marketplace,Credit Card,Delivered,1977.22,24-03-23,25-03-23
ORD-002623,CUST-00359,PRD-00047,1,0.1,Mobile App,Cash On Delivery,Delivered,3368.82,16-12-23,17-12-23
ORD-004720,CUST-00645,PRD-00117,10,0.1,Mobile App,Wallet,Delivered,440.45,07-10-24,14-10-24
ORD-004470,CUST-00617,PRD-00093,1,0.1,Mobile App,Installment,Delivered,327.87,26-11-25,03-12-25
ORD-001846,CUST-00257,PRD-00058,2,0.1,Mobile App,Credit Card,Delivered,3308.87,02-12-25,05-12-25
ORD-005215,CUST-00709,PRD-00013,3,0.1,Website,Cash On Delivery,Delivered,5695.33,20-03-24,22-03-24
ORD-001531,CUST-00207,PRD-00014,7,0.1,Mobile App,Installment,Delivered,3474.75,29-06-23,07-02-23
ORD-000351,CUST-00043,PRD-00093,10,0.1,Website,Installment,Delivered,327.87,31-01-24,01-02-24
ORD-002783,CUST-00378,PRD-00181,2,0.1,Mobile App,Installment,Delivered,7757.56,29-10-24,31-10-24
ORD-005755,CUST-00789,PRD-00038,9,0.1,Marketplace,Wallet,Delivered,2707.61,23-05-24,25-05-24
ORD-003856,CUST-00540,PRD-00014,1,0.1,Website,Installment,Delivered,3474.75,11-05-24,13-05-24
ORD-004832,CUST-00659,PRD-00161,2,0.1,Website,Installment,Delivered,1342.19,17-12-24,22-12-24
ORD-001249,CUST-00169,PRD-00009,3,0.1,Website,Cash On Delivery,Delivered,1433.71,13-04-25,20-04-25
ORD-005807,CUST-00795,PRD-00055,2,0.1,Mobile App,Cash On Delivery,Delivered,2089.61,01-07-25,07-07-25
ORD-005469,CUST-00746,PRD-00115,7,0.1,Marketplace,Installment,Delivered,290.78,12-09-23,14-09-23
ORD-003919,CUST-00549,PRD-00174,3,0.1,Website,Wallet,Delivered,2379.8,13-10-24,17-10-24
ORD-004189,CUST-00588,PRD-00009,1,0.1,Website,Installment,Delivered,1433.71,03-09-25,12-03-25
ORD-004141,CUST-00586,PRD-00096,9,0.1,Website,Cash On Delivery,Delivered,1013.61,11-12-23,19-11-23
ORD-000467,CUST-00062,PRD-00165,3,0.1,Mobile App,Credit Card,Delivered,1559.9,27-04-24,03-05-24
ORD-004650,CUST-00637,PRD-00139,9,0.1,Mobile App,Credit Card,Delivered,195.93,30-07-23,06-08-23
ORD-004379,CUST-00605,PRD-00168,3,0.1,Website,Credit Card,Delivered,3279.73,17-07-25,24-07-25
ORD-001411,CUST-99999,PRD-00131,7,0.1,Marketplace,Cash On Delivery,Delivered,361.41,20-03-25,22-03-25
ORD-003570,CUST-00491,PRD-00003,7,0.1,Marketplace,Installment,Delivered,1534.69,17-02-25,24-02-25
ORD-005643,CUST-00773,PRD-00034,3,0.1,Website,Wallet,Delivered,4894.09,21-06-24,27-06-24
ORD-001855,CUST-00259,PRD-00085,1,0.1,Website,Wallet,Delivered,265.37,14-03-24,18-03-24
ORD-004543,CUST-00625,PRD-00135,9,0.1,Website,Installment,Delivered,55.83,04-01-23,11-01-23
ORD-004979,CUST-00675,PRD-00160,8,0.1,Website,Credit Card,Delivered,214.1,01-06-23,06-03-23
ORD-005770,CUST-00791,PRD-00042,7,0.1,Website,Credit Card,Delivered,1460.4,16-06-25,18-06-25
ORD-004407,CUST-00608,PRD-00023,10,0.1,Website,Credit Card,Delivered,11190.64,02-12-23,12-09-23
ORD-005750,CUST-00788,PRD-00161,3,0.1,Website,Wallet,Delivered,1342.19,20-11-25,24-11-25
ORD-005323,CUST-00725,PRD-00116,1,0.1,Website,Credit Card,Delivered,466.13,02-05-25,05-05-25
ORD-002856,CUST-00388,PRD-00040,2,0.1,Mobile App,Wallet,Delivered,1977.22,18-09-24,22-09-24
ORD-000296,CUST-00038,PRD-00177,9,0.1,Marketplace,Credit Card,Delivered,5234.78,07-04-25,07-05-25
ORD-001732,CUST-00238,PRD-00138,10,0.1,Mobile App,Cash On Delivery,Delivered,293.11,13-05-24,20-05-24
ORD-005238,CUST-00713,PRD-00004,1,0.1,Mobile App,Cash On Delivery,Delivered,3744.22,13-04-25,17-04-25
ORD-002626,CUST-00360,PRD-00150,9,0.1,Website,Wallet,Delivered,84.86,08-02-23,14-02-23
ORD-002208,CUST-00311,PRD-00160,3,0.1,Website,Wallet,Delivered,214.1,11-09-25,13-09-25
ORD-005302,CUST-00723,PRD-00176,3,0.1,Website,Installment,Delivered,3014.74,20-10-24,26-10-24
ORD-003948,CUST-00556,PRD-00138,7,0.1,Mobile App,Wallet,Delivered,293.11,11-03-25,16-03-25
ORD-004049,CUST-00568,PRD-00167,3,0.1,Website,Wallet,Delivered,741.81,11-03-25,12-03-25
ORD-004919,CUST-00669,PRD-00125,1,0.1,Mobile App,Cash On Delivery,Delivered,151.72,04-04-24,08-04-24
ORD-004487,CUST-00617,PRD-00139,1,0.1,Website,Cash On Delivery,Delivered,195.93,31-05-23,07-06-23
ORD-002011,CUST-00286,PRD-00123,7,0.1,Mobile App,Cash On Delivery,Delivered,83.93,27-08-23,31-08-23
ORD-000743,CUST-00100,PRD-00111,8,0.1,Marketplace,Credit Card,Delivered,291.55,25-01-23,26-01-23
ORD-000793,CUST-00106,PRD-00021,6,0.1,Marketplace,Credit Card,Delivered,7707.69,04-05-23,10-04-23
ORD-000794,CUST-00106,PRD-00120,7,0.1,Marketplace,Installment,Delivered,538.56,15-12-25,20-12-25
ORD-002151,CUST-00301,PRD-00079,3,0.1,Website,Credit Card,Delivered,646.3,22-10-25,28-10-25
ORD-002490,CUST-00343,PRD-00080,3,0.1,Marketplace,Credit Card,Delivered,1092.22,26-01-23,29-01-23
ORD-003417,CUST-00471,PRD-00159,2,0.1,Marketplace,Installment,Delivered,195.16,13-03-24,14-03-24
ORD-000352,CUST-00043,PRD-00094,7,0.1,Website,Credit Card,Delivered,286.11,20-05-24,27-05-24
ORD-000398,CUST-00051,PRD-00086,7,0.1,Marketplace,Credit Card,Delivered,1754.49,13-03-24,20-03-24
ORD-002313,CUST-00322,PRD-00178,2,0.1,Website,Credit Card,Delivered,583.55,11-03-25,13-03-25
ORD-000882,CUST-00123,PRD-00100,2,0.1,Mobile App,Installment,Delivered,555.91,02-02-25,02-08-25
ORD-001271,CUST-00172,PRD-00129,1,0.1,Marketplace,Installment,Delivered,23.89,19-09-23,21-09-23
ORD-002314,CUST-00322,PRD-00013,2,0.1,Marketplace,Credit Card,Delivered,5695.33,16-07-23,17-07-23
ORD-005116,CUST-00696,PRD-00129,7,0.1,Website,Wallet,Delivered,23.89,28-08-24,09-04-24
ORD-001157,CUST-00158,PRD-00101,1,0.1,Website,Credit Card,Delivered,658.37,07-06-24,09-06-24
ORD-005304,CUST-00723,PRD-00019,3,0.1,Marketplace,Cash On Delivery,Delivered,5919.72,06-10-23,16-06-23
ORD-005077,CUST-00690,PRD-00086,3,0.1,Website,Cash On Delivery,Delivered,1754.49,18-12-25,25-12-25
ORD-002793,CUST-00379,PRD-00026,3,0.1,Mobile App,Cash On Delivery,Delivered,13374.87,10-10-23,10-12-23
ORD-005404,CUST-00734,PRD-00013,7,0.1,Website,Credit Card,Delivered,5695.33,16-04-25,20-04-25
ORD-001020,CUST-00139,PRD-00029,2,0.1,Mobile App,Credit Card,Delivered,1141.21,07-08-25,12-08-25
ORD-001605,CUST-00215,PRD-00151,6,0.1,Marketplace,Wallet,Delivered,125.16,28-04-25,01-05-25
ORD-005117,CUST-00696,PRD-00153,8,0.1,Mobile App,Credit Card,Delivered,321.69,15-03-25,17-03-25
ORD-000463,CUST-00061,PRD-00003,1,0.1,Marketplace,Cash On Delivery,Delivered,1534.69,21-08-23,22-08-23
ORD-004165,CUST-00587,PRD-00065,8,0.1,Marketplace,Installment,Delivered,1220.64,18-03-24,19-03-24
ORD-000623,CUST-00084,PRD-00011,1,0.1,Marketplace,Credit Card,Delivered,2785.74,05-06-25,07-05-25
ORD-004851,CUST-00663,PRD-00099,9,0.1,Marketplace,Wallet,Delivered,152.23,20-07-23,25-07-23
ORD-004055,CUST-00569,PRD-00095,2,0.1,Mobile App,Wallet,Delivered,493.89,29-11-24,12-04-24
ORD-003544,CUST-00487,PRD-00069,2,0.1,Mobile App,Installment,Delivered,1039.35,13-06-23,19-06-23
ORD-000059,CUST-00007,PRD-00002,7,0.1,Website,Credit Card,Delivered,9414.07,23-10-25,29-10-25
ORD-005395,CUST-00733,PRD-00014,1,0.1,Mobile App,Wallet,Delivered,3474.75,26-08-23,27-08-23
ORD-003977,CUST-00558,PRD-00041,2,0.1,Website,Wallet,Delivered,1168.7,12-12-25,17-12-25
ORD-002726,CUST-00373,PRD-00098,2,0.1,Website,Cash On Delivery,Delivered,718.7,30-06-25,02-07-25
ORD-003043,CUST-00424,PRD-00038,3,0.1,Mobile App,Wallet,Delivered,2707.61,18-06-25,21-06-25
ORD-004967,CUST-00673,PRD-00147,3,0.1,Mobile App,Wallet,Delivered,222.8,08-02-24,07-08-24
ORD-002628,CUST-00361,PRD-00024,7,0.1,Mobile App,Credit Card,Delivered,8840.39,28-06-23,30-06-23
ORD-003616,CUST-00497,PRD-00113,10,0.1,Website,Installment,Delivered,719.15,22-07-24,29-07-24
ORD-002915,CUST-00401,PRD-00001,6,0.1,Mobile App,Installment,Delivered,3019.28,07-02-24,02-11-24
ORD-001527,CUST-00207,PRD-00042,10,0.1,Website,Installment,Delivered,1460.4,13-06-25,19-06-25
ORD-005283,CUST-00720,PRD-00180,3,0.1,Website,Credit Card,Delivered,6579.05,09-08-24,09-09-24
ORD-001719,CUST-00235,PRD-00187,2,0.1,Website,Cash On Delivery,Delivered,5533.15,22-05-25,23-05-25
ORD-005216,CUST-00709,PRD-00174,1,0.1,Mobile App,Wallet,Delivered,2379.8,21-07-23,28-07-23
ORD-004030,CUST-00565,PRD-00030,2,0.1,Marketplace,Wallet,Delivered,6643.61,04-10-25,10-08-25
ORD-003264,CUST-00453,PRD-00034,1,0.1,Website,Credit Card,Delivered,4894.09,01-07-23,04-07-23
ORD-004917,CUST-00668,PRD-00006,1,0.1,Marketplace,Wallet,Delivered,4094.1,14-07-25,17-07-25
ORD-002501,CUST-00344,PRD-00178,3,0.1,Mobile App,Wallet,Delivered,583.55,15-07-23,21-07-23
ORD-005622,CUST-00771,PRD-00059,9,0.1,Marketplace,Wallet,Delivered,1565.88,28-08-25,01-09-25
ORD-002281,CUST-00319,PRD-00096,9,0.1,Marketplace,Wallet,Delivered,1013.61,31-12-24,02-01-25
ORD-000402,CUST-00053,PRD-00065,3,0.1,Marketplace,Credit Card,Delivered,1220.64,14-11-23,18-11-23
ORD-001862,CUST-00260,PRD-00045,8,0.1,Website,Cash On Delivery,Delivered,4956.18,05-07-23,07-12-23
ORD-004950,CUST-00672,PRD-00033,3,0.1,Website,Credit Card,Delivered,1947.05,22-09-24,28-09-24
ORD-004332,CUST-00603,PRD-00139,10,0.1,Marketplace,Credit Card,Delivered,195.93,27-07-25,03-08-25
ORD-000225,CUST-00030,PRD-00165,3,0.1,Marketplace,Credit Card,Delivered,1559.9,10-09-24,17-09-24
ORD-002108,CUST-00296,PRD-00101,3,0.1,Marketplace,Cash On Delivery,Delivered,658.37,21-03-25,24-03-25
ORD-005355,CUST-00730,PRD-00120,10,0.1,Mobile App,Cash On Delivery,Delivered,538.56,13-12-23,19-12-23
ORD-003222,CUST-00444,PRD-00140,1,0.1,Mobile App,Credit Card,Delivered,168.61,03-02-25,10-02-25
ORD-002355,CUST-00329,PRD-00114,8,0.1,Mobile App,Wallet,Delivered,864.91,26-08-25,31-08-25
ORD-004413,CUST-00609,PRD-00166,1,0.1,Marketplace,Wallet,Delivered,1361.3,31-03-25,04-06-25
ORD-001206,CUST-00165,PRD-00103,2,0.1,Marketplace,Installment,Delivered,275.52,02-01-25,05-01-25
ORD-004906,CUST-00667,PRD-00008,3,0.1,Marketplace,Cash On Delivery,Delivered,13998.23,25-04-25,02-05-25
ORD-001656,CUST-00223,PRD-00148,1,0.1,Website,Installment,Delivered,63.15,23-04-24,28-04-24
ORD-003926,CUST-00553,PRD-00138,7,0.1,Website,Wallet,Delivered,293.11,01-04-24,03-04-24
ORD-000316,CUST-00041,PRD-00136,1,0.1,Mobile App,Wallet,Delivered,310.7,11-02-25,17-02-25
ORD-000928,CUST-00129,PRD-00051,7,0.1,Website,Credit Card,Delivered,4568.48,20-06-23,27-06-23
ORD-004453,CUST-00614,PRD-00031,10,0.1,Website,Installment,Delivered,376.78,20-05-25,26-05-25
ORD-003178,CUST-00439,PRD-00131,7,0.1,Website,Cash On Delivery,Delivered,361.41,17-11-24,19-11-24
ORD-000824,CUST-00110,PRD-00168,3,0.1,Mobile App,Installment,Delivered,3279.73,13-07-23,16-07-23
ORD-005172,CUST-00703,PRD-00153,1,0.1,Marketplace,Wallet,Delivered,321.69,11-04-24,17-04-24
ORD-001915,CUST-00268,PRD-00032,3,0.1,Website,Installment,Delivered,1547.2,10-12-24,16-10-24
ORD-005229,CUST-00712,PRD-00048,2,0.1,Marketplace,Installment,Delivered,616.54,18-01-23,19-01-23
ORD-004913,CUST-00668,PRD-00082,1,0.1,Marketplace,Credit Card,Delivered,1269.02,09-12-24,14-09-24
ORD-001952,CUST-00279,PRD-00061,8,0.1,Mobile App,Credit Card,Delivered,1707.55,29-04-23,05-05-23
ORD-004014,CUST-00564,PRD-00157,2,0.1,Mobile App,Cash On Delivery,Delivered,186.52,29-11-24,30-11-24
ORD-003896,CUST-00547,PRD-00162,3,0.1,Marketplace,Credit Card,Delivered,1009.35,27-03-23,02-04-23
ORD-005049,CUST-00686,PRD-00176,9,0.1,Mobile App,Credit Card,Delivered,3014.74,28-07-23,08-01-23
ORD-001204,CUST-00165,PRD-00016,3,0.1,Website,Wallet,Delivered,6150.02,22-05-25,23-05-25
ORD-002651,CUST-00365,PRD-00114,3,0.1,Website,Credit Card,Delivered,864.91,10-04-25,16-04-25
ORD-004121,CUST-00582,PRD-00100,1,0.1,Marketplace,Credit Card,Delivered,555.91,06-05-25,12-05-25
ORD-002198,CUST-00310,PRD-00177,8,0.1,Mobile App,Installment,Delivered,5234.78,27-03-24,31-03-24
ORD-003756,CUST-00520,PRD-00020,1,0.1,Website,Cash On Delivery,Delivered,9661.76,22-04-23,27-04-23
ORD-000828,CUST-00110,PRD-00148,2,0.1,Mobile App,Installment,Delivered,63.15,28-09-25,10-05-25
ORD-004326,CUST-00602,PRD-00164,9,0.1,Website,Wallet,Delivered,6039.64,06-09-24,16-06-24
ORD-004118,CUST-00581,PRD-00110,3,0.1,Website,Installment,Delivered,443.5,14-10-25,20-10-25
ORD-003582,CUST-00492,PRD-00128,6,0.1,Marketplace,Credit Card,Delivered,812.88,15-02-24,18-02-24
ORD-001879,CUST-00263,PRD-00016,2,0.1,Marketplace,Credit Card,Delivered,6150.02,25-09-23,27-09-23
ORD-002158,CUST-00303,PRD-00056,1,0.1,Website,Cash On Delivery,Delivered,1260.88,06-01-23,01-11-23
ORD-001552,CUST-00209,PRD-00108,3,0.1,Marketplace,Cash On Delivery,Delivered,230.98,18-04-24,23-04-24
ORD-000659,CUST-00088,PRD-00143,2,0.1,Mobile App,Credit Card,Delivered,174.65,02-01-23,01-08-23
ORD-002029,CUST-00287,PRD-00106,3,0.1,Website,Installment,Delivered,1124.04,18-06-24,25-06-24
ORD-000850,CUST-00112,PRD-00144,1,0.1,Marketplace,Installment,Delivered,212.23,13-06-24,19-06-24
ORD-000071,CUST-00009,PRD-00167,8,0.1,Website,Cash On Delivery,Delivered,741.81,13-05-24,18-05-24
ORD-005621,CUST-00771,PRD-00051,8,0.1,Website,Installment,Delivered,4568.48,29-10-25,01-11-25
ORD-004645,CUST-00636,PRD-00061,2,0.1,Website,Wallet,Delivered,1707.55,07-10-24,09-10-24
ORD-001040,CUST-00144,PRD-00160,8,0.1,Website,Wallet,Delivered,214.1,30-11-23,06-12-23
ORD-002951,CUST-00408,PRD-00184,8,0.1,Website,Credit Card,Delivered,2621.44,05-12-25,12-08-25
ORD-001603,CUST-00214,PRD-00068,7,0.1,Website,Credit Card,Delivered,1186.92,21-04-23,22-04-23
ORD-000308,CUST-00039,PRD-00061,10,0.1,Mobile App,Cash On Delivery,Delivered,1707.55,30-04-25,05-02-25
ORD-004752,CUST-00651,PRD-00071,1,0.1,Website,Installment,Delivered,657.42,13-02-23,20-02-23
ORD-000360,CUST-00043,PRD-00119,10,0.1,Website,Installment,Delivered,898.59,26-10-24,31-10-24
ORD-004932,CUST-00671,PRD-00166,6,0.1,Website,Installment,Delivered,1361.3,12-12-24,15-12-24
ORD-001889,CUST-00263,PRD-00104,3,0.1,Website,Cash On Delivery,Delivered,698.62,14-11-25,18-11-25
ORD-002743,CUST-00373,PRD-00076,2,0.1,Mobile App,Credit Card,Delivered,2045.06,13-03-23,15-03-23
ORD-001449,CUST-00197,PRD-00011,1,0.1,Website,Cash On Delivery,Delivered,2785.74,10-12-24,17-12-24
ORD-001242,CUST-00169,PRD-00161,3,0.1,Mobile App,Credit Card,Delivered,1342.19,02-12-24,29-11-24
ORD-000392,CUST-00050,PRD-00040,6,0.1,Mobile App,Wallet,Delivered,1977.22,06-08-23,09-08-23
ORD-000727,CUST-00099,PRD-00145,1,0.1,Marketplace,Credit Card,Delivered,116.01,13-06-25,16-06-25
ORD-004154,CUST-00587,PRD-00015,3,0.1,Website,Cash On Delivery,Delivered,5715.8,10-12-25,16-12-25
ORD-004028,CUST-00565,PRD-00101,2,0.1,Marketplace,Installment,Delivered,658.37,25-02-25,04-03-25
ORD-005311,CUST-00724,PRD-00176,1,0.1,Marketplace,Credit Card,Delivered,3014.74,02-02-23,08-02-23
ORD-005171,CUST-00702,PRD-00008,1,0.1,Mobile App,Cash On Delivery,Delivered,13998.23,07-07-24,09-07-24
ORD-001458,CUST-00201,PRD-00154,10,0.1,Mobile App,Wallet,Delivered,175.83,25-08-23,29-08-23
ORD-003777,CUST-00522,PRD-00166,2,0.1,Mobile App,Credit Card,Delivered,1361.3,24-11-23,26-11-23
ORD-005006,CUST-00678,PRD-00159,10,0.1,Mobile App,Credit Card,Delivered,195.16,14-12-23,18-12-23
ORD-002290,CUST-00319,PRD-00024,7,0.1,Mobile App,Wallet,Delivered,8840.39,12-08-25,17-08-25
ORD-004078,CUST-00573,PRD-00149,7,0.1,Marketplace,Cash On Delivery,Delivered,93.5,22-01-24,27-01-24
ORD-005327,CUST-00727,PRD-00001,6,0.1,Website,Cash On Delivery,Delivered,3019.28,25-04-25,27-04-25
ORD-003275,CUST-00455,PRD-00140,1,0.1,Website,Cash On Delivery,Delivered,168.61,09-05-23,14-05-23
ORD-003596,CUST-00494,PRD-00148,8,0.1,Mobile App,Credit Card,Delivered,63.15,27-11-24,02-12-24
ORD-002966,CUST-00411,PRD-00103,8,0.1,Marketplace,Installment,Delivered,275.52,05-05-25,12-05-25
ORD-002834,CUST-00385,PRD-00178,2,0.1,Mobile App,Cash On Delivery,Delivered,583.55,30-10-24,05-11-24
ORD-000674,CUST-00091,PRD-00009,1,0.1,Marketplace,Credit Card,Delivered,1433.71,10-05-23,12-10-23
ORD-002122,CUST-00299,PRD-00151,7,0.1,Mobile App,Cash On Delivery,Delivered,125.16,10-02-23,02-11-23
ORD-003608,CUST-00496,PRD-00124,3,0.1,Mobile App,Cash On Delivery,Delivered,152.17,16-04-24,17-04-24
ORD-002874,CUST-00392,PRD-00020,2,0.1,Website,Installment,Delivered,9661.76,02-06-25,06-06-25
ORD-005669,CUST-00776,PRD-00105,6,0.1,Website,Credit Card,Delivered,840.93,23-03-25,26-03-25
ORD-002239,CUST-00313,PRD-00114,1,0.1,Mobile App,Credit Card,Delivered,864.91,14-01-25,20-01-25
ORD-001908,CUST-00267,PRD-00034,1,0.1,Website,Wallet,Delivered,4894.09,26-02-24,02-03-24
ORD-003716,CUST-00515,PRD-00171,5,0.1,Marketplace,Installment,Delivered,1117.84,04-05-24,09-05-24
ORD-000932,CUST-00129,PRD-00123,5,0.1,Marketplace,Wallet,Delivered,83.93,01-10-24,10-04-24
ORD-003240,CUST-00450,PRD-00096,5,0.1,Website,Installment,Delivered,1013.61,04-03-25,07-04-25
ORD-002711,CUST-00372,PRD-00116,5,0.1,Mobile App,Wallet,Delivered,466.13,18-03-25,22-03-25
ORD-004883,CUST-00666,PRD-00017,5,0.1,Mobile App,Wallet,Delivered,4224.65,17-11-25,21-11-25
ORD-005813,CUST-00795,PRD-00057,5,0.1,Website,Credit Card,Delivered,5493.06,03-07-24,30-06-24
ORD-002864,CUST-00388,PRD-00165,5,0.1,Mobile App,Wallet,Delivered,1559.9,24-08-25,27-08-25
ORD-004495,CUST-00618,PRD-00012,5,0.1,Website,Installment,Delivered,9488.69,17-05-24,23-05-24
ORD-005739,CUST-00787,PRD-00152,5,0.1,Marketplace,Credit Card,Delivered,23.7,25-12-23,31-12-23
ORD-003459,CUST-00477,PRD-00172,5,0.1,Marketplace,Wallet,Delivered,4391.94,22-04-23,29-04-23
ORD-001440,CUST-00195,PRD-00071,5,0.1,Marketplace,Credit Card,Delivered,657.42,03-10-25,17-03-25
ORD-002661,CUST-00367,PRD-00019,5,0.1,Mobile App,Cash On Delivery,Delivered,5919.72,23-11-24,25-11-24
ORD-003766,CUST-00521,PRD-00157,5,0.1,Website,Cash On Delivery,Delivered,186.52,29-04-23,03-05-23
ORD-003180,CUST-00439,PRD-00169,5,0.1,Mobile App,Cash On Delivery,Delivered,3779.35,04-06-25,09-04-25
ORD-004903,CUST-00667,PRD-00089,5,0.1,Mobile App,Credit Card,Delivered,370.11,04-03-25,07-04-25
ORD-003610,CUST-00496,PRD-00042,5,0.1,Website,Installment,Delivered,1460.4,16-05-25,17-05-25
ORD-001417,CUST-00191,PRD-00060,5,0.1,Mobile App,Cash On Delivery,Delivered,2586.89,25-03-24,31-03-24
ORD-005535,CUST-00757,PRD-00182,5,0.1,Website,Credit Card,Delivered,4312.02,29-09-24,02-10-24
ORD-003081,CUST-00429,PRD-00063,5,0.1,Mobile App,Wallet,Delivered,3118.2,27-12-25,03-01-26
ORD-000687,CUST-00091,PRD-00172,5,0.1,Mobile App,Cash On Delivery,Delivered,4391.94,28-03-24,03-04-24
ORD-002039,CUST-00289,PRD-00041,5,0.1,Website,Credit Card,Delivered,1168.7,22-01-24,28-01-24
ORD-005163,CUST-00702,PRD-00006,5,0.1,Mobile App,Installment,Delivered,4094.1,12-06-23,17-06-23
ORD-002696,CUST-00371,PRD-00165,5,0.1,Mobile App,Installment,Delivered,1559.9,05-04-25,10-05-25
ORD-004051,CUST-00568,PRD-00165,5,0.1,Website,Cash On Delivery,Delivered,1559.9,21-11-24,27-11-24
ORD-005223,CUST-00709,PRD-00110,5,0.1,Marketplace,Credit Card,Delivered,443.5,13-11-25,16-11-25
ORD-003921,CUST-00551,PRD-00004,5,0.1,Website,Credit Card,Delivered,3744.22,27-10-24,03-11-24
ORD-000511,CUST-00069,PRD-00059,5,0.1,Mobile App,Installment,Delivered,1565.88,25-03-24,04-01-24
ORD-003068,CUST-00427,PRD-00178,5,0.1,Website,Credit Card,Delivered,583.55,22-08-25,28-08-25
ORD-004285,CUST-00599,PRD-00049,5,0.1,Website,Credit Card,Delivered,3627.21,15-09-23,20-09-23
ORD-000385,CUST-00049,PRD-00185,5,0.1,Mobile App,Installment,Delivered,2013.53,11-09-23,17-09-23
ORD-004824,CUST-00658,PRD-00172,5,0.1,Marketplace,Cash On Delivery,Delivered,4391.94,05-03-25,11-03-25
ORD-005467,CUST-99999,PRD-00129,5,0.1,Marketplace,Wallet,Delivered,23.89,28-12-24,29-12-24
ORD-004075,CUST-00573,PRD-00021,5,0.1,Mobile App,Installment,Delivered,7707.69,22-10-24,23-10-24
ORD-005029,CUST-00683,PRD-00019,5,0.1,Mobile App,Credit Card,Delivered,5919.72,16-04-23,18-04-23
ORD-003201,CUST-00441,PRD-00129,5,0.1,Website,Wallet,Delivered,23.89,03-10-23,05-10-23
ORD-002937,CUST-00406,PRD-00180,5,0.1,Marketplace,Credit Card,Delivered,6579.05,20-03-24,21-03-24
ORD-000245,CUST-00032,PRD-00031,5,0.1,Marketplace,Credit Card,Delivered,376.78,17-11-25,21-11-25
ORD-001297,CUST-00175,PRD-00135,5,0.1,Website,Credit Card,Delivered,55.83,08-11-24,11-12-24
ORD-001572,CUST-00210,PRD-00019,5,0.1,Mobile App,Credit Card,Delivered,5919.72,13-07-23,15-07-23
ORD-002301,CUST-00320,PRD-00111,5,0.1,Marketplace,Installment,Delivered,291.55,22-05-23,26-05-23
ORD-002328,CUST-00325,PRD-00174,5,0.1,Mobile App,Installment,Delivered,2379.8,03-06-25,07-06-25
ORD-000526,CUST-00072,PRD-00044,5,0.1,Mobile App,Installment,Delivered,3309.62,28-06-23,05-07-23
ORD-002438,CUST-00339,PRD-00062,5,0.1,Website,Cash On Delivery,Delivered,271.83,18-01-25,19-01-25
ORD-000019,CUST-00005,PRD-00053,5,0.1,Website,Installment,Delivered,933.2,18-04-24,20-04-24
ORD-002370,CUST-00333,PRD-00154,5,0.1,Website,Cash On Delivery,Delivered,175.83,07-08-23,09-08-23
ORD-002862,CUST-00388,PRD-00095,5,0.1,Mobile App,Cash On Delivery,Delivered,493.89,14-05-25,17-05-25
ORD-002159,CUST-00303,PRD-00106,5,0.1,Mobile App,Installment,Delivered,1124.04,03-03-24,05-03-24
ORD-003446,CUST-00474,PRD-00188,5,0.1,Marketplace,Cash On Delivery,Delivered,235.83,22-03-24,25-03-24
ORD-000471,CUST-00064,PRD-00086,5,0.1,Marketplace,Credit Card,Delivered,1754.49,18-05-25,19-05-25
ORD-002633,CUST-00362,PRD-00049,5,0.1,Website,Credit Card,Delivered,3627.21,31-01-24,05-02-24
ORD-002774,CUST-00376,PRD-00106,5,0.1,Mobile App,Credit Card,Delivered,1124.04,22-05-23,25-05-23
ORD-003387,CUST-00466,PRD-00177,5,0.1,Marketplace,Credit Card,Delivered,5234.78,16-01-24,21-01-24
ORD-005001,CUST-00677,PRD-00119,5,0.1,Website,Credit Card,Delivered,898.59,03-11-23,17-03-23
ORD-001869,CUST-00260,PRD-00101,5,0.1,Mobile App,Cash On Delivery,Delivered,658.37,23-09-24,27-09-24
ORD-002536,CUST-00350,PRD-00122,5,0.1,Website,Credit Card,Delivered,692.52,14-12-23,15-12-23
ORD-005636,CUST-00772,PRD-00017,5,0.1,Mobile App,Wallet,Delivered,4224.65,13-07-25,14-07-25
ORD-003907,CUST-00548,PRD-00024,5,0.1,Website,Cash On Delivery,Delivered,8840.39,17-10-24,22-10-24
ORD-003941,CUST-00556,PRD-00167,5,0.1,Marketplace,Installment,Delivered,741.81,29-10-24,30-10-24
ORD-005029,CUST-00683,PRD-00019,5,0.1,Mobile App,Credit Card,Delivered,5919.72,16-04-23,18-04-23
ORD-000118,CUST-00016,PRD-00182,5,0.1,Marketplace,Credit Card,Delivered,4312.02,20-10-23,26-10-23
ORD-001741,CUST-00238,PRD-00097,5,0.1,Marketplace,Credit Card,Delivered,550.73,17-03-25,19-03-25
ORD-003329,CUST-00459,PRD-00106,5,0.1,Mobile App,Cash On Delivery,Delivered,1124.04,03-03-25,03-05-25
ORD-001726,CUST-00237,PRD-00029,5,0.1,Marketplace,Cash On Delivery,Delivered,1141.21,13-11-23,14-11-23
ORD-005379,CUST-00731,PRD-00119,5,0.1,Mobile App,Wallet,Delivered,898.59,26-11-24,03-12-24
ORD-000936,CUST-00129,PRD-00045,5,0.1,Mobile App,Wallet,Delivered,4956.18,29-04-25,06-05-25
ORD-003493,CUST-00481,PRD-00028,5,0.1,Marketplace,Credit Card,Delivered,6404.22,05-12-23,07-12-23
ORD-001554,CUST-00209,PRD-00054,5,0.1,Marketplace,Credit Card,Delivered,1277.14,18-12-23,25-12-23
ORD-001310,CUST-00176,PRD-00119,5,0.1,Marketplace,Installment,Delivered,898.59,27-04-23,04-05-23
ORD-002344,CUST-00327,PRD-00102,3,0.25,Mobile App,Installment,Delivered,833.67,31-01-23,03-02-23
ORD-000606,CUST-00081,PRD-00140,3,0.25,Website,Installment,Delivered,168.61,26-06-23,25-06-23
ORD-005498,CUST-00751,PRD-00028,3,0.25,Mobile App,Installment,Delivered,6404.22,10-03-24,03-11-24
ORD-002731,CUST-00373,PRD-00088,3,0.25,Website,Installment,Delivered,2384.43,06-11-25,13-11-25
ORD-004251,CUST-00596,PRD-00149,3,0.25,Mobile App,Installment,Delivered,93.5,24-03-25,30-03-25
ORD-003061,CUST-00426,PRD-00171,3,0.25,Website,Wallet,Delivered,1117.84,14-01-25,19-01-25
ORD-004524,CUST-00623,PRD-00185,3,0.25,Marketplace,Installment,Delivered,2013.53,10-12-25,17-10-25
ORD-002881,CUST-00394,PRD-00013,3,0.25,Mobile App,Wallet,Delivered,5695.33,26-08-24,31-08-24
ORD-001786,CUST-00245,PRD-00015,3,0.25,Marketplace,Cash On Delivery,Delivered,5715.8,23-08-25,25-08-25
ORD-004217,CUST-00590,PRD-00137,3,0.25,Mobile App,Credit Card,Delivered,328.81,27-12-24,28-12-24
ORD-002209,CUST-00311,PRD-00117,3,0.25,Website,Wallet,Delivered,440.45,18-04-25,23-04-25
ORD-002564,CUST-00354,PRD-00184,3,0.25,Mobile App,Cash On Delivery,Delivered,2621.44,30-10-23,02-11-23
ORD-005210,CUST-00707,PRD-00161,3,0.25,Marketplace,Credit Card,Delivered,1342.19,20-09-25,25-09-25
ORD-001048,CUST-00145,PRD-00186,3,0.25,Website,Credit Card,Delivered,4878.71,27-12-25,02-01-26
ORD-001001,CUST-00136,PRD-00059,3,0.25,Mobile App,Installment,Delivered,1565.88,03-10-25,10-04-25
ORD-003457,CUST-00477,PRD-00058,3,0.25,Website,Cash On Delivery,Delivered,3308.87,26-08-25,28-08-25
ORD-003607,CUST-00496,PRD-00007,3,0.25,Mobile App,Installment,Delivered,5375.75,20-01-23,26-01-23
ORD-004861,CUST-00664,PRD-00174,3,0.25,Website,Wallet,Delivered,2379.8,25-09-24,27-09-24
ORD-003042,CUST-00424,PRD-00045,3,0.25,Website,Cash On Delivery,Delivered,4956.18,19-11-25,22-11-25
ORD-000163,CUST-00022,PRD-00171,3,0.25,Marketplace,Wallet,Delivered,1117.84,21-05-25,27-05-25
ORD-003735,CUST-00516,PRD-00072,3,0.25,Website,Wallet,Delivered,2087.47,28-03-25,31-03-25
ORD-004369,CUST-00604,PRD-00058,3,0.25,Marketplace,Wallet,Delivered,3308.87,15-08-25,17-08-25
ORD-002935,CUST-00405,PRD-00126,3,0.25,Mobile App,Installment,Delivered,340.64,15-05-24,16-05-24
ORD-005112,CUST-00695,PRD-00096,3,0.25,Mobile App,Credit Card,Delivered,1013.61,01-06-25,05-06-25
ORD-000096,CUST-00012,PRD-00172,3,0.25,Mobile App,Cash On Delivery,Delivered,4391.94,11-03-25,11-04-25
ORD-004561,CUST-00627,PRD-00109,3,0.25,Website,Wallet,Delivered,252.4,12-04-23,13-04-23
ORD-002211,CUST-00312,PRD-00075,3,0.25,Marketplace,Cash On Delivery,Delivered,576.69,13-12-25,14-12-25
ORD-003050,CUST-00425,PRD-00147,3,0.25,Mobile App,Installment,Delivered,222.8,17-02-24,21-02-24
ORD-005397,CUST-00734,PRD-00187,3,0.25,Marketplace,Cash On Delivery,Delivered,5533.15,07-08-23,13-07-23
ORD-003418,CUST-00471,PRD-00147,3,0.25,Website,Credit Card,Delivered,222.8,11-04-24,13-04-24
ORD-003677,CUST-00506,PRD-00016,3,0.25,Mobile App,Credit Card,Delivered,6150.02,07-12-25,10-12-25
ORD-003381,CUST-00464,PRD-00010,3,0.25,Website,Wallet,Delivered,2297.75,08-04-24,11-04-24
ORD-005721,CUST-00783,PRD-00121,3,0.25,Website,Cash On Delivery,Delivered,307.1,23-07-25,27-07-25
ORD-000979,CUST-00133,PRD-00075,3,0.25,Website,Installment,Delivered,576.69,23-03-24,29-03-24
ORD-000604,CUST-00080,PRD-00005,3,0.25,Marketplace,Wallet,Delivered,5870.09,21-04-25,28-04-25
ORD-003678,CUST-00506,PRD-00132,3,0.25,Mobile App,Cash On Delivery,Delivered,436.68,22-07-24,24-07-24
ORD-003126,CUST-00434,PRD-00160,3,0.25,Marketplace,Cash On Delivery,Delivered,214.1,05-01-25,04-05-25
ORD-003344,CUST-00460,PRD-00122,3,0.25,Mobile App,Credit Card,Delivered,692.52,04-05-24,07-05-24
ORD-003455,CUST-00477,PRD-00158,3,0.25,Marketplace,Cash On Delivery,Delivered,308.65,28-07-24,04-08-24
ORD-002710,CUST-00372,PRD-00097,3,0.25,Mobile App,Cash On Delivery,Delivered,550.73,23-11-25,30-11-25
ORD-001979,CUST-00283,PRD-00029,3,0.25,Marketplace,Installment,Delivered,1141.21,15-05-24,22-05-24
ORD-001794,CUST-00245,PRD-00034,3,0.25,Website,Wallet,Delivered,4894.09,27-02-24,02-03-24
ORD-004711,CUST-00644,PRD-00006,3,0.25,Marketplace,Installment,Delivered,4094.1,24-12-25,28-12-25
ORD-002218,CUST-00312,PRD-00014,3,0.25,Mobile App,Wallet,Delivered,3474.75,03-10-25,04-10-25
ORD-004784,CUST-00654,PRD-00060,3,0.25,Mobile App,Wallet,Delivered,2586.89,10-01-24,05-10-24
ORD-003221,CUST-00444,PRD-00107,3,0.25,Mobile App,Wallet,Delivered,803.85,04-09-25,09-07-25
ORD-001113,CUST-00152,PRD-00138,3,0.25,Marketplace,Cash On Delivery,Delivered,293.11,16-11-23,21-11-23
ORD-000414,CUST-00057,PRD-00039,3,0.25,Website,Installment,Delivered,2748.05,08-08-24,10-08-24
ORD-000305,CUST-00039,PRD-00135,3,0.25,Website,Cash On Delivery,Delivered,55.83,16-07-24,23-07-24
ORD-000082,CUST-00010,PRD-00010,3,0.25,Mobile App,Credit Card,Delivered,2297.75,05-09-24,14-05-24
ORD-005381,CUST-00731,PRD-00078,3,0.25,Website,Installment,Delivered,803.87,26-08-24,02-09-24
ORD-005191,CUST-00705,PRD-00154,3,0.25,Mobile App,Credit Card,Delivered,175.83,25-11-24,26-11-24
ORD-003434,CUST-00473,PRD-00149,3,0.25,Marketplace,Credit Card,Delivered,93.5,07-05-24,13-05-24
ORD-005522,CUST-00755,PRD-00177,3,0.25,Marketplace,Installment,Delivered,5234.78,07-12-24,12-10-24
ORD-005014,CUST-00679,PRD-00186,3,0.25,Website,Cash On Delivery,Delivered,4878.71,01-05-23,12-01-23
ORD-003306,CUST-00457,PRD-00179,3,0.25,Mobile App,Credit Card,Delivered,2311.13,13-08-23,15-08-23
ORD-000097,CUST-00012,PRD-00018,3,0.25,Mobile App,Credit Card,Delivered,8604.46,16-11-25,17-11-25
ORD-000658,CUST-00088,PRD-00091,3,0.25,Marketplace,Credit Card,Delivered,1667.87,25-03-24,26-03-24
ORD-003349,CUST-00460,PRD-00129,3,0.25,Mobile App,Installment,Delivered,23.89,07-07-23,09-07-23
ORD-003425,CUST-00471,PRD-00014,3,0.25,Website,Installment,Delivered,3474.75,14-12-23,17-12-23
ORD-005657,CUST-00775,PRD-00187,3,0.25,Marketplace,Installment,Delivered,5533.15,07-06-24,08-06-24
ORD-004974,CUST-00674,PRD-00078,3,0.25,Website,Wallet,Delivered,803.87,16-02-23,17-02-23
ORD-000492,CUST-00067,PRD-00183,3,0.25,Mobile App,Credit Card,Delivered,6588.34,29-05-23,03-06-23
ORD-005012,CUST-00678,PRD-00101,3,0.25,Website,Cash On Delivery,Delivered,658.37,07-08-25,08-11-25
ORD-001650,CUST-00223,PRD-00023,3,0.25,Mobile App,Installment,Delivered,11190.64,16-03-24,23-03-24
ORD-005353,CUST-00730,PRD-00113,3,0.25,Marketplace,Cash On Delivery,Delivered,719.15,12-08-23,15-12-23
ORD-005672,CUST-00776,PRD-00087,3,0.25,Website,Credit Card,Delivered,937.05,04-04-25,04-05-25
ORD-005107,CUST-00695,PRD-00017,3,0.25,Mobile App,Credit Card,Delivered,4224.65,07-07-25,14-07-25
ORD-003913,CUST-00548,PRD-00099,4,0.25,Mobile App,Credit Card,Delivered,152.23,01-10-24,11-01-24
ORD-003569,CUST-00491,PRD-00141,4,0.25,Mobile App,Wallet,Delivered,265.4,19-09-25,20-09-25
ORD-000200,CUST-00027,PRD-00165,4,0.25,Mobile App,Cash On Delivery,Delivered,1559.9,21-03-25,28-03-25
ORD-002680,CUST-00370,PRD-00054,4,0.25,Website,Installment,Delivered,1277.14,31-12-24,06-01-25
ORD-002562,CUST-00354,PRD-00144,4,0.25,Mobile App,Wallet,Delivered,212.23,16-12-24,17-12-24
ORD-002277,CUST-00318,PRD-00064,4,0.25,Mobile App,Cash On Delivery,Delivered,1338.56,17-07-25,18-07-25
ORD-004753,CUST-00651,PRD-00021,4,0.25,Mobile App,Installment,Delivered,7707.69,12-04-23,07-12-23
ORD-005785,CUST-00792,PRD-00016,4,0.25,Marketplace,Credit Card,Delivered,6150.02,07-01-24,08-01-24
ORD-001838,CUST-00255,PRD-00038,4,0.25,Website,Credit Card,Delivered,2707.61,29-03-25,03-04-25
ORD-004131,CUST-00584,PRD-00081,4,0.25,Website,Installment,Delivered,2904.61,10-08-25,13-10-25
ORD-003345,CUST-00460,PRD-00144,4,0.25,Mobile App,Credit Card,Delivered,212.23,21-06-24,25-06-24
ORD-002531,CUST-00349,PRD-00065,4,0.25,Website,Installment,Delivered,1220.64,08-02-24,15-02-24
ORD-002956,CUST-00410,PRD-00156,4,0.25,Mobile App,Wallet,Delivered,250.31,08-01-23,08-06-23
ORD-001594,CUST-00213,PRD-00003,4,0.25,Mobile App,Credit Card,Delivered,1534.69,13-03-25,14-03-25
ORD-003397,CUST-00467,PRD-00113,4,0.25,Mobile App,Installment,Delivered,719.15,27-05-24,06-01-24
ORD-001290,CUST-00174,PRD-00143,4,0.25,Mobile App,Installment,Delivered,174.65,12-04-24,18-04-24
ORD-001960,CUST-00279,PRD-00106,4,0.25,Website,Cash On Delivery,Delivered,1124.04,09-01-23,15-01-23
ORD-002473,CUST-00342,PRD-00154,4,0.25,Marketplace,Installment,Delivered,175.83,22-08-24,25-08-24
ORD-001305,CUST-00176,PRD-00145,4,0.25,Marketplace,Credit Card,Delivered,116.01,17-03-23,24-03-23
ORD-004741,CUST-00650,PRD-00028,4,0.25,Website,Credit Card,Delivered,6404.22,16-09-23,18-09-23
ORD-000140,CUST-00019,PRD-00118,4,0.25,Website,Wallet,Delivered,341.03,26-02-25,01-03-25
ORD-000319,CUST-00041,PRD-00101,4,0.25,Marketplace,Cash On Delivery,Delivered,658.37,13-06-25,19-06-25
ORD-002248,CUST-00313,PRD-00176,4,0.25,Marketplace,Cash On Delivery,Delivered,3014.74,02-12-25,04-12-25
ORD-004057,CUST-00570,PRD-00069,4,0.25,Website,Credit Card,Delivered,1039.35,30-09-24,02-10-24
ORD-003008,CUST-00418,PRD-00153,4,0.25,Marketplace,Cash On Delivery,Delivered,321.69,26-05-23,28-05-23
ORD-001506,CUST-00206,PRD-00121,4,0.25,Website,Cash On Delivery,Delivered,307.1,07-07-24,10-07-24
ORD-004476,CUST-00617,PRD-00107,4,0.25,Marketplace,Cash On Delivery,Delivered,803.85,20-08-23,25-08-23
ORD-000527,CUST-00072,PRD-00133,4,0.25,Marketplace,Credit Card,Delivered,174.99,01-05-25,05-05-25
ORD-000119,CUST-00016,PRD-00061,4,0.25,Website,Installment,Delivered,1707.55,22-04-25,26-04-25
ORD-005596,CUST-00765,PRD-00101,4,0.25,Marketplace,Installment,Delivered,658.37,26-11-25,01-12-25
ORD-003579,CUST-00492,PRD-00102,4,0.25,Mobile App,Wallet,Delivered,833.67,16-09-24,20-09-24
ORD-002437,CUST-00339,PRD-00020,4,0.25,Website,Cash On Delivery,Delivered,9661.76,02-12-24,08-12-24
ORD-000785,CUST-00104,PRD-00171,4,0.25,Marketplace,Credit Card,Delivered,1117.84,30-09-24,10-04-24
ORD-001294,CUST-00174,PRD-00026,4,0.25,Website,Installment,Delivered,13374.87,27-05-23,29-05-23
ORD-000263,CUST-00033,PRD-00077,4,0.25,Website,Credit Card,Delivered,3228.9,14-12-24,15-12-24
ORD-004137,CUST-00585,PRD-00032,4,0.25,Marketplace,Installment,Delivered,1547.2,11-05-24,18-05-24
ORD-003407,CUST-00469,PRD-00090,4,0.25,Marketplace,Credit Card,Delivered,1391.99,29-11-25,12-04-25
ORD-002527,CUST-00348,PRD-00070,4,0.25,Marketplace,Credit Card,Delivered,1062.89,11-05-23,13-05-23
ORD-004517,CUST-00622,PRD-00141,4,0.25,Mobile App,Wallet,Delivered,265.4,15-09-23,19-09-23
ORD-000735,CUST-00099,PRD-00064,4,0.25,Marketplace,Installment,Delivered,1338.56,29-07-24,03-08-24
ORD-000840,CUST-00111,PRD-00100,4,0.25,Mobile App,Installment,Delivered,555.91,13-02-25,18-02-25
ORD-005585,CUST-00765,PRD-00093,4,0.25,Website,Cash On Delivery,Delivered,327.87,11-11-25,12-11-25
ORD-001793,CUST-00245,PRD-00046,4,0.25,Marketplace,Wallet,Delivered,1161.95,16-10-24,23-10-24
ORD-002603,CUST-00357,PRD-00152,4,0.25,Mobile App,Credit Card,Delivered,23.7,02-04-23,09-02-23
ORD-002926,CUST-00402,PRD-00005,4,0.25,Marketplace,Cash On Delivery,Delivered,5870.09,04-09-24,09-06-24
ORD-003245,CUST-00450,PRD-00082,4,0.25,Marketplace,Credit Card,Delivered,1269.02,02-11-25,07-11-25
ORD-001141,CUST-00155,PRD-00025,4,0.25,Website,Cash On Delivery,Delivered,15750.99,25-10-23,26-10-23
ORD-001083,CUST-00147,PRD-00027,4,0.25,Website,Installment,Delivered,6528.78,16-12-23,22-12-23
ORD-000648,CUST-00086,PRD-00177,4,0.25,Mobile App,Credit Card,Delivered,5234.78,14-12-25,19-12-25
ORD-004563,CUST-00627,PRD-00182,4,0.25,Marketplace,Credit Card,Delivered,4312.02,10-07-25,12-07-25
ORD-001420,CUST-00191,PRD-00024,4,0.25,Website,Installment,Delivered,8840.39,24-11-25,25-11-25
ORD-004719,CUST-00645,PRD-00183,4,0.25,Website,Wallet,Delivered,6588.34,12-08-24,17-08-24
ORD-001806,CUST-00248,PRD-00182,4,0.25,Mobile App,Wallet,Delivered,4312.02,17-06-23,20-06-23
ORD-004582,CUST-00629,PRD-00010,4,0.25,Website,Installment,Delivered,2297.75,19-10-24,20-10-24
ORD-002523,CUST-00348,PRD-00076,4,0.25,Marketplace,Credit Card,Delivered,2045.06,19-04-25,24-04-25
ORD-005496,CUST-00751,PRD-00042,4,0.25,Mobile App,Cash On Delivery,Delivered,1460.4,31-07-24,05-08-24
ORD-003336,CUST-00460,PRD-00174,4,0.25,Website,Wallet,Delivered,2379.8,08-10-23,09-10-23
ORD-005809,CUST-00795,PRD-00111,4,0.25,Mobile App,Cash On Delivery,Delivered,291.55,08-04-25,04-11-25
ORD-001371,CUST-00185,PRD-00158,4,0.25,Website,Cash On Delivery,Delivered,308.65,15-07-24,21-07-24
ORD-002811,CUST-00381,PRD-00115,4,0.25,Marketplace,Cash On Delivery,Delivered,290.78,17-11-25,22-11-25
ORD-002447,CUST-00340,PRD-00037,4,0.25,Mobile App,Wallet,Delivered,2145.36,15-10-23,18-10-23
ORD-001989,CUST-00284,PRD-00006,4,0.25,Website,Credit Card,Delivered,4094.1,12-05-23,12-11-23
ORD-002386,CUST-00333,PRD-00022,4,0.25,Mobile App,Cash On Delivery,Delivered,14193.82,02-09-25,06-09-25
ORD-004887,CUST-00666,PRD-00144,4,0.25,Mobile App,Cash On Delivery,Delivered,212.23,09-08-23,12-08-23
ORD-005322,CUST-00725,PRD-00095,4,0.25,Mobile App,Cash On Delivery,Delivered,493.89,20-10-23,27-10-23
ORD-000479,CUST-00065,PRD-00164,4,0.25,Website,Installment,Delivered,6039.64,18-02-25,21-02-25
ORD-002987,CUST-00415,PRD-00032,4,0.25,Mobile App,Cash On Delivery,Delivered,1547.2,20-04-23,24-04-23
ORD-005766,CUST-00791,PRD-00098,7,0.25,Website,Wallet,Delivered,718.7,12-11-25,17-12-25
ORD-002586,CUST-00356,PRD-00012,6,0.25,Mobile App,Credit Card,Delivered,9488.69,05-01-24,07-01-24
ORD-002754,CUST-00375,PRD-00014,1,0.25,Marketplace,Installment,Delivered,3474.75,26-03-25,31-03-25
ORD-003609,CUST-00496,PRD-00151,1,0.25,Marketplace,Cash On Delivery,Delivered,125.16,30-08-24,01-09-24
ORD-004614,CUST-00633,PRD-00139,1,0.25,Marketplace,Credit Card,Delivered,195.93,18-11-23,22-11-23
ORD-001277,CUST-00172,PRD-00184,1,0.25,Mobile App,Cash On Delivery,Delivered,2621.44,17-03-23,18-03-23
ORD-003722,CUST-00515,PRD-00154,9,0.25,Marketplace,Installment,Delivered,175.83,12-12-24,14-12-24
ORD-003743,CUST-00518,PRD-00184,2,0.25,Marketplace,Cash On Delivery,Delivered,2621.44,27-06-24,30-06-24
ORD-001150,CUST-00156,PRD-00141,8,0.25,Marketplace,Installment,Delivered,265.4,12-06-25,19-06-25
ORD-001303,CUST-00176,PRD-00007,9,0.25,Mobile App,Wallet,Delivered,5375.75,03-08-24,05-08-24
ORD-000346,CUST-00043,PRD-00078,6,0.25,Mobile App,Wallet,Delivered,803.87,05-12-25,12-09-25
ORD-005552,CUST-00761,PRD-00128,9,0.25,Mobile App,Credit Card,Delivered,812.88,23-06-23,30-06-23
ORD-001327,CUST-00178,PRD-00168,9,0.25,Mobile App,Wallet,Delivered,3279.73,16-12-24,18-12-24
ORD-001398,CUST-00189,PRD-00051,2,0.25,Website,Installment,Delivered,4568.48,01-01-23,02-01-23
ORD-003753,CUST-00520,PRD-00089,2,0.25,Website,Credit Card,Delivered,370.11,25-08-23,27-08-23
ORD-005553,CUST-00761,PRD-00051,10,0.25,Mobile App,Wallet,Delivered,4568.48,02-05-25,11-02-25
ORD-005321,CUST-00725,PRD-00017,1,0.25,Website,Installment,Delivered,4224.65,11-09-24,14-09-24
ORD-004291,CUST-00600,PRD-00177,10,0.25,Website,Installment,Delivered,5234.78,23-04-23,26-04-23
ORD-005026,CUST-00682,PRD-00019,10,0.25,Mobile App,Cash On Delivery,Delivered,5919.72,01-09-25,09-03-25
ORD-002200,CUST-00310,PRD-00017,8,0.25,Mobile App,Cash On Delivery,Delivered,4224.65,13-07-24,17-07-24
ORD-005134,CUST-00699,PRD-00021,10,0.25,Website,Cash On Delivery,Delivered,7707.69,21-10-25,24-10-25
ORD-002123,CUST-00299,PRD-00027,8,0.25,Website,Wallet,Delivered,6528.78,12-03-25,13-03-25
ORD-003995,CUST-00562,PRD-00071,10,0.25,Marketplace,Wallet,Delivered,657.42,01-03-24,08-03-24
ORD-005660,CUST-00776,PRD-00057,6,0.25,Marketplace,Wallet,Delivered,5493.06,13-02-24,18-02-24
ORD-003145,CUST-00436,PRD-00074,6,0.25,Mobile App,Credit Card,Delivered,396.44,27-09-24,01-10-24
ORD-001742,CUST-00238,PRD-00127,7,0.25,Marketplace,Cash On Delivery,Delivered,252.66,28-02-25,03-03-25
ORD-000931,CUST-00129,PRD-00016,9,0.25,Mobile App,Cash On Delivery,Delivered,6150.02,01-12-24,05-12-24
ORD-001577,CUST-00211,PRD-00031,8,0.25,Marketplace,Credit Card,Delivered,376.78,27-03-25,04-03-25
ORD-001884,CUST-00263,PRD-00136,2,0.25,Website,Installment,Delivered,310.7,13-08-24,18-08-24
ORD-004147,CUST-00586,PRD-00182,10,0.25,Mobile App,Wallet,Delivered,4312.02,06-11-23,11-11-23
ORD-003713,CUST-00515,PRD-00029,10,0.25,Website,Wallet,Delivered,1141.21,03-03-25,04-03-25
ORD-000524,CUST-00072,PRD-00121,1,0.25,Marketplace,Wallet,Delivered,307.1,22-04-24,23-04-24
ORD-005482,CUST-00750,PRD-00116,1,0.25,Mobile App,Cash On Delivery,Delivered,466.13,15-11-24,21-11-24
ORD-000009,CUST-00003,PRD-00139,2,0.25,Mobile App,Wallet,Delivered,195.93,03-05-24,05-10-24
ORD-002910,CUST-00401,PRD-00037,8,0.25,Mobile App,Wallet,Delivered,2145.36,25-11-25,27-11-25
ORD-000680,CUST-00091,PRD-00039,2,0.25,Mobile App,Installment,Delivered,2748.05,13-06-25,20-06-25
ORD-001123,CUST-00153,PRD-00134,7,0.25,Website,Credit Card,Delivered,165,17-02-25,21-02-25
ORD-000856,CUST-00115,PRD-00172,6,0.25,Mobile App,Wallet,Delivered,4391.94,12-05-23,12-06-23
ORD-001151,CUST-00157,PRD-00079,8,0.25,Marketplace,Wallet,Delivered,646.3,08-07-24,07-10-24
ORD-003200,CUST-00441,PRD-00088,2,0.25,Marketplace,Wallet,Delivered,2384.43,28-07-25,30-07-25
ORD-005126,CUST-00698,PRD-00096,2,0.25,Marketplace,Credit Card,Delivered,1013.61,03-12-23,06-12-23
ORD-001055,CUST-00145,PRD-00096,2,0.25,Website,Credit Card,Delivered,1013.61,31-12-23,04-01-24
ORD-005416,CUST-00737,PRD-00118,1,0.25,Website,Installment,Delivered,341.03,11-12-25,15-12-25
ORD-002500,CUST-00344,PRD-00083,1,0.25,Mobile App,Installment,Delivered,1673.7,15-05-23,16-05-23
ORD-003710,CUST-00513,PRD-00124,2,0.25,Website,Credit Card,Delivered,152.17,03-11-24,05-11-24
ORD-002471,CUST-00341,PRD-00029,6,0.25,Mobile App,Credit Card,Delivered,1141.21,19-05-24,18-05-24
ORD-001117,CUST-00153,PRD-00080,6,0.25,Marketplace,Credit Card,Delivered,1092.22,08-03-24,15-03-24
ORD-004152,CUST-00587,PRD-00048,6,0.25,Website,Wallet,Delivered,616.54,10-10-25,17-10-25
ORD-000356,CUST-00043,PRD-00019,6,0.25,Marketplace,Wallet,Delivered,5919.72,08-12-25,15-12-25
ORD-004842,CUST-00661,PRD-00073,7,0.25,Website,Cash On Delivery,Delivered,2603.44,05-06-23,06-08-23
ORD-004870,CUST-00665,PRD-00072,2,0.25,Marketplace,Installment,Delivered,2087.47,11-10-24,15-10-24
ORD-004534,CUST-00624,PRD-00064,1,0.25,Website,Wallet,Delivered,1338.56,09-10-23,12-10-23
ORD-001747,CUST-00239,PRD-00145,6,0.25,Mobile App,Cash On Delivery,Delivered,116.01,15-12-23,17-12-23
ORD-001127,CUST-00153,PRD-00009,9,0.25,Marketplace,Credit Card,Delivered,1433.71,13-03-25,19-03-25
ORD-002643,CUST-00363,PRD-00110,8,0.25,Website,Wallet,Delivered,443.5,12-10-25,16-10-25
ORD-004133,CUST-00584,PRD-00056,7,0.25,Marketplace,Wallet,Delivered,1260.88,01-01-25,01-08-25
ORD-004879,CUST-00666,PRD-00122,1,0.25,Website,Wallet,Delivered,692.52,07-11-23,14-07-23
ORD-001868,CUST-00260,PRD-00164,6,0.25,Marketplace,Installment,Delivered,6039.64,14-11-25,17-11-25
ORD-001634,CUST-00221,PRD-00105,2,0.25,Website,Installment,Delivered,840.93,29-08-24,30-08-24
ORD-004874,CUST-00665,PRD-00155,1,0.25,Mobile App,Installment,Delivered,228.62,30-09-24,05-10-24
ORD-000060,CUST-00007,PRD-00039,7,0.25,Website,Installment,Delivered,2748.05,29-06-25,01-07-25
ORD-003715,CUST-00515,PRD-00080,9,0.25,Website,Wallet,Delivered,1092.22,02-01-24,03-02-24
ORD-002152,CUST-00301,PRD-00181,1,0.25,Marketplace,Installment,Delivered,7757.56,02-10-24,10-07-24
ORD-005835,CUST-00800,PRD-00010,6,0.25,Website,Installment,Delivered,2297.75,03-05-24,06-03-24
ORD-005631,CUST-00771,PRD-00006,8,0.25,Mobile App,Cash On Delivery,Delivered,4094.1,04-12-25,07-12-25
ORD-003507,CUST-00483,PRD-00145,2,0.25,Mobile App,Installment,Delivered,116.01,28-06-25,30-06-25
ORD-004518,CUST-00622,PRD-00127,6,0.25,Mobile App,Installment,Delivered,252.66,18-05-24,24-05-24
ORD-004037,CUST-00566,PRD-00178,1,0.25,Marketplace,Wallet,Delivered,583.55,10-01-25,13-01-25
ORD-003398,CUST-00467,PRD-00103,9,0.25,Mobile App,Credit Card,Delivered,275.52,17-07-24,20-07-24
ORD-004080,CUST-00574,PRD-00165,6,0.25,Marketplace,Installment,Delivered,1559.9,28-07-24,01-08-24
ORD-000845,CUST-00112,PRD-00076,1,0.25,Website,Cash On Delivery,Delivered,2045.06,12-09-25,14-09-25
ORD-004278,CUST-00598,PRD-00150,2,0.25,Website,Cash On Delivery,Delivered,84.86,29-08-24,03-09-24
ORD-002614,CUST-00358,PRD-00076,1,0.25,Website,Cash On Delivery,Delivered,2045.06,14-02-24,16-02-24
ORD-005362,CUST-00730,PRD-00001,8,0.25,Website,Installment,Delivered,3019.28,25-08-24,30-08-24
ORD-005512,CUST-00754,PRD-00174,6,0.25,Mobile App,Wallet,Delivered,2379.8,25-05-25,31-05-25
ORD-001946,CUST-00278,PRD-00170,10,0.25,Mobile App,Wallet,Delivered,7690.28,23-11-24,22-11-24
ORD-001814,CUST-00251,PRD-00055,7,0.25,Marketplace,Cash On Delivery,Delivered,2089.61,23-10-24,30-10-24
ORD-002083,CUST-00294,PRD-00130,2,0.25,Marketplace,Wallet,Delivered,93.92,18-08-23,22-08-23
ORD-001642,CUST-00222,PRD-00118,1,0.25,Mobile App,Wallet,Delivered,341.03,09-04-23,04-11-23
ORD-005138,CUST-00699,PRD-00122,10,0.25,Marketplace,Credit Card,Delivered,692.52,22-04-23,28-04-23
ORD-003954,CUST-00557,PRD-00146,6,0.25,Marketplace,Cash On Delivery,Delivered,194.39,19-12-25,21-12-25
ORD-003912,CUST-00548,PRD-00112,1,0.25,Mobile App,Credit Card,Delivered,422.18,30-04-25,05-05-25
ORD-002595,CUST-00357,PRD-00082,2,0.25,Marketplace,Installment,Delivered,1269.02,09-03-23,06-09-23
ORD-001583,CUST-00212,PRD-00136,1,0.25,Website,Installment,Delivered,310.7,06-05-24,09-06-24
ORD-005277,CUST-00720,PRD-00026,1,0.25,Website,Cash On Delivery,Delivered,13374.87,13-07-23,20-07-23
ORD-001171,CUST-00161,PRD-00103,2,0.25,Marketplace,Cash On Delivery,Delivered,275.52,28-06-24,30-06-24
ORD-005762,CUST-00791,PRD-00045,10,0.25,Marketplace,Installment,Delivered,4956.18,04-05-25,05-11-25
ORD-000207,CUST-00028,PRD-00027,1,0.25,Website,Cash On Delivery,Delivered,6528.78,27-01-25,02-01-25
ORD-002489,CUST-00343,PRD-00120,8,0.25,Website,Wallet,Delivered,538.56,22-01-25,27-01-25
ORD-005564,CUST-00762,PRD-00177,8,0.25,Website,Installment,Delivered,5234.78,07-01-24,01-09-24
ORD-002117,CUST-00298,PRD-00065,2,0.25,Mobile App,Cash On Delivery,Delivered,1220.64,05-06-24,10-06-24
ORD-000457,CUST-00060,PRD-00105,2,0.25,Marketplace,Credit Card,Delivered,840.93,24-02-25,02-03-25
ORD-003884,CUST-00545,PRD-00053,10,0.25,Website,Cash On Delivery,Delivered,933.2,05-12-23,11-12-23
ORD-005732,CUST-00785,PRD-00111,1,0.25,Mobile App,Credit Card,Delivered,291.55,12-12-23,17-12-23
ORD-005182,CUST-00704,PRD-00019,2,0.25,Website,Wallet,Delivered,5919.72,11-12-24,13-12-24
ORD-001627,CUST-00219,PRD-00173,2,0.25,Marketplace,Installment,Delivered,1584.06,04-08-23,13-04-23
ORD-002096,CUST-00295,PRD-00013,10,0.25,Mobile App,Wallet,Delivered,5695.33,03-04-24,10-04-24
ORD-004649,CUST-00636,PRD-00078,2,0.25,Website,Installment,Delivered,803.87,07-03-23,03-12-23
ORD-003234,CUST-00449,PRD-00178,1,0.25,Mobile App,Installment,Delivered,583.55,09-03-24,13-03-24
ORD-002467,CUST-00341,PRD-00014,10,0.25,Marketplace,Credit Card,Delivered,3474.75,21-04-25,25-04-25
ORD-001588,CUST-00212,PRD-00055,2,0.25,Website,Wallet,Delivered,2089.61,06-10-24,14-06-24
ORD-005251,CUST-00715,PRD-00047,8,0.25,Marketplace,Wallet,Delivered,3368.82,19-11-25,21-11-25
ORD-004422,CUST-00610,PRD-00110,1,0.25,Website,Installment,Delivered,443.5,19-11-23,22-11-23
ORD-002683,CUST-00370,PRD-00150,2,0.25,Marketplace,Installment,Delivered,84.86,03-03-24,08-03-24
ORD-002663,CUST-00368,PRD-00077,2,0.25,Mobile App,Credit Card,Delivered,3228.9,07-10-23,14-10-23
ORD-005472,CUST-00747,PRD-00112,2,0.25,Mobile App,Installment,Delivered,422.18,17-07-25,20-07-25
ORD-004359,CUST-00604,PRD-00022,1,0.25,Website,Cash On Delivery,Delivered,14193.82,27-03-25,28-03-25
ORD-001484,CUST-00203,PRD-00027,1,0.25,Mobile App,Wallet,Delivered,6528.78,08-05-25,15-05-25
ORD-004199,CUST-00589,PRD-00060,1,0.25,Mobile App,Cash On Delivery,Delivered,2586.89,08-12-23,14-12-23
ORD-004594,CUST-00629,PRD-00103,1,0.25,Marketplace,Cash On Delivery,Delivered,275.52,10-09-23,12-09-23
ORD-004372,CUST-00605,PRD-00088,2,0.25,Mobile App,Installment,Delivered,2384.43,19-04-25,23-04-25
ORD-001243,CUST-00169,PRD-00134,1,0.25,Marketplace,Credit Card,Delivered,165,22-10-24,24-10-24
ORD-000580,CUST-00078,PRD-00036,8,0.25,Marketplace,Wallet,Delivered,2503.62,24-03-25,28-03-25
ORD-004462,CUST-00614,PRD-00187,7,0.25,Website,Cash On Delivery,Delivered,5533.15,21-11-23,28-11-23
ORD-002128,CUST-00299,PRD-00161,6,0.25,Website,Cash On Delivery,Delivered,1342.19,05-09-23,12-09-23
ORD-000485,CUST-00065,PRD-00059,8,0.25,Mobile App,Cash On Delivery,Delivered,1565.88,04-05-24,11-04-24
ORD-003351,CUST-00461,PRD-00109,1,0.25,Marketplace,Wallet,Delivered,252.4,14-09-23,17-09-23
ORD-004671,CUST-00639,PRD-00041,6,0.25,Website,Credit Card,Delivered,1168.7,11-10-23,14-11-23
ORD-001687,CUST-00228,PRD-00128,1,0.25,Mobile App,Cash On Delivery,Delivered,812.88,09-12-23,15-09-23
ORD-003783,CUST-00525,PRD-00106,2,0.25,Mobile App,Wallet,Delivered,1124.04,01-09-24,04-09-24
ORD-004058,CUST-00570,PRD-00042,1,0.25,Website,Wallet,Delivered,1460.4,24-03-24,27-03-24
ORD-000291,CUST-00038,PRD-00181,9,0.25,Website,Credit Card,Delivered,7757.56,14-10-24,16-10-24
ORD-000115,CUST-00016,PRD-00121,8,0.25,Marketplace,Credit Card,Delivered,307.1,19-11-23,23-11-23
ORD-000268,CUST-00033,PRD-00109,7,0.25,Mobile App,Installment,Delivered,252.4,03-07-23,07-08-23
ORD-002787,CUST-00378,PRD-00115,2,0.25,Website,Wallet,Delivered,290.78,16-08-23,19-08-23
ORD-003367,CUST-00461,PRD-00131,1,0.25,Website,Installment,Delivered,361.41,15-09-24,17-09-24
ORD-002110,CUST-00296,PRD-00034,7,0.25,Marketplace,Installment,Delivered,4894.09,06-11-23,11-11-23
ORD-000655,CUST-00088,PRD-00022,2,0.25,Marketplace,Cash On Delivery,Delivered,14193.82,22-11-24,25-11-24
ORD-001225,CUST-00168,PRD-00063,7,0.25,Mobile App,Credit Card,Delivered,3118.2,21-11-24,25-11-24
ORD-003577,CUST-00492,PRD-00084,6,0.25,Mobile App,Cash On Delivery,Delivered,600.09,08-05-23,15-05-23
ORD-001986,CUST-00284,PRD-00025,2,0.25,Mobile App,Credit Card,Delivered,15750.99,27-09-25,30-09-25
ORD-004445,CUST-00613,PRD-00078,9,0.25,Website,Wallet,Delivered,803.87,25-12-24,28-12-24
ORD-004556,CUST-00626,PRD-00065,1,0.25,Website,Cash On Delivery,Delivered,1220.64,27-09-24,30-09-24
ORD-003465,CUST-00477,PRD-00053,2,0.25,Marketplace,Installment,Delivered,933.2,15-05-23,20-05-23
ORD-001478,CUST-00203,PRD-00088,2,0.25,Marketplace,Wallet,Delivered,2384.43,08-06-23,06-10-23
ORD-003714,CUST-00515,PRD-00053,7,0.25,Website,Installment,Delivered,933.2,21-11-25,25-11-25
ORD-004434,CUST-00611,PRD-00033,10,0.25,Marketplace,Installment,Delivered,1947.05,26-12-25,02-01-26
ORD-002535,CUST-00350,PRD-00188,1,0.25,Marketplace,Wallet,Delivered,235.83,20-02-23,27-02-23
ORD-001339,CUST-00180,PRD-00161,1,0.25,Mobile App,Credit Card,Delivered,1342.19,17-11-25,22-11-25
ORD-004386,CUST-00605,PRD-00054,1,0.25,Marketplace,Cash On Delivery,Delivered,1277.14,03-01-25,05-01-25
ORD-001335,CUST-00180,PRD-00070,2,0.25,Mobile App,Wallet,Delivered,1062.89,08-05-23,13-05-23
ORD-004613,CUST-00632,PRD-00069,8,0.25,Marketplace,Credit Card,Delivered,1039.35,02-05-24,09-02-24
ORD-005157,CUST-00702,PRD-00144,1,0.25,Marketplace,Credit Card,Delivered,212.23,30-11-25,06-12-25
ORD-001043,CUST-00144,PRD-00109,7,0.25,Website,Installment,Delivered,252.4,25-10-25,27-10-25
ORD-001815,CUST-00251,PRD-00183,8,0.25,Mobile App,Cash On Delivery,Delivered,6588.34,02-10-24,16-02-24
ORD-003013,CUST-00418,PRD-00128,10,0.25,Marketplace,Installment,Delivered,812.88,28-12-24,31-12-24
ORD-002076,CUST-00292,PRD-00139,2,0.25,Marketplace,Wallet,Delivered,195.93,07-03-25,10-03-25
ORD-003514,CUST-00484,PRD-00156,2,0.25,Mobile App,Cash On Delivery,Delivered,250.31,28-09-24,05-10-24
ORD-001298,CUST-00175,PRD-00149,1,0.25,Marketplace,Wallet,Delivered,93.5,21-11-23,25-11-23
ORD-000802,CUST-00107,PRD-00169,1,0.25,Mobile App,Wallet,Delivered,3779.35,27-02-25,05-03-25
ORD-004426,CUST-00611,PRD-00132,8,0.25,Website,Credit Card,Delivered,436.68,08-01-24,14-01-24
ORD-000940,CUST-00129,PRD-00158,7,0.25,Mobile App,Credit Card,Delivered,308.65,20-10-23,25-10-23
ORD-001798,CUST-00245,PRD-00185,1,0.25,Marketplace,Cash On Delivery,Delivered,2013.53,19-05-24,21-05-24
ORD-001085,CUST-00148,PRD-00137,1,0.25,Website,Cash On Delivery,Delivered,328.81,29-10-24,31-10-24
ORD-002947,CUST-00408,PRD-00083,7,0.25,Mobile App,Cash On Delivery,Delivered,1673.7,23-04-23,30-04-23
ORD-005617,CUST-00771,PRD-00099,7,0.25,Marketplace,Credit Card,Delivered,152.23,06-07-23,14-06-23
ORD-001522,CUST-00207,PRD-00067,8,0.25,Mobile App,Installment,Delivered,1590.28,25-09-23,26-09-23
ORD-005597,CUST-00765,PRD-00043,2,0.25,Mobile App,Credit Card,Delivered,670.88,22-02-24,23-02-24
ORD-004772,CUST-00653,PRD-00109,2,0.25,Website,Wallet,Delivered,252.4,06-11-24,09-11-24
ORD-004739,CUST-00650,PRD-00169,2,0.25,Mobile App,Wallet,Delivered,3779.35,13-01-24,17-01-24
ORD-001072,CUST-00146,PRD-00176,7,0.25,Mobile App,Wallet,Delivered,3014.74,15-05-25,22-05-25
ORD-005789,CUST-00792,PRD-00060,7,0.25,Website,Installment,Delivered,2586.89,17-11-23,23-11-23
ORD-003204,CUST-00441,PRD-00147,2,0.25,Marketplace,Wallet,Delivered,222.8,17-06-24,18-06-24
ORD-005411,CUST-00735,PRD-00184,2,0.25,Marketplace,Wallet,Delivered,2621.44,22-07-23,24-07-23
ORD-004299,CUST-00600,PRD-00188,7,0.25,Marketplace,Credit Card,Delivered,235.83,03-02-24,04-03-24
ORD-004750,CUST-00651,PRD-00173,1,0.25,Marketplace,Credit Card,Delivered,1584.06,31-12-24,02-01-25
ORD-003531,CUST-00486,PRD-00178,2,0.25,Website,Installment,Delivered,583.55,27-08-24,28-08-24
ORD-001336,CUST-00180,PRD-00010,1,0.25,Mobile App,Cash On Delivery,Delivered,2297.75,05-05-25,05-10-25
ORD-004451,CUST-00614,PRD-00007,6,0.25,Website,Cash On Delivery,Delivered,5375.75,10-11-23,14-11-23
ORD-002339,CUST-00327,PRD-00061,9,0.25,Marketplace,Installment,Delivered,1707.55,13-03-24,20-03-24
ORD-003883,CUST-00544,PRD-00133,2,0.25,Marketplace,Installment,Delivered,174.99,03-03-24,03-09-24
ORD-005442,CUST-00741,PRD-00079,6,0.25,Marketplace,Cash On Delivery,Delivered,646.3,17-03-24,20-03-24
ORD-005560,CUST-00762,PRD-00005,8,0.25,Marketplace,Installment,Delivered,5870.09,08-04-24,11-04-24
ORD-003214,CUST-00442,PRD-00054,8,0.25,Website,Credit Card,Delivered,1277.14,18-12-24,21-12-24
ORD-005380,CUST-00731,PRD-00176,2,0.25,Mobile App,Installment,Delivered,3014.74,15-02-23,21-02-23
ORD-001002,CUST-00136,PRD-00046,1,0.25,Website,Cash On Delivery,Delivered,1161.95,26-06-25,03-07-25
ORD-000171,CUST-00022,PRD-00130,9,0.25,Website,Installment,Delivered,93.92,11-10-24,13-11-24
ORD-000162,CUST-00022,PRD-00014,7,0.25,Marketplace,Cash On Delivery,Delivered,3474.75,04-06-24,11-06-24
ORD-003928,CUST-00553,PRD-00137,6,0.25,Marketplace,Credit Card,Delivered,328.81,20-02-24,24-02-24
ORD-000032,CUST-00005,PRD-00135,10,0.25,Website,Cash On Delivery,Delivered,55.83,20-01-25,23-01-25
ORD-005209,CUST-00707,PRD-00125,8,0.25,Website,Installment,Delivered,151.72,06-02-24,03-06-24
ORD-000864,CUST-00117,PRD-00180,2,0.25,Website,Installment,Delivered,6579.05,13-12-25,15-12-25
ORD-004602,CUST-00630,PRD-00153,1,0.25,Website,Credit Card,Delivered,321.69,19-10-23,26-10-23
ORD-004949,CUST-00671,PRD-00007,8,0.25,Marketplace,Cash On Delivery,Delivered,5375.75,04-01-23,01-11-23
ORD-002594,CUST-00357,PRD-00100,5,0.25,Website,Credit Card,Delivered,555.91,15-04-25,22-04-25
ORD-001330,CUST-00179,PRD-00147,5,0.25,Mobile App,Credit Card,Delivered,222.8,04-06-24,06-06-24
ORD-000269,CUST-00033,PRD-00059,5,0.25,Marketplace,Installment,Delivered,1565.88,29-08-23,09-05-23
ORD-004002,CUST-00563,PRD-00038,5,0.25,Marketplace,Wallet,Delivered,2707.61,25-07-23,27-07-23
ORD-003647,CUST-00501,PRD-00169,5,0.25,Marketplace,Installment,Delivered,3779.35,02-01-25,01-03-25
ORD-005579,CUST-00764,PRD-00061,5,0.25,Mobile App,Installment,Delivered,1707.55,18-12-23,19-12-23
ORD-002733,CUST-00373,PRD-00065,5,0.25,Mobile App,Installment,Delivered,1220.64,14-05-24,16-05-24
ORD-000318,CUST-00041,PRD-00108,5,0.25,Marketplace,Cash On Delivery,Delivered,230.98,10-03-25,10-10-25
ORD-003499,CUST-00482,PRD-00138,5,0.25,Marketplace,Wallet,Delivered,293.11,08-11-24,09-11-24
ORD-000969,CUST-00133,PRD-00079,5,0.25,Website,Installment,Delivered,646.3,11-08-23,18-08-23
ORD-002351,CUST-00329,PRD-00057,5,0.25,Website,Cash On Delivery,Delivered,5493.06,31-07-24,03-08-24
ORD-004045,CUST-00568,PRD-00045,5,0.25,Mobile App,Wallet,Delivered,4956.18,06-08-24,13-06-24
ORD-003799,CUST-00528,PRD-00160,5,0.25,Website,Cash On Delivery,Delivered,214.1,28-11-23,12-04-23
ORD-004477,CUST-00617,PRD-00186,5,0.25,Mobile App,Cash On Delivery,Delivered,4878.71,12-10-25,12-12-25
ORD-001418,CUST-00191,PRD-00186,5,0.25,Website,Cash On Delivery,Delivered,4878.71,21-07-24,28-07-24
ORD-002000,CUST-00285,PRD-00090,5,0.25,Marketplace,Wallet,Delivered,1391.99,26-02-23,05-03-23
ORD-003855,CUST-00540,PRD-00177,5,0.25,Marketplace,Installment,Delivered,5234.78,17-11-24,21-11-24
ORD-003020,CUST-00419,PRD-00134,5,0.25,Marketplace,Installment,Delivered,165,30-12-24,01-01-25
ORD-002241,CUST-00313,PRD-00112,5,0.25,Website,Credit Card,Delivered,422.18,31-07-25,03-08-25
ORD-003223,CUST-00444,PRD-00032,5,0.25,Website,Cash On Delivery,Delivered,1547.2,02-08-25,08-03-25
ORD-004416,CUST-00609,PRD-00001,5,0.25,Website,Cash On Delivery,Delivered,3019.28,07-12-24,14-12-24
ORD-003049,CUST-00425,PRD-00038,5,0.25,Mobile App,Credit Card,Delivered,2707.61,25-05-25,01-06-25
ORD-001735,CUST-00238,PRD-00101,5,0.25,Mobile App,Installment,Delivered,658.37,22-09-25,23-09-25
ORD-005510,CUST-00753,PRD-00082,5,0.25,Mobile App,Installment,Delivered,1269.02,01-02-25,04-02-25
ORD-002179,CUST-00306,PRD-00020,5,0.25,Mobile App,Cash On Delivery,Delivered,9661.76,21-03-23,24-03-23
ORD-001337,CUST-00180,PRD-00123,5,0.25,Website,Installment,Delivered,83.93,14-06-24,21-06-24
ORD-003318,CUST-00459,PRD-00060,5,0.25,Mobile App,Credit Card,Delivered,2586.89,28-07-24,02-08-24
ORD-003767,CUST-00521,PRD-00172,5,0.25,Mobile App,Installment,Delivered,4391.94,15-03-23,21-03-23
ORD-001197,CUST-00165,PRD-00145,5,0.25,Marketplace,Wallet,Delivered,116.01,31-07-23,05-08-23
ORD-005032,CUST-00683,PRD-00009,5,0.25,Mobile App,Credit Card,Delivered,1433.71,03-12-25,06-12-25
ORD-003769,CUST-00522,PRD-00055,5,0.25,Mobile App,Installment,Delivered,2089.61,12-04-25,14-04-25
ORD-003583,CUST-00492,PRD-00150,5,0.25,Marketplace,Credit Card,Delivered,84.86,17-03-25,23-03-25
ORD-001384,CUST-00188,PRD-00150,5,0.25,Marketplace,Credit Card,Delivered,84.86,15-04-25,22-04-25
ORD-002850,CUST-00388,PRD-00060,5,0.25,Website,Cash On Delivery,Delivered,2586.89,22-09-25,27-09-25
ORD-002289,CUST-00319,PRD-00104,5,0.25,Mobile App,Credit Card,Delivered,698.62,06-11-24,11-04-24
ORD-000446,CUST-00059,PRD-00073,5,0.25,Website,Installment,Delivered,2603.44,13-09-24,17-09-24
ORD-002945,CUST-00408,PRD-00181,5,0.25,Mobile App,Cash On Delivery,Delivered,7757.56,06-04-25,04-11-25
ORD-000672,CUST-00091,PRD-00172,5,0.25,Marketplace,Wallet,Delivered,4391.94,01-12-23,03-12-23
ORD-001799,CUST-00245,PRD-00112,5,0.25,Website,Installment,Delivered,422.18,11-10-25,17-10-25
ORD-000341,CUST-00042,PRD-00108,5,0.25,Mobile App,Credit Card,Delivered,230.98,21-09-23,25-09-23
ORD-002017,CUST-00286,PRD-00019,5,0.25,Mobile App,Wallet,Delivered,5919.72,24-01-24,29-01-24
ORD-000038,CUST-00005,PRD-00036,5,0.25,Marketplace,Cash On Delivery,Delivered,2503.62,21-03-25,23-03-25
ORD-001713,CUST-00234,PRD-00145,5,0.25,Website,Cash On Delivery,Delivered,116.01,23-01-24,24-01-24
ORD-004371,CUST-00605,PRD-00168,5,0.25,Marketplace,Wallet,Delivered,3279.73,20-07-25,26-07-25
ORD-001038,CUST-00143,PRD-00155,5,0.25,Marketplace,Installment,Delivered,228.62,30-05-25,01-06-25
ORD-005559,CUST-00762,PRD-00028,5,0.25,Website,Installment,Delivered,6404.22,21-10-25,23-10-25
ORD-000745,CUST-00100,PRD-00069,5,0.25,Website,Cash On Delivery,Delivered,1039.35,14-12-23,20-12-23
ORD-004178,CUST-00588,PRD-00064,5,0.25,Mobile App,Cash On Delivery,Delivered,1338.56,03-07-23,12-03-23
ORD-004654,CUST-00637,PRD-00028,5,0.25,Mobile App,Credit Card,Delivered,6404.22,07-08-24,12-08-24
ORD-002298,CUST-00320,PRD-00054,5,0.25,Mobile App,Cash On Delivery,Delivered,1277.14,29-03-23,31-03-23
ORD-003229,CUST-00445,PRD-00106,5,0.25,Mobile App,Installment,Delivered,1124.04,17-06-23,20-06-23
ORD-005697,CUST-00780,PRD-00025,5,0.25,Website,Credit Card,Delivered,15750.99,09-06-24,07-09-24
ORD-001033,CUST-00143,PRD-00092,5,0.25,Marketplace,Credit Card,Delivered,727.52,14-10-23,17-10-23
ORD-001987,CUST-00284,PRD-00128,5,0.25,Website,Credit Card,Delivered,812.88,09-12-24,16-09-24
ORD-005101,CUST-00695,PRD-00140,5,0.25,Marketplace,Credit Card,Delivered,168.61,27-03-23,30-03-23
ORD-000629,CUST-00084,PRD-00086,5,0.25,Website,Wallet,Delivered,1754.49,11-04-24,04-12-24
ORD-005339,CUST-00727,PRD-00130,5,0.25,Mobile App,Cash On Delivery,Delivered,93.92,15-02-23,16-02-23
ORD-000641,CUST-00085,PRD-00049,5,0.25,Marketplace,Wallet,Delivered,3627.21,11-10-25,13-10-25
ORD-005445,CUST-00742,PRD-00143,5,0.25,Website,Credit Card,Delivered,174.65,13-08-23,20-08-23
ORD-004368,CUST-00604,PRD-00111,5,0.25,Mobile App,Installment,Delivered,291.55,25-12-25,27-12-25
ORD-001758,CUST-00240,PRD-00022,5,0.25,Website,Wallet,Delivered,14193.82,10-08-23,13-08-23
ORD-002556,CUST-00353,PRD-00034,5,0.25,Marketplace,Credit Card,Delivered,4894.09,06-01-24,01-11-24
ORD-002825,CUST-00383,PRD-00071,5,0.25,Marketplace,Cash On Delivery,Delivered,657.42,09-12-24,11-12-24
ORD-001306,CUST-00176,PRD-00169,5,0.25,Mobile App,Installment,Delivered,3779.35,22-02-25,01-03-25
ORD-004764,CUST-00652,PRD-00096,5,0.25,Marketplace,Credit Card,Delivered,1013.61,28-02-25,01-03-25
ORD-004024,CUST-00565,PRD-00121,5,0.25,Mobile App,Wallet,Delivered,307.1,07-12-25,14-12-25
ORD-004414,CUST-00609,PRD-00086,5,0.25,Website,Credit Card,Delivered,1754.49,18-03-24,23-03-24
ORD-003983,CUST-00560,PRD-00086,5,0.25,Mobile App,Cash On Delivery,Delivered,1754.49,05-10-23,06-10-23
ORD-002512,CUST-00347,PRD-00051,5,0.25,Website,Cash On Delivery,Delivered,4568.48,08-12-23,12-09-23
ORD-001351,CUST-00181,PRD-00066,5,0.15,Marketplace,Installment,Delivered,531.75,02-11-23,09-11-23
ORD-002725,CUST-00372,PRD-00149,1,0.15,Marketplace,Cash On Delivery,Delivered,93.5,31-12-24,01-03-25
ORD-001978,CUST-00283,PRD-00101,5,0.15,Marketplace,Installment,Delivered,658.37,03-11-25,13-03-25
ORD-002666,CUST-00369,PRD-00159,4,0.15,Marketplace,Wallet,Delivered,195.16,16-09-23,19-09-23
ORD-000860,CUST-00115,PRD-00147,5,0.15,Marketplace,Installment,Delivered,222.8,11-11-24,13-11-24
ORD-004214,CUST-00590,PRD-00013,5,0.15,Marketplace,Cash On Delivery,Delivered,5695.33,28-07-23,29-07-23
ORD-001567,CUST-00210,PRD-00165,7,0.15,Marketplace,Cash On Delivery,Delivered,1559.9,03-06-25,07-06-25
ORD-003629,CUST-00498,PRD-00106,1,0.15,Marketplace,Wallet,Delivered,1124.04,30-01-24,06-02-24
ORD-001508,CUST-00206,PRD-00168,5,0.15,Marketplace,Installment,Delivered,3279.73,12-06-24,18-06-24
ORD-002592,CUST-00357,PRD-00028,5,0.15,Marketplace,Installment,Delivered,6404.22,09-01-24,01-11-24
ORD-000749,CUST-00100,PRD-00070,6,0.15,Marketplace,Wallet,Delivered,1062.89,22-06-23,23-06-23
ORD-005561,CUST-00762,PRD-00015,6,0.15,Marketplace,Installment,Delivered,5715.8,27-04-25,03-05-25
ORD-002307,CUST-00321,PRD-00130,2,0.15,Marketplace,Wallet,Delivered,93.92,10-12-23,17-10-23
ORD-004455,CUST-00614,PRD-00140,4,0.15,Marketplace,Installment,Delivered,168.61,13-01-23,18-01-23
ORD-001842,CUST-00256,PRD-00128,4,0.15,Marketplace,Cash On Delivery,Delivered,812.88,22-02-25,03-01-25
ORD-002909,CUST-00401,PRD-00122,7,0.15,Marketplace,Cash On Delivery,Delivered,692.52,06-07-24,08-07-24
ORD-005192,CUST-00705,PRD-00162,3,0.15,Marketplace,Cash On Delivery,Delivered,1009.35,24-03-23,28-03-23
ORD-004844,CUST-00661,PRD-00080,10,0.15,Marketplace,Wallet,Delivered,1092.22,12-01-23,02-12-23
ORD-002383,CUST-00333,PRD-00048,3,0.15,Marketplace,Credit Card,Delivered,616.54,15-10-25,19-10-25
ORD-003788,CUST-00526,PRD-00155,9,0.15,Marketplace,Installment,Delivered,228.62,12-12-23,13-12-23
ORD-001597,CUST-00214,PRD-00132,5,0.15,Marketplace,Credit Card,Delivered,436.68,04-04-25,05-04-25
ORD-003302,CUST-00457,PRD-00126,1,0.15,Marketplace,Wallet,Delivered,340.64,06-01-23,07-01-23
ORD-004250,CUST-00596,PRD-00161,9,0.15,Marketplace,Wallet,Delivered,1342.19,06-08-23,12-08-23
ORD-000530,CUST-00072,PRD-00085,4,0.15,Marketplace,Wallet,Delivered,265.37,28-10-25,11-02-25
ORD-000733,CUST-00099,PRD-00030,2,0.15,Marketplace,Credit Card,Delivered,6643.61,15-12-23,21-12-23
ORD-002918,CUST-00401,PRD-00164,9,0.15,Marketplace,Cash On Delivery,Delivered,6039.64,24-12-25,30-12-25
ORD-004417,CUST-00609,PRD-00182,1,0.15,Marketplace,Cash On Delivery,Delivered,4312.02,06-03-23,07-03-23
ORD-005186,CUST-00704,PRD-00139,1,0.15,Marketplace,Wallet,Delivered,195.93,09-10-24,13-10-24
ORD-001691,CUST-00230,PRD-00029,1,0.15,Marketplace,Cash On Delivery,Delivered,1141.21,03-09-24,08-09-24
ORD-002728,CUST-00373,PRD-00180,4,0.15,Marketplace,Cash On Delivery,Delivered,6579.05,06-11-25,13-06-25
ORD-004982,CUST-00675,PRD-00156,3,0.15,Marketplace,Cash On Delivery,Delivered,250.31,08-06-24,14-06-24
ORD-003962,CUST-00557,PRD-00164,5,0.15,Marketplace,Installment,Delivered,6039.64,11-12-24,18-12-24
ORD-001105,CUST-00150,PRD-00070,4,0.15,Marketplace,Installment,Delivered,1062.89,22-12-25,24-12-25
ORD-003717,CUST-00515,PRD-00186,9,0.15,Marketplace,Cash On Delivery,Delivered,4878.71,02-07-23,04-07-23
ORD-003015,CUST-00418,PRD-00062,5,0.15,Marketplace,Credit Card,Delivered,271.83,18-12-24,19-12-24
ORD-000771,CUST-00101,PRD-00103,5,0.15,Marketplace,Cash On Delivery,Delivered,275.52,04-11-23,11-11-23
ORD-005733,CUST-00785,PRD-00083,1,0.15,Marketplace,Credit Card,Delivered,1673.7,11-02-24,15-02-24
ORD-005569,CUST-00763,PRD-00175,2,0.15,Marketplace,Installment,Delivered,3144.98,21-12-24,23-12-24
ORD-000155,CUST-00022,PRD-00076,8,0.15,Marketplace,Cash On Delivery,Delivered,2045.06,20-12-23,22-12-23
ORD-004600,CUST-00630,PRD-00149,1,0.15,Marketplace,Wallet,Delivered,93.5,13-03-25,19-03-25
ORD-001031,CUST-00142,PRD-00114,2,0.15,Marketplace,Installment,Delivered,864.91,03-06-24,08-06-24
ORD-001101,CUST-00150,PRD-00007,6,0.15,Marketplace,Wallet,Delivered,5375.75,17-08-23,23-08-23
ORD-001752,CUST-00239,PRD-00061,8,0.15,Marketplace,Wallet,Delivered,1707.55,14-04-23,21-04-23
ORD-002088,CUST-00294,PRD-00106,5,0.15,Marketplace,Cash On Delivery,Delivered,1124.04,06-08-25,08-09-25
ORD-002905,CUST-00401,PRD-00107,7,0.15,Marketplace,Wallet,Delivered,803.85,05-11-25,11-07-25
ORD-003580,CUST-00492,PRD-00113,5,0.15,Marketplace,Cash On Delivery,Delivered,719.15,02-10-23,07-10-23
ORD-004027,CUST-00565,PRD-00172,5,0.15,Marketplace,Installment,Delivered,4391.94,02-08-24,03-08-24
ORD-001361,CUST-00182,PRD-00089,9,0.15,Marketplace,Cash On Delivery,Delivered,370.11,30-04-24,02-05-24
ORD-001069,CUST-00146,PRD-00171,7,0.15,Marketplace,Credit Card,Delivered,1117.84,04-09-24,10-09-24
ORD-003595,CUST-00494,PRD-00092,7,0.15,Marketplace,Wallet,Delivered,727.52,25-07-24,30-07-24
ORD-001474,CUST-00203,PRD-00180,4,0.15,Marketplace,Installment,Delivered,6579.05,06-12-25,13-12-25
ORD-004265,CUST-00597,PRD-00135,7,0.15,Marketplace,Cash On Delivery,Delivered,55.83,01-05-23,03-05-23
ORD-005043,CUST-00684,PRD-00012,1,0.15,Marketplace,Cash On Delivery,Delivered,9488.69,10-02-23,17-02-23
ORD-000322,CUST-00041,PRD-00051,5,0.15,Marketplace,Installment,Delivered,4568.48,27-01-24,02-02-24
ORD-003004,CUST-00417,PRD-00006,6,0.15,Marketplace,Installment,Delivered,4094.1,19-01-24,25-01-24
ORD-003849,CUST-00540,PRD-00087,4,0.15,Marketplace,Wallet,Delivered,937.05,02-06-25,07-02-25
ORD-002465,CUST-00341,PRD-00167,6,0.15,Marketplace,Wallet,Delivered,741.81,14-11-23,18-11-23
ORD-003341,CUST-00460,PRD-00025,1,0.15,Marketplace,Installment,Delivered,15750.99,16-03-25,20-03-25
ORD-001981,CUST-00283,PRD-00070,2,0.15,Marketplace,Credit Card,Delivered,1062.89,14-07-24,18-07-24
ORD-005457,CUST-00743,PRD-00110,2,0.15,Marketplace,Wallet,Delivered,443.5,29-04-23,06-05-23
ORD-000396,CUST-00050,PRD-00098,6,0.15,Marketplace,Installment,Delivered,718.7,11-05-25,14-05-25
ORD-005675,CUST-00777,PRD-00107,2,0.15,Marketplace,Cash On Delivery,Delivered,803.85,31-07-23,06-08-23
ORD-005707,CUST-00781,PRD-00187,3,0.15,Marketplace,Cash On Delivery,Delivered,5533.15,04-02-24,08-02-24
ORD-004533,CUST-00624,PRD-00012,2,0.15,Marketplace,Wallet,Delivered,9488.69,13-12-23,17-12-23
ORD-002459,CUST-00340,PRD-00066,2,0.15,Marketplace,Credit Card,Delivered,531.75,21-12-25,23-12-25
ORD-000036,CUST-00005,PRD-00143,8,0.15,Marketplace,Cash On Delivery,Delivered,174.65,20-11-24,22-11-24
ORD-001100,CUST-00150,PRD-00129,10,0.15,Marketplace,Cash On Delivery,Delivered,23.89,20-12-24,23-12-24
ORD-002483,CUST-00343,PRD-00032,9,0.15,Marketplace,Installment,Delivered,1547.2,25-07-23,28-07-23
ORD-005798,CUST-00794,PRD-00057,5,0.15,Marketplace,Wallet,Delivered,5493.06,07-05-24,05-10-24
ORD-000554,CUST-00074,PRD-00059,10,0.15,Marketplace,Wallet,Delivered,1565.88,03-06-23,07-06-23
ORD-003246,CUST-00450,PRD-00153,1,0.15,Marketplace,Credit Card,Delivered,321.69,23-11-25,29-11-25
ORD-002302,CUST-00320,PRD-00161,1,0.15,Marketplace,Cash On Delivery,Delivered,1342.19,10-08-24,14-08-24
ORD-002359,CUST-00330,PRD-00014,6,0.15,Marketplace,Credit Card,Delivered,3474.75,17-03-23,18-03-23
ORD-002938,CUST-00407,PRD-00014,4,0.15,Marketplace,Credit Card,Delivered,3474.75,04-01-25,03-04-25
ORD-001775,CUST-00243,PRD-00083,2,0.15,Marketplace,Cash On Delivery,Delivered,1673.7,05-09-23,14-05-23
ORD-005098,CUST-00694,PRD-00019,1,0.15,Marketplace,Credit Card,Delivered,5919.72,23-04-25,24-04-25
ORD-002449,CUST-00340,PRD-00070,5,0.15,Marketplace,Credit Card,Delivered,1062.89,28-04-23,29-04-23
ORD-002210,CUST-00311,PRD-00158,3,0.15,Marketplace,Installment,Delivered,308.65,16-07-24,18-07-24
ORD-001273,CUST-00172,PRD-00169,2,0.15,Marketplace,Wallet,Delivered,3779.35,23-11-25,28-11-25
ORD-005301,CUST-00723,PRD-00047,9,0.15,Marketplace,Wallet,Delivered,3368.82,27-06-24,01-07-24
ORD-003323,CUST-00459,PRD-00089,4,0.15,Marketplace,Wallet,Delivered,370.11,05-05-24,11-05-24
ORD-005141,CUST-00699,PRD-00140,9,0.15,Marketplace,Wallet,Delivered,168.61,10-02-24,13-02-24
ORD-004564,CUST-00627,PRD-00188,1,0.15,Marketplace,Credit Card,Delivered,235.83,06-07-25,10-07-25
ORD-001257,CUST-00170,PRD-00079,2,0.15,Marketplace,Installment,Delivered,646.3,26-03-25,29-03-25
ORD-000442,CUST-00059,PRD-00085,7,0.15,Marketplace,Credit Card,Delivered,265.37,08-06-24,11-08-24
ORD-005091,CUST-00693,PRD-00018,3,0.15,Marketplace,Credit Card,Delivered,8604.46,29-12-24,05-01-25
ORD-002488,CUST-00343,PRD-00147,5,0.15,Marketplace,Cash On Delivery,Delivered,222.8,25-07-25,27-07-25
ORD-000464,CUST-00061,PRD-00165,3,0.15,Marketplace,Credit Card,Delivered,1559.9,09-07-24,16-07-24
ORD-002911,CUST-00401,PRD-00070,10,0.15,Marketplace,Installment,Delivered,1062.89,26-05-25,02-06-25
ORD-005577,CUST-00764,PRD-99999,2,0.15,Marketplace,Wallet,Delivered,125.16,19-03-23,23-03-23
ORD-000987,CUST-00134,PRD-00182,9,0.15,Marketplace,Installment,Delivered,4312.02,02-07-23,06-07-23
ORD-002975,CUST-00414,PRD-00141,4,0.15,Marketplace,Credit Card,Delivered,265.4,17-03-25,20-03-25
ORD-000241,CUST-00032,PRD-00155,1,0.15,Marketplace,Cash On Delivery,Delivered,228.62,17-09-23,20-09-23
ORD-005478,CUST-00748,PRD-00151,4,0.15,Marketplace,Credit Card,Delivered,125.16,27-06-23,28-06-23
ORD-005261,CUST-00719,PRD-00028,3,0.15,Marketplace,Wallet,Delivered,6404.22,22-07-23,21-07-23
ORD-005269,CUST-00719,PRD-00185,8,0.15,Marketplace,Wallet,Delivered,2013.53,08-08-23,08-11-23
ORD-001711,CUST-00234,PRD-00080,1,0.15,Marketplace,Cash On Delivery,Delivered,1092.22,29-05-24,03-06-24
ORD-003939,CUST-00555,PRD-00152,1,0.15,Marketplace,Installment,Delivered,23.7,02-12-24,06-12-24
ORD-001780,CUST-00245,PRD-00034,1,0.15,Marketplace,Wallet,Delivered,4894.09,19-09-24,25-09-24
ORD-001637,CUST-00222,PRD-00065,3,0.15,Marketplace,Credit Card,Delivered,1220.64,27-08-23,31-08-23
ORD-005480,CUST-00749,PRD-00003,3,0.15,Marketplace,Wallet,Delivered,1534.69,26-04-25,27-04-25
ORD-003366,CUST-00461,PRD-00152,4,0.15,Marketplace,Credit Card,Delivered,23.7,05-05-25,11-05-25
ORD-000349,CUST-00043,PRD-00140,10,0.15,Marketplace,Credit Card,Delivered,168.61,11-11-24,15-11-24
ORD-000871,CUST-00119,PRD-00184,3,0.15,Marketplace,Credit Card,Delivered,2621.44,08-04-23,09-04-23
ORD-000501,CUST-00067,PRD-00007,1,0.15,Marketplace,Wallet,Delivered,5375.75,16-01-23,23-01-23
ORD-003468,CUST-00477,PRD-00006,2,0.15,Marketplace,Cash On Delivery,Delivered,4094.1,16-02-25,21-02-25
ORD-000944,CUST-00130,PRD-00134,5,0.15,Marketplace,Cash On Delivery,Delivered,165,12-06-23,13-12-23
ORD-000202,CUST-00027,PRD-00106,1,0.15,Marketplace,Credit Card,Delivered,1124.04,23-10-24,25-10-24
ORD-002887,CUST-00396,PRD-00010,10,0.15,Marketplace,Cash On Delivery,Delivered,2297.75,30-11-25,28-11-25
ORD-004349,CUST-00603,PRD-00049,10,0.15,Marketplace,Installment,Delivered,3627.21,09-07-23,13-09-23
ORD-000596,CUST-00080,PRD-00050,5,0.15,Marketplace,Wallet,Delivered,6188.03,03-10-23,10-10-23
ORD-001389,CUST-00188,PRD-00188,5,0.15,Marketplace,Installment,Delivered,235.83,10-05-23,15-05-23
ORD-002499,CUST-00344,PRD-00145,5,0.15,Marketplace,Installment,Delivered,116.01,12-04-25,14-04-25
ORD-005240,CUST-00713,PRD-00044,1,0.15,Marketplace,Wallet,Delivered,3309.62,11-08-24,12-11-24
ORD-003227,CUST-00444,PRD-00011,2,0.15,Marketplace,Wallet,Delivered,2785.74,28-01-25,29-01-25
ORD-004270,CUST-00598,PRD-00136,3,0.15,Marketplace,Installment,Delivered,310.7,27-05-25,01-06-25
ORD-000841,CUST-00111,PRD-00152,2,0.15,Marketplace,Installment,Delivered,23.7,13-06-24,14-06-24
ORD-001275,CUST-00172,PRD-00082,2,0.15,Marketplace,Credit Card,Delivered,1269.02,29-08-24,02-09-24
ORD-005526,CUST-00755,PRD-00086,5,0.15,Marketplace,Wallet,Delivered,1754.49,05-10-24,10-09-24
ORD-003485,CUST-00480,PRD-00143,7,0.15,Marketplace,Cash On Delivery,Delivered,174.65,10-11-23,13-11-23
ORD-003701,CUST-00512,PRD-00133,3,0.15,Marketplace,Cash On Delivery,Delivered,174.99,28-10-23,31-10-23
ORD-000381,CUST-00048,PRD-00071,5,0.15,Marketplace,Credit Card,Delivered,657.42,28-06-23,03-07-23
ORD-004446,CUST-00613,PRD-00081,7,0.15,Marketplace,Cash On Delivery,Delivered,2904.61,06-11-24,12-06-24
ORD-000776,CUST-00103,PRD-00080,8,0.15,Marketplace,Credit Card,Delivered,1092.22,25-03-25,01-04-25
ORD-005692,CUST-00779,PRD-00142,5,0.15,Marketplace,Wallet,Delivered,29.02,02-10-23,17-02-23
ORD-002002,CUST-00285,PRD-00156,3,0.15,Marketplace,Installment,Delivered,250.31,07-06-24,10-06-24
ORD-000670,CUST-00090,PRD-00148,5,0.15,Marketplace,Wallet,Delivered,63.15,14-08-23,16-08-23
ORD-002398,CUST-00334,PRD-00179,3,0.15,Marketplace,Wallet,Delivered,2311.13,05-03-23,03-09-23
ORD-002984,CUST-00415,PRD-00083,1,0.15,Website,Wallet,Delivered,1673.7,03-09-24,09-08-24
ORD-003338,CUST-00460,PRD-00168,1,0.15,Website,Wallet,Delivered,3279.73,05-05-24,12-05-24
ORD-001654,CUST-00223,PRD-00153,1,0.15,Website,Wallet,Delivered,321.69,21-09-23,28-09-23
ORD-005185,CUST-00704,PRD-00086,3,0.15,Website,Wallet,Delivered,1754.49,13-02-23,18-02-23
ORD-001375,CUST-00185,PRD-00140,3,0.15,Website,Wallet,Delivered,168.61,22-10-24,27-10-24
ORD-001236,CUST-00169,PRD-00098,2,0.15,Website,Wallet,Delivered,718.7,20-04-25,23-04-25
ORD-001437,CUST-00195,PRD-00043,5,0.15,Website,Credit Card,Delivered,670.88,16-09-24,22-09-24
ORD-000361,CUST-00043,PRD-00094,6,0.15,Website,Cash On Delivery,Delivered,286.11,11-06-24,17-06-24
ORD-005099,CUST-00694,PRD-00082,2,0.15,Website,Installment,Delivered,1269.02,26-05-23,02-06-23
ORD-000683,CUST-00091,PRD-00034,4,0.15,Website,Credit Card,Delivered,4894.09,13-10-24,17-10-24
ORD-003674,CUST-00506,PRD-00013,4,0.15,Website,Cash On Delivery,Delivered,5695.33,12-10-24,15-10-24
ORD-004424,CUST-00611,PRD-00096,8,0.15,Website,Installment,Delivered,1013.61,30-10-25,01-11-25
ORD-000321,CUST-00041,PRD-00066,1,0.15,Website,Installment,Delivered,531.75,02-10-23,03-10-23
ORD-000490,CUST-00066,PRD-00081,4,0.15,Website,Cash On Delivery,Delivered,2904.61,08-05-23,15-05-23
ORD-000633,CUST-00084,PRD-00069,3,0.15,Website,Cash On Delivery,Delivered,1039.35,23-02-23,24-02-23
ORD-005360,CUST-00730,PRD-00058,3,0.15,Website,Cash On Delivery,Delivered,3308.87,07-06-24,08-06-24
ORD-005679,CUST-00777,PRD-00166,2,0.15,Website,Wallet,Delivered,1361.3,22-06-23,24-06-23
ORD-005062,CUST-00687,PRD-00162,4,0.15,Website,Wallet,Delivered,1009.35,29-01-25,03-02-25
ORD-000806,CUST-00108,PRD-00009,10,0.15,Website,Wallet,Delivered,1433.71,28-09-23,04-10-23
ORD-000769,CUST-00101,PRD-00161,1,0.15,Website,Wallet,Delivered,1342.19,06-07-25,12-07-25
ORD-001416,CUST-00191,PRD-00056,7,0.15,Website,Credit Card,Delivered,1260.88,25-02-23,03-03-23
ORD-003089,CUST-00430,PRD-00125,1,0.15,Website,Cash On Delivery,Delivered,151.72,23-07-24,27-07-24
ORD-002296,CUST-00319,PRD-00032,10,0.15,Website,Wallet,Delivered,1547.2,08-04-25,11-04-25
ORD-000765,CUST-00101,PRD-00009,2,0.15,Website,Wallet,Delivered,1433.71,07-07-23,12-07-23
ORD-003859,CUST-00540,PRD-00028,4,0.15,Website,Credit Card,Delivered,6404.22,11-04-25,05-11-25
ORD-000583,CUST-00079,PRD-00024,4,0.15,Website,Installment,Delivered,8840.39,22-03-25,23-03-25
ORD-001459,CUST-00201,PRD-00050,7,0.15,Website,Cash On Delivery,Delivered,6188.03,06-05-23,09-05-23
ORD-000340,CUST-00042,PRD-00119,3,0.15,Website,Credit Card,Delivered,898.59,24-11-24,27-11-24
ORD-002613,CUST-00357,PRD-00007,3,0.15,Website,Credit Card,Delivered,5375.75,21-12-25,25-12-25
ORD-004209,CUST-00590,PRD-00161,6,0.15,Website,Credit Card,Delivered,1342.19,26-10-24,28-10-24
ORD-002664,CUST-00369,PRD-00183,5,0.15,Website,Installment,Delivered,6588.34,21-03-24,23-03-24
ORD-004441,CUST-00611,PRD-00152,6,0.15,Website,Installment,Delivered,23.7,16-05-25,20-05-25
ORD-004911,CUST-00668,PRD-00119,2,0.15,Website,Cash On Delivery,Delivered,898.59,10-01-24,11-01-24
ORD-003657,CUST-00503,PRD-00070,1,0.15,Website,Wallet,Delivered,1062.89,15-03-23,17-03-23
ORD-000849,CUST-00112,PRD-00145,1,0.15,Website,Cash On Delivery,Delivered,116.01,07-04-24,13-04-24
ORD-003641,CUST-00499,PRD-00029,3,0.15,Website,Wallet,Delivered,1141.21,15-11-25,19-11-25
ORD-001595,CUST-00213,PRD-00026,4,0.15,Website,Cash On Delivery,Delivered,13374.87,15-12-24,18-12-24
ORD-001659,CUST-00223,PRD-00068,2,0.15,Website,Wallet,Delivered,1186.92,27-04-23,30-04-23
ORD-002099,CUST-00295,PRD-00053,10,0.15,Website,Cash On Delivery,Delivered,933.2,17-12-23,18-12-23
ORD-001754,CUST-00239,PRD-00041,8,0.15,Website,Wallet,Delivered,1168.7,03-04-25,03-06-25
ORD-004983,CUST-00675,PRD-00075,6,0.15,Website,Credit Card,Delivered,576.69,27-02-24,05-03-24
ORD-004200,CUST-00589,PRD-00058,2,0.15,Website,Cash On Delivery,Delivered,3308.87,20-02-25,21-02-25
ORD-002569,CUST-00354,PRD-00068,5,0.15,Website,Wallet,Delivered,1186.92,21-10-23,27-10-23
ORD-000475,CUST-00064,PRD-00002,8,0.15,Website,Installment,Delivered,9414.07,20-03-25,21-03-25
ORD-003057,CUST-00425,PRD-00028,3,0.15,Website,Installment,Delivered,6404.22,27-10-25,02-11-25
ORD-003851,CUST-00540,PRD-00116,1,0.15,Website,Credit Card,Delivered,466.13,31-03-25,03-04-25
ORD-005682,CUST-00778,PRD-00159,2,0.15,Website,Cash On Delivery,Delivered,195.16,18-02-23,22-02-23
ORD-002732,CUST-00373,PRD-00188,2,0.15,Website,Installment,Delivered,235.83,06-11-24,14-06-24
ORD-002374,CUST-00333,PRD-00001,8,0.15,Website,Installment,Delivered,3019.28,02-08-25,04-08-25
ORD-000642,CUST-00086,PRD-00073,3,0.15,Website,Wallet,Delivered,2603.44,18-07-24,19-07-24
ORD-004329,CUST-00602,PRD-00091,10,0.15,Website,Credit Card,Delivered,1667.87,04-03-23,03-11-23
ORD-001585,CUST-00212,PRD-00025,5,0.15,Website,Cash On Delivery,Delivered,15750.99,31-10-23,11-05-23
ORD-003484,CUST-00480,PRD-00114,7,0.15,Website,Credit Card,Delivered,864.91,05-08-23,08-08-23
ORD-000184,CUST-00024,PRD-00125,8,0.15,Website,Installment,Delivered,151.72,26-02-25,27-02-25
ORD-003845,CUST-00539,PRD-00092,3,0.15,Website,Cash On Delivery,Delivered,727.52,09-12-24,11-12-24
ORD-002608,CUST-00357,PRD-00148,1,0.15,Website,Wallet,Delivered,63.15,19-10-25,24-10-25
ORD-004033,CUST-00566,PRD-00068,3,0.15,Website,Installment,Delivered,1186.92,25-03-24,27-03-24
ORD-001646,CUST-00223,PRD-00067,5,0.15,Website,Cash On Delivery,Delivered,1590.28,02-02-24,08-02-24
ORD-002292,CUST-00319,PRD-00072,9,0.15,Website,Wallet,Delivered,2087.47,16-06-24,19-06-24
ORD-004634,CUST-00635,PRD-00186,3,0.15,Website,Installment,Delivered,4878.71,08-08-25,09-08-25
ORD-004944,CUST-00671,PRD-00074,3,0.15,Website,Installment,Delivered,396.44,08-07-23,08-10-23
ORD-003651,CUST-00502,PRD-00015,4,0.15,Website,Wallet,Delivered,5715.8,30-03-23,05-04-23
ORD-004709,CUST-00644,PRD-00061,10,0.15,Website,Cash On Delivery,Delivered,1707.55,22-09-23,24-09-23
ORD-005222,CUST-00709,PRD-00155,4,0.15,Website,Cash On Delivery,Delivered,228.62,16-09-23,21-09-23
ORD-005175,CUST-00703,PRD-00030,1,0.15,Website,Cash On Delivery,Delivered,6643.61,07-03-23,10-03-23
ORD-001476,CUST-00203,PRD-00046,4,0.15,Website,Cash On Delivery,Delivered,1161.95,09-02-23,10-02-23
ORD-003615,CUST-00497,PRD-00020,8,0.15,Website,Cash On Delivery,Delivered,9661.76,21-04-25,27-04-25
ORD-000964,CUST-00132,PRD-00171,7,0.15,Website,Installment,Delivered,1117.84,06-11-23,07-11-23
ORD-003203,CUST-00441,PRD-00121,2,0.15,Website,Wallet,Delivered,307.1,09-12-25,12-07-25
ORD-001119,CUST-00153,PRD-00100,8,0.15,Website,Wallet,Delivered,555.91,19-04-25,23-04-25
ORD-003853,CUST-00540,PRD-00138,4,0.15,Website,Cash On Delivery,Delivered,293.11,10-07-23,10-10-23
ORD-000281,CUST-00037,PRD-00159,5,0.15,Website,Installment,Delivered,195.16,06-01-24,04-06-24
ORD-001498,CUST-00206,PRD-00187,2,0.15,Website,Cash On Delivery,Delivered,5533.15,14-09-24,16-09-24
ORD-000399,CUST-00051,PRD-00138,9,0.15,Website,Installment,Delivered,293.11,05-06-24,08-06-24
ORD-002410,CUST-00335,PRD-00066,2,0.15,Website,Wallet,Delivered,531.75,07-02-24,08-07-24
ORD-000169,CUST-00022,PRD-00015,4,0.15,Website,Wallet,Delivered,5715.8,21-10-25,22-10-25
ORD-005572,CUST-00764,PRD-00124,1,0.15,Website,Wallet,Delivered,152.17,03-05-24,08-03-24
ORD-003253,CUST-00452,PRD-00175,4,0.15,Website,Wallet,Delivered,3144.98,11-12-23,18-12-23
ORD-005406,CUST-00735,PRD-00152,5,0.15,Website,Wallet,Delivered,23.7,10-03-24,17-03-24
ORD-002781,CUST-00378,PRD-00168,3,0.15,Website,Installment,Delivered,3279.73,21-02-25,24-02-25
ORD-000605,CUST-00080,PRD-00120,5,0.15,Website,Installment,Delivered,538.56,23-01-23,25-01-23
ORD-003226,CUST-00444,PRD-00035,1,0.15,Website,Cash On Delivery,Delivered,4561.67,26-12-24,01-01-25
ORD-004420,CUST-00610,PRD-00053,2,0.15,Website,Cash On Delivery,Delivered,933.2,21-02-25,28-02-25
ORD-001074,CUST-00146,PRD-00149,4,0.15,Website,Wallet,Delivered,93.5,03-03-25,03-08-25
ORD-002300,CUST-00320,PRD-00038,4,0.15,Website,Cash On Delivery,Delivered,2707.61,02-06-24,06-08-24
ORD-005778,CUST-00791,PRD-00087,6,0.15,Website,Credit Card,Delivered,937.05,06-09-24,13-09-24
ORD-002143,CUST-00301,PRD-00008,4,0.15,Website,Installment,Delivered,13998.23,08-05-25,09-05-25
ORD-000462,CUST-00061,PRD-00153,5,0.15,Website,Cash On Delivery,Delivered,321.69,19-09-25,25-09-25
ORD-000144,CUST-00020,PRD-00110,4,0.15,Website,Cash On Delivery,Delivered,443.5,29-06-24,04-07-24
ORD-004652,CUST-00637,PRD-00057,8,0.15,Website,Wallet,Delivered,5493.06,21-07-24,26-07-24
ORD-002136,CUST-00300,PRD-00096,5,0.15,Website,Cash On Delivery,Delivered,1013.61,17-03-25,20-03-25
ORD-003304,CUST-00457,PRD-00167,2,0.15,Website,Installment,Delivered,741.81,14-04-24,15-04-24
ORD-001564,CUST-00210,PRD-00151,5,0.15,Website,Wallet,Delivered,125.16,08-06-24,10-08-24
ORD-003643,CUST-00501,PRD-00144,4,0.15,Website,Credit Card,Delivered,212.23,22-07-23,27-07-23
ORD-000260,CUST-00033,PRD-00167,5,0.15,Website,Credit Card,Delivered,741.81,28-05-25,06-01-25
ORD-001536,CUST-00207,PRD-00064,4,0.15,Website,Credit Card,Delivered,1338.56,27-05-23,06-03-23
ORD-001260,CUST-00171,PRD-00131,4,0.15,Website,Cash On Delivery,Delivered,361.41,05-04-23,05-10-23
ORD-002217,CUST-00312,PRD-00078,5,0.15,Website,Cash On Delivery,Delivered,803.87,03-05-25,06-03-25
ORD-001639,CUST-00222,PRD-00065,4,0.15,Website,Cash On Delivery,Delivered,1220.64,14-03-24,19-03-24
ORD-002410,CUST-00335,PRD-00066,2,0.15,Website,Wallet,Delivered,531.75,07-02-24,08-07-24
ORD-002016,CUST-00286,PRD-00102,3,0.15,Website,Installment,Delivered,833.67,29-07-25,08-04-25
ORD-000619,CUST-00083,PRD-00092,5,0.15,Website,Wallet,Delivered,727.52,28-10-23,01-11-23
ORD-000250,CUST-00032,PRD-00071,3,0.15,Website,Wallet,Delivered,657.42,22-10-25,26-10-25
ORD-001689,CUST-00229,PRD-00091,3,0.15,Website,Wallet,Delivered,1667.87,23-02-25,01-03-25
ORD-004715,CUST-00645,PRD-00028,8,0.15,Website,Wallet,Delivered,6404.22,02-10-25,09-10-25
ORD-000520,CUST-00069,PRD-00012,8,0.15,Website,Wallet,Delivered,9488.69,16-02-25,19-02-25
ORD-005119,CUST-00697,PRD-00044,4,0.15,Website,Credit Card,Delivered,3309.62,08-03-23,04-08-23
ORD-001222,CUST-00168,PRD-00169,5,0.15,Website,Credit Card,Delivered,3779.35,06-09-24,11-06-24
ORD-004395,CUST-00606,PRD-00044,5,0.15,Website,Installment,Delivered,3309.62,08-04-23,14-04-23
ORD-005761,CUST-00790,PRD-00064,3,0.15,Website,Cash On Delivery,Delivered,1338.56,31-10-25,11-01-25
ORD-005483,CUST-00750,PRD-00163,3,0.15,Website,Cash On Delivery,Delivered,5049.75,04-05-23,05-08-23
ORD-005749,CUST-00788,PRD-00003,4,0.15,Website,Cash On Delivery,Delivered,1534.69,17-12-25,23-12-25
ORD-000441,CUST-00059,PRD-00066,6,0.15,Website,Installment,Delivered,531.75,07-07-23,07-12-23
ORD-002419,CUST-00336,PRD-00142,4,0.15,Website,Credit Card,Delivered,29.02,04-03-25,07-04-25
ORD-001144,CUST-00156,PRD-00088,3,0.15,Website,Credit Card,Delivered,2384.43,04-01-24,06-04-24
ORD-002223,CUST-00312,PRD-00179,1,0.15,Website,Cash On Delivery,Delivered,2311.13,19-12-25,26-12-25
ORD-000835,CUST-00110,PRD-00049,1,0.15,Website,Cash On Delivery,Delivered,3627.21,21-03-24,26-03-24
ORD-004129,CUST-00584,PRD-00062,10,0.15,Website,Credit Card,Delivered,271.83,12-11-25,17-11-25
ORD-005083,CUST-00691,PRD-00143,5,0.15,Website,Installment,Delivered,174.65,31-03-24,04-04-24
ORD-004843,CUST-00661,PRD-00046,4,0.15,Website,Cash On Delivery,Delivered,1161.95,04-11-24,11-11-24
ORD-000044,CUST-00006,PRD-00025,3,0.15,Website,Cash On Delivery,Delivered,15750.99,31-05-25,01-06-25
ORD-000311,CUST-00040,PRD-00118,2,0.15,Website,Installment,Delivered,341.03,31-03-24,07-04-24
ORD-001164,CUST-00160,PRD-00013,5,0.15,Website,Wallet,Delivered,5695.33,31-01-25,07-02-25
ORD-003951,CUST-00557,PRD-00171,4,0.15,Website,Wallet,Delivered,1117.84,14-10-24,16-10-24
ORD-001180,CUST-00163,PRD-00185,1,0.15,Website,Credit Card,Delivered,2013.53,12-05-23,13-05-23
ORD-000812,CUST-00109,PRD-00105,5,0.15,Website,Credit Card,Delivered,840.93,25-12-24,31-12-24
ORD-004597,CUST-00630,PRD-00005,5,0.15,Website,Wallet,Delivered,5870.09,19-12-23,24-12-23
ORD-002927,CUST-00403,PRD-00147,10,0.15,Website,Cash On Delivery,Delivered,222.8,02-02-24,03-02-24
ORD-001309,CUST-00176,PRD-00177,7,0.15,Mobile App,Cash On Delivery,Delivered,5234.78,25-01-25,30-01-25
ORD-004279,CUST-00598,PRD-00098,3,0.15,Mobile App,Installment,Delivered,718.7,11-08-25,13-08-25
ORD-002369,CUST-00332,PRD-00110,5,0.15,Mobile App,Cash On Delivery,Delivered,443.5,12-10-24,13-10-24
ORD-001920,CUST-00269,PRD-00168,3,0.15,Mobile App,Credit Card,Delivered,3279.73,18-06-25,19-06-25
ORD-001916,CUST-00268,PRD-00083,2,0.15,Mobile App,Cash On Delivery,Delivered,1673.7,02-02-25,08-02-25
ORD-002600,CUST-00357,PRD-00013,3,0.15,Mobile App,Wallet,Delivered,5695.33,13-07-24,17-07-24
ORD-004363,CUST-00604,PRD-00166,3,0.15,Mobile App,Credit Card,Delivered,1361.3,03-02-25,07-03-25
ORD-003500,CUST-00482,PRD-00060,5,0.15,Mobile App,Wallet,Delivered,2586.89,08-11-23,13-11-23
ORD-002801,CUST-00381,PRD-00138,5,0.15,Mobile App,Credit Card,Delivered,293.11,10-07-24,12-07-24
ORD-003842,CUST-00539,PRD-00030,3,0.15,Mobile App,Credit Card,Delivered,6643.61,04-09-24,05-09-24
ORD-001772,CUST-00241,PRD-00162,9,0.15,Mobile App,Credit Card,Delivered,1009.35,30-05-23,06-01-23
ORD-002624,CUST-00360,PRD-00078,3,0.15,Mobile App,Installment,Delivered,803.87,31-07-24,06-08-24
ORD-002540,CUST-00351,PRD-00036,4,0.15,Mobile App,Cash On Delivery,Delivered,2503.62,25-09-24,01-10-24
ORD-005219,CUST-00709,PRD-00163,3,0.15,Mobile App,Wallet,Delivered,5049.75,01-04-25,09-01-25
ORD-001182,CUST-00163,PRD-00050,5,0.15,Mobile App,Installment,Delivered,6188.03,09-01-25,16-01-25
ORD-002043,CUST-00289,PRD-00105,1,0.15,Mobile App,Wallet,Delivered,840.93,19-04-24,25-04-24
ORD-005405,CUST-00734,PRD-00071,7,0.15,Mobile App,Credit Card,Delivered,657.42,13-03-23,20-03-23
ORD-000923,CUST-00129,PRD-00047,4,0.15,Mobile App,Credit Card,Delivered,3368.82,17-03-23,19-03-23
ORD-004161,CUST-00587,PRD-00040,9,0.15,Mobile App,Installment,Delivered,1977.22,25-11-25,30-11-25
ORD-004034,CUST-00566,PRD-00065,2,0.15,Mobile App,Cash On Delivery,Delivered,1220.64,28-04-24,05-01-24
ORD-000919,CUST-00128,PRD-00167,2,0.15,Mobile App,Cash On Delivery,Delivered,741.81,15-09-25,18-09-25
ORD-003175,CUST-00439,PRD-00078,8,0.15,Mobile App,Installment,Delivered,803.87,17-06-23,24-06-23
ORD-004986,CUST-00677,PRD-00156,9,0.15,Mobile App,Credit Card,Delivered,250.31,23-03-25,29-03-25
ORD-004336,CUST-00603,PRD-00182,10,0.15,Mobile App,Installment,Delivered,4312.02,09-08-24,16-08-24
ORD-003720,CUST-00515,PRD-00108,7,0.15,Mobile App,Installment,Delivered,230.98,22-06-24,25-06-24
ORD-004957,CUST-00673,PRD-00030,6,0.15,Mobile App,Cash On Delivery,Delivered,6643.61,10-01-23,01-12-23
ORD-002572,CUST-00355,PRD-00040,4,0.15,Mobile App,Credit Card,Delivered,1977.22,07-06-25,10-06-25
ORD-005242,CUST-00714,PRD-00163,1,0.15,Mobile App,Installment,Delivered,5049.75,26-05-23,31-05-23
ORD-003841,CUST-00538,PRD-00102,5,0.15,Mobile App,Wallet,Delivered,833.67,22-04-23,29-04-23
ORD-002686,CUST-00370,PRD-00049,3,0.15,Mobile App,Wallet,Delivered,3627.21,31-08-25,02-09-25
ORD-002390,CUST-00334,PRD-00040,4,0.15,Mobile App,Credit Card,Delivered,1977.22,05-02-25,12-02-25
ORD-001325,CUST-00178,PRD-00155,6,0.15,Mobile App,Wallet,Delivered,228.62,01-06-23,02-06-23
ORD-003708,CUST-00512,PRD-00036,4,0.15,Mobile App,Credit Card,Delivered,2503.62,30-08-25,09-01-25
ORD-003470,CUST-00477,PRD-00021,5,0.15,Mobile App,Credit Card,Delivered,7707.69,24-10-25,28-10-25
ORD-000295,CUST-00038,PRD-00147,10,0.15,Mobile App,Installment,Delivered,222.8,17-04-23,18-04-23
ORD-000976,CUST-00133,PRD-00084,3,0.15,Mobile App,Wallet,Delivered,600.09,27-08-23,09-03-23
ORD-001993,CUST-00284,PRD-00105,2,0.15,Mobile App,Cash On Delivery,Delivered,840.93,13-02-23,15-02-23
ORD-000662,CUST-00088,PRD-00115,4,0.15,Mobile App,Wallet,Delivered,290.78,23-02-23,26-02-23
ORD-005346,CUST-00729,PRD-00078,4,0.15,Mobile App,Wallet,Delivered,803.87,14-03-25,13-03-25
ORD-005712,CUST-00782,PRD-00140,4,0.15,Mobile App,Installment,Delivered,168.61,24-03-23,27-03-23
ORD-005549,CUST-00761,PRD-00176,3,0.15,Mobile App,Installment,Delivered,3014.74,05-12-25,17-05-25
ORD-005797,CUST-00794,PRD-00054,6,0.15,Mobile App,Installment,Delivered,1277.14,17-02-25,23-02-25
ORD-003862,CUST-00540,PRD-00119,3,0.15,Mobile App,Cash On Delivery,Delivered,898.59,10-06-24,06-12-24
ORD-001722,CUST-00236,PRD-00167,3,0.15,Mobile App,Cash On Delivery,Delivered,741.81,08-05-24,08-08-24
ORD-004586,CUST-00629,PRD-00007,1,0.15,Mobile App,Wallet,Delivered,5375.75,19-09-24,25-09-24
ORD-000358,CUST-00043,PRD-00181,8,0.15,Mobile App,Wallet,Delivered,7757.56,21-12-25,22-12-25
ORD-001000,CUST-00136,PRD-00040,4,0.15,Mobile App,Installment,Delivered,1977.22,15-11-25,18-11-25
ORD-002091,CUST-00295,PRD-00025,6,0.15,Mobile App,Cash On Delivery,Delivered,15750.99,16-12-24,19-12-24
ORD-002687,CUST-00370,PRD-00088,1,0.15,Mobile App,Installment,Delivered,2384.43,07-10-24,10-10-24
ORD-004255,CUST-00596,PRD-00008,10,0.15,Mobile App,Installment,Delivered,13998.23,07-12-25,12-10-25
ORD-000746,CUST-00100,PRD-00172,10,0.15,Mobile App,Installment,Delivered,4391.94,11-11-24,17-11-24
ORD-002890,CUST-00398,PRD-00024,1,0.15,Mobile App,Credit Card,Delivered,8840.39,25-03-25,28-03-25
ORD-004342,CUST-00603,PRD-00129,8,0.15,Mobile App,Wallet,Delivered,23.89,15-01-24,20-01-24
ORD-001969,CUST-00282,PRD-00084,3,0.15,Mobile App,Installment,Delivered,600.09,12-06-24,19-06-24
ORD-004089,CUST-00577,PRD-00044,5,0.15,Mobile App,Installment,Delivered,3309.62,23-02-25,01-03-25
ORD-005474,CUST-00748,PRD-00058,5,0.15,Mobile App,Cash On Delivery,Delivered,3308.87,06-12-24,12-08-24
ORD-001704,CUST-00232,PRD-00134,2,0.15,Mobile App,Installment,Delivered,165,16-01-25,20-01-25
ORD-001999,CUST-00285,PRD-00036,9,0.15,Mobile App,Installment,Delivered,2503.62,12-10-23,17-12-23
ORD-000878,CUST-00121,PRD-00165,3,0.15,Mobile App,Cash On Delivery,Delivered,1559.9,02-05-25,05-07-25
ORD-002283,CUST-00319,PRD-00102,9,0.15,Mobile App,Credit Card,Delivered,833.67,11-10-24,10-12-24
ORD-002060,CUST-00291,PRD-00046,8,0.15,Mobile App,Credit Card,Delivered,1161.95,10-03-24,12-03-24
ORD-001370,CUST-00184,PRD-00060,4,0.15,Mobile App,Wallet,Delivered,2586.89,13-07-23,14-07-23
ORD-004484,CUST-00617,PRD-00020,4,0.15,Mobile App,Wallet,Delivered,9661.76,07-12-25,08-12-25
ORD-005147,CUST-00700,PRD-00100,1,0.15,Mobile App,Installment,Delivered,555.91,27-03-24,31-03-24
ORD-004392,CUST-00606,PRD-00092,5,0.15,Mobile App,Credit Card,Delivered,727.52,21-04-23,25-04-23
ORD-000934,CUST-00129,PRD-00098,4,0.15,Mobile App,Credit Card,Delivered,718.7,19-10-23,25-10-23
ORD-002950,CUST-00408,PRD-00174,6,0.15,Mobile App,Credit Card,Delivered,2379.8,23-12-25,30-12-25
ORD-000518,CUST-00069,PRD-00163,3,0.15,Mobile App,Wallet,Delivered,5049.75,28-08-24,09-04-24
ORD-001142,CUST-00156,PRD-00022,8,0.15,Mobile App,Cash On Delivery,Delivered,14193.82,13-05-25,19-05-25
ORD-005279,CUST-00720,PRD-00048,3,0.15,Mobile App,Wallet,Delivered,616.54,16-08-23,18-08-23
ORD-001975,CUST-00283,PRD-00131,4,0.15,Mobile App,Cash On Delivery,Delivered,361.41,28-08-23,01-09-23
ORD-000236,CUST-00032,PRD-00032,2,0.15,Mobile App,Wallet,Delivered,1547.2,01-03-25,03-07-25
ORD-004146,CUST-00586,PRD-00125,6,0.15,Mobile App,Installment,Delivered,151.72,04-05-23,11-04-23
ORD-000970,CUST-00133,PRD-00098,5,0.15,Mobile App,Cash On Delivery,Delivered,718.7,14-11-24,20-11-24
ORD-001012,CUST-00138,PRD-00113,3,0.15,Mobile App,Wallet,Delivered,719.15,23-05-23,25-05-23
ORD-005102,CUST-00695,PRD-00160,3,0.15,Mobile App,Wallet,Delivered,214.1,25-08-25,26-08-25
ORD-005565,CUST-00762,PRD-00184,4,0.15,Mobile App,Cash On Delivery,Delivered,2621.44,24-11-24,28-11-24
ORD-001766,CUST-00240,PRD-00149,4,0.15,Mobile App,Installment,Delivered,93.5,07-03-23,10-07-23
ORD-002201,CUST-00310,PRD-00083,9,0.15,Mobile App,Wallet,Delivered,1673.7,20-09-24,21-09-24
ORD-001187,CUST-00163,PRD-00157,4,0.15,Mobile App,Installment,Delivered,186.52,20-04-23,23-04-23
ORD-005438,CUST-00741,PRD-00140,10,0.15,Mobile App,Wallet,Delivered,168.61,10-06-23,17-06-23
ORD-001068,CUST-00146,PRD-00017,6,0.15,Mobile App,Credit Card,Delivered,4224.65,30-03-23,03-04-23
ORD-005479,CUST-00749,PRD-00045,1,0.15,Mobile App,Cash On Delivery,Delivered,4956.18,07-12-25,04-12-25
ORD-000956,CUST-00132,PRD-00152,10,0.15,Mobile App,Credit Card,Delivered,23.7,06-10-25,10-08-25
ORD-000226,CUST-00030,PRD-00055,3,0.15,Mobile App,Credit Card,Delivered,2089.61,12-02-23,15-02-23
ORD-005239,CUST-00713,PRD-00029,2,0.15,Mobile App,Credit Card,Delivered,1141.21,14-03-24,18-03-24
ORD-004406,CUST-00607,PRD-00168,4,0.15,Mobile App,Credit Card,Delivered,3279.73,17-06-25,22-06-25
ORD-004259,CUST-00597,PRD-00008,3,0.15,Mobile App,Cash On Delivery,Delivered,13998.23,10-09-23,16-10-23
ORD-002357,CUST-00330,PRD-00096,8,0.15,Mobile App,Cash On Delivery,Delivered,1013.61,06-12-25,10-12-25
ORD-001858,CUST-00259,PRD-00187,3,0.15,Mobile App,Credit Card,Delivered,5533.15,13-02-24,19-02-24
ORD-002676,CUST-00370,PRD-00086,5,0.15,Mobile App,Installment,Delivered,1754.49,25-02-25,04-03-25
ORD-000810,CUST-00109,PRD-00152,1,0.15,Mobile App,Credit Card,Delivered,23.7,05-04-25,10-04-25
ORD-000559,CUST-00075,PRD-00138,1,0.15,Mobile App,Credit Card,Delivered,293.11,15-05-24,19-05-24
ORD-005375,CUST-00731,PRD-00050,4,0.15,Mobile App,Credit Card,Delivered,6188.03,03-12-25,04-12-25
ORD-004355,CUST-00604,PRD-00110,1,0.15,Mobile App,Credit Card,Delivered,443.5,11-08-23,15-08-23
ORD-005717,CUST-00783,PRD-00059,2,0.15,Mobile App,Installment,Delivered,1565.88,14-04-23,15-04-23
ORD-004405,CUST-00607,PRD-00032,2,0.15,Mobile App,Installment,Delivered,1547.2,11-09-24,14-09-24
ORD-002878,CUST-00393,PRD-00129,4,0.15,Mobile App,Installment,Delivered,23.89,17-05-24,20-05-24
ORD-003224,CUST-00444,PRD-00155,3,0.15,Mobile App,Credit Card,Delivered,228.62,29-04-24,04-05-24
ORD-002295,CUST-00319,PRD-00098,5,0.15,Mobile App,Wallet,Delivered,718.7,07-11-25,10-11-25
ORD-002297,CUST-00320,PRD-00111,3,0.15,Mobile App,Wallet,Delivered,291.55,28-01-25,01-02-25
ORD-005010,CUST-00678,PRD-00175,8,0.15,Mobile App,Wallet,Delivered,3144.98,13-07-24,20-07-24
ORD-000650,CUST-00086,PRD-00004,2,0.15,Mobile App,Installment,Delivered,3744.22,28-09-24,10-01-24
ORD-003957,CUST-00557,PRD-00130,9,0.15,Mobile App,Credit Card,Delivered,93.92,20-02-25,27-02-25
ORD-004852,CUST-00663,PRD-00019,10,0.15,Mobile App,Wallet,Delivered,5919.72,08-01-25,10-01-25
ORD-004826,CUST-00658,PRD-00125,3,0.15,Mobile App,Credit Card,Delivered,151.72,31-12-24,01-01-25
ORD-000587,CUST-00079,PRD-00106,1,0.15,Mobile App,Wallet,Delivered,1124.04,13-04-24,20-04-24
ORD-001145,CUST-00156,PRD-00063,7,0.15,Mobile App,Installment,Delivered,3118.2,07-11-23,10-11-23
ORD-000277,CUST-00037,PRD-00180,1,0.15,Mobile App,Cash On Delivery,Delivered,6579.05,12-05-24,09-12-24
ORD-000438,CUST-00059,PRD-00084,3,0.15,Mobile App,Cash On Delivery,Delivered,600.09,04-12-24,18-04-24
ORD-003659,CUST-00503,PRD-00045,1,0.15,Mobile App,Cash On Delivery,Delivered,4956.18,14-01-23,15-01-23
ORD-000213,CUST-00029,PRD-00022,1,0.15,Mobile App,Credit Card,Delivered,14193.82,13-10-24,17-10-24
ORD-002506,CUST-00345,PRD-00185,2,0.15,Mobile App,Credit Card,Delivered,2013.53,24-10-25,31-10-25
ORD-001647,CUST-00223,PRD-00134,5,0.15,Mobile App,Cash On Delivery,Delivered,165,31-05-25,06-06-25
ORD-002167,CUST-00304,PRD-00101,5,0.15,Mobile App,Wallet,Delivered,658.37,08-01-23,01-10-23
ORD-000848,CUST-00112,PRD-00033,3,0.15,Mobile App,Credit Card,Delivered,1947.05,18-12-24,21-12-24
ORD-005520,CUST-00755,PRD-00093,4,0.15,Mobile App,Installment,Delivered,327.87,03-10-25,14-03-25
ORD-001737,CUST-00238,PRD-00012,10,0.15,Mobile App,Installment,Delivered,9488.69,01-11-23,02-11-23
ORD-001556,CUST-00209,PRD-00110,5,0.15,Mobile App,Credit Card,Delivered,443.5,05-08-25,08-08-25
ORD-001611,CUST-00216,PRD-00065,2,0.15,Mobile App,Wallet,Delivered,1220.64,04-04-25,04-08-25
ORD-002199,CUST-00310,PRD-00006,10,0.15,Mobile App,Credit Card,Delivered,4094.1,18-02-24,21-02-24
ORD-000614,CUST-00082,PRD-00032,9,0.15,Mobile App,Installment,Delivered,1547.2,04-07-24,06-07-24
ORD-004050,CUST-00568,PRD-00154,1,0.15,Mobile App,Wallet,Delivered,175.83,14-04-25,17-04-25
ORD-003974,CUST-00558,PRD-00091,3,0.15,Mobile App,Installment,Delivered,1667.87,19-01-24,22-01-24
ORD-003850,CUST-00540,PRD-00054,2,0.15,Mobile App,Installment,Delivered,1277.14,04-04-25,10-04-25
ORD-004696,CUST-00642,PRD-00038,3,0.15,Mobile App,Credit Card,Delivered,2707.61,27-12-24,29-12-24
ORD-002700,CUST-00371,PRD-00041,3,0.15,Mobile App,Wallet,Delivered,1168.7,18-04-24,23-04-24
ORD-003029,CUST-00423,PRD-00184,5,0.15,Mobile App,Cash On Delivery,Delivered,2621.44,10-06-25,14-06-25
ORD-002024,CUST-00286,PRD-00091,3,0.15,Mobile App,Installment,Delivered,1667.87,29-08-23,02-09-23
ORD-003225,CUST-00444,PRD-00162,4,0.15,Mobile App,Installment,Delivered,1009.35,03-05-24,05-05-24
ORD-000093,CUST-00011,PRD-00118,4,0.15,Mobile App,Installment,Delivered,341.03,11-03-25,12-03-25
ORD-003330,CUST-00459,PRD-00068,4,0.15,Mobile App,Credit Card,Delivered,1186.92,26-03-23,28-03-23
ORD-004479,CUST-00617,PRD-00132,3,0.15,Mobile App,Installment,Delivered,436.68,27-02-25,01-03-25
ORD-002384,CUST-00333,PRD-00008,4,0.15,Mobile App,Installment,Delivered,13998.23,20-04-24,21-04-24
ORD-003994,CUST-00561,PRD-00114,5,0.15,Mobile App,Credit Card,Delivered,864.91,27-03-25,31-03-25
ORD-003899,CUST-00547,PRD-00060,7,0.15,Mobile App,Cash On Delivery,Delivered,2586.89,06-05-23,05-09-23
ORD-004388,CUST-00605,PRD-00110,5,0.15,Mobile App,Credit Card,Delivered,443.5,06-09-25,13-09-25
ORD-004579,CUST-00629,PRD-00091,5,0.15,Mobile App,Installment,Delivered,1667.87,05-11-25,18-05-25
ORD-000478,CUST-00065,PRD-00164,5,0.15,Mobile App,Installment,Delivered,6039.64,27-06-25,04-07-25
ORD-000966,CUST-00133,PRD-00112,1,0.15,Mobile App,Installment,Delivered,422.18,22-03-25,23-03-25
ORD-001657,CUST-00223,PRD-00116,4,0.15,Mobile App,Installment,Delivered,466.13,23-06-24,28-06-24
ORD-002129,CUST-00299,PRD-00062,6,0.15,Mobile App,Cash On Delivery,Delivered,271.83,01-09-24,07-09-24
ORD-000669,CUST-00090,PRD-00050,4,0.15,Mobile App,Credit Card,Delivered,6188.03,14-11-24,16-11-24
ORD-003199,CUST-00441,PRD-00075,4,0.15,Mobile App,Credit Card,Delivered,576.69,20-07-23,23-07-23
